<?xml version="1.0" encoding="UTF-8"?>
<gpx creator="Patrick Hooper" version="1.1" xmlns="http://www.topografix.com/GPX/1/1" xmlns:xsi="http://www.w3.org/2001/XMLSchema-instance" xsi:schemaLocation="http://www.topografix.com/GPX/1/1 http://www.topografix.com/GPX/1/1/gpx.xsd http://www.garmin.com/xmlschemas/GpxExtensions/v3 http://www.garmin.com/xmlschemas/GpxExtensionsv3.xsd http://www.garmin.com/xmlschemas/TrackPointExtension/v1 http://www.garmin.com/xmlschemas/TrackPointExtensionv1.xsd">
  <metadata>
    <name>Activity</name>
  </metadata>
  <trk>
    <name>a</name>
    <trkseg>
      <trkpt lat="31.841519621699334" lon="34.99351600492014">
        <ele>0</ele>
        <time>2026-02-26T22:02:31.252Z</time>
      </trkpt>
      <trkpt lat="31.841519621699334" lon="34.99351600492014">
        <ele>0</ele>
        <time>2026-02-26T22:02:32.252Z</time>
      </trkpt>
      <trkpt lat="31.841519621699334" lon="34.99351600492014">
        <ele>0</ele>
        <time>2026-02-26T22:02:33.252Z</time>
      </trkpt>
      <trkpt lat="31.841519621699334" lon="34.99351600492014">
        <ele>0</ele>
        <time>2026-02-26T22:02:34.252Z</time>
      </trkpt>
      <trkpt lat="31.841519621699334" lon="34.99351600492014">
        <ele>0</ele>
        <time>2026-02-26T22:02:35.252Z</time>
      </trkpt>
      <trkpt lat="31.841519621699334" lon="34.99351600492014">
        <ele>0</ele>
        <time>2026-02-26T22:02:36.252Z</time>
      </trkpt>
      <trkpt lat="31.841519621699334" lon="34.99351600492014">
        <ele>0</ele>
        <time>2026-02-26T22:02:37.252Z</time>
      </trkpt>
      <trkpt lat="31.841519621699334" lon="34.99351600492014">
        <ele>0</ele>
        <time>2026-02-26T22:02:38.252Z</time>
      </trkpt>
      <trkpt lat="31.841519621699334" lon="34.99351600492014">
        <ele>0</ele>
        <time>2026-02-26T22:02:39.252Z</time>
      </trkpt>
      <trkpt lat="31.841519621699334" lon="34.99351600492014">
        <ele>0</ele>
        <time>2026-02-26T22:02:40.252Z</time>
      </trkpt>
      <trkpt lat="31.841519621699334" lon="34.99351600492014">
        <ele>0</ele>
        <time>2026-02-26T22:02:41.252Z</time>
      </trkpt>
      <trkpt lat="31.841519621699334" lon="34.99351600492014">
        <ele>0</ele>
        <time>2026-02-26T22:02:42.252Z</time>
      </trkpt>
      <trkpt lat="31.841519621699334" lon="34.99351600492014">
        <ele>0</ele>
        <time>2026-02-26T22:02:43.252Z</time>
      </trkpt>
      <trkpt lat="31.841519621699334" lon="34.99351600492014">
        <ele>0</ele>
        <time>2026-02-26T22:02:44.252Z</time>
      </trkpt>
      <trkpt lat="31.841519621699334" lon="34.99351600492014">
        <ele>0</ele>
        <time>2026-02-26T22:02:45.252Z</time>
      </trkpt>
      <trkpt lat="31.841519621699334" lon="34.99351600492014">
        <ele>0</ele>
        <time>2026-02-26T22:02:46.252Z</time>
      </trkpt>
      <trkpt lat="31.841519621699334" lon="34.99351600492014">
        <ele>0</ele>
        <time>2026-02-26T22:02:47.252Z</time>
      </trkpt>
      <trkpt lat="31.841519621699334" lon="34.99351600492014">
        <ele>247</ele>
        <time>2026-02-26T22:02:48.252Z</time>
      </trkpt>
      <trkpt lat="31.841286543219383" lon="34.994066028227394">
        <ele>246.5</ele>
        <time>2026-02-26T22:02:49.252Z</time>
      </trkpt>
      <trkpt lat="31.841286543219383" lon="34.994066028227394">
        <ele>0</ele>
        <time>2026-02-26T22:02:50.252Z</time>
      </trkpt>
      <trkpt lat="31.841286543219383" lon="34.994066028227394">
        <ele>0</ele>
        <time>2026-02-26T22:02:51.252Z</time>
      </trkpt>
      <trkpt lat="31.841286543219383" lon="34.994066028227394">
        <ele>0</ele>
        <time>2026-02-26T22:02:52.252Z</time>
      </trkpt>
      <trkpt lat="31.841286543219383" lon="34.994066028227394">
        <ele>0</ele>
        <time>2026-02-26T22:02:53.252Z</time>
      </trkpt>
      <trkpt lat="31.841286543219383" lon="34.994066028227394">
        <ele>0</ele>
        <time>2026-02-26T22:02:54.252Z</time>
      </trkpt>
      <trkpt lat="31.841286543219383" lon="34.994066028227394">
        <ele>0</ele>
        <time>2026-02-26T22:02:55.252Z</time>
      </trkpt>
      <trkpt lat="31.841286543219383" lon="34.994066028227394">
        <ele>0</ele>
        <time>2026-02-26T22:02:56.252Z</time>
      </trkpt>
      <trkpt lat="31.841286543219383" lon="34.994066028227394">
        <ele>0</ele>
        <time>2026-02-26T22:02:57.252Z</time>
      </trkpt>
      <trkpt lat="31.841286543219383" lon="34.994066028227394">
        <ele>0</ele>
        <time>2026-02-26T22:02:58.252Z</time>
      </trkpt>
      <trkpt lat="31.841286543219383" lon="34.994066028227394">
        <ele>0</ele>
        <time>2026-02-26T22:02:59.252Z</time>
      </trkpt>
      <trkpt lat="31.841286543219383" lon="34.994066028227394">
        <ele>0</ele>
        <time>2026-02-26T22:03:00.252Z</time>
      </trkpt>
      <trkpt lat="31.841286543219383" lon="34.994066028227394">
        <ele>246.5</ele>
        <time>2026-02-26T22:03:01.252Z</time>
      </trkpt>
      <trkpt lat="31.84103263222042" lon="34.99455430068764">
        <ele>253</ele>
        <time>2026-02-26T22:03:02.252Z</time>
      </trkpt>
      <trkpt lat="31.84103263222042" lon="34.99455430068764">
        <ele>0</ele>
        <time>2026-02-26T22:03:03.252Z</time>
      </trkpt>
      <trkpt lat="31.84103263222042" lon="34.99455430068764">
        <ele>0</ele>
        <time>2026-02-26T22:03:04.252Z</time>
      </trkpt>
      <trkpt lat="31.84103263222042" lon="34.99455430068764">
        <ele>0</ele>
        <time>2026-02-26T22:03:05.252Z</time>
      </trkpt>
      <trkpt lat="31.84103263222042" lon="34.99455430068764">
        <ele>0</ele>
        <time>2026-02-26T22:03:06.252Z</time>
      </trkpt>
      <trkpt lat="31.84103263222042" lon="34.99455430068764">
        <ele>0</ele>
        <time>2026-02-26T22:03:07.252Z</time>
      </trkpt>
      <trkpt lat="31.84103263222042" lon="34.99455430068764">
        <ele>0</ele>
        <time>2026-02-26T22:03:08.252Z</time>
      </trkpt>
      <trkpt lat="31.84103263222042" lon="34.99455430068764">
        <ele>0</ele>
        <time>2026-02-26T22:03:09.252Z</time>
      </trkpt>
      <trkpt lat="31.84103263222042" lon="34.99455430068764">
        <ele>0</ele>
        <time>2026-02-26T22:03:10.252Z</time>
      </trkpt>
      <trkpt lat="31.84103263222042" lon="34.99455430068764">
        <ele>0</ele>
        <time>2026-02-26T22:03:11.252Z</time>
      </trkpt>
      <trkpt lat="31.84103263222042" lon="34.99455430068764">
        <ele>0</ele>
        <time>2026-02-26T22:03:12.252Z</time>
      </trkpt>
      <trkpt lat="31.84103263222042" lon="34.99455430068764">
        <ele>0</ele>
        <time>2026-02-26T22:03:13.252Z</time>
      </trkpt>
      <trkpt lat="31.84103263222042" lon="34.99455430068764">
        <ele>253</ele>
        <time>2026-02-26T22:03:14.252Z</time>
      </trkpt>
      <trkpt lat="31.840900303510722" lon="34.99480169944198">
        <ele>253</ele>
        <time>2026-02-26T22:03:15.252Z</time>
      </trkpt>
      <trkpt lat="31.840900303510722" lon="34.99480169944198">
        <ele>0</ele>
        <time>2026-02-26T22:03:16.252Z</time>
      </trkpt>
      <trkpt lat="31.840900303510722" lon="34.99480169944198">
        <ele>0</ele>
        <time>2026-02-26T22:03:17.252Z</time>
      </trkpt>
      <trkpt lat="31.840900303510722" lon="34.99480169944198">
        <ele>0</ele>
        <time>2026-02-26T22:03:18.252Z</time>
      </trkpt>
      <trkpt lat="31.840900303510722" lon="34.99480169944198">
        <ele>0</ele>
        <time>2026-02-26T22:03:19.252Z</time>
      </trkpt>
      <trkpt lat="31.840900303510722" lon="34.99480169944198">
        <ele>0</ele>
        <time>2026-02-26T22:03:20.252Z</time>
      </trkpt>
      <trkpt lat="31.840900303510722" lon="34.99480169944198">
        <ele>0</ele>
        <time>2026-02-26T22:03:21.252Z</time>
      </trkpt>
      <trkpt lat="31.840900303510722" lon="34.99480169944198">
        <ele>0</ele>
        <time>2026-02-26T22:03:22.252Z</time>
      </trkpt>
      <trkpt lat="31.840900303510722" lon="34.99480169944198">
        <ele>0</ele>
        <time>2026-02-26T22:03:23.252Z</time>
      </trkpt>
      <trkpt lat="31.840900303510722" lon="34.99480169944198">
        <ele>0</ele>
        <time>2026-02-26T22:03:24.252Z</time>
      </trkpt>
      <trkpt lat="31.840900303510722" lon="34.99480169944198">
        <ele>0</ele>
        <time>2026-02-26T22:03:25.252Z</time>
      </trkpt>
      <trkpt lat="31.840900303510722" lon="34.99480169944198">
        <ele>0</ele>
        <time>2026-02-26T22:03:26.252Z</time>
      </trkpt>
      <trkpt lat="31.840900303510722" lon="34.99480169944198">
        <ele>253</ele>
        <time>2026-02-26T22:03:27.252Z</time>
      </trkpt>
      <trkpt lat="31.840658997728923" lon="34.99477421069187">
        <ele>260</ele>
        <time>2026-02-26T22:03:28.252Z</time>
      </trkpt>
      <trkpt lat="31.840658997728923" lon="34.99477421069187">
        <ele>0</ele>
        <time>2026-02-26T22:03:29.252Z</time>
      </trkpt>
      <trkpt lat="31.840658997728923" lon="34.99477421069187">
        <ele>0</ele>
        <time>2026-02-26T22:03:30.252Z</time>
      </trkpt>
      <trkpt lat="31.840658997728923" lon="34.99477421069187">
        <ele>0</ele>
        <time>2026-02-26T22:03:31.252Z</time>
      </trkpt>
      <trkpt lat="31.840658997728923" lon="34.99477421069187">
        <ele>0</ele>
        <time>2026-02-26T22:03:32.252Z</time>
      </trkpt>
      <trkpt lat="31.840658997728923" lon="34.99477421069187">
        <ele>0</ele>
        <time>2026-02-26T22:03:33.252Z</time>
      </trkpt>
      <trkpt lat="31.840658997728923" lon="34.99477421069187">
        <ele>0</ele>
        <time>2026-02-26T22:03:34.252Z</time>
      </trkpt>
      <trkpt lat="31.840658997728923" lon="34.99477421069187">
        <ele>0</ele>
        <time>2026-02-26T22:03:35.252Z</time>
      </trkpt>
      <trkpt lat="31.840658997728923" lon="34.99477421069187">
        <ele>0</ele>
        <time>2026-02-26T22:03:36.252Z</time>
      </trkpt>
      <trkpt lat="31.840658997728923" lon="34.99477421069187">
        <ele>0</ele>
        <time>2026-02-26T22:03:37.252Z</time>
      </trkpt>
      <trkpt lat="31.840658997728923" lon="34.99477421069187">
        <ele>0</ele>
        <time>2026-02-26T22:03:38.252Z</time>
      </trkpt>
      <trkpt lat="31.840658997728923" lon="34.99477421069187">
        <ele>0</ele>
        <time>2026-02-26T22:03:39.252Z</time>
      </trkpt>
      <trkpt lat="31.840658997728923" lon="34.99477421069187">
        <ele>260</ele>
        <time>2026-02-26T22:03:40.252Z</time>
      </trkpt>
      <trkpt lat="31.840565588869495" lon="34.99467341860648">
        <ele>260</ele>
        <time>2026-02-26T22:03:41.252Z</time>
      </trkpt>
      <trkpt lat="31.840565588869495" lon="34.99467341860648">
        <ele>0</ele>
        <time>2026-02-26T22:03:42.252Z</time>
      </trkpt>
      <trkpt lat="31.840565588869495" lon="34.99467341860648">
        <ele>0</ele>
        <time>2026-02-26T22:03:43.252Z</time>
      </trkpt>
      <trkpt lat="31.840565588869495" lon="34.99467341860648">
        <ele>0</ele>
        <time>2026-02-26T22:03:44.252Z</time>
      </trkpt>
      <trkpt lat="31.840565588869495" lon="34.99467341860648">
        <ele>0</ele>
        <time>2026-02-26T22:03:45.252Z</time>
      </trkpt>
      <trkpt lat="31.840565588869495" lon="34.99467341860648">
        <ele>0</ele>
        <time>2026-02-26T22:03:46.252Z</time>
      </trkpt>
      <trkpt lat="31.840565588869495" lon="34.99467341860648">
        <ele>0</ele>
        <time>2026-02-26T22:03:47.252Z</time>
      </trkpt>
      <trkpt lat="31.840565588869495" lon="34.99467341860648">
        <ele>0</ele>
        <time>2026-02-26T22:03:48.252Z</time>
      </trkpt>
      <trkpt lat="31.840565588869495" lon="34.99467341860648">
        <ele>0</ele>
        <time>2026-02-26T22:03:49.252Z</time>
      </trkpt>
      <trkpt lat="31.840565588869495" lon="34.99467341860648">
        <ele>0</ele>
        <time>2026-02-26T22:03:50.252Z</time>
      </trkpt>
      <trkpt lat="31.840565588869495" lon="34.99467341860648">
        <ele>0</ele>
        <time>2026-02-26T22:03:51.252Z</time>
      </trkpt>
      <trkpt lat="31.840565588869495" lon="34.99467341860648">
        <ele>0</ele>
        <time>2026-02-26T22:03:52.252Z</time>
      </trkpt>
      <trkpt lat="31.840565588869495" lon="34.99467341860648">
        <ele>260</ele>
        <time>2026-02-26T22:03:53.252Z</time>
      </trkpt>
      <trkpt lat="31.840394339048643" lon="34.99438020526847">
        <ele>260</ele>
        <time>2026-02-26T22:03:54.252Z</time>
      </trkpt>
      <trkpt lat="31.840394339048643" lon="34.99438020526847">
        <ele>0</ele>
        <time>2026-02-26T22:03:55.252Z</time>
      </trkpt>
      <trkpt lat="31.840394339048643" lon="34.99438020526847">
        <ele>0</ele>
        <time>2026-02-26T22:03:56.252Z</time>
      </trkpt>
      <trkpt lat="31.840394339048643" lon="34.99438020526847">
        <ele>0</ele>
        <time>2026-02-26T22:03:57.252Z</time>
      </trkpt>
      <trkpt lat="31.840394339048643" lon="34.99438020526847">
        <ele>0</ele>
        <time>2026-02-26T22:03:58.252Z</time>
      </trkpt>
      <trkpt lat="31.840394339048643" lon="34.99438020526847">
        <ele>0</ele>
        <time>2026-02-26T22:03:59.252Z</time>
      </trkpt>
      <trkpt lat="31.840394339048643" lon="34.99438020526847">
        <ele>0</ele>
        <time>2026-02-26T22:04:00.252Z</time>
      </trkpt>
      <trkpt lat="31.840394339048643" lon="34.99438020526847">
        <ele>0</ele>
        <time>2026-02-26T22:04:01.252Z</time>
      </trkpt>
      <trkpt lat="31.840394339048643" lon="34.99438020526847">
        <ele>0</ele>
        <time>2026-02-26T22:04:02.252Z</time>
      </trkpt>
      <trkpt lat="31.840394339048643" lon="34.99438020526847">
        <ele>0</ele>
        <time>2026-02-26T22:04:03.252Z</time>
      </trkpt>
      <trkpt lat="31.840394339048643" lon="34.99438020526847">
        <ele>0</ele>
        <time>2026-02-26T22:04:04.252Z</time>
      </trkpt>
      <trkpt lat="31.840394339048643" lon="34.99438020526847">
        <ele>0</ele>
        <time>2026-02-26T22:04:05.252Z</time>
      </trkpt>
      <trkpt lat="31.840394339048643" lon="34.99438020526847">
        <ele>260</ele>
        <time>2026-02-26T22:04:06.252Z</time>
      </trkpt>
      <trkpt lat="31.840394339048643" lon="34.99438020526847">
        <ele>0</ele>
        <time>2026-02-26T22:04:07.252Z</time>
      </trkpt>
      <trkpt lat="31.840394339048643" lon="34.99438020526847">
        <ele>0</ele>
        <time>2026-02-26T22:04:08.252Z</time>
      </trkpt>
      <trkpt lat="31.840394339048643" lon="34.99438020526847">
        <ele>0</ele>
        <time>2026-02-26T22:04:09.252Z</time>
      </trkpt>
      <trkpt lat="31.8402153048046" lon="34.994151132347554">
        <ele>266</ele>
        <time>2026-02-26T22:04:10.252Z</time>
      </trkpt>
      <trkpt lat="31.8402153048046" lon="34.994151132347554">
        <ele>0</ele>
        <time>2026-02-26T22:04:11.252Z</time>
      </trkpt>
      <trkpt lat="31.8402153048046" lon="34.994151132347554">
        <ele>0</ele>
        <time>2026-02-26T22:04:12.252Z</time>
      </trkpt>
      <trkpt lat="31.8402153048046" lon="34.994151132347554">
        <ele>0</ele>
        <time>2026-02-26T22:04:13.252Z</time>
      </trkpt>
      <trkpt lat="31.8402153048046" lon="34.994151132347554">
        <ele>0</ele>
        <time>2026-02-26T22:04:14.252Z</time>
      </trkpt>
      <trkpt lat="31.8402153048046" lon="34.994151132347554">
        <ele>0</ele>
        <time>2026-02-26T22:04:15.252Z</time>
      </trkpt>
      <trkpt lat="31.8402153048046" lon="34.994151132347554">
        <ele>0</ele>
        <time>2026-02-26T22:04:16.252Z</time>
      </trkpt>
      <trkpt lat="31.8402153048046" lon="34.994151132347554">
        <ele>0</ele>
        <time>2026-02-26T22:04:17.252Z</time>
      </trkpt>
      <trkpt lat="31.8402153048046" lon="34.994151132347554">
        <ele>0</ele>
        <time>2026-02-26T22:04:18.252Z</time>
      </trkpt>
      <trkpt lat="31.8402153048046" lon="34.994151132347554">
        <ele>0</ele>
        <time>2026-02-26T22:04:19.252Z</time>
      </trkpt>
      <trkpt lat="31.8402153048046" lon="34.994151132347554">
        <ele>0</ele>
        <time>2026-02-26T22:04:20.252Z</time>
      </trkpt>
      <trkpt lat="31.8402153048046" lon="34.994151132347554">
        <ele>0</ele>
        <time>2026-02-26T22:04:21.252Z</time>
      </trkpt>
      <trkpt lat="31.8402153048046" lon="34.994151132347554">
        <ele>266</ele>
        <time>2026-02-26T22:04:22.252Z</time>
      </trkpt>
      <trkpt lat="31.839865213094825" lon="34.9938198640902">
        <ele>272</ele>
        <time>2026-02-26T22:04:23.252Z</time>
      </trkpt>
      <trkpt lat="31.839865213094825" lon="34.9938198640902">
        <ele>0</ele>
        <time>2026-02-26T22:04:24.252Z</time>
      </trkpt>
      <trkpt lat="31.839865213094825" lon="34.9938198640902">
        <ele>0</ele>
        <time>2026-02-26T22:04:25.252Z</time>
      </trkpt>
      <trkpt lat="31.839865213094825" lon="34.9938198640902">
        <ele>0</ele>
        <time>2026-02-26T22:04:26.252Z</time>
      </trkpt>
      <trkpt lat="31.839865213094825" lon="34.9938198640902">
        <ele>0</ele>
        <time>2026-02-26T22:04:27.252Z</time>
      </trkpt>
      <trkpt lat="31.839865213094825" lon="34.9938198640902">
        <ele>0</ele>
        <time>2026-02-26T22:04:28.252Z</time>
      </trkpt>
      <trkpt lat="31.839865213094825" lon="34.9938198640902">
        <ele>0</ele>
        <time>2026-02-26T22:04:29.252Z</time>
      </trkpt>
      <trkpt lat="31.839865213094825" lon="34.9938198640902">
        <ele>0</ele>
        <time>2026-02-26T22:04:30.252Z</time>
      </trkpt>
      <trkpt lat="31.839865213094825" lon="34.9938198640902">
        <ele>0</ele>
        <time>2026-02-26T22:04:31.252Z</time>
      </trkpt>
      <trkpt lat="31.839865213094825" lon="34.9938198640902">
        <ele>0</ele>
        <time>2026-02-26T22:04:32.252Z</time>
      </trkpt>
      <trkpt lat="31.839865213094825" lon="34.9938198640902">
        <ele>0</ele>
        <time>2026-02-26T22:04:33.252Z</time>
      </trkpt>
      <trkpt lat="31.839865213094825" lon="34.9938198640902">
        <ele>0</ele>
        <time>2026-02-26T22:04:34.252Z</time>
      </trkpt>
      <trkpt lat="31.839865213094825" lon="34.9938198640902">
        <ele>272</ele>
        <time>2026-02-26T22:04:35.252Z</time>
      </trkpt>
      <trkpt lat="31.839582427523013" lon="34.99359794803317">
        <ele>272</ele>
        <time>2026-02-26T22:04:36.252Z</time>
      </trkpt>
      <trkpt lat="31.839582427523013" lon="34.99359794803317">
        <ele>0</ele>
        <time>2026-02-26T22:04:37.252Z</time>
      </trkpt>
      <trkpt lat="31.839582427523013" lon="34.99359794803317">
        <ele>0</ele>
        <time>2026-02-26T22:04:38.252Z</time>
      </trkpt>
      <trkpt lat="31.839582427523013" lon="34.99359794803317">
        <ele>0</ele>
        <time>2026-02-26T22:04:39.252Z</time>
      </trkpt>
      <trkpt lat="31.839582427523013" lon="34.99359794803317">
        <ele>0</ele>
        <time>2026-02-26T22:04:40.252Z</time>
      </trkpt>
      <trkpt lat="31.839582427523013" lon="34.99359794803317">
        <ele>0</ele>
        <time>2026-02-26T22:04:41.252Z</time>
      </trkpt>
      <trkpt lat="31.839582427523013" lon="34.99359794803317">
        <ele>0</ele>
        <time>2026-02-26T22:04:42.252Z</time>
      </trkpt>
      <trkpt lat="31.839582427523013" lon="34.99359794803317">
        <ele>0</ele>
        <time>2026-02-26T22:04:43.252Z</time>
      </trkpt>
      <trkpt lat="31.839582427523013" lon="34.99359794803317">
        <ele>0</ele>
        <time>2026-02-26T22:04:44.252Z</time>
      </trkpt>
      <trkpt lat="31.839582427523013" lon="34.99359794803317">
        <ele>0</ele>
        <time>2026-02-26T22:04:45.252Z</time>
      </trkpt>
      <trkpt lat="31.839582427523013" lon="34.99359794803317">
        <ele>0</ele>
        <time>2026-02-26T22:04:46.252Z</time>
      </trkpt>
      <trkpt lat="31.839582427523013" lon="34.99359794803317">
        <ele>0</ele>
        <time>2026-02-26T22:04:47.252Z</time>
      </trkpt>
      <trkpt lat="31.839582427523013" lon="34.99359794803317">
        <ele>272</ele>
        <time>2026-02-26T22:04:48.252Z</time>
      </trkpt>
      <trkpt lat="31.83934363014346" lon="34.99347959280166">
        <ele>276.5</ele>
        <time>2026-02-26T22:04:49.252Z</time>
      </trkpt>
      <trkpt lat="31.83934363014346" lon="34.99347959280166">
        <ele>0</ele>
        <time>2026-02-26T22:04:50.252Z</time>
      </trkpt>
      <trkpt lat="31.83934363014346" lon="34.99347959280166">
        <ele>0</ele>
        <time>2026-02-26T22:04:51.252Z</time>
      </trkpt>
      <trkpt lat="31.83934363014346" lon="34.99347959280166">
        <ele>0</ele>
        <time>2026-02-26T22:04:52.252Z</time>
      </trkpt>
      <trkpt lat="31.83934363014346" lon="34.99347959280166">
        <ele>0</ele>
        <time>2026-02-26T22:04:53.252Z</time>
      </trkpt>
      <trkpt lat="31.83934363014346" lon="34.99347959280166">
        <ele>0</ele>
        <time>2026-02-26T22:04:54.252Z</time>
      </trkpt>
      <trkpt lat="31.83934363014346" lon="34.99347959280166">
        <ele>0</ele>
        <time>2026-02-26T22:04:55.252Z</time>
      </trkpt>
      <trkpt lat="31.83934363014346" lon="34.99347959280166">
        <ele>0</ele>
        <time>2026-02-26T22:04:56.252Z</time>
      </trkpt>
      <trkpt lat="31.83934363014346" lon="34.99347959280166">
        <ele>0</ele>
        <time>2026-02-26T22:04:57.252Z</time>
      </trkpt>
      <trkpt lat="31.83934363014346" lon="34.99347959280166">
        <ele>0</ele>
        <time>2026-02-26T22:04:58.252Z</time>
      </trkpt>
      <trkpt lat="31.83934363014346" lon="34.99347959280166">
        <ele>0</ele>
        <time>2026-02-26T22:04:59.252Z</time>
      </trkpt>
      <trkpt lat="31.83934363014346" lon="34.99347959280166">
        <ele>0</ele>
        <time>2026-02-26T22:05:00.252Z</time>
      </trkpt>
      <trkpt lat="31.83934363014346" lon="34.99347959280166">
        <ele>276.5</ele>
        <time>2026-02-26T22:05:01.252Z</time>
      </trkpt>
      <trkpt lat="31.839117400476283" lon="34.993368634773134">
        <ele>281</ele>
        <time>2026-02-26T22:05:02.252Z</time>
      </trkpt>
      <trkpt lat="31.839117400476283" lon="34.993368634773134">
        <ele>0</ele>
        <time>2026-02-26T22:05:03.252Z</time>
      </trkpt>
      <trkpt lat="31.839117400476283" lon="34.993368634773134">
        <ele>0</ele>
        <time>2026-02-26T22:05:04.252Z</time>
      </trkpt>
      <trkpt lat="31.839117400476283" lon="34.993368634773134">
        <ele>0</ele>
        <time>2026-02-26T22:05:05.252Z</time>
      </trkpt>
      <trkpt lat="31.839117400476283" lon="34.993368634773134">
        <ele>0</ele>
        <time>2026-02-26T22:05:06.252Z</time>
      </trkpt>
      <trkpt lat="31.839117400476283" lon="34.993368634773134">
        <ele>0</ele>
        <time>2026-02-26T22:05:07.252Z</time>
      </trkpt>
      <trkpt lat="31.839117400476283" lon="34.993368634773134">
        <ele>0</ele>
        <time>2026-02-26T22:05:08.252Z</time>
      </trkpt>
      <trkpt lat="31.839117400476283" lon="34.993368634773134">
        <ele>0</ele>
        <time>2026-02-26T22:05:09.252Z</time>
      </trkpt>
      <trkpt lat="31.839117400476283" lon="34.993368634773134">
        <ele>0</ele>
        <time>2026-02-26T22:05:10.252Z</time>
      </trkpt>
      <trkpt lat="31.839117400476283" lon="34.993368634773134">
        <ele>0</ele>
        <time>2026-02-26T22:05:11.252Z</time>
      </trkpt>
      <trkpt lat="31.839117400476283" lon="34.993368634773134">
        <ele>0</ele>
        <time>2026-02-26T22:05:12.252Z</time>
      </trkpt>
      <trkpt lat="31.839117400476283" lon="34.993368634773134">
        <ele>0</ele>
        <time>2026-02-26T22:05:13.252Z</time>
      </trkpt>
      <trkpt lat="31.839117400476283" lon="34.993368634773134">
        <ele>281</ele>
        <time>2026-02-26T22:05:14.252Z</time>
      </trkpt>
      <trkpt lat="31.83889117025491" lon="34.99323548513911">
        <ele>274</ele>
        <time>2026-02-26T22:05:15.252Z</time>
      </trkpt>
      <trkpt lat="31.83889117025491" lon="34.99323548513911">
        <ele>0</ele>
        <time>2026-02-26T22:05:16.252Z</time>
      </trkpt>
      <trkpt lat="31.83889117025491" lon="34.99323548513911">
        <ele>0</ele>
        <time>2026-02-26T22:05:17.252Z</time>
      </trkpt>
      <trkpt lat="31.83889117025491" lon="34.99323548513911">
        <ele>0</ele>
        <time>2026-02-26T22:05:18.252Z</time>
      </trkpt>
      <trkpt lat="31.83889117025491" lon="34.99323548513911">
        <ele>0</ele>
        <time>2026-02-26T22:05:19.252Z</time>
      </trkpt>
      <trkpt lat="31.83889117025491" lon="34.99323548513911">
        <ele>0</ele>
        <time>2026-02-26T22:05:20.252Z</time>
      </trkpt>
      <trkpt lat="31.83889117025491" lon="34.99323548513911">
        <ele>0</ele>
        <time>2026-02-26T22:05:21.252Z</time>
      </trkpt>
      <trkpt lat="31.83889117025491" lon="34.99323548513911">
        <ele>0</ele>
        <time>2026-02-26T22:05:22.252Z</time>
      </trkpt>
      <trkpt lat="31.83889117025491" lon="34.99323548513911">
        <ele>0</ele>
        <time>2026-02-26T22:05:23.252Z</time>
      </trkpt>
      <trkpt lat="31.83889117025491" lon="34.99323548513911">
        <ele>0</ele>
        <time>2026-02-26T22:05:24.252Z</time>
      </trkpt>
      <trkpt lat="31.83889117025491" lon="34.99323548513911">
        <ele>0</ele>
        <time>2026-02-26T22:05:25.252Z</time>
      </trkpt>
      <trkpt lat="31.83889117025491" lon="34.99323548513911">
        <ele>0</ele>
        <time>2026-02-26T22:05:26.252Z</time>
      </trkpt>
      <trkpt lat="31.83889117025491" lon="34.99323548513911">
        <ele>274</ele>
        <time>2026-02-26T22:05:27.252Z</time>
      </trkpt>
      <trkpt lat="31.838708928839893" lon="34.993117129908796">
        <ele>267</ele>
        <time>2026-02-26T22:05:28.252Z</time>
      </trkpt>
      <trkpt lat="31.838708928839893" lon="34.993117129908796">
        <ele>0</ele>
        <time>2026-02-26T22:05:29.252Z</time>
      </trkpt>
      <trkpt lat="31.838708928839893" lon="34.993117129908796">
        <ele>0</ele>
        <time>2026-02-26T22:05:30.252Z</time>
      </trkpt>
      <trkpt lat="31.838708928839893" lon="34.993117129908796">
        <ele>0</ele>
        <time>2026-02-26T22:05:31.252Z</time>
      </trkpt>
      <trkpt lat="31.838708928839893" lon="34.993117129908796">
        <ele>0</ele>
        <time>2026-02-26T22:05:32.252Z</time>
      </trkpt>
      <trkpt lat="31.838708928839893" lon="34.993117129908796">
        <ele>0</ele>
        <time>2026-02-26T22:05:33.252Z</time>
      </trkpt>
      <trkpt lat="31.838708928839893" lon="34.993117129908796">
        <ele>0</ele>
        <time>2026-02-26T22:05:34.252Z</time>
      </trkpt>
      <trkpt lat="31.838708928839893" lon="34.993117129908796">
        <ele>0</ele>
        <time>2026-02-26T22:05:35.252Z</time>
      </trkpt>
      <trkpt lat="31.838708928839893" lon="34.993117129908796">
        <ele>0</ele>
        <time>2026-02-26T22:05:36.252Z</time>
      </trkpt>
      <trkpt lat="31.838708928839893" lon="34.993117129908796">
        <ele>0</ele>
        <time>2026-02-26T22:05:37.252Z</time>
      </trkpt>
      <trkpt lat="31.838708928839893" lon="34.993117129908796">
        <ele>0</ele>
        <time>2026-02-26T22:05:38.252Z</time>
      </trkpt>
      <trkpt lat="31.838708928839893" lon="34.993117129908796">
        <ele>0</ele>
        <time>2026-02-26T22:05:39.252Z</time>
      </trkpt>
      <trkpt lat="31.838708928839893" lon="34.993117129908796">
        <ele>267</ele>
        <time>2026-02-26T22:05:40.252Z</time>
      </trkpt>
      <trkpt lat="31.838300455394688" lon="34.99316891032157">
        <ele>271</ele>
        <time>2026-02-26T22:05:41.252Z</time>
      </trkpt>
      <trkpt lat="31.838300455394688" lon="34.99316891032157">
        <ele>0</ele>
        <time>2026-02-26T22:05:42.252Z</time>
      </trkpt>
      <trkpt lat="31.838300455394688" lon="34.99316891032157">
        <ele>0</ele>
        <time>2026-02-26T22:05:43.252Z</time>
      </trkpt>
      <trkpt lat="31.838300455394688" lon="34.99316891032157">
        <ele>0</ele>
        <time>2026-02-26T22:05:44.252Z</time>
      </trkpt>
      <trkpt lat="31.838300455394688" lon="34.99316891032157">
        <ele>0</ele>
        <time>2026-02-26T22:05:45.252Z</time>
      </trkpt>
      <trkpt lat="31.838300455394688" lon="34.99316891032157">
        <ele>0</ele>
        <time>2026-02-26T22:05:46.252Z</time>
      </trkpt>
      <trkpt lat="31.838300455394688" lon="34.99316891032157">
        <ele>0</ele>
        <time>2026-02-26T22:05:47.252Z</time>
      </trkpt>
      <trkpt lat="31.838300455394688" lon="34.99316891032157">
        <ele>0</ele>
        <time>2026-02-26T22:05:48.252Z</time>
      </trkpt>
      <trkpt lat="31.838300455394688" lon="34.99316891032157">
        <ele>0</ele>
        <time>2026-02-26T22:05:49.252Z</time>
      </trkpt>
      <trkpt lat="31.838300455394688" lon="34.99316891032157">
        <ele>0</ele>
        <time>2026-02-26T22:05:50.252Z</time>
      </trkpt>
      <trkpt lat="31.838300455394688" lon="34.99316891032157">
        <ele>0</ele>
        <time>2026-02-26T22:05:51.252Z</time>
      </trkpt>
      <trkpt lat="31.838300455394688" lon="34.99316891032157">
        <ele>0</ele>
        <time>2026-02-26T22:05:52.252Z</time>
      </trkpt>
      <trkpt lat="31.838300455394688" lon="34.99316891032157">
        <ele>271</ele>
        <time>2026-02-26T22:05:53.252Z</time>
      </trkpt>
      <trkpt lat="31.83793596987077" lon="34.993228087937325">
        <ele>271</ele>
        <time>2026-02-26T22:05:54.252Z</time>
      </trkpt>
      <trkpt lat="31.83793596987077" lon="34.993228087937325">
        <ele>0</ele>
        <time>2026-02-26T22:05:55.252Z</time>
      </trkpt>
      <trkpt lat="31.83793596987077" lon="34.993228087937325">
        <ele>0</ele>
        <time>2026-02-26T22:05:56.252Z</time>
      </trkpt>
      <trkpt lat="31.83793596987077" lon="34.993228087937325">
        <ele>0</ele>
        <time>2026-02-26T22:05:57.252Z</time>
      </trkpt>
      <trkpt lat="31.83793596987077" lon="34.993228087937325">
        <ele>0</ele>
        <time>2026-02-26T22:05:58.252Z</time>
      </trkpt>
      <trkpt lat="31.83793596987077" lon="34.993228087937325">
        <ele>0</ele>
        <time>2026-02-26T22:05:59.252Z</time>
      </trkpt>
      <trkpt lat="31.83793596987077" lon="34.993228087937325">
        <ele>0</ele>
        <time>2026-02-26T22:06:00.252Z</time>
      </trkpt>
      <trkpt lat="31.83793596987077" lon="34.993228087937325">
        <ele>0</ele>
        <time>2026-02-26T22:06:01.252Z</time>
      </trkpt>
      <trkpt lat="31.83793596987077" lon="34.993228087937325">
        <ele>0</ele>
        <time>2026-02-26T22:06:02.252Z</time>
      </trkpt>
      <trkpt lat="31.83793596987077" lon="34.993228087937325">
        <ele>0</ele>
        <time>2026-02-26T22:06:03.252Z</time>
      </trkpt>
      <trkpt lat="31.83793596987077" lon="34.993228087937325">
        <ele>0</ele>
        <time>2026-02-26T22:06:04.252Z</time>
      </trkpt>
      <trkpt lat="31.83793596987077" lon="34.993228087937325">
        <ele>0</ele>
        <time>2026-02-26T22:06:05.252Z</time>
      </trkpt>
      <trkpt lat="31.83793596987077" lon="34.993228087937325">
        <ele>271</ele>
        <time>2026-02-26T22:06:06.252Z</time>
      </trkpt>
      <trkpt lat="31.83793596987077" lon="34.993228087937325">
        <ele>0</ele>
        <time>2026-02-26T22:06:07.252Z</time>
      </trkpt>
      <trkpt lat="31.83793596987077" lon="34.993228087937325">
        <ele>0</ele>
        <time>2026-02-26T22:06:08.252Z</time>
      </trkpt>
      <trkpt lat="31.83793596987077" lon="34.993228087937325">
        <ele>0</ele>
        <time>2026-02-26T22:06:09.252Z</time>
      </trkpt>
      <trkpt lat="31.837722305273715" lon="34.99320589633186">
        <ele>271</ele>
        <time>2026-02-26T22:06:10.252Z</time>
      </trkpt>
      <trkpt lat="31.837722305273715" lon="34.99320589633186">
        <ele>0</ele>
        <time>2026-02-26T22:06:11.252Z</time>
      </trkpt>
      <trkpt lat="31.837722305273715" lon="34.99320589633186">
        <ele>0</ele>
        <time>2026-02-26T22:06:12.252Z</time>
      </trkpt>
      <trkpt lat="31.837722305273715" lon="34.99320589633186">
        <ele>0</ele>
        <time>2026-02-26T22:06:13.252Z</time>
      </trkpt>
      <trkpt lat="31.837722305273715" lon="34.99320589633186">
        <ele>0</ele>
        <time>2026-02-26T22:06:14.252Z</time>
      </trkpt>
      <trkpt lat="31.837722305273715" lon="34.99320589633186">
        <ele>0</ele>
        <time>2026-02-26T22:06:15.252Z</time>
      </trkpt>
      <trkpt lat="31.837722305273715" lon="34.99320589633186">
        <ele>0</ele>
        <time>2026-02-26T22:06:16.252Z</time>
      </trkpt>
      <trkpt lat="31.837722305273715" lon="34.99320589633186">
        <ele>0</ele>
        <time>2026-02-26T22:06:17.252Z</time>
      </trkpt>
      <trkpt lat="31.837722305273715" lon="34.99320589633186">
        <ele>0</ele>
        <time>2026-02-26T22:06:18.252Z</time>
      </trkpt>
      <trkpt lat="31.837722305273715" lon="34.99320589633186">
        <ele>0</ele>
        <time>2026-02-26T22:06:19.252Z</time>
      </trkpt>
      <trkpt lat="31.837722305273715" lon="34.99320589633186">
        <ele>0</ele>
        <time>2026-02-26T22:06:20.252Z</time>
      </trkpt>
      <trkpt lat="31.837722305273715" lon="34.99320589633186">
        <ele>0</ele>
        <time>2026-02-26T22:06:21.252Z</time>
      </trkpt>
      <trkpt lat="31.837722305273715" lon="34.99320589633186">
        <ele>271</ele>
        <time>2026-02-26T22:06:22.252Z</time>
      </trkpt>
      <trkpt lat="31.8375589143661" lon="34.99308014389845">
        <ele>272</ele>
        <time>2026-02-26T22:06:23.252Z</time>
      </trkpt>
      <trkpt lat="31.8375589143661" lon="34.99308014389845">
        <ele>0</ele>
        <time>2026-02-26T22:06:24.252Z</time>
      </trkpt>
      <trkpt lat="31.8375589143661" lon="34.99308014389845">
        <ele>0</ele>
        <time>2026-02-26T22:06:25.252Z</time>
      </trkpt>
      <trkpt lat="31.8375589143661" lon="34.99308014389845">
        <ele>0</ele>
        <time>2026-02-26T22:06:26.252Z</time>
      </trkpt>
      <trkpt lat="31.8375589143661" lon="34.99308014389845">
        <ele>0</ele>
        <time>2026-02-26T22:06:27.252Z</time>
      </trkpt>
      <trkpt lat="31.8375589143661" lon="34.99308014389845">
        <ele>0</ele>
        <time>2026-02-26T22:06:28.252Z</time>
      </trkpt>
      <trkpt lat="31.8375589143661" lon="34.99308014389845">
        <ele>0</ele>
        <time>2026-02-26T22:06:29.252Z</time>
      </trkpt>
      <trkpt lat="31.8375589143661" lon="34.99308014389845">
        <ele>0</ele>
        <time>2026-02-26T22:06:30.252Z</time>
      </trkpt>
      <trkpt lat="31.8375589143661" lon="34.99308014389845">
        <ele>0</ele>
        <time>2026-02-26T22:06:31.252Z</time>
      </trkpt>
      <trkpt lat="31.8375589143661" lon="34.99308014389845">
        <ele>0</ele>
        <time>2026-02-26T22:06:32.252Z</time>
      </trkpt>
      <trkpt lat="31.8375589143661" lon="34.99308014389845">
        <ele>0</ele>
        <time>2026-02-26T22:06:33.252Z</time>
      </trkpt>
      <trkpt lat="31.8375589143661" lon="34.99308014389845">
        <ele>0</ele>
        <time>2026-02-26T22:06:34.252Z</time>
      </trkpt>
      <trkpt lat="31.8375589143661" lon="34.99308014389845">
        <ele>272</ele>
        <time>2026-02-26T22:06:35.252Z</time>
      </trkpt>
      <trkpt lat="31.837370386035403" lon="34.99288781664873">
        <ele>272</ele>
        <time>2026-02-26T22:06:36.252Z</time>
      </trkpt>
      <trkpt lat="31.837370386035403" lon="34.99288781664873">
        <ele>0</ele>
        <time>2026-02-26T22:06:37.252Z</time>
      </trkpt>
      <trkpt lat="31.837370386035403" lon="34.99288781664873">
        <ele>0</ele>
        <time>2026-02-26T22:06:38.252Z</time>
      </trkpt>
      <trkpt lat="31.837370386035403" lon="34.99288781664873">
        <ele>0</ele>
        <time>2026-02-26T22:06:39.252Z</time>
      </trkpt>
      <trkpt lat="31.837370386035403" lon="34.99288781664873">
        <ele>0</ele>
        <time>2026-02-26T22:06:40.252Z</time>
      </trkpt>
      <trkpt lat="31.837370386035403" lon="34.99288781664873">
        <ele>0</ele>
        <time>2026-02-26T22:06:41.252Z</time>
      </trkpt>
      <trkpt lat="31.837370386035403" lon="34.99288781664873">
        <ele>0</ele>
        <time>2026-02-26T22:06:42.252Z</time>
      </trkpt>
      <trkpt lat="31.837370386035403" lon="34.99288781664873">
        <ele>0</ele>
        <time>2026-02-26T22:06:43.252Z</time>
      </trkpt>
      <trkpt lat="31.837370386035403" lon="34.99288781664873">
        <ele>0</ele>
        <time>2026-02-26T22:06:44.252Z</time>
      </trkpt>
      <trkpt lat="31.837370386035403" lon="34.99288781664873">
        <ele>0</ele>
        <time>2026-02-26T22:06:45.252Z</time>
      </trkpt>
      <trkpt lat="31.837370386035403" lon="34.99288781664873">
        <ele>0</ele>
        <time>2026-02-26T22:06:46.252Z</time>
      </trkpt>
      <trkpt lat="31.837370386035403" lon="34.99288781664873">
        <ele>0</ele>
        <time>2026-02-26T22:06:47.252Z</time>
      </trkpt>
      <trkpt lat="31.837370386035403" lon="34.99288781664873">
        <ele>272</ele>
        <time>2026-02-26T22:06:48.252Z</time>
      </trkpt>
      <trkpt lat="31.837213278799055" lon="34.992895213851796">
        <ele>272</ele>
        <time>2026-02-26T22:06:49.252Z</time>
      </trkpt>
      <trkpt lat="31.837213278799055" lon="34.992895213851796">
        <ele>0</ele>
        <time>2026-02-26T22:06:50.252Z</time>
      </trkpt>
      <trkpt lat="31.837213278799055" lon="34.992895213851796">
        <ele>0</ele>
        <time>2026-02-26T22:06:51.252Z</time>
      </trkpt>
      <trkpt lat="31.837213278799055" lon="34.992895213851796">
        <ele>0</ele>
        <time>2026-02-26T22:06:52.252Z</time>
      </trkpt>
      <trkpt lat="31.837213278799055" lon="34.992895213851796">
        <ele>0</ele>
        <time>2026-02-26T22:06:53.252Z</time>
      </trkpt>
      <trkpt lat="31.837213278799055" lon="34.992895213851796">
        <ele>0</ele>
        <time>2026-02-26T22:06:54.252Z</time>
      </trkpt>
      <trkpt lat="31.837213278799055" lon="34.992895213851796">
        <ele>0</ele>
        <time>2026-02-26T22:06:55.252Z</time>
      </trkpt>
      <trkpt lat="31.837213278799055" lon="34.992895213851796">
        <ele>0</ele>
        <time>2026-02-26T22:06:56.252Z</time>
      </trkpt>
      <trkpt lat="31.837213278799055" lon="34.992895213851796">
        <ele>0</ele>
        <time>2026-02-26T22:06:57.252Z</time>
      </trkpt>
      <trkpt lat="31.837213278799055" lon="34.992895213851796">
        <ele>0</ele>
        <time>2026-02-26T22:06:58.252Z</time>
      </trkpt>
      <trkpt lat="31.837213278799055" lon="34.992895213851796">
        <ele>0</ele>
        <time>2026-02-26T22:06:59.252Z</time>
      </trkpt>
      <trkpt lat="31.837213278799055" lon="34.992895213851796">
        <ele>0</ele>
        <time>2026-02-26T22:07:00.252Z</time>
      </trkpt>
      <trkpt lat="31.837213278799055" lon="34.992895213851796">
        <ele>272</ele>
        <time>2026-02-26T22:07:01.252Z</time>
      </trkpt>
      <trkpt lat="31.837056171295714" lon="34.99303576068755">
        <ele>272</ele>
        <time>2026-02-26T22:07:02.252Z</time>
      </trkpt>
      <trkpt lat="31.837056171295714" lon="34.99303576068755">
        <ele>0</ele>
        <time>2026-02-26T22:07:03.252Z</time>
      </trkpt>
      <trkpt lat="31.837056171295714" lon="34.99303576068755">
        <ele>0</ele>
        <time>2026-02-26T22:07:04.252Z</time>
      </trkpt>
      <trkpt lat="31.837056171295714" lon="34.99303576068755">
        <ele>0</ele>
        <time>2026-02-26T22:07:05.252Z</time>
      </trkpt>
      <trkpt lat="31.837056171295714" lon="34.99303576068755">
        <ele>0</ele>
        <time>2026-02-26T22:07:06.252Z</time>
      </trkpt>
      <trkpt lat="31.837056171295714" lon="34.99303576068755">
        <ele>0</ele>
        <time>2026-02-26T22:07:07.252Z</time>
      </trkpt>
      <trkpt lat="31.837056171295714" lon="34.99303576068755">
        <ele>0</ele>
        <time>2026-02-26T22:07:08.252Z</time>
      </trkpt>
      <trkpt lat="31.837056171295714" lon="34.99303576068755">
        <ele>0</ele>
        <time>2026-02-26T22:07:09.252Z</time>
      </trkpt>
      <trkpt lat="31.837056171295714" lon="34.99303576068755">
        <ele>0</ele>
        <time>2026-02-26T22:07:10.252Z</time>
      </trkpt>
      <trkpt lat="31.837056171295714" lon="34.99303576068755">
        <ele>0</ele>
        <time>2026-02-26T22:07:11.252Z</time>
      </trkpt>
      <trkpt lat="31.837056171295714" lon="34.99303576068755">
        <ele>0</ele>
        <time>2026-02-26T22:07:12.252Z</time>
      </trkpt>
      <trkpt lat="31.837056171295714" lon="34.99303576068755">
        <ele>0</ele>
        <time>2026-02-26T22:07:13.252Z</time>
      </trkpt>
      <trkpt lat="31.837056171295714" lon="34.99303576068755">
        <ele>272</ele>
        <time>2026-02-26T22:07:14.252Z</time>
      </trkpt>
      <trkpt lat="31.836695788948134" lon="34.99295793967252">
        <ele>276</ele>
        <time>2026-02-26T22:07:15.252Z</time>
      </trkpt>
      <trkpt lat="31.836695788948134" lon="34.99295793967252">
        <ele>0</ele>
        <time>2026-02-26T22:07:16.252Z</time>
      </trkpt>
      <trkpt lat="31.836695788948134" lon="34.99295793967252">
        <ele>0</ele>
        <time>2026-02-26T22:07:17.252Z</time>
      </trkpt>
      <trkpt lat="31.836695788948134" lon="34.99295793967252">
        <ele>0</ele>
        <time>2026-02-26T22:07:18.252Z</time>
      </trkpt>
      <trkpt lat="31.836695788948134" lon="34.99295793967252">
        <ele>0</ele>
        <time>2026-02-26T22:07:19.252Z</time>
      </trkpt>
      <trkpt lat="31.836695788948134" lon="34.99295793967252">
        <ele>0</ele>
        <time>2026-02-26T22:07:20.252Z</time>
      </trkpt>
      <trkpt lat="31.836695788948134" lon="34.99295793967252">
        <ele>0</ele>
        <time>2026-02-26T22:07:21.252Z</time>
      </trkpt>
      <trkpt lat="31.836695788948134" lon="34.99295793967252">
        <ele>0</ele>
        <time>2026-02-26T22:07:22.252Z</time>
      </trkpt>
      <trkpt lat="31.836695788948134" lon="34.99295793967252">
        <ele>0</ele>
        <time>2026-02-26T22:07:23.252Z</time>
      </trkpt>
      <trkpt lat="31.836695788948134" lon="34.99295793967252">
        <ele>0</ele>
        <time>2026-02-26T22:07:24.252Z</time>
      </trkpt>
      <trkpt lat="31.836695788948134" lon="34.99295793967252">
        <ele>0</ele>
        <time>2026-02-26T22:07:25.252Z</time>
      </trkpt>
      <trkpt lat="31.836695788948134" lon="34.99295793967252">
        <ele>276</ele>
        <time>2026-02-26T22:07:26.252Z</time>
      </trkpt>
      <trkpt lat="31.836615299393685" lon="34.99276632660343">
        <ele>276</ele>
        <time>2026-02-26T22:07:27.252Z</time>
      </trkpt>
      <trkpt lat="31.836615299393685" lon="34.99276632660343">
        <ele>0</ele>
        <time>2026-02-26T22:07:28.252Z</time>
      </trkpt>
      <trkpt lat="31.836615299393685" lon="34.99276632660343">
        <ele>0</ele>
        <time>2026-02-26T22:07:29.252Z</time>
      </trkpt>
      <trkpt lat="31.836615299393685" lon="34.99276632660343">
        <ele>0</ele>
        <time>2026-02-26T22:07:30.252Z</time>
      </trkpt>
      <trkpt lat="31.836615299393685" lon="34.99276632660343">
        <ele>0</ele>
        <time>2026-02-26T22:07:31.252Z</time>
      </trkpt>
      <trkpt lat="31.836615299393685" lon="34.99276632660343">
        <ele>0</ele>
        <time>2026-02-26T22:07:32.252Z</time>
      </trkpt>
      <trkpt lat="31.836615299393685" lon="34.99276632660343">
        <ele>0</ele>
        <time>2026-02-26T22:07:33.252Z</time>
      </trkpt>
      <trkpt lat="31.836615299393685" lon="34.99276632660343">
        <ele>0</ele>
        <time>2026-02-26T22:07:34.252Z</time>
      </trkpt>
      <trkpt lat="31.836615299393685" lon="34.99276632660343">
        <ele>0</ele>
        <time>2026-02-26T22:07:35.252Z</time>
      </trkpt>
      <trkpt lat="31.836615299393685" lon="34.99276632660343">
        <ele>0</ele>
        <time>2026-02-26T22:07:36.252Z</time>
      </trkpt>
      <trkpt lat="31.836615299393685" lon="34.99276632660343">
        <ele>0</ele>
        <time>2026-02-26T22:07:37.252Z</time>
      </trkpt>
      <trkpt lat="31.836615299393685" lon="34.99276632660343">
        <ele>276</ele>
        <time>2026-02-26T22:07:38.252Z</time>
      </trkpt>
      <trkpt lat="31.836697464498158" lon="34.99247618035071">
        <ele>275.5</ele>
        <time>2026-02-26T22:07:39.252Z</time>
      </trkpt>
      <trkpt lat="31.836697464498158" lon="34.99247618035071">
        <ele>0</ele>
        <time>2026-02-26T22:07:40.252Z</time>
      </trkpt>
      <trkpt lat="31.836697464498158" lon="34.99247618035071">
        <ele>0</ele>
        <time>2026-02-26T22:07:41.252Z</time>
      </trkpt>
      <trkpt lat="31.836697464498158" lon="34.99247618035071">
        <ele>0</ele>
        <time>2026-02-26T22:07:42.252Z</time>
      </trkpt>
      <trkpt lat="31.836697464498158" lon="34.99247618035071">
        <ele>0</ele>
        <time>2026-02-26T22:07:43.252Z</time>
      </trkpt>
      <trkpt lat="31.836697464498158" lon="34.99247618035071">
        <ele>0</ele>
        <time>2026-02-26T22:07:44.252Z</time>
      </trkpt>
      <trkpt lat="31.836697464498158" lon="34.99247618035071">
        <ele>0</ele>
        <time>2026-02-26T22:07:45.252Z</time>
      </trkpt>
      <trkpt lat="31.836697464498158" lon="34.99247618035071">
        <ele>0</ele>
        <time>2026-02-26T22:07:46.252Z</time>
      </trkpt>
      <trkpt lat="31.836697464498158" lon="34.99247618035071">
        <ele>0</ele>
        <time>2026-02-26T22:07:47.252Z</time>
      </trkpt>
      <trkpt lat="31.836697464498158" lon="34.99247618035071">
        <ele>0</ele>
        <time>2026-02-26T22:07:48.252Z</time>
      </trkpt>
      <trkpt lat="31.836697464498158" lon="34.99247618035071">
        <ele>0</ele>
        <time>2026-02-26T22:07:49.252Z</time>
      </trkpt>
      <trkpt lat="31.836697464498158" lon="34.99247618035071">
        <ele>275.5</ele>
        <time>2026-02-26T22:07:50.252Z</time>
      </trkpt>
      <trkpt lat="31.83677479629364" lon="34.99229412780045">
        <ele>271</ele>
        <time>2026-02-26T22:07:51.252Z</time>
      </trkpt>
      <trkpt lat="31.83677479629364" lon="34.99229412780045">
        <ele>0</ele>
        <time>2026-02-26T22:07:52.252Z</time>
      </trkpt>
      <trkpt lat="31.83677479629364" lon="34.99229412780045">
        <ele>0</ele>
        <time>2026-02-26T22:07:53.252Z</time>
      </trkpt>
      <trkpt lat="31.83677479629364" lon="34.99229412780045">
        <ele>0</ele>
        <time>2026-02-26T22:07:54.252Z</time>
      </trkpt>
      <trkpt lat="31.83677479629364" lon="34.99229412780045">
        <ele>0</ele>
        <time>2026-02-26T22:07:55.252Z</time>
      </trkpt>
      <trkpt lat="31.83677479629364" lon="34.99229412780045">
        <ele>0</ele>
        <time>2026-02-26T22:07:56.252Z</time>
      </trkpt>
      <trkpt lat="31.83677479629364" lon="34.99229412780045">
        <ele>0</ele>
        <time>2026-02-26T22:07:57.252Z</time>
      </trkpt>
      <trkpt lat="31.83677479629364" lon="34.99229412780045">
        <ele>0</ele>
        <time>2026-02-26T22:07:58.252Z</time>
      </trkpt>
      <trkpt lat="31.83677479629364" lon="34.99229412780045">
        <ele>0</ele>
        <time>2026-02-26T22:07:59.252Z</time>
      </trkpt>
      <trkpt lat="31.83677479629364" lon="34.99229412780045">
        <ele>0</ele>
        <time>2026-02-26T22:08:00.252Z</time>
      </trkpt>
      <trkpt lat="31.83677479629364" lon="34.99229412780045">
        <ele>0</ele>
        <time>2026-02-26T22:08:01.252Z</time>
      </trkpt>
      <trkpt lat="31.83677479629364" lon="34.99229412780045">
        <ele>271</ele>
        <time>2026-02-26T22:08:02.252Z</time>
      </trkpt>
      <trkpt lat="31.836827961865694" lon="34.99208362953857">
        <ele>271</ele>
        <time>2026-02-26T22:08:03.252Z</time>
      </trkpt>
      <trkpt lat="31.836827961865694" lon="34.99208362953857">
        <ele>0</ele>
        <time>2026-02-26T22:08:04.252Z</time>
      </trkpt>
      <trkpt lat="31.836827961865694" lon="34.99208362953857">
        <ele>0</ele>
        <time>2026-02-26T22:08:05.252Z</time>
      </trkpt>
      <trkpt lat="31.836827961865694" lon="34.99208362953857">
        <ele>0</ele>
        <time>2026-02-26T22:08:06.252Z</time>
      </trkpt>
      <trkpt lat="31.836827961865694" lon="34.99208362953857">
        <ele>0</ele>
        <time>2026-02-26T22:08:07.252Z</time>
      </trkpt>
      <trkpt lat="31.836827961865694" lon="34.99208362953857">
        <ele>0</ele>
        <time>2026-02-26T22:08:08.252Z</time>
      </trkpt>
      <trkpt lat="31.836827961865694" lon="34.99208362953857">
        <ele>0</ele>
        <time>2026-02-26T22:08:09.252Z</time>
      </trkpt>
      <trkpt lat="31.836827961865694" lon="34.99208362953857">
        <ele>0</ele>
        <time>2026-02-26T22:08:10.252Z</time>
      </trkpt>
      <trkpt lat="31.836827961865694" lon="34.99208362953857">
        <ele>0</ele>
        <time>2026-02-26T22:08:11.252Z</time>
      </trkpt>
      <trkpt lat="31.836827961865694" lon="34.99208362953857">
        <ele>0</ele>
        <time>2026-02-26T22:08:12.252Z</time>
      </trkpt>
      <trkpt lat="31.836827961865694" lon="34.99208362953857">
        <ele>0</ele>
        <time>2026-02-26T22:08:13.252Z</time>
      </trkpt>
      <trkpt lat="31.836827961865694" lon="34.99208362953857">
        <ele>271</ele>
        <time>2026-02-26T22:08:14.252Z</time>
      </trkpt>
      <trkpt lat="31.836881127406343" lon="34.99191295527251">
        <ele>271</ele>
        <time>2026-02-26T22:08:15.252Z</time>
      </trkpt>
      <trkpt lat="31.836881127406343" lon="34.99191295527251">
        <ele>0</ele>
        <time>2026-02-26T22:08:16.252Z</time>
      </trkpt>
      <trkpt lat="31.836881127406343" lon="34.99191295527251">
        <ele>0</ele>
        <time>2026-02-26T22:08:17.252Z</time>
      </trkpt>
      <trkpt lat="31.836881127406343" lon="34.99191295527251">
        <ele>0</ele>
        <time>2026-02-26T22:08:18.252Z</time>
      </trkpt>
      <trkpt lat="31.836881127406343" lon="34.99191295527251">
        <ele>0</ele>
        <time>2026-02-26T22:08:19.252Z</time>
      </trkpt>
      <trkpt lat="31.836881127406343" lon="34.99191295527251">
        <ele>0</ele>
        <time>2026-02-26T22:08:20.252Z</time>
      </trkpt>
      <trkpt lat="31.836881127406343" lon="34.99191295527251">
        <ele>0</ele>
        <time>2026-02-26T22:08:21.252Z</time>
      </trkpt>
      <trkpt lat="31.836881127406343" lon="34.99191295527251">
        <ele>0</ele>
        <time>2026-02-26T22:08:22.252Z</time>
      </trkpt>
      <trkpt lat="31.836881127406343" lon="34.99191295527251">
        <ele>0</ele>
        <time>2026-02-26T22:08:23.252Z</time>
      </trkpt>
      <trkpt lat="31.836881127406343" lon="34.99191295527251">
        <ele>0</ele>
        <time>2026-02-26T22:08:24.252Z</time>
      </trkpt>
      <trkpt lat="31.836881127406343" lon="34.99191295527251">
        <ele>0</ele>
        <time>2026-02-26T22:08:25.252Z</time>
      </trkpt>
      <trkpt lat="31.836881127406343" lon="34.99191295527251">
        <ele>271</ele>
        <time>2026-02-26T22:08:26.252Z</time>
      </trkpt>
      <trkpt lat="31.836943959370203" lon="34.9917252135792">
        <ele>271</ele>
        <time>2026-02-26T22:08:27.252Z</time>
      </trkpt>
      <trkpt lat="31.836943959370203" lon="34.9917252135792">
        <ele>0</ele>
        <time>2026-02-26T22:08:28.252Z</time>
      </trkpt>
      <trkpt lat="31.836943959370203" lon="34.9917252135792">
        <ele>0</ele>
        <time>2026-02-26T22:08:29.252Z</time>
      </trkpt>
      <trkpt lat="31.836943959370203" lon="34.9917252135792">
        <ele>0</ele>
        <time>2026-02-26T22:08:30.252Z</time>
      </trkpt>
      <trkpt lat="31.836943959370203" lon="34.9917252135792">
        <ele>0</ele>
        <time>2026-02-26T22:08:31.252Z</time>
      </trkpt>
      <trkpt lat="31.836943959370203" lon="34.9917252135792">
        <ele>0</ele>
        <time>2026-02-26T22:08:32.252Z</time>
      </trkpt>
      <trkpt lat="31.836943959370203" lon="34.9917252135792">
        <ele>0</ele>
        <time>2026-02-26T22:08:33.252Z</time>
      </trkpt>
      <trkpt lat="31.836943959370203" lon="34.9917252135792">
        <ele>0</ele>
        <time>2026-02-26T22:08:34.252Z</time>
      </trkpt>
      <trkpt lat="31.836943959370203" lon="34.9917252135792">
        <ele>0</ele>
        <time>2026-02-26T22:08:35.252Z</time>
      </trkpt>
      <trkpt lat="31.836943959370203" lon="34.9917252135792">
        <ele>0</ele>
        <time>2026-02-26T22:08:36.252Z</time>
      </trkpt>
      <trkpt lat="31.836943959370203" lon="34.9917252135792">
        <ele>0</ele>
        <time>2026-02-26T22:08:37.252Z</time>
      </trkpt>
      <trkpt lat="31.836943959370203" lon="34.9917252135792">
        <ele>271</ele>
        <time>2026-02-26T22:08:38.252Z</time>
      </trkpt>
      <trkpt lat="31.837006791291287" lon="34.991440756468535">
        <ele>267</ele>
        <time>2026-02-26T22:08:39.252Z</time>
      </trkpt>
      <trkpt lat="31.837006791291287" lon="34.991440756468535">
        <ele>0</ele>
        <time>2026-02-26T22:08:40.252Z</time>
      </trkpt>
      <trkpt lat="31.837006791291287" lon="34.991440756468535">
        <ele>0</ele>
        <time>2026-02-26T22:08:41.252Z</time>
      </trkpt>
      <trkpt lat="31.837006791291287" lon="34.991440756468535">
        <ele>0</ele>
        <time>2026-02-26T22:08:42.252Z</time>
      </trkpt>
      <trkpt lat="31.837006791291287" lon="34.991440756468535">
        <ele>0</ele>
        <time>2026-02-26T22:08:43.252Z</time>
      </trkpt>
      <trkpt lat="31.837006791291287" lon="34.991440756468535">
        <ele>0</ele>
        <time>2026-02-26T22:08:44.252Z</time>
      </trkpt>
      <trkpt lat="31.837006791291287" lon="34.991440756468535">
        <ele>0</ele>
        <time>2026-02-26T22:08:45.252Z</time>
      </trkpt>
      <trkpt lat="31.837006791291287" lon="34.991440756468535">
        <ele>0</ele>
        <time>2026-02-26T22:08:46.252Z</time>
      </trkpt>
      <trkpt lat="31.837006791291287" lon="34.991440756468535">
        <ele>0</ele>
        <time>2026-02-26T22:08:47.252Z</time>
      </trkpt>
      <trkpt lat="31.837006791291287" lon="34.991440756468535">
        <ele>0</ele>
        <time>2026-02-26T22:08:48.252Z</time>
      </trkpt>
      <trkpt lat="31.837006791291287" lon="34.991440756468535">
        <ele>0</ele>
        <time>2026-02-26T22:08:49.252Z</time>
      </trkpt>
      <trkpt lat="31.837006791291287" lon="34.991440756468535">
        <ele>267</ele>
        <time>2026-02-26T22:08:50.252Z</time>
      </trkpt>
      <trkpt lat="31.83708895604714" lon="34.99127008220253">
        <ele>267</ele>
        <time>2026-02-26T22:08:51.252Z</time>
      </trkpt>
      <trkpt lat="31.83708895604714" lon="34.99127008220253">
        <ele>0</ele>
        <time>2026-02-26T22:08:52.252Z</time>
      </trkpt>
      <trkpt lat="31.83708895604714" lon="34.99127008220253">
        <ele>0</ele>
        <time>2026-02-26T22:08:53.252Z</time>
      </trkpt>
      <trkpt lat="31.83708895604714" lon="34.99127008220253">
        <ele>0</ele>
        <time>2026-02-26T22:08:54.252Z</time>
      </trkpt>
      <trkpt lat="31.83708895604714" lon="34.99127008220253">
        <ele>0</ele>
        <time>2026-02-26T22:08:55.252Z</time>
      </trkpt>
      <trkpt lat="31.83708895604714" lon="34.99127008220253">
        <ele>0</ele>
        <time>2026-02-26T22:08:56.252Z</time>
      </trkpt>
      <trkpt lat="31.83708895604714" lon="34.99127008220253">
        <ele>0</ele>
        <time>2026-02-26T22:08:57.252Z</time>
      </trkpt>
      <trkpt lat="31.83708895604714" lon="34.99127008220253">
        <ele>0</ele>
        <time>2026-02-26T22:08:58.252Z</time>
      </trkpt>
      <trkpt lat="31.83708895604714" lon="34.99127008220253">
        <ele>0</ele>
        <time>2026-02-26T22:08:59.252Z</time>
      </trkpt>
      <trkpt lat="31.83708895604714" lon="34.99127008220253">
        <ele>0</ele>
        <time>2026-02-26T22:09:00.252Z</time>
      </trkpt>
      <trkpt lat="31.83708895604714" lon="34.99127008220253">
        <ele>0</ele>
        <time>2026-02-26T22:09:01.252Z</time>
      </trkpt>
      <trkpt lat="31.83708895604714" lon="34.99127008220253">
        <ele>267</ele>
        <time>2026-02-26T22:09:02.252Z</time>
      </trkpt>
      <trkpt lat="31.837045457067916" lon="34.990945801096984">
        <ele>272</ele>
        <time>2026-02-26T22:09:03.252Z</time>
      </trkpt>
      <trkpt lat="31.837045457067916" lon="34.990945801096984">
        <ele>0</ele>
        <time>2026-02-26T22:09:04.252Z</time>
      </trkpt>
      <trkpt lat="31.837045457067916" lon="34.990945801096984">
        <ele>0</ele>
        <time>2026-02-26T22:09:05.252Z</time>
      </trkpt>
      <trkpt lat="31.837045457067916" lon="34.990945801096984">
        <ele>0</ele>
        <time>2026-02-26T22:09:06.252Z</time>
      </trkpt>
      <trkpt lat="31.837045457067916" lon="34.990945801096984">
        <ele>0</ele>
        <time>2026-02-26T22:09:07.252Z</time>
      </trkpt>
      <trkpt lat="31.837045457067916" lon="34.990945801096984">
        <ele>0</ele>
        <time>2026-02-26T22:09:08.252Z</time>
      </trkpt>
      <trkpt lat="31.837045457067916" lon="34.990945801096984">
        <ele>0</ele>
        <time>2026-02-26T22:09:09.252Z</time>
      </trkpt>
      <trkpt lat="31.837045457067916" lon="34.990945801096984">
        <ele>0</ele>
        <time>2026-02-26T22:09:10.252Z</time>
      </trkpt>
      <trkpt lat="31.837045457067916" lon="34.990945801096984">
        <ele>0</ele>
        <time>2026-02-26T22:09:11.252Z</time>
      </trkpt>
      <trkpt lat="31.837045457067916" lon="34.990945801096984">
        <ele>0</ele>
        <time>2026-02-26T22:09:12.252Z</time>
      </trkpt>
      <trkpt lat="31.837045457067916" lon="34.990945801096984">
        <ele>0</ele>
        <time>2026-02-26T22:09:13.252Z</time>
      </trkpt>
      <trkpt lat="31.837045457067916" lon="34.990945801096984">
        <ele>272</ele>
        <time>2026-02-26T22:09:14.252Z</time>
      </trkpt>
      <trkpt lat="31.83691979323561" lon="34.99086046396397">
        <ele>272</ele>
        <time>2026-02-26T22:09:15.252Z</time>
      </trkpt>
      <trkpt lat="31.83691979323561" lon="34.99086046396397">
        <ele>0</ele>
        <time>2026-02-26T22:09:16.252Z</time>
      </trkpt>
      <trkpt lat="31.83691979323561" lon="34.99086046396397">
        <ele>0</ele>
        <time>2026-02-26T22:09:17.252Z</time>
      </trkpt>
      <trkpt lat="31.83691979323561" lon="34.99086046396397">
        <ele>0</ele>
        <time>2026-02-26T22:09:18.252Z</time>
      </trkpt>
      <trkpt lat="31.83691979323561" lon="34.99086046396397">
        <ele>0</ele>
        <time>2026-02-26T22:09:19.252Z</time>
      </trkpt>
      <trkpt lat="31.83691979323561" lon="34.99086046396397">
        <ele>0</ele>
        <time>2026-02-26T22:09:20.252Z</time>
      </trkpt>
      <trkpt lat="31.83691979323561" lon="34.99086046396397">
        <ele>0</ele>
        <time>2026-02-26T22:09:21.252Z</time>
      </trkpt>
      <trkpt lat="31.83691979323561" lon="34.99086046396397">
        <ele>0</ele>
        <time>2026-02-26T22:09:22.252Z</time>
      </trkpt>
      <trkpt lat="31.83691979323561" lon="34.99086046396397">
        <ele>0</ele>
        <time>2026-02-26T22:09:23.252Z</time>
      </trkpt>
      <trkpt lat="31.83691979323561" lon="34.99086046396397">
        <ele>0</ele>
        <time>2026-02-26T22:09:24.252Z</time>
      </trkpt>
      <trkpt lat="31.83691979323561" lon="34.99086046396397">
        <ele>0</ele>
        <time>2026-02-26T22:09:25.252Z</time>
      </trkpt>
      <trkpt lat="31.83691979323561" lon="34.99086046396397">
        <ele>272</ele>
        <time>2026-02-26T22:09:26.252Z</time>
      </trkpt>
      <trkpt lat="31.83678446276342" lon="34.99065565484423">
        <ele>272</ele>
        <time>2026-02-26T22:09:27.252Z</time>
      </trkpt>
      <trkpt lat="31.83678446276342" lon="34.99065565484423">
        <ele>0</ele>
        <time>2026-02-26T22:09:28.252Z</time>
      </trkpt>
      <trkpt lat="31.83678446276342" lon="34.99065565484423">
        <ele>0</ele>
        <time>2026-02-26T22:09:29.252Z</time>
      </trkpt>
      <trkpt lat="31.83678446276342" lon="34.99065565484423">
        <ele>0</ele>
        <time>2026-02-26T22:09:30.252Z</time>
      </trkpt>
      <trkpt lat="31.83678446276342" lon="34.99065565484423">
        <ele>0</ele>
        <time>2026-02-26T22:09:31.252Z</time>
      </trkpt>
      <trkpt lat="31.83678446276342" lon="34.99065565484423">
        <ele>0</ele>
        <time>2026-02-26T22:09:32.252Z</time>
      </trkpt>
      <trkpt lat="31.83678446276342" lon="34.99065565484423">
        <ele>0</ele>
        <time>2026-02-26T22:09:33.252Z</time>
      </trkpt>
      <trkpt lat="31.83678446276342" lon="34.99065565484423">
        <ele>0</ele>
        <time>2026-02-26T22:09:34.252Z</time>
      </trkpt>
      <trkpt lat="31.83678446276342" lon="34.99065565484423">
        <ele>0</ele>
        <time>2026-02-26T22:09:35.252Z</time>
      </trkpt>
      <trkpt lat="31.83678446276342" lon="34.99065565484423">
        <ele>0</ele>
        <time>2026-02-26T22:09:36.252Z</time>
      </trkpt>
      <trkpt lat="31.83678446276342" lon="34.99065565484423">
        <ele>0</ele>
        <time>2026-02-26T22:09:37.252Z</time>
      </trkpt>
      <trkpt lat="31.83678446276342" lon="34.99065565484423">
        <ele>272</ele>
        <time>2026-02-26T22:09:38.252Z</time>
      </trkpt>
      <trkpt lat="31.836600799662023" lon="34.99039395430307">
        <ele>272</ele>
        <time>2026-02-26T22:09:39.252Z</time>
      </trkpt>
      <trkpt lat="31.836600799662023" lon="34.99039395430307">
        <ele>0</ele>
        <time>2026-02-26T22:09:40.252Z</time>
      </trkpt>
      <trkpt lat="31.836600799662023" lon="34.99039395430307">
        <ele>0</ele>
        <time>2026-02-26T22:09:41.252Z</time>
      </trkpt>
      <trkpt lat="31.836600799662023" lon="34.99039395430307">
        <ele>0</ele>
        <time>2026-02-26T22:09:42.252Z</time>
      </trkpt>
      <trkpt lat="31.836600799662023" lon="34.99039395430307">
        <ele>0</ele>
        <time>2026-02-26T22:09:43.252Z</time>
      </trkpt>
      <trkpt lat="31.836600799662023" lon="34.99039395430307">
        <ele>0</ele>
        <time>2026-02-26T22:09:44.252Z</time>
      </trkpt>
      <trkpt lat="31.836600799662023" lon="34.99039395430307">
        <ele>0</ele>
        <time>2026-02-26T22:09:45.252Z</time>
      </trkpt>
      <trkpt lat="31.836600799662023" lon="34.99039395430307">
        <ele>0</ele>
        <time>2026-02-26T22:09:46.252Z</time>
      </trkpt>
      <trkpt lat="31.836600799662023" lon="34.99039395430307">
        <ele>0</ele>
        <time>2026-02-26T22:09:47.252Z</time>
      </trkpt>
      <trkpt lat="31.836600799662023" lon="34.99039395430307">
        <ele>0</ele>
        <time>2026-02-26T22:09:48.252Z</time>
      </trkpt>
      <trkpt lat="31.836600799662023" lon="34.99039395430307">
        <ele>0</ele>
        <time>2026-02-26T22:09:49.252Z</time>
      </trkpt>
      <trkpt lat="31.836600799662023" lon="34.99039395430307">
        <ele>272</ele>
        <time>2026-02-26T22:09:50.252Z</time>
      </trkpt>
      <trkpt lat="31.836426802703173" lon="34.99012087547672">
        <ele>277</ele>
        <time>2026-02-26T22:09:51.252Z</time>
      </trkpt>
      <trkpt lat="31.836426802703173" lon="34.99012087547672">
        <ele>0</ele>
        <time>2026-02-26T22:09:52.252Z</time>
      </trkpt>
      <trkpt lat="31.836426802703173" lon="34.99012087547672">
        <ele>0</ele>
        <time>2026-02-26T22:09:53.252Z</time>
      </trkpt>
      <trkpt lat="31.836426802703173" lon="34.99012087547672">
        <ele>0</ele>
        <time>2026-02-26T22:09:54.252Z</time>
      </trkpt>
      <trkpt lat="31.836426802703173" lon="34.99012087547672">
        <ele>0</ele>
        <time>2026-02-26T22:09:55.252Z</time>
      </trkpt>
      <trkpt lat="31.836426802703173" lon="34.99012087547672">
        <ele>0</ele>
        <time>2026-02-26T22:09:56.252Z</time>
      </trkpt>
      <trkpt lat="31.836426802703173" lon="34.99012087547672">
        <ele>0</ele>
        <time>2026-02-26T22:09:57.252Z</time>
      </trkpt>
      <trkpt lat="31.836426802703173" lon="34.99012087547672">
        <ele>0</ele>
        <time>2026-02-26T22:09:58.252Z</time>
      </trkpt>
      <trkpt lat="31.836426802703173" lon="34.99012087547672">
        <ele>0</ele>
        <time>2026-02-26T22:09:59.252Z</time>
      </trkpt>
      <trkpt lat="31.836426802703173" lon="34.99012087547672">
        <ele>0</ele>
        <time>2026-02-26T22:10:00.252Z</time>
      </trkpt>
      <trkpt lat="31.836426802703173" lon="34.99012087547672">
        <ele>0</ele>
        <time>2026-02-26T22:10:01.252Z</time>
      </trkpt>
      <trkpt lat="31.836426802703173" lon="34.99012087547672">
        <ele>277</ele>
        <time>2026-02-26T22:10:02.252Z</time>
      </trkpt>
      <trkpt lat="31.836223805835132" lon="34.989916066356926">
        <ele>277</ele>
        <time>2026-02-26T22:10:03.252Z</time>
      </trkpt>
      <trkpt lat="31.836223805835132" lon="34.989916066356926">
        <ele>0</ele>
        <time>2026-02-26T22:10:04.252Z</time>
      </trkpt>
      <trkpt lat="31.836223805835132" lon="34.989916066356926">
        <ele>0</ele>
        <time>2026-02-26T22:10:05.252Z</time>
      </trkpt>
      <trkpt lat="31.836223805835132" lon="34.989916066356926">
        <ele>0</ele>
        <time>2026-02-26T22:10:06.252Z</time>
      </trkpt>
      <trkpt lat="31.836223805835132" lon="34.989916066356926">
        <ele>0</ele>
        <time>2026-02-26T22:10:07.252Z</time>
      </trkpt>
      <trkpt lat="31.836223805835132" lon="34.989916066356926">
        <ele>0</ele>
        <time>2026-02-26T22:10:08.252Z</time>
      </trkpt>
      <trkpt lat="31.836223805835132" lon="34.989916066356926">
        <ele>0</ele>
        <time>2026-02-26T22:10:09.252Z</time>
      </trkpt>
      <trkpt lat="31.836223805835132" lon="34.989916066356926">
        <ele>0</ele>
        <time>2026-02-26T22:10:10.252Z</time>
      </trkpt>
      <trkpt lat="31.836223805835132" lon="34.989916066356926">
        <ele>0</ele>
        <time>2026-02-26T22:10:11.252Z</time>
      </trkpt>
      <trkpt lat="31.836223805835132" lon="34.989916066356926">
        <ele>0</ele>
        <time>2026-02-26T22:10:12.252Z</time>
      </trkpt>
      <trkpt lat="31.836223805835132" lon="34.989916066356926">
        <ele>0</ele>
        <time>2026-02-26T22:10:13.252Z</time>
      </trkpt>
      <trkpt lat="31.836223805835132" lon="34.989916066356926">
        <ele>277</ele>
        <time>2026-02-26T22:10:14.252Z</time>
      </trkpt>
      <trkpt lat="31.835938642815208" lon="34.989916066356926">
        <ele>276.5</ele>
        <time>2026-02-26T22:10:15.252Z</time>
      </trkpt>
      <trkpt lat="31.835938642815208" lon="34.989916066356926">
        <ele>0</ele>
        <time>2026-02-26T22:10:16.252Z</time>
      </trkpt>
      <trkpt lat="31.835938642815208" lon="34.989916066356926">
        <ele>0</ele>
        <time>2026-02-26T22:10:17.252Z</time>
      </trkpt>
      <trkpt lat="31.835938642815208" lon="34.989916066356926">
        <ele>0</ele>
        <time>2026-02-26T22:10:18.252Z</time>
      </trkpt>
      <trkpt lat="31.835938642815208" lon="34.989916066356926">
        <ele>0</ele>
        <time>2026-02-26T22:10:19.252Z</time>
      </trkpt>
      <trkpt lat="31.835938642815208" lon="34.989916066356926">
        <ele>0</ele>
        <time>2026-02-26T22:10:20.252Z</time>
      </trkpt>
      <trkpt lat="31.835938642815208" lon="34.989916066356926">
        <ele>0</ele>
        <time>2026-02-26T22:10:21.252Z</time>
      </trkpt>
      <trkpt lat="31.835938642815208" lon="34.989916066356926">
        <ele>0</ele>
        <time>2026-02-26T22:10:22.252Z</time>
      </trkpt>
      <trkpt lat="31.835938642815208" lon="34.989916066356926">
        <ele>0</ele>
        <time>2026-02-26T22:10:23.252Z</time>
      </trkpt>
      <trkpt lat="31.835938642815208" lon="34.989916066356926">
        <ele>0</ele>
        <time>2026-02-26T22:10:24.252Z</time>
      </trkpt>
      <trkpt lat="31.835938642815208" lon="34.989916066356926">
        <ele>0</ele>
        <time>2026-02-26T22:10:25.252Z</time>
      </trkpt>
      <trkpt lat="31.835938642815208" lon="34.989916066356926">
        <ele>276.5</ele>
        <time>2026-02-26T22:10:26.252Z</time>
      </trkpt>
      <trkpt lat="31.835759811318766" lon="34.99002416005945">
        <ele>280.5</ele>
        <time>2026-02-26T22:10:27.252Z</time>
      </trkpt>
      <trkpt lat="31.835759811318766" lon="34.99002416005945">
        <ele>0</ele>
        <time>2026-02-26T22:10:28.252Z</time>
      </trkpt>
      <trkpt lat="31.835759811318766" lon="34.99002416005945">
        <ele>0</ele>
        <time>2026-02-26T22:10:29.252Z</time>
      </trkpt>
      <trkpt lat="31.835759811318766" lon="34.99002416005945">
        <ele>0</ele>
        <time>2026-02-26T22:10:30.252Z</time>
      </trkpt>
      <trkpt lat="31.835759811318766" lon="34.99002416005945">
        <ele>0</ele>
        <time>2026-02-26T22:10:31.252Z</time>
      </trkpt>
      <trkpt lat="31.835759811318766" lon="34.99002416005945">
        <ele>0</ele>
        <time>2026-02-26T22:10:32.252Z</time>
      </trkpt>
      <trkpt lat="31.835759811318766" lon="34.99002416005945">
        <ele>0</ele>
        <time>2026-02-26T22:10:33.252Z</time>
      </trkpt>
      <trkpt lat="31.835759811318766" lon="34.99002416005945">
        <ele>0</ele>
        <time>2026-02-26T22:10:34.252Z</time>
      </trkpt>
      <trkpt lat="31.835759811318766" lon="34.99002416005945">
        <ele>0</ele>
        <time>2026-02-26T22:10:35.252Z</time>
      </trkpt>
      <trkpt lat="31.835759811318766" lon="34.99002416005945">
        <ele>0</ele>
        <time>2026-02-26T22:10:36.252Z</time>
      </trkpt>
      <trkpt lat="31.835759811318766" lon="34.99002416005945">
        <ele>0</ele>
        <time>2026-02-26T22:10:37.252Z</time>
      </trkpt>
      <trkpt lat="31.835759811318766" lon="34.99002416005945">
        <ele>280.5</ele>
        <time>2026-02-26T22:10:38.252Z</time>
      </trkpt>
      <trkpt lat="31.83560514596182" lon="34.99017776689902">
        <ele>285</ele>
        <time>2026-02-26T22:10:39.252Z</time>
      </trkpt>
      <trkpt lat="31.83560514596182" lon="34.99017776689902">
        <ele>0</ele>
        <time>2026-02-26T22:10:40.252Z</time>
      </trkpt>
      <trkpt lat="31.83560514596182" lon="34.99017776689902">
        <ele>0</ele>
        <time>2026-02-26T22:10:41.252Z</time>
      </trkpt>
      <trkpt lat="31.83560514596182" lon="34.99017776689902">
        <ele>0</ele>
        <time>2026-02-26T22:10:42.252Z</time>
      </trkpt>
      <trkpt lat="31.83560514596182" lon="34.99017776689902">
        <ele>0</ele>
        <time>2026-02-26T22:10:43.252Z</time>
      </trkpt>
      <trkpt lat="31.83560514596182" lon="34.99017776689902">
        <ele>0</ele>
        <time>2026-02-26T22:10:44.252Z</time>
      </trkpt>
      <trkpt lat="31.83560514596182" lon="34.99017776689902">
        <ele>0</ele>
        <time>2026-02-26T22:10:45.252Z</time>
      </trkpt>
      <trkpt lat="31.83560514596182" lon="34.99017776689902">
        <ele>0</ele>
        <time>2026-02-26T22:10:46.252Z</time>
      </trkpt>
      <trkpt lat="31.83560514596182" lon="34.99017776689902">
        <ele>0</ele>
        <time>2026-02-26T22:10:47.252Z</time>
      </trkpt>
      <trkpt lat="31.83560514596182" lon="34.99017776689902">
        <ele>0</ele>
        <time>2026-02-26T22:10:48.252Z</time>
      </trkpt>
      <trkpt lat="31.83560514596182" lon="34.99017776689902">
        <ele>0</ele>
        <time>2026-02-26T22:10:49.252Z</time>
      </trkpt>
      <trkpt lat="31.83560514596182" lon="34.99017776689902">
        <ele>285</ele>
        <time>2026-02-26T22:10:50.252Z</time>
      </trkpt>
      <trkpt lat="31.83543114712475" lon="34.990467913151804">
        <ele>287.5</ele>
        <time>2026-02-26T22:10:51.252Z</time>
      </trkpt>
      <trkpt lat="31.83543114712475" lon="34.990467913151804">
        <ele>0</ele>
        <time>2026-02-26T22:10:52.252Z</time>
      </trkpt>
      <trkpt lat="31.83543114712475" lon="34.990467913151804">
        <ele>0</ele>
        <time>2026-02-26T22:10:53.252Z</time>
      </trkpt>
      <trkpt lat="31.83543114712475" lon="34.990467913151804">
        <ele>0</ele>
        <time>2026-02-26T22:10:54.252Z</time>
      </trkpt>
      <trkpt lat="31.83543114712475" lon="34.990467913151804">
        <ele>0</ele>
        <time>2026-02-26T22:10:55.252Z</time>
      </trkpt>
      <trkpt lat="31.83543114712475" lon="34.990467913151804">
        <ele>0</ele>
        <time>2026-02-26T22:10:56.252Z</time>
      </trkpt>
      <trkpt lat="31.83543114712475" lon="34.990467913151804">
        <ele>0</ele>
        <time>2026-02-26T22:10:57.252Z</time>
      </trkpt>
      <trkpt lat="31.83543114712475" lon="34.990467913151804">
        <ele>0</ele>
        <time>2026-02-26T22:10:58.252Z</time>
      </trkpt>
      <trkpt lat="31.83543114712475" lon="34.990467913151804">
        <ele>0</ele>
        <time>2026-02-26T22:10:59.252Z</time>
      </trkpt>
      <trkpt lat="31.83543114712475" lon="34.990467913151804">
        <ele>0</ele>
        <time>2026-02-26T22:11:00.252Z</time>
      </trkpt>
      <trkpt lat="31.83543114712475" lon="34.990467913151804">
        <ele>0</ele>
        <time>2026-02-26T22:11:01.252Z</time>
      </trkpt>
      <trkpt lat="31.83543114712475" lon="34.990467913151804">
        <ele>287.5</ele>
        <time>2026-02-26T22:11:02.252Z</time>
      </trkpt>
      <trkpt lat="31.835353814203216" lon="34.99073530283502">
        <ele>287.5</ele>
        <time>2026-02-26T22:11:03.252Z</time>
      </trkpt>
      <trkpt lat="31.835353814203216" lon="34.99073530283502">
        <ele>0</ele>
        <time>2026-02-26T22:11:04.252Z</time>
      </trkpt>
      <trkpt lat="31.835353814203216" lon="34.99073530283502">
        <ele>0</ele>
        <time>2026-02-26T22:11:05.252Z</time>
      </trkpt>
      <trkpt lat="31.835353814203216" lon="34.99073530283502">
        <ele>0</ele>
        <time>2026-02-26T22:11:06.252Z</time>
      </trkpt>
      <trkpt lat="31.835353814203216" lon="34.99073530283502">
        <ele>0</ele>
        <time>2026-02-26T22:11:07.252Z</time>
      </trkpt>
      <trkpt lat="31.835353814203216" lon="34.99073530283502">
        <ele>0</ele>
        <time>2026-02-26T22:11:08.252Z</time>
      </trkpt>
      <trkpt lat="31.835353814203216" lon="34.99073530283502">
        <ele>0</ele>
        <time>2026-02-26T22:11:09.252Z</time>
      </trkpt>
      <trkpt lat="31.835353814203216" lon="34.99073530283502">
        <ele>0</ele>
        <time>2026-02-26T22:11:10.252Z</time>
      </trkpt>
      <trkpt lat="31.835353814203216" lon="34.99073530283502">
        <ele>0</ele>
        <time>2026-02-26T22:11:11.252Z</time>
      </trkpt>
      <trkpt lat="31.835353814203216" lon="34.99073530283502">
        <ele>0</ele>
        <time>2026-02-26T22:11:12.252Z</time>
      </trkpt>
      <trkpt lat="31.835353814203216" lon="34.99073530283502">
        <ele>0</ele>
        <time>2026-02-26T22:11:13.252Z</time>
      </trkpt>
      <trkpt lat="31.835353814203216" lon="34.99073530283502">
        <ele>287.5</ele>
        <time>2026-02-26T22:11:14.252Z</time>
      </trkpt>
      <trkpt lat="31.83531031440606" lon="34.9910425165142">
        <ele>290</ele>
        <time>2026-02-26T22:11:15.252Z</time>
      </trkpt>
      <trkpt lat="31.83531031440606" lon="34.9910425165142">
        <ele>0</ele>
        <time>2026-02-26T22:11:16.252Z</time>
      </trkpt>
      <trkpt lat="31.83531031440606" lon="34.9910425165142">
        <ele>0</ele>
        <time>2026-02-26T22:11:17.252Z</time>
      </trkpt>
      <trkpt lat="31.83531031440606" lon="34.9910425165142">
        <ele>0</ele>
        <time>2026-02-26T22:11:18.252Z</time>
      </trkpt>
      <trkpt lat="31.83531031440606" lon="34.9910425165142">
        <ele>0</ele>
        <time>2026-02-26T22:11:19.252Z</time>
      </trkpt>
      <trkpt lat="31.83531031440606" lon="34.9910425165142">
        <ele>0</ele>
        <time>2026-02-26T22:11:20.252Z</time>
      </trkpt>
      <trkpt lat="31.83531031440606" lon="34.9910425165142">
        <ele>0</ele>
        <time>2026-02-26T22:11:21.252Z</time>
      </trkpt>
      <trkpt lat="31.83531031440606" lon="34.9910425165142">
        <ele>0</ele>
        <time>2026-02-26T22:11:22.252Z</time>
      </trkpt>
      <trkpt lat="31.83531031440606" lon="34.9910425165142">
        <ele>0</ele>
        <time>2026-02-26T22:11:23.252Z</time>
      </trkpt>
      <trkpt lat="31.83531031440606" lon="34.9910425165142">
        <ele>0</ele>
        <time>2026-02-26T22:11:24.252Z</time>
      </trkpt>
      <trkpt lat="31.83531031440606" lon="34.9910425165142">
        <ele>0</ele>
        <time>2026-02-26T22:11:25.252Z</time>
      </trkpt>
      <trkpt lat="31.83531031440606" lon="34.9910425165142">
        <ele>290</ele>
        <time>2026-02-26T22:11:26.252Z</time>
      </trkpt>
      <trkpt lat="31.83528131453039" lon="34.991258703918305">
        <ele>290</ele>
        <time>2026-02-26T22:11:27.252Z</time>
      </trkpt>
      <trkpt lat="31.83528131453039" lon="34.991258703918305">
        <ele>0</ele>
        <time>2026-02-26T22:11:28.252Z</time>
      </trkpt>
      <trkpt lat="31.83528131453039" lon="34.991258703918305">
        <ele>0</ele>
        <time>2026-02-26T22:11:29.252Z</time>
      </trkpt>
      <trkpt lat="31.83528131453039" lon="34.991258703918305">
        <ele>0</ele>
        <time>2026-02-26T22:11:30.252Z</time>
      </trkpt>
      <trkpt lat="31.83528131453039" lon="34.991258703918305">
        <ele>0</ele>
        <time>2026-02-26T22:11:31.252Z</time>
      </trkpt>
      <trkpt lat="31.83528131453039" lon="34.991258703918305">
        <ele>0</ele>
        <time>2026-02-26T22:11:32.252Z</time>
      </trkpt>
      <trkpt lat="31.83528131453039" lon="34.991258703918305">
        <ele>0</ele>
        <time>2026-02-26T22:11:33.252Z</time>
      </trkpt>
      <trkpt lat="31.83528131453039" lon="34.991258703918305">
        <ele>0</ele>
        <time>2026-02-26T22:11:34.252Z</time>
      </trkpt>
      <trkpt lat="31.83528131453039" lon="34.991258703918305">
        <ele>0</ele>
        <time>2026-02-26T22:11:35.252Z</time>
      </trkpt>
      <trkpt lat="31.83528131453039" lon="34.991258703918305">
        <ele>0</ele>
        <time>2026-02-26T22:11:36.252Z</time>
      </trkpt>
      <trkpt lat="31.83528131453039" lon="34.991258703918305">
        <ele>0</ele>
        <time>2026-02-26T22:11:37.252Z</time>
      </trkpt>
      <trkpt lat="31.83528131453039" lon="34.991258703918305">
        <ele>290</ele>
        <time>2026-02-26T22:11:38.252Z</time>
      </trkpt>
      <trkpt lat="31.835261981274897" lon="34.9915716067396">
        <ele>290</ele>
        <time>2026-02-26T22:11:39.252Z</time>
      </trkpt>
      <trkpt lat="31.835261981274897" lon="34.9915716067396">
        <ele>0</ele>
        <time>2026-02-26T22:11:40.252Z</time>
      </trkpt>
      <trkpt lat="31.835261981274897" lon="34.9915716067396">
        <ele>0</ele>
        <time>2026-02-26T22:11:41.252Z</time>
      </trkpt>
      <trkpt lat="31.835261981274897" lon="34.9915716067396">
        <ele>0</ele>
        <time>2026-02-26T22:11:42.252Z</time>
      </trkpt>
      <trkpt lat="31.835261981274897" lon="34.9915716067396">
        <ele>0</ele>
        <time>2026-02-26T22:11:43.252Z</time>
      </trkpt>
      <trkpt lat="31.835261981274897" lon="34.9915716067396">
        <ele>0</ele>
        <time>2026-02-26T22:11:44.252Z</time>
      </trkpt>
      <trkpt lat="31.835261981274897" lon="34.9915716067396">
        <ele>0</ele>
        <time>2026-02-26T22:11:45.252Z</time>
      </trkpt>
      <trkpt lat="31.835261981274897" lon="34.9915716067396">
        <ele>0</ele>
        <time>2026-02-26T22:11:46.252Z</time>
      </trkpt>
      <trkpt lat="31.835261981274897" lon="34.9915716067396">
        <ele>0</ele>
        <time>2026-02-26T22:11:47.252Z</time>
      </trkpt>
      <trkpt lat="31.835261981274897" lon="34.9915716067396">
        <ele>0</ele>
        <time>2026-02-26T22:11:48.252Z</time>
      </trkpt>
      <trkpt lat="31.835261981274897" lon="34.9915716067396">
        <ele>0</ele>
        <time>2026-02-26T22:11:49.252Z</time>
      </trkpt>
      <trkpt lat="31.835261981274897" lon="34.9915716067396">
        <ele>290</ele>
        <time>2026-02-26T22:11:50.252Z</time>
      </trkpt>
      <trkpt lat="31.835276481216937" lon="34.991691078726376">
        <ele>290.5</ele>
        <time>2026-02-26T22:11:51.252Z</time>
      </trkpt>
      <trkpt lat="31.835276481216937" lon="34.991691078726376">
        <ele>0</ele>
        <time>2026-02-26T22:11:52.252Z</time>
      </trkpt>
      <trkpt lat="31.835276481216937" lon="34.991691078726376">
        <ele>0</ele>
        <time>2026-02-26T22:11:53.252Z</time>
      </trkpt>
      <trkpt lat="31.835276481216937" lon="34.991691078726376">
        <ele>0</ele>
        <time>2026-02-26T22:11:54.252Z</time>
      </trkpt>
      <trkpt lat="31.835276481216937" lon="34.991691078726376">
        <ele>0</ele>
        <time>2026-02-26T22:11:55.252Z</time>
      </trkpt>
      <trkpt lat="31.835276481216937" lon="34.991691078726376">
        <ele>0</ele>
        <time>2026-02-26T22:11:56.252Z</time>
      </trkpt>
      <trkpt lat="31.835276481216937" lon="34.991691078726376">
        <ele>0</ele>
        <time>2026-02-26T22:11:57.252Z</time>
      </trkpt>
      <trkpt lat="31.835276481216937" lon="34.991691078726376">
        <ele>0</ele>
        <time>2026-02-26T22:11:58.252Z</time>
      </trkpt>
      <trkpt lat="31.835276481216937" lon="34.991691078726376">
        <ele>0</ele>
        <time>2026-02-26T22:11:59.252Z</time>
      </trkpt>
      <trkpt lat="31.835276481216937" lon="34.991691078726376">
        <ele>0</ele>
        <time>2026-02-26T22:12:00.252Z</time>
      </trkpt>
      <trkpt lat="31.835276481216937" lon="34.991691078726376">
        <ele>0</ele>
        <time>2026-02-26T22:12:01.252Z</time>
      </trkpt>
      <trkpt lat="31.835276481216937" lon="34.991691078726376">
        <ele>290.5</ele>
        <time>2026-02-26T22:12:02.252Z</time>
      </trkpt>
      <trkpt lat="31.83526111992866" lon="34.99193651978649">
        <ele>291</ele>
        <time>2026-02-26T22:12:03.252Z</time>
      </trkpt>
      <trkpt lat="31.83526111992866" lon="34.99193651978649">
        <ele>0</ele>
        <time>2026-02-26T22:12:04.252Z</time>
      </trkpt>
      <trkpt lat="31.83526111992866" lon="34.99193651978649">
        <ele>0</ele>
        <time>2026-02-26T22:12:05.252Z</time>
      </trkpt>
      <trkpt lat="31.83526111992866" lon="34.99193651978649">
        <ele>0</ele>
        <time>2026-02-26T22:12:06.252Z</time>
      </trkpt>
      <trkpt lat="31.83526111992866" lon="34.99193651978649">
        <ele>0</ele>
        <time>2026-02-26T22:12:07.252Z</time>
      </trkpt>
      <trkpt lat="31.83526111992866" lon="34.99193651978649">
        <ele>0</ele>
        <time>2026-02-26T22:12:08.252Z</time>
      </trkpt>
      <trkpt lat="31.83526111992866" lon="34.99193651978649">
        <ele>0</ele>
        <time>2026-02-26T22:12:09.252Z</time>
      </trkpt>
      <trkpt lat="31.83526111992866" lon="34.99193651978649">
        <ele>0</ele>
        <time>2026-02-26T22:12:10.252Z</time>
      </trkpt>
      <trkpt lat="31.83526111992866" lon="34.99193651978649">
        <ele>0</ele>
        <time>2026-02-26T22:12:11.252Z</time>
      </trkpt>
      <trkpt lat="31.83526111992866" lon="34.99193651978649">
        <ele>0</ele>
        <time>2026-02-26T22:12:12.252Z</time>
      </trkpt>
      <trkpt lat="31.83526111992866" lon="34.99193651978649">
        <ele>0</ele>
        <time>2026-02-26T22:12:13.252Z</time>
      </trkpt>
      <trkpt lat="31.83526111992866" lon="34.99193651978649">
        <ele>291</ele>
        <time>2026-02-26T22:12:14.252Z</time>
      </trkpt>
      <trkpt lat="31.83528532657408" lon="34.992053657193">
        <ele>291</ele>
        <time>2026-02-26T22:12:15.252Z</time>
      </trkpt>
      <trkpt lat="31.83528532657408" lon="34.992053657193">
        <ele>0</ele>
        <time>2026-02-26T22:12:16.252Z</time>
      </trkpt>
      <trkpt lat="31.83528532657408" lon="34.992053657193">
        <ele>0</ele>
        <time>2026-02-26T22:12:17.252Z</time>
      </trkpt>
      <trkpt lat="31.83528532657408" lon="34.992053657193">
        <ele>0</ele>
        <time>2026-02-26T22:12:18.252Z</time>
      </trkpt>
      <trkpt lat="31.83528532657408" lon="34.992053657193">
        <ele>0</ele>
        <time>2026-02-26T22:12:19.252Z</time>
      </trkpt>
      <trkpt lat="31.83528532657408" lon="34.992053657193">
        <ele>0</ele>
        <time>2026-02-26T22:12:20.252Z</time>
      </trkpt>
      <trkpt lat="31.83528532657408" lon="34.992053657193">
        <ele>0</ele>
        <time>2026-02-26T22:12:21.252Z</time>
      </trkpt>
      <trkpt lat="31.83528532657408" lon="34.992053657193">
        <ele>0</ele>
        <time>2026-02-26T22:12:22.252Z</time>
      </trkpt>
      <trkpt lat="31.83528532657408" lon="34.992053657193">
        <ele>0</ele>
        <time>2026-02-26T22:12:23.252Z</time>
      </trkpt>
      <trkpt lat="31.83528532657408" lon="34.992053657193">
        <ele>0</ele>
        <time>2026-02-26T22:12:24.252Z</time>
      </trkpt>
      <trkpt lat="31.83528532657408" lon="34.992053657193">
        <ele>0</ele>
        <time>2026-02-26T22:12:25.252Z</time>
      </trkpt>
      <trkpt lat="31.83528532657408" lon="34.992053657193">
        <ele>291</ele>
        <time>2026-02-26T22:12:26.252Z</time>
      </trkpt>
      <trkpt lat="31.835306843586125" lon="34.99210114533133">
        <ele>291</ele>
        <time>2026-02-26T22:12:27.252Z</time>
      </trkpt>
      <trkpt lat="31.835306843586125" lon="34.99210114533133">
        <ele>0</ele>
        <time>2026-02-26T22:12:28.252Z</time>
      </trkpt>
      <trkpt lat="31.835306843586125" lon="34.99210114533133">
        <ele>0</ele>
        <time>2026-02-26T22:12:29.252Z</time>
      </trkpt>
      <trkpt lat="31.835306843586125" lon="34.99210114533133">
        <ele>0</ele>
        <time>2026-02-26T22:12:30.252Z</time>
      </trkpt>
      <trkpt lat="31.835306843586125" lon="34.99210114533133">
        <ele>0</ele>
        <time>2026-02-26T22:12:31.252Z</time>
      </trkpt>
      <trkpt lat="31.835306843586125" lon="34.99210114533133">
        <ele>0</ele>
        <time>2026-02-26T22:12:32.252Z</time>
      </trkpt>
      <trkpt lat="31.835306843586125" lon="34.99210114533133">
        <ele>0</ele>
        <time>2026-02-26T22:12:33.252Z</time>
      </trkpt>
      <trkpt lat="31.835306843586125" lon="34.99210114533133">
        <ele>0</ele>
        <time>2026-02-26T22:12:34.252Z</time>
      </trkpt>
      <trkpt lat="31.835306843586125" lon="34.99210114533133">
        <ele>0</ele>
        <time>2026-02-26T22:12:35.252Z</time>
      </trkpt>
      <trkpt lat="31.835306843586125" lon="34.99210114533133">
        <ele>0</ele>
        <time>2026-02-26T22:12:36.252Z</time>
      </trkpt>
      <trkpt lat="31.835306843586125" lon="34.99210114533133">
        <ele>0</ele>
        <time>2026-02-26T22:12:37.252Z</time>
      </trkpt>
      <trkpt lat="31.835306843586125" lon="34.99210114533133">
        <ele>291</ele>
        <time>2026-02-26T22:12:38.252Z</time>
      </trkpt>
      <trkpt lat="31.835417118195878" lon="34.992227780366306">
        <ele>291</ele>
        <time>2026-02-26T22:12:39.252Z</time>
      </trkpt>
      <trkpt lat="31.835417118195878" lon="34.992227780366306">
        <ele>0</ele>
        <time>2026-02-26T22:12:40.252Z</time>
      </trkpt>
      <trkpt lat="31.835417118195878" lon="34.992227780366306">
        <ele>0</ele>
        <time>2026-02-26T22:12:41.252Z</time>
      </trkpt>
      <trkpt lat="31.835417118195878" lon="34.992227780366306">
        <ele>0</ele>
        <time>2026-02-26T22:12:42.252Z</time>
      </trkpt>
      <trkpt lat="31.835417118195878" lon="34.992227780366306">
        <ele>0</ele>
        <time>2026-02-26T22:12:43.252Z</time>
      </trkpt>
      <trkpt lat="31.835417118195878" lon="34.992227780366306">
        <ele>0</ele>
        <time>2026-02-26T22:12:44.252Z</time>
      </trkpt>
      <trkpt lat="31.835417118195878" lon="34.992227780366306">
        <ele>0</ele>
        <time>2026-02-26T22:12:45.252Z</time>
      </trkpt>
      <trkpt lat="31.835417118195878" lon="34.992227780366306">
        <ele>0</ele>
        <time>2026-02-26T22:12:46.252Z</time>
      </trkpt>
      <trkpt lat="31.835417118195878" lon="34.992227780366306">
        <ele>0</ele>
        <time>2026-02-26T22:12:47.252Z</time>
      </trkpt>
      <trkpt lat="31.835417118195878" lon="34.992227780366306">
        <ele>0</ele>
        <time>2026-02-26T22:12:48.252Z</time>
      </trkpt>
      <trkpt lat="31.835417118195878" lon="34.992227780366306">
        <ele>0</ele>
        <time>2026-02-26T22:12:49.252Z</time>
      </trkpt>
      <trkpt lat="31.835417118195878" lon="34.992227780366306">
        <ele>291</ele>
        <time>2026-02-26T22:12:50.252Z</time>
      </trkpt>
      <trkpt lat="31.835570426580006" lon="34.99230692726198">
        <ele>291</ele>
        <time>2026-02-26T22:12:51.252Z</time>
      </trkpt>
      <trkpt lat="31.835570426580006" lon="34.99230692726198">
        <ele>0</ele>
        <time>2026-02-26T22:12:52.252Z</time>
      </trkpt>
      <trkpt lat="31.835570426580006" lon="34.99230692726198">
        <ele>0</ele>
        <time>2026-02-26T22:12:53.252Z</time>
      </trkpt>
      <trkpt lat="31.835570426580006" lon="34.99230692726198">
        <ele>0</ele>
        <time>2026-02-26T22:12:54.252Z</time>
      </trkpt>
      <trkpt lat="31.835570426580006" lon="34.99230692726198">
        <ele>0</ele>
        <time>2026-02-26T22:12:55.252Z</time>
      </trkpt>
      <trkpt lat="31.835570426580006" lon="34.99230692726198">
        <ele>0</ele>
        <time>2026-02-26T22:12:56.252Z</time>
      </trkpt>
      <trkpt lat="31.835570426580006" lon="34.99230692726198">
        <ele>0</ele>
        <time>2026-02-26T22:12:57.252Z</time>
      </trkpt>
      <trkpt lat="31.835570426580006" lon="34.99230692726198">
        <ele>0</ele>
        <time>2026-02-26T22:12:58.252Z</time>
      </trkpt>
      <trkpt lat="31.835570426580006" lon="34.99230692726198">
        <ele>0</ele>
        <time>2026-02-26T22:12:59.252Z</time>
      </trkpt>
      <trkpt lat="31.835570426580006" lon="34.99230692726198">
        <ele>0</ele>
        <time>2026-02-26T22:13:00.252Z</time>
      </trkpt>
      <trkpt lat="31.835570426580006" lon="34.99230692726198">
        <ele>0</ele>
        <time>2026-02-26T22:13:01.252Z</time>
      </trkpt>
      <trkpt lat="31.835570426580006" lon="34.99230692726198">
        <ele>291</ele>
        <time>2026-02-26T22:13:02.252Z</time>
      </trkpt>
      <trkpt lat="31.835653804717012" lon="34.99236707890367">
        <ele>291</ele>
        <time>2026-02-26T22:13:03.252Z</time>
      </trkpt>
      <trkpt lat="31.835653804717012" lon="34.99236707890367">
        <ele>0</ele>
        <time>2026-02-26T22:13:04.252Z</time>
      </trkpt>
      <trkpt lat="31.835653804717012" lon="34.99236707890367">
        <ele>0</ele>
        <time>2026-02-26T22:13:05.252Z</time>
      </trkpt>
      <trkpt lat="31.835653804717012" lon="34.99236707890367">
        <ele>0</ele>
        <time>2026-02-26T22:13:06.252Z</time>
      </trkpt>
      <trkpt lat="31.835653804717012" lon="34.99236707890367">
        <ele>0</ele>
        <time>2026-02-26T22:13:07.252Z</time>
      </trkpt>
      <trkpt lat="31.835653804717012" lon="34.99236707890367">
        <ele>0</ele>
        <time>2026-02-26T22:13:08.252Z</time>
      </trkpt>
      <trkpt lat="31.835653804717012" lon="34.99236707890367">
        <ele>0</ele>
        <time>2026-02-26T22:13:09.252Z</time>
      </trkpt>
      <trkpt lat="31.835653804717012" lon="34.99236707890367">
        <ele>0</ele>
        <time>2026-02-26T22:13:10.252Z</time>
      </trkpt>
      <trkpt lat="31.835653804717012" lon="34.99236707890367">
        <ele>0</ele>
        <time>2026-02-26T22:13:11.252Z</time>
      </trkpt>
      <trkpt lat="31.835653804717012" lon="34.99236707890367">
        <ele>0</ele>
        <time>2026-02-26T22:13:12.252Z</time>
      </trkpt>
      <trkpt lat="31.835653804717012" lon="34.99236707890367">
        <ele>0</ele>
        <time>2026-02-26T22:13:13.252Z</time>
      </trkpt>
      <trkpt lat="31.835653804717012" lon="34.99236707890367">
        <ele>291</ele>
        <time>2026-02-26T22:13:14.252Z</time>
      </trkpt>
      <trkpt lat="31.835688769719454" lon="34.99245888930355">
        <ele>292</ele>
        <time>2026-02-26T22:13:15.252Z</time>
      </trkpt>
      <trkpt lat="31.835688769719454" lon="34.99245888930355">
        <ele>0</ele>
        <time>2026-02-26T22:13:16.252Z</time>
      </trkpt>
      <trkpt lat="31.835688769719454" lon="34.99245888930355">
        <ele>0</ele>
        <time>2026-02-26T22:13:17.252Z</time>
      </trkpt>
      <trkpt lat="31.835688769719454" lon="34.99245888930355">
        <ele>0</ele>
        <time>2026-02-26T22:13:18.252Z</time>
      </trkpt>
      <trkpt lat="31.835688769719454" lon="34.99245888930355">
        <ele>0</ele>
        <time>2026-02-26T22:13:19.252Z</time>
      </trkpt>
      <trkpt lat="31.835688769719454" lon="34.99245888930355">
        <ele>0</ele>
        <time>2026-02-26T22:13:20.252Z</time>
      </trkpt>
      <trkpt lat="31.835688769719454" lon="34.99245888930355">
        <ele>0</ele>
        <time>2026-02-26T22:13:21.252Z</time>
      </trkpt>
      <trkpt lat="31.835688769719454" lon="34.99245888930355">
        <ele>0</ele>
        <time>2026-02-26T22:13:22.252Z</time>
      </trkpt>
      <trkpt lat="31.835688769719454" lon="34.99245888930355">
        <ele>0</ele>
        <time>2026-02-26T22:13:23.252Z</time>
      </trkpt>
      <trkpt lat="31.835688769719454" lon="34.99245888930355">
        <ele>0</ele>
        <time>2026-02-26T22:13:24.252Z</time>
      </trkpt>
      <trkpt lat="31.835688769719454" lon="34.99245888930355">
        <ele>0</ele>
        <time>2026-02-26T22:13:25.252Z</time>
      </trkpt>
      <trkpt lat="31.835688769719454" lon="34.99245888930355">
        <ele>292</ele>
        <time>2026-02-26T22:13:26.252Z</time>
      </trkpt>
      <trkpt lat="31.835656494333037" lon="34.992588690214404">
        <ele>293</ele>
        <time>2026-02-26T22:13:27.252Z</time>
      </trkpt>
      <trkpt lat="31.835656494333037" lon="34.992588690214404">
        <ele>0</ele>
        <time>2026-02-26T22:13:28.252Z</time>
      </trkpt>
      <trkpt lat="31.835656494333037" lon="34.992588690214404">
        <ele>0</ele>
        <time>2026-02-26T22:13:29.252Z</time>
      </trkpt>
      <trkpt lat="31.835656494333037" lon="34.992588690214404">
        <ele>0</ele>
        <time>2026-02-26T22:13:30.252Z</time>
      </trkpt>
      <trkpt lat="31.835656494333037" lon="34.992588690214404">
        <ele>0</ele>
        <time>2026-02-26T22:13:31.252Z</time>
      </trkpt>
      <trkpt lat="31.835656494333037" lon="34.992588690214404">
        <ele>0</ele>
        <time>2026-02-26T22:13:32.252Z</time>
      </trkpt>
      <trkpt lat="31.835656494333037" lon="34.992588690214404">
        <ele>0</ele>
        <time>2026-02-26T22:13:33.252Z</time>
      </trkpt>
      <trkpt lat="31.835656494333037" lon="34.992588690214404">
        <ele>0</ele>
        <time>2026-02-26T22:13:34.252Z</time>
      </trkpt>
      <trkpt lat="31.835656494333037" lon="34.992588690214404">
        <ele>0</ele>
        <time>2026-02-26T22:13:35.252Z</time>
      </trkpt>
      <trkpt lat="31.835656494333037" lon="34.992588690214404">
        <ele>0</ele>
        <time>2026-02-26T22:13:36.252Z</time>
      </trkpt>
      <trkpt lat="31.835656494333037" lon="34.992588690214404">
        <ele>0</ele>
        <time>2026-02-26T22:13:37.252Z</time>
      </trkpt>
      <trkpt lat="31.835656494333037" lon="34.992588690214404">
        <ele>293</ele>
        <time>2026-02-26T22:13:38.252Z</time>
      </trkpt>
      <trkpt lat="31.835524703053125" lon="34.992708993496734">
        <ele>293</ele>
        <time>2026-02-26T22:13:39.252Z</time>
      </trkpt>
      <trkpt lat="31.835524703053125" lon="34.992708993496734">
        <ele>0</ele>
        <time>2026-02-26T22:13:40.252Z</time>
      </trkpt>
      <trkpt lat="31.835524703053125" lon="34.992708993496734">
        <ele>0</ele>
        <time>2026-02-26T22:13:41.252Z</time>
      </trkpt>
      <trkpt lat="31.835524703053125" lon="34.992708993496734">
        <ele>0</ele>
        <time>2026-02-26T22:13:42.252Z</time>
      </trkpt>
      <trkpt lat="31.835524703053125" lon="34.992708993496734">
        <ele>0</ele>
        <time>2026-02-26T22:13:43.252Z</time>
      </trkpt>
      <trkpt lat="31.835524703053125" lon="34.992708993496734">
        <ele>0</ele>
        <time>2026-02-26T22:13:44.252Z</time>
      </trkpt>
      <trkpt lat="31.835524703053125" lon="34.992708993496734">
        <ele>0</ele>
        <time>2026-02-26T22:13:45.252Z</time>
      </trkpt>
      <trkpt lat="31.835524703053125" lon="34.992708993496734">
        <ele>0</ele>
        <time>2026-02-26T22:13:46.252Z</time>
      </trkpt>
      <trkpt lat="31.835524703053125" lon="34.992708993496734">
        <ele>0</ele>
        <time>2026-02-26T22:13:47.252Z</time>
      </trkpt>
      <trkpt lat="31.835524703053125" lon="34.992708993496734">
        <ele>0</ele>
        <time>2026-02-26T22:13:48.252Z</time>
      </trkpt>
      <trkpt lat="31.835524703053125" lon="34.992708993496734">
        <ele>0</ele>
        <time>2026-02-26T22:13:49.252Z</time>
      </trkpt>
      <trkpt lat="31.835524703053125" lon="34.992708993496734">
        <ele>293</ele>
        <time>2026-02-26T22:13:50.252Z</time>
      </trkpt>
      <trkpt lat="31.83545477290987" lon="34.99286412141407">
        <ele>293</ele>
        <time>2026-02-26T22:13:51.252Z</time>
      </trkpt>
      <trkpt lat="31.83545477290987" lon="34.99286412141407">
        <ele>0</ele>
        <time>2026-02-26T22:13:52.252Z</time>
      </trkpt>
      <trkpt lat="31.83545477290987" lon="34.99286412141407">
        <ele>0</ele>
        <time>2026-02-26T22:13:53.252Z</time>
      </trkpt>
      <trkpt lat="31.83545477290987" lon="34.99286412141407">
        <ele>0</ele>
        <time>2026-02-26T22:13:54.252Z</time>
      </trkpt>
      <trkpt lat="31.83545477290987" lon="34.99286412141407">
        <ele>0</ele>
        <time>2026-02-26T22:13:55.252Z</time>
      </trkpt>
      <trkpt lat="31.83545477290987" lon="34.99286412141407">
        <ele>0</ele>
        <time>2026-02-26T22:13:56.252Z</time>
      </trkpt>
      <trkpt lat="31.83545477290987" lon="34.99286412141407">
        <ele>0</ele>
        <time>2026-02-26T22:13:57.252Z</time>
      </trkpt>
      <trkpt lat="31.83545477290987" lon="34.99286412141407">
        <ele>0</ele>
        <time>2026-02-26T22:13:58.252Z</time>
      </trkpt>
      <trkpt lat="31.83545477290987" lon="34.99286412141407">
        <ele>0</ele>
        <time>2026-02-26T22:13:59.252Z</time>
      </trkpt>
      <trkpt lat="31.83545477290987" lon="34.99286412141407">
        <ele>0</ele>
        <time>2026-02-26T22:14:00.252Z</time>
      </trkpt>
      <trkpt lat="31.83545477290987" lon="34.99286412141407">
        <ele>0</ele>
        <time>2026-02-26T22:14:01.252Z</time>
      </trkpt>
      <trkpt lat="31.83545477290987" lon="34.99286412141407">
        <ele>293</ele>
        <time>2026-02-26T22:14:02.252Z</time>
      </trkpt>
      <trkpt lat="31.835382153089654" lon="34.993047742213946">
        <ele>293</ele>
        <time>2026-02-26T22:14:03.252Z</time>
      </trkpt>
      <trkpt lat="31.835382153089654" lon="34.993047742213946">
        <ele>0</ele>
        <time>2026-02-26T22:14:04.252Z</time>
      </trkpt>
      <trkpt lat="31.835382153089654" lon="34.993047742213946">
        <ele>0</ele>
        <time>2026-02-26T22:14:05.252Z</time>
      </trkpt>
      <trkpt lat="31.835382153089654" lon="34.993047742213946">
        <ele>0</ele>
        <time>2026-02-26T22:14:06.252Z</time>
      </trkpt>
      <trkpt lat="31.835382153089654" lon="34.993047742213946">
        <ele>0</ele>
        <time>2026-02-26T22:14:07.252Z</time>
      </trkpt>
      <trkpt lat="31.835382153089654" lon="34.993047742213946">
        <ele>0</ele>
        <time>2026-02-26T22:14:08.252Z</time>
      </trkpt>
      <trkpt lat="31.835382153089654" lon="34.993047742213946">
        <ele>0</ele>
        <time>2026-02-26T22:14:09.252Z</time>
      </trkpt>
      <trkpt lat="31.835382153089654" lon="34.993047742213946">
        <ele>0</ele>
        <time>2026-02-26T22:14:10.252Z</time>
      </trkpt>
      <trkpt lat="31.835382153089654" lon="34.993047742213946">
        <ele>0</ele>
        <time>2026-02-26T22:14:11.252Z</time>
      </trkpt>
      <trkpt lat="31.835382153089654" lon="34.993047742213946">
        <ele>0</ele>
        <time>2026-02-26T22:14:12.252Z</time>
      </trkpt>
      <trkpt lat="31.835382153089654" lon="34.993047742213946">
        <ele>0</ele>
        <time>2026-02-26T22:14:13.252Z</time>
      </trkpt>
      <trkpt lat="31.835382153089654" lon="34.993047742213946">
        <ele>293</ele>
        <time>2026-02-26T22:14:14.252Z</time>
      </trkpt>
      <trkpt lat="31.835333739844117" lon="34.99328834877963">
        <ele>295.5</ele>
        <time>2026-02-26T22:14:15.252Z</time>
      </trkpt>
      <trkpt lat="31.835333739844117" lon="34.99328834877963">
        <ele>0</ele>
        <time>2026-02-26T22:14:16.252Z</time>
      </trkpt>
      <trkpt lat="31.835333739844117" lon="34.99328834877963">
        <ele>0</ele>
        <time>2026-02-26T22:14:17.252Z</time>
      </trkpt>
      <trkpt lat="31.835333739844117" lon="34.99328834877963">
        <ele>0</ele>
        <time>2026-02-26T22:14:18.252Z</time>
      </trkpt>
      <trkpt lat="31.835333739844117" lon="34.99328834877963">
        <ele>0</ele>
        <time>2026-02-26T22:14:19.252Z</time>
      </trkpt>
      <trkpt lat="31.835333739844117" lon="34.99328834877963">
        <ele>0</ele>
        <time>2026-02-26T22:14:20.252Z</time>
      </trkpt>
      <trkpt lat="31.835333739844117" lon="34.99328834877963">
        <ele>0</ele>
        <time>2026-02-26T22:14:21.252Z</time>
      </trkpt>
      <trkpt lat="31.835333739844117" lon="34.99328834877963">
        <ele>0</ele>
        <time>2026-02-26T22:14:22.252Z</time>
      </trkpt>
      <trkpt lat="31.835333739844117" lon="34.99328834877963">
        <ele>0</ele>
        <time>2026-02-26T22:14:23.252Z</time>
      </trkpt>
      <trkpt lat="31.835333739844117" lon="34.99328834877963">
        <ele>0</ele>
        <time>2026-02-26T22:14:24.252Z</time>
      </trkpt>
      <trkpt lat="31.835333739844117" lon="34.99328834877963">
        <ele>0</ele>
        <time>2026-02-26T22:14:25.252Z</time>
      </trkpt>
      <trkpt lat="31.835333739844117" lon="34.99328834877963">
        <ele>295.5</ele>
        <time>2026-02-26T22:14:26.252Z</time>
      </trkpt>
      <trkpt lat="31.835188499956004" lon="34.99373157140013">
        <ele>298</ele>
        <time>2026-02-26T22:14:27.252Z</time>
      </trkpt>
      <trkpt lat="31.835188499956004" lon="34.99373157140013">
        <ele>0</ele>
        <time>2026-02-26T22:14:28.252Z</time>
      </trkpt>
      <trkpt lat="31.835188499956004" lon="34.99373157140013">
        <ele>0</ele>
        <time>2026-02-26T22:14:29.252Z</time>
      </trkpt>
      <trkpt lat="31.835188499956004" lon="34.99373157140013">
        <ele>0</ele>
        <time>2026-02-26T22:14:30.252Z</time>
      </trkpt>
      <trkpt lat="31.835188499956004" lon="34.99373157140013">
        <ele>0</ele>
        <time>2026-02-26T22:14:31.252Z</time>
      </trkpt>
      <trkpt lat="31.835188499956004" lon="34.99373157140013">
        <ele>0</ele>
        <time>2026-02-26T22:14:32.252Z</time>
      </trkpt>
      <trkpt lat="31.835188499956004" lon="34.99373157140013">
        <ele>0</ele>
        <time>2026-02-26T22:14:33.252Z</time>
      </trkpt>
      <trkpt lat="31.835188499956004" lon="34.99373157140013">
        <ele>0</ele>
        <time>2026-02-26T22:14:34.252Z</time>
      </trkpt>
      <trkpt lat="31.835188499956004" lon="34.99373157140013">
        <ele>0</ele>
        <time>2026-02-26T22:14:35.252Z</time>
      </trkpt>
      <trkpt lat="31.835188499956004" lon="34.99373157140013">
        <ele>0</ele>
        <time>2026-02-26T22:14:36.252Z</time>
      </trkpt>
      <trkpt lat="31.835188499956004" lon="34.99373157140013">
        <ele>0</ele>
        <time>2026-02-26T22:14:37.252Z</time>
      </trkpt>
      <trkpt lat="31.835188499956004" lon="34.99373157140013">
        <ele>298</ele>
        <time>2026-02-26T22:14:38.252Z</time>
      </trkpt>
      <trkpt lat="31.835145465871733" lon="34.99393418745589">
        <ele>302.5</ele>
        <time>2026-02-26T22:14:39.252Z</time>
      </trkpt>
      <trkpt lat="31.835145465871733" lon="34.99393418745589">
        <ele>0</ele>
        <time>2026-02-26T22:14:40.252Z</time>
      </trkpt>
      <trkpt lat="31.835145465871733" lon="34.99393418745589">
        <ele>0</ele>
        <time>2026-02-26T22:14:41.252Z</time>
      </trkpt>
      <trkpt lat="31.835145465871733" lon="34.99393418745589">
        <ele>0</ele>
        <time>2026-02-26T22:14:42.252Z</time>
      </trkpt>
      <trkpt lat="31.835145465871733" lon="34.99393418745589">
        <ele>0</ele>
        <time>2026-02-26T22:14:43.252Z</time>
      </trkpt>
      <trkpt lat="31.835145465871733" lon="34.99393418745589">
        <ele>0</ele>
        <time>2026-02-26T22:14:44.252Z</time>
      </trkpt>
      <trkpt lat="31.835145465871733" lon="34.99393418745589">
        <ele>0</ele>
        <time>2026-02-26T22:14:45.252Z</time>
      </trkpt>
      <trkpt lat="31.835145465871733" lon="34.99393418745589">
        <ele>0</ele>
        <time>2026-02-26T22:14:46.252Z</time>
      </trkpt>
      <trkpt lat="31.835145465871733" lon="34.99393418745589">
        <ele>0</ele>
        <time>2026-02-26T22:14:47.252Z</time>
      </trkpt>
      <trkpt lat="31.835145465871733" lon="34.99393418745589">
        <ele>0</ele>
        <time>2026-02-26T22:14:48.252Z</time>
      </trkpt>
      <trkpt lat="31.835145465871733" lon="34.99393418745589">
        <ele>0</ele>
        <time>2026-02-26T22:14:49.252Z</time>
      </trkpt>
      <trkpt lat="31.835145465871733" lon="34.99393418745589">
        <ele>302.5</ele>
        <time>2026-02-26T22:14:50.252Z</time>
      </trkpt>
      <trkpt lat="31.835075884639068" lon="34.99412533100812">
        <ele>302.5</ele>
        <time>2026-02-26T22:14:51.252Z</time>
      </trkpt>
      <trkpt lat="31.835075884639068" lon="34.99412533100812">
        <ele>0</ele>
        <time>2026-02-26T22:14:52.252Z</time>
      </trkpt>
      <trkpt lat="31.835075884639068" lon="34.99412533100812">
        <ele>0</ele>
        <time>2026-02-26T22:14:53.252Z</time>
      </trkpt>
      <trkpt lat="31.835075884639068" lon="34.99412533100812">
        <ele>0</ele>
        <time>2026-02-26T22:14:54.252Z</time>
      </trkpt>
      <trkpt lat="31.835075884639068" lon="34.99412533100812">
        <ele>0</ele>
        <time>2026-02-26T22:14:55.252Z</time>
      </trkpt>
      <trkpt lat="31.835075884639068" lon="34.99412533100812">
        <ele>0</ele>
        <time>2026-02-26T22:14:56.252Z</time>
      </trkpt>
      <trkpt lat="31.835075884639068" lon="34.99412533100812">
        <ele>0</ele>
        <time>2026-02-26T22:14:57.252Z</time>
      </trkpt>
      <trkpt lat="31.835075884639068" lon="34.99412533100812">
        <ele>0</ele>
        <time>2026-02-26T22:14:58.252Z</time>
      </trkpt>
      <trkpt lat="31.835075884639068" lon="34.99412533100812">
        <ele>0</ele>
        <time>2026-02-26T22:14:59.252Z</time>
      </trkpt>
      <trkpt lat="31.835075884639068" lon="34.99412533100812">
        <ele>0</ele>
        <time>2026-02-26T22:15:00.252Z</time>
      </trkpt>
      <trkpt lat="31.835075884639068" lon="34.99412533100812">
        <ele>0</ele>
        <time>2026-02-26T22:15:01.252Z</time>
      </trkpt>
      <trkpt lat="31.835075884639068" lon="34.99412533100812">
        <ele>302.5</ele>
        <time>2026-02-26T22:15:02.252Z</time>
      </trkpt>
      <trkpt lat="31.835014023060225" lon="34.994293122428815">
        <ele>307</ele>
        <time>2026-02-26T22:15:03.252Z</time>
      </trkpt>
      <trkpt lat="31.835014023060225" lon="34.994293122428815">
        <ele>0</ele>
        <time>2026-02-26T22:15:04.252Z</time>
      </trkpt>
      <trkpt lat="31.835014023060225" lon="34.994293122428815">
        <ele>0</ele>
        <time>2026-02-26T22:15:05.252Z</time>
      </trkpt>
      <trkpt lat="31.835014023060225" lon="34.994293122428815">
        <ele>0</ele>
        <time>2026-02-26T22:15:06.252Z</time>
      </trkpt>
      <trkpt lat="31.835014023060225" lon="34.994293122428815">
        <ele>0</ele>
        <time>2026-02-26T22:15:07.252Z</time>
      </trkpt>
      <trkpt lat="31.835014023060225" lon="34.994293122428815">
        <ele>0</ele>
        <time>2026-02-26T22:15:08.252Z</time>
      </trkpt>
      <trkpt lat="31.835014023060225" lon="34.994293122428815">
        <ele>0</ele>
        <time>2026-02-26T22:15:09.252Z</time>
      </trkpt>
      <trkpt lat="31.835014023060225" lon="34.994293122428815">
        <ele>0</ele>
        <time>2026-02-26T22:15:10.252Z</time>
      </trkpt>
      <trkpt lat="31.835014023060225" lon="34.994293122428815">
        <ele>0</ele>
        <time>2026-02-26T22:15:11.252Z</time>
      </trkpt>
      <trkpt lat="31.835014023060225" lon="34.994293122428815">
        <ele>0</ele>
        <time>2026-02-26T22:15:12.252Z</time>
      </trkpt>
      <trkpt lat="31.835014023060225" lon="34.994293122428815">
        <ele>0</ele>
        <time>2026-02-26T22:15:13.252Z</time>
      </trkpt>
      <trkpt lat="31.835014023060225" lon="34.994293122428815">
        <ele>307</ele>
        <time>2026-02-26T22:15:14.252Z</time>
      </trkpt>
      <trkpt lat="31.834960230349125" lon="34.994419757463874">
        <ele>307</ele>
        <time>2026-02-26T22:15:15.252Z</time>
      </trkpt>
      <trkpt lat="31.834960230349125" lon="34.994419757463874">
        <ele>0</ele>
        <time>2026-02-26T22:15:16.252Z</time>
      </trkpt>
      <trkpt lat="31.834960230349125" lon="34.994419757463874">
        <ele>0</ele>
        <time>2026-02-26T22:15:17.252Z</time>
      </trkpt>
      <trkpt lat="31.834960230349125" lon="34.994419757463874">
        <ele>0</ele>
        <time>2026-02-26T22:15:18.252Z</time>
      </trkpt>
      <trkpt lat="31.834960230349125" lon="34.994419757463874">
        <ele>0</ele>
        <time>2026-02-26T22:15:19.252Z</time>
      </trkpt>
      <trkpt lat="31.834960230349125" lon="34.994419757463874">
        <ele>0</ele>
        <time>2026-02-26T22:15:20.252Z</time>
      </trkpt>
      <trkpt lat="31.834960230349125" lon="34.994419757463874">
        <ele>0</ele>
        <time>2026-02-26T22:15:21.252Z</time>
      </trkpt>
      <trkpt lat="31.834960230349125" lon="34.994419757463874">
        <ele>0</ele>
        <time>2026-02-26T22:15:22.252Z</time>
      </trkpt>
      <trkpt lat="31.834960230349125" lon="34.994419757463874">
        <ele>0</ele>
        <time>2026-02-26T22:15:23.252Z</time>
      </trkpt>
      <trkpt lat="31.834960230349125" lon="34.994419757463874">
        <ele>0</ele>
        <time>2026-02-26T22:15:24.252Z</time>
      </trkpt>
      <trkpt lat="31.834960230349125" lon="34.994419757463874">
        <ele>0</ele>
        <time>2026-02-26T22:15:25.252Z</time>
      </trkpt>
      <trkpt lat="31.834960230349125" lon="34.994419757463874">
        <ele>307</ele>
        <time>2026-02-26T22:15:26.252Z</time>
      </trkpt>
      <trkpt lat="31.83494678216671" lon="34.99455272424947">
        <ele>307</ele>
        <time>2026-02-26T22:15:27.252Z</time>
      </trkpt>
      <trkpt lat="31.83494678216671" lon="34.99455272424947">
        <ele>0</ele>
        <time>2026-02-26T22:15:28.252Z</time>
      </trkpt>
      <trkpt lat="31.83494678216671" lon="34.99455272424947">
        <ele>0</ele>
        <time>2026-02-26T22:15:29.252Z</time>
      </trkpt>
      <trkpt lat="31.83494678216671" lon="34.99455272424947">
        <ele>0</ele>
        <time>2026-02-26T22:15:30.252Z</time>
      </trkpt>
      <trkpt lat="31.83494678216671" lon="34.99455272424947">
        <ele>0</ele>
        <time>2026-02-26T22:15:31.252Z</time>
      </trkpt>
      <trkpt lat="31.83494678216671" lon="34.99455272424947">
        <ele>0</ele>
        <time>2026-02-26T22:15:32.252Z</time>
      </trkpt>
      <trkpt lat="31.83494678216671" lon="34.99455272424947">
        <ele>0</ele>
        <time>2026-02-26T22:15:33.252Z</time>
      </trkpt>
      <trkpt lat="31.83494678216671" lon="34.99455272424947">
        <ele>0</ele>
        <time>2026-02-26T22:15:34.252Z</time>
      </trkpt>
      <trkpt lat="31.83494678216671" lon="34.99455272424947">
        <ele>0</ele>
        <time>2026-02-26T22:15:35.252Z</time>
      </trkpt>
      <trkpt lat="31.83494678216671" lon="34.99455272424947">
        <ele>0</ele>
        <time>2026-02-26T22:15:36.252Z</time>
      </trkpt>
      <trkpt lat="31.83494678216671" lon="34.99455272424947">
        <ele>0</ele>
        <time>2026-02-26T22:15:37.252Z</time>
      </trkpt>
      <trkpt lat="31.83494678216671" lon="34.99455272424947">
        <ele>307</ele>
        <time>2026-02-26T22:15:38.252Z</time>
      </trkpt>
      <trkpt lat="31.835019402329536" lon="34.99489780471839">
        <ele>307</ele>
        <time>2026-02-26T22:15:39.252Z</time>
      </trkpt>
      <trkpt lat="31.835019402329536" lon="34.99489780471839">
        <ele>0</ele>
        <time>2026-02-26T22:15:40.252Z</time>
      </trkpt>
      <trkpt lat="31.835019402329536" lon="34.99489780471839">
        <ele>0</ele>
        <time>2026-02-26T22:15:41.252Z</time>
      </trkpt>
      <trkpt lat="31.835019402329536" lon="34.99489780471839">
        <ele>0</ele>
        <time>2026-02-26T22:15:42.252Z</time>
      </trkpt>
      <trkpt lat="31.835019402329536" lon="34.99489780471839">
        <ele>0</ele>
        <time>2026-02-26T22:15:43.252Z</time>
      </trkpt>
      <trkpt lat="31.835019402329536" lon="34.99489780471839">
        <ele>0</ele>
        <time>2026-02-26T22:15:44.252Z</time>
      </trkpt>
      <trkpt lat="31.835019402329536" lon="34.99489780471839">
        <ele>0</ele>
        <time>2026-02-26T22:15:45.252Z</time>
      </trkpt>
      <trkpt lat="31.835019402329536" lon="34.99489780471839">
        <ele>0</ele>
        <time>2026-02-26T22:15:46.252Z</time>
      </trkpt>
      <trkpt lat="31.835019402329536" lon="34.99489780471839">
        <ele>0</ele>
        <time>2026-02-26T22:15:47.252Z</time>
      </trkpt>
      <trkpt lat="31.835019402329536" lon="34.99489780471839">
        <ele>0</ele>
        <time>2026-02-26T22:15:48.252Z</time>
      </trkpt>
      <trkpt lat="31.835019402329536" lon="34.99489780471839">
        <ele>0</ele>
        <time>2026-02-26T22:15:49.252Z</time>
      </trkpt>
      <trkpt lat="31.835019402329536" lon="34.99489780471839">
        <ele>307</ele>
        <time>2026-02-26T22:15:50.252Z</time>
      </trkpt>
      <trkpt lat="31.835070505373096" lon="34.99509092314568">
        <ele>309</ele>
        <time>2026-02-26T22:15:51.252Z</time>
      </trkpt>
      <trkpt lat="31.835070505373096" lon="34.99509092314568">
        <ele>0</ele>
        <time>2026-02-26T22:15:52.252Z</time>
      </trkpt>
      <trkpt lat="31.835070505373096" lon="34.99509092314568">
        <ele>0</ele>
        <time>2026-02-26T22:15:53.252Z</time>
      </trkpt>
      <trkpt lat="31.835070505373096" lon="34.99509092314568">
        <ele>0</ele>
        <time>2026-02-26T22:15:54.252Z</time>
      </trkpt>
      <trkpt lat="31.835070505373096" lon="34.99509092314568">
        <ele>0</ele>
        <time>2026-02-26T22:15:55.252Z</time>
      </trkpt>
      <trkpt lat="31.835070505373096" lon="34.99509092314568">
        <ele>0</ele>
        <time>2026-02-26T22:15:56.252Z</time>
      </trkpt>
      <trkpt lat="31.835070505373096" lon="34.99509092314568">
        <ele>0</ele>
        <time>2026-02-26T22:15:57.252Z</time>
      </trkpt>
      <trkpt lat="31.835070505373096" lon="34.99509092314568">
        <ele>0</ele>
        <time>2026-02-26T22:15:58.252Z</time>
      </trkpt>
      <trkpt lat="31.835070505373096" lon="34.99509092314568">
        <ele>0</ele>
        <time>2026-02-26T22:15:59.252Z</time>
      </trkpt>
      <trkpt lat="31.835070505373096" lon="34.99509092314568">
        <ele>0</ele>
        <time>2026-02-26T22:16:00.252Z</time>
      </trkpt>
      <trkpt lat="31.835070505373096" lon="34.99509092314568">
        <ele>0</ele>
        <time>2026-02-26T22:16:01.252Z</time>
      </trkpt>
      <trkpt lat="31.835070505373096" lon="34.99509092314568">
        <ele>309</ele>
        <time>2026-02-26T22:16:02.252Z</time>
      </trkpt>
      <trkpt lat="31.83520229730165" lon="34.99570510306373">
        <ele>309</ele>
        <time>2026-02-26T22:16:03.252Z</time>
      </trkpt>
      <trkpt lat="31.83520229730165" lon="34.99570510306373">
        <ele>0</ele>
        <time>2026-02-26T22:16:04.252Z</time>
      </trkpt>
      <trkpt lat="31.83520229730165" lon="34.99570510306373">
        <ele>0</ele>
        <time>2026-02-26T22:16:05.252Z</time>
      </trkpt>
      <trkpt lat="31.83520229730165" lon="34.99570510306373">
        <ele>0</ele>
        <time>2026-02-26T22:16:06.252Z</time>
      </trkpt>
      <trkpt lat="31.83520229730165" lon="34.99570510306373">
        <ele>0</ele>
        <time>2026-02-26T22:16:07.252Z</time>
      </trkpt>
      <trkpt lat="31.83520229730165" lon="34.99570510306373">
        <ele>0</ele>
        <time>2026-02-26T22:16:08.252Z</time>
      </trkpt>
      <trkpt lat="31.83520229730165" lon="34.99570510306373">
        <ele>0</ele>
        <time>2026-02-26T22:16:09.252Z</time>
      </trkpt>
      <trkpt lat="31.83520229730165" lon="34.99570510306373">
        <ele>0</ele>
        <time>2026-02-26T22:16:10.252Z</time>
      </trkpt>
      <trkpt lat="31.83520229730165" lon="34.99570510306373">
        <ele>0</ele>
        <time>2026-02-26T22:16:11.252Z</time>
      </trkpt>
      <trkpt lat="31.83520229730165" lon="34.99570510306373">
        <ele>0</ele>
        <time>2026-02-26T22:16:12.252Z</time>
      </trkpt>
      <trkpt lat="31.83520229730165" lon="34.99570510306373">
        <ele>0</ele>
        <time>2026-02-26T22:16:13.252Z</time>
      </trkpt>
      <trkpt lat="31.83520229730165" lon="34.99570510306373">
        <ele>309</ele>
        <time>2026-02-26T22:16:14.252Z</time>
      </trkpt>
      <trkpt lat="31.83520767655996" lon="34.99596470488433">
        <ele>309</ele>
        <time>2026-02-26T22:16:15.252Z</time>
      </trkpt>
      <trkpt lat="31.83520767655996" lon="34.99596470488433">
        <ele>0</ele>
        <time>2026-02-26T22:16:16.252Z</time>
      </trkpt>
      <trkpt lat="31.83520767655996" lon="34.99596470488433">
        <ele>0</ele>
        <time>2026-02-26T22:16:17.252Z</time>
      </trkpt>
      <trkpt lat="31.83520767655996" lon="34.99596470488433">
        <ele>0</ele>
        <time>2026-02-26T22:16:18.252Z</time>
      </trkpt>
      <trkpt lat="31.83520767655996" lon="34.99596470488433">
        <ele>0</ele>
        <time>2026-02-26T22:16:19.252Z</time>
      </trkpt>
      <trkpt lat="31.83520767655996" lon="34.99596470488433">
        <ele>0</ele>
        <time>2026-02-26T22:16:20.252Z</time>
      </trkpt>
      <trkpt lat="31.83520767655996" lon="34.99596470488433">
        <ele>0</ele>
        <time>2026-02-26T22:16:21.252Z</time>
      </trkpt>
      <trkpt lat="31.83520767655996" lon="34.99596470488433">
        <ele>0</ele>
        <time>2026-02-26T22:16:22.252Z</time>
      </trkpt>
      <trkpt lat="31.83520767655996" lon="34.99596470488433">
        <ele>0</ele>
        <time>2026-02-26T22:16:23.252Z</time>
      </trkpt>
      <trkpt lat="31.83520767655996" lon="34.99596470488433">
        <ele>0</ele>
        <time>2026-02-26T22:16:24.252Z</time>
      </trkpt>
      <trkpt lat="31.83520767655996" lon="34.99596470488433">
        <ele>0</ele>
        <time>2026-02-26T22:16:25.252Z</time>
      </trkpt>
      <trkpt lat="31.83520767655996" lon="34.99596470488433">
        <ele>309</ele>
        <time>2026-02-26T22:16:26.252Z</time>
      </trkpt>
      <trkpt lat="31.835196918043025" lon="34.996195813821515">
        <ele>307</ele>
        <time>2026-02-26T22:16:27.252Z</time>
      </trkpt>
      <trkpt lat="31.835196918043025" lon="34.996195813821515">
        <ele>0</ele>
        <time>2026-02-26T22:16:28.252Z</time>
      </trkpt>
      <trkpt lat="31.835196918043025" lon="34.996195813821515">
        <ele>0</ele>
        <time>2026-02-26T22:16:29.252Z</time>
      </trkpt>
      <trkpt lat="31.835196918043025" lon="34.996195813821515">
        <ele>0</ele>
        <time>2026-02-26T22:16:30.252Z</time>
      </trkpt>
      <trkpt lat="31.835196918043025" lon="34.996195813821515">
        <ele>0</ele>
        <time>2026-02-26T22:16:31.252Z</time>
      </trkpt>
      <trkpt lat="31.835196918043025" lon="34.996195813821515">
        <ele>0</ele>
        <time>2026-02-26T22:16:32.252Z</time>
      </trkpt>
      <trkpt lat="31.835196918043025" lon="34.996195813821515">
        <ele>0</ele>
        <time>2026-02-26T22:16:33.252Z</time>
      </trkpt>
      <trkpt lat="31.835196918043025" lon="34.996195813821515">
        <ele>0</ele>
        <time>2026-02-26T22:16:34.252Z</time>
      </trkpt>
      <trkpt lat="31.835196918043025" lon="34.996195813821515">
        <ele>0</ele>
        <time>2026-02-26T22:16:35.252Z</time>
      </trkpt>
      <trkpt lat="31.835196918043025" lon="34.996195813821515">
        <ele>0</ele>
        <time>2026-02-26T22:16:36.252Z</time>
      </trkpt>
      <trkpt lat="31.835196918043025" lon="34.996195813821515">
        <ele>0</ele>
        <time>2026-02-26T22:16:37.252Z</time>
      </trkpt>
      <trkpt lat="31.835196918043025" lon="34.996195813821515">
        <ele>307</ele>
        <time>2026-02-26T22:16:38.252Z</time>
      </trkpt>
      <trkpt lat="31.835215745446874" lon="34.9962812924698">
        <ele>307</ele>
        <time>2026-02-26T22:16:39.252Z</time>
      </trkpt>
      <trkpt lat="31.835215745446874" lon="34.9962812924698">
        <ele>0</ele>
        <time>2026-02-26T22:16:40.252Z</time>
      </trkpt>
      <trkpt lat="31.835215745446874" lon="34.9962812924698">
        <ele>0</ele>
        <time>2026-02-26T22:16:41.252Z</time>
      </trkpt>
      <trkpt lat="31.835215745446874" lon="34.9962812924698">
        <ele>0</ele>
        <time>2026-02-26T22:16:42.252Z</time>
      </trkpt>
      <trkpt lat="31.835215745446874" lon="34.9962812924698">
        <ele>0</ele>
        <time>2026-02-26T22:16:43.252Z</time>
      </trkpt>
      <trkpt lat="31.835215745446874" lon="34.9962812924698">
        <ele>0</ele>
        <time>2026-02-26T22:16:44.252Z</time>
      </trkpt>
      <trkpt lat="31.835215745446874" lon="34.9962812924698">
        <ele>0</ele>
        <time>2026-02-26T22:16:45.252Z</time>
      </trkpt>
      <trkpt lat="31.835215745446874" lon="34.9962812924698">
        <ele>0</ele>
        <time>2026-02-26T22:16:46.252Z</time>
      </trkpt>
      <trkpt lat="31.835215745446874" lon="34.9962812924698">
        <ele>0</ele>
        <time>2026-02-26T22:16:47.252Z</time>
      </trkpt>
      <trkpt lat="31.835215745446874" lon="34.9962812924698">
        <ele>0</ele>
        <time>2026-02-26T22:16:48.252Z</time>
      </trkpt>
      <trkpt lat="31.835215745446874" lon="34.9962812924698">
        <ele>0</ele>
        <time>2026-02-26T22:16:49.252Z</time>
      </trkpt>
      <trkpt lat="31.835215745446874" lon="34.9962812924698">
        <ele>307</ele>
        <time>2026-02-26T22:16:50.252Z</time>
      </trkpt>
      <trkpt lat="31.835438984373795" lon="34.996341444111465">
        <ele>307</ele>
        <time>2026-02-26T22:16:51.252Z</time>
      </trkpt>
      <trkpt lat="31.835438984373795" lon="34.996341444111465">
        <ele>0</ele>
        <time>2026-02-26T22:16:52.252Z</time>
      </trkpt>
      <trkpt lat="31.835438984373795" lon="34.996341444111465">
        <ele>0</ele>
        <time>2026-02-26T22:16:53.252Z</time>
      </trkpt>
      <trkpt lat="31.835438984373795" lon="34.996341444111465">
        <ele>0</ele>
        <time>2026-02-26T22:16:54.252Z</time>
      </trkpt>
      <trkpt lat="31.835438984373795" lon="34.996341444111465">
        <ele>0</ele>
        <time>2026-02-26T22:16:55.252Z</time>
      </trkpt>
      <trkpt lat="31.835438984373795" lon="34.996341444111465">
        <ele>0</ele>
        <time>2026-02-26T22:16:56.252Z</time>
      </trkpt>
      <trkpt lat="31.835438984373795" lon="34.996341444111465">
        <ele>0</ele>
        <time>2026-02-26T22:16:57.252Z</time>
      </trkpt>
      <trkpt lat="31.835438984373795" lon="34.996341444111465">
        <ele>0</ele>
        <time>2026-02-26T22:16:58.252Z</time>
      </trkpt>
      <trkpt lat="31.835438984373795" lon="34.996341444111465">
        <ele>0</ele>
        <time>2026-02-26T22:16:59.252Z</time>
      </trkpt>
      <trkpt lat="31.835438984373795" lon="34.996341444111465">
        <ele>0</ele>
        <time>2026-02-26T22:17:00.252Z</time>
      </trkpt>
      <trkpt lat="31.835438984373795" lon="34.996341444111465">
        <ele>0</ele>
        <time>2026-02-26T22:17:01.252Z</time>
      </trkpt>
      <trkpt lat="31.835438984373795" lon="34.996341444111465">
        <ele>307</ele>
        <time>2026-02-26T22:17:02.252Z</time>
      </trkpt>
      <trkpt lat="31.835600227776354" lon="34.99650588446977">
        <ele>307</ele>
        <time>2026-02-26T22:17:03.252Z</time>
      </trkpt>
      <trkpt lat="31.835600227776354" lon="34.99650588446977">
        <ele>0</ele>
        <time>2026-02-26T22:17:04.252Z</time>
      </trkpt>
      <trkpt lat="31.835600227776354" lon="34.99650588446977">
        <ele>0</ele>
        <time>2026-02-26T22:17:05.252Z</time>
      </trkpt>
      <trkpt lat="31.835600227776354" lon="34.99650588446977">
        <ele>0</ele>
        <time>2026-02-26T22:17:06.252Z</time>
      </trkpt>
      <trkpt lat="31.835600227776354" lon="34.99650588446977">
        <ele>0</ele>
        <time>2026-02-26T22:17:07.252Z</time>
      </trkpt>
      <trkpt lat="31.835600227776354" lon="34.99650588446977">
        <ele>0</ele>
        <time>2026-02-26T22:17:08.252Z</time>
      </trkpt>
      <trkpt lat="31.835600227776354" lon="34.99650588446977">
        <ele>0</ele>
        <time>2026-02-26T22:17:09.252Z</time>
      </trkpt>
      <trkpt lat="31.835600227776354" lon="34.99650588446977">
        <ele>0</ele>
        <time>2026-02-26T22:17:10.252Z</time>
      </trkpt>
      <trkpt lat="31.835600227776354" lon="34.99650588446977">
        <ele>0</ele>
        <time>2026-02-26T22:17:11.252Z</time>
      </trkpt>
      <trkpt lat="31.835600227776354" lon="34.99650588446977">
        <ele>0</ele>
        <time>2026-02-26T22:17:12.252Z</time>
      </trkpt>
      <trkpt lat="31.835600227776354" lon="34.99650588446977">
        <ele>0</ele>
        <time>2026-02-26T22:17:13.252Z</time>
      </trkpt>
      <trkpt lat="31.835600227776354" lon="34.99650588446977">
        <ele>307</ele>
        <time>2026-02-26T22:17:14.252Z</time>
      </trkpt>
      <trkpt lat="31.835668028468334" lon="34.99661561824152">
        <ele>307</ele>
        <time>2026-02-26T22:17:15.252Z</time>
      </trkpt>
      <trkpt lat="31.835668028468334" lon="34.99661561824152">
        <ele>0</ele>
        <time>2026-02-26T22:17:16.252Z</time>
      </trkpt>
      <trkpt lat="31.835668028468334" lon="34.99661561824152">
        <ele>0</ele>
        <time>2026-02-26T22:17:17.252Z</time>
      </trkpt>
      <trkpt lat="31.835668028468334" lon="34.99661561824152">
        <ele>0</ele>
        <time>2026-02-26T22:17:18.252Z</time>
      </trkpt>
      <trkpt lat="31.835668028468334" lon="34.99661561824152">
        <ele>0</ele>
        <time>2026-02-26T22:17:19.252Z</time>
      </trkpt>
      <trkpt lat="31.835668028468334" lon="34.99661561824152">
        <ele>0</ele>
        <time>2026-02-26T22:17:20.252Z</time>
      </trkpt>
      <trkpt lat="31.835668028468334" lon="34.99661561824152">
        <ele>0</ele>
        <time>2026-02-26T22:17:21.252Z</time>
      </trkpt>
      <trkpt lat="31.835668028468334" lon="34.99661561824152">
        <ele>0</ele>
        <time>2026-02-26T22:17:22.252Z</time>
      </trkpt>
      <trkpt lat="31.835668028468334" lon="34.99661561824152">
        <ele>0</ele>
        <time>2026-02-26T22:17:23.252Z</time>
      </trkpt>
      <trkpt lat="31.835668028468334" lon="34.99661561824152">
        <ele>0</ele>
        <time>2026-02-26T22:17:24.252Z</time>
      </trkpt>
      <trkpt lat="31.835668028468334" lon="34.99661561824152">
        <ele>0</ele>
        <time>2026-02-26T22:17:25.252Z</time>
      </trkpt>
      <trkpt lat="31.835668028468334" lon="34.99661561824152">
        <ele>307</ele>
        <time>2026-02-26T22:17:26.252Z</time>
      </trkpt>
      <trkpt lat="31.835782442022165" lon="34.99683009788956">
        <ele>310.5</ele>
        <time>2026-02-26T22:17:27.252Z</time>
      </trkpt>
      <trkpt lat="31.835782442022165" lon="34.99683009788956">
        <ele>0</ele>
        <time>2026-02-26T22:17:28.252Z</time>
      </trkpt>
      <trkpt lat="31.835782442022165" lon="34.99683009788956">
        <ele>0</ele>
        <time>2026-02-26T22:17:29.252Z</time>
      </trkpt>
      <trkpt lat="31.835782442022165" lon="34.99683009788956">
        <ele>0</ele>
        <time>2026-02-26T22:17:30.252Z</time>
      </trkpt>
      <trkpt lat="31.835782442022165" lon="34.99683009788956">
        <ele>0</ele>
        <time>2026-02-26T22:17:31.252Z</time>
      </trkpt>
      <trkpt lat="31.835782442022165" lon="34.99683009788956">
        <ele>0</ele>
        <time>2026-02-26T22:17:32.252Z</time>
      </trkpt>
      <trkpt lat="31.835782442022165" lon="34.99683009788956">
        <ele>0</ele>
        <time>2026-02-26T22:17:33.252Z</time>
      </trkpt>
      <trkpt lat="31.835782442022165" lon="34.99683009788956">
        <ele>0</ele>
        <time>2026-02-26T22:17:34.252Z</time>
      </trkpt>
      <trkpt lat="31.835782442022165" lon="34.99683009788956">
        <ele>0</ele>
        <time>2026-02-26T22:17:35.252Z</time>
      </trkpt>
      <trkpt lat="31.835782442022165" lon="34.99683009788956">
        <ele>0</ele>
        <time>2026-02-26T22:17:36.252Z</time>
      </trkpt>
      <trkpt lat="31.835782442022165" lon="34.99683009788956">
        <ele>0</ele>
        <time>2026-02-26T22:17:37.252Z</time>
      </trkpt>
      <trkpt lat="31.835782442022165" lon="34.99683009788956">
        <ele>310.5</ele>
        <time>2026-02-26T22:17:38.252Z</time>
      </trkpt>
      <trkpt lat="31.83583329244439" lon="34.996929855865545">
        <ele>310.5</ele>
        <time>2026-02-26T22:17:39.252Z</time>
      </trkpt>
      <trkpt lat="31.83583329244439" lon="34.996929855865545">
        <ele>0</ele>
        <time>2026-02-26T22:17:40.252Z</time>
      </trkpt>
      <trkpt lat="31.83583329244439" lon="34.996929855865545">
        <ele>0</ele>
        <time>2026-02-26T22:17:41.252Z</time>
      </trkpt>
      <trkpt lat="31.83583329244439" lon="34.996929855865545">
        <ele>0</ele>
        <time>2026-02-26T22:17:42.252Z</time>
      </trkpt>
      <trkpt lat="31.83583329244439" lon="34.996929855865545">
        <ele>0</ele>
        <time>2026-02-26T22:17:43.252Z</time>
      </trkpt>
      <trkpt lat="31.83583329244439" lon="34.996929855865545">
        <ele>0</ele>
        <time>2026-02-26T22:17:44.252Z</time>
      </trkpt>
      <trkpt lat="31.83583329244439" lon="34.996929855865545">
        <ele>0</ele>
        <time>2026-02-26T22:17:45.252Z</time>
      </trkpt>
      <trkpt lat="31.83583329244439" lon="34.996929855865545">
        <ele>0</ele>
        <time>2026-02-26T22:17:46.252Z</time>
      </trkpt>
      <trkpt lat="31.83583329244439" lon="34.996929855865545">
        <ele>0</ele>
        <time>2026-02-26T22:17:47.252Z</time>
      </trkpt>
      <trkpt lat="31.83583329244439" lon="34.996929855865545">
        <ele>0</ele>
        <time>2026-02-26T22:17:48.252Z</time>
      </trkpt>
      <trkpt lat="31.83583329244439" lon="34.996929855865545">
        <ele>0</ele>
        <time>2026-02-26T22:17:49.252Z</time>
      </trkpt>
      <trkpt lat="31.83583329244439" lon="34.996929855865545">
        <ele>310.5</ele>
        <time>2026-02-26T22:17:50.252Z</time>
      </trkpt>
      <trkpt lat="31.83587990530748" lon="34.99699469854886">
        <ele>310.5</ele>
        <time>2026-02-26T22:17:51.252Z</time>
      </trkpt>
      <trkpt lat="31.83587990530748" lon="34.99699469854886">
        <ele>0</ele>
        <time>2026-02-26T22:17:52.252Z</time>
      </trkpt>
      <trkpt lat="31.83587990530748" lon="34.99699469854886">
        <ele>0</ele>
        <time>2026-02-26T22:17:53.252Z</time>
      </trkpt>
      <trkpt lat="31.83587990530748" lon="34.99699469854886">
        <ele>0</ele>
        <time>2026-02-26T22:17:54.252Z</time>
      </trkpt>
      <trkpt lat="31.83587990530748" lon="34.99699469854886">
        <ele>0</ele>
        <time>2026-02-26T22:17:55.252Z</time>
      </trkpt>
      <trkpt lat="31.83587990530748" lon="34.99699469854886">
        <ele>0</ele>
        <time>2026-02-26T22:17:56.252Z</time>
      </trkpt>
      <trkpt lat="31.83587990530748" lon="34.99699469854886">
        <ele>0</ele>
        <time>2026-02-26T22:17:57.252Z</time>
      </trkpt>
      <trkpt lat="31.83587990530748" lon="34.99699469854886">
        <ele>0</ele>
        <time>2026-02-26T22:17:58.252Z</time>
      </trkpt>
      <trkpt lat="31.83587990530748" lon="34.99699469854886">
        <ele>0</ele>
        <time>2026-02-26T22:17:59.252Z</time>
      </trkpt>
      <trkpt lat="31.83587990530748" lon="34.99699469854886">
        <ele>0</ele>
        <time>2026-02-26T22:18:00.252Z</time>
      </trkpt>
      <trkpt lat="31.83587990530748" lon="34.99699469854886">
        <ele>0</ele>
        <time>2026-02-26T22:18:01.252Z</time>
      </trkpt>
      <trkpt lat="31.83587990530748" lon="34.99699469854886">
        <ele>310.5</ele>
        <time>2026-02-26T22:18:02.252Z</time>
      </trkpt>
      <trkpt lat="31.835909568026537" lon="34.997049565436384">
        <ele>310.5</ele>
        <time>2026-02-26T22:18:03.252Z</time>
      </trkpt>
      <trkpt lat="31.835909568026537" lon="34.997049565436384">
        <ele>0</ele>
        <time>2026-02-26T22:18:04.252Z</time>
      </trkpt>
      <trkpt lat="31.835909568026537" lon="34.997049565436384">
        <ele>0</ele>
        <time>2026-02-26T22:18:05.252Z</time>
      </trkpt>
      <trkpt lat="31.835909568026537" lon="34.997049565436384">
        <ele>0</ele>
        <time>2026-02-26T22:18:06.252Z</time>
      </trkpt>
      <trkpt lat="31.835909568026537" lon="34.997049565436384">
        <ele>0</ele>
        <time>2026-02-26T22:18:07.252Z</time>
      </trkpt>
      <trkpt lat="31.835909568026537" lon="34.997049565436384">
        <ele>0</ele>
        <time>2026-02-26T22:18:08.252Z</time>
      </trkpt>
      <trkpt lat="31.835909568026537" lon="34.997049565436384">
        <ele>0</ele>
        <time>2026-02-26T22:18:09.252Z</time>
      </trkpt>
      <trkpt lat="31.835909568026537" lon="34.997049565436384">
        <ele>0</ele>
        <time>2026-02-26T22:18:10.252Z</time>
      </trkpt>
      <trkpt lat="31.835909568026537" lon="34.997049565436384">
        <ele>0</ele>
        <time>2026-02-26T22:18:11.252Z</time>
      </trkpt>
      <trkpt lat="31.835909568026537" lon="34.997049565436384">
        <ele>0</ele>
        <time>2026-02-26T22:18:12.252Z</time>
      </trkpt>
      <trkpt lat="31.835909568026537" lon="34.997049565436384">
        <ele>0</ele>
        <time>2026-02-26T22:18:13.252Z</time>
      </trkpt>
      <trkpt lat="31.835909568026537" lon="34.997049565436384">
        <ele>310.5</ele>
        <time>2026-02-26T22:18:14.252Z</time>
      </trkpt>
      <trkpt lat="31.835943468264432" lon="34.99710443232226">
        <ele>310.5</ele>
        <time>2026-02-26T22:18:15.252Z</time>
      </trkpt>
      <trkpt lat="31.835943468264432" lon="34.99710443232226">
        <ele>0</ele>
        <time>2026-02-26T22:18:16.252Z</time>
      </trkpt>
      <trkpt lat="31.835943468264432" lon="34.99710443232226">
        <ele>0</ele>
        <time>2026-02-26T22:18:17.252Z</time>
      </trkpt>
      <trkpt lat="31.835943468264432" lon="34.99710443232226">
        <ele>0</ele>
        <time>2026-02-26T22:18:18.252Z</time>
      </trkpt>
      <trkpt lat="31.835943468264432" lon="34.99710443232226">
        <ele>0</ele>
        <time>2026-02-26T22:18:19.252Z</time>
      </trkpt>
      <trkpt lat="31.835943468264432" lon="34.99710443232226">
        <ele>0</ele>
        <time>2026-02-26T22:18:20.252Z</time>
      </trkpt>
      <trkpt lat="31.835943468264432" lon="34.99710443232226">
        <ele>0</ele>
        <time>2026-02-26T22:18:21.252Z</time>
      </trkpt>
      <trkpt lat="31.835943468264432" lon="34.99710443232226">
        <ele>0</ele>
        <time>2026-02-26T22:18:22.252Z</time>
      </trkpt>
      <trkpt lat="31.835943468264432" lon="34.99710443232226">
        <ele>0</ele>
        <time>2026-02-26T22:18:23.252Z</time>
      </trkpt>
      <trkpt lat="31.835943468264432" lon="34.99710443232226">
        <ele>0</ele>
        <time>2026-02-26T22:18:24.252Z</time>
      </trkpt>
      <trkpt lat="31.835943468264432" lon="34.99710443232226">
        <ele>0</ele>
        <time>2026-02-26T22:18:25.252Z</time>
      </trkpt>
      <trkpt lat="31.835943468264432" lon="34.99710443232226">
        <ele>310.5</ele>
        <time>2026-02-26T22:18:26.252Z</time>
      </trkpt>
      <trkpt lat="31.835977368490546" lon="34.99714433551196">
        <ele>310.5</ele>
        <time>2026-02-26T22:18:27.252Z</time>
      </trkpt>
      <trkpt lat="31.835977368490546" lon="34.99714433551196">
        <ele>0</ele>
        <time>2026-02-26T22:18:28.252Z</time>
      </trkpt>
      <trkpt lat="31.835977368490546" lon="34.99714433551196">
        <ele>0</ele>
        <time>2026-02-26T22:18:29.252Z</time>
      </trkpt>
      <trkpt lat="31.835977368490546" lon="34.99714433551196">
        <ele>0</ele>
        <time>2026-02-26T22:18:30.252Z</time>
      </trkpt>
      <trkpt lat="31.835977368490546" lon="34.99714433551196">
        <ele>0</ele>
        <time>2026-02-26T22:18:31.252Z</time>
      </trkpt>
      <trkpt lat="31.835977368490546" lon="34.99714433551196">
        <ele>0</ele>
        <time>2026-02-26T22:18:32.252Z</time>
      </trkpt>
      <trkpt lat="31.835977368490546" lon="34.99714433551196">
        <ele>0</ele>
        <time>2026-02-26T22:18:33.252Z</time>
      </trkpt>
      <trkpt lat="31.835977368490546" lon="34.99714433551196">
        <ele>0</ele>
        <time>2026-02-26T22:18:34.252Z</time>
      </trkpt>
      <trkpt lat="31.835977368490546" lon="34.99714433551196">
        <ele>0</ele>
        <time>2026-02-26T22:18:35.252Z</time>
      </trkpt>
      <trkpt lat="31.835977368490546" lon="34.99714433551196">
        <ele>0</ele>
        <time>2026-02-26T22:18:36.252Z</time>
      </trkpt>
      <trkpt lat="31.835977368490546" lon="34.99714433551196">
        <ele>0</ele>
        <time>2026-02-26T22:18:37.252Z</time>
      </trkpt>
      <trkpt lat="31.835977368490546" lon="34.99714433551196">
        <ele>310.5</ele>
        <time>2026-02-26T22:18:38.252Z</time>
      </trkpt>
      <trkpt lat="31.836028218806078" lon="34.997209178196954">
        <ele>317</ele>
        <time>2026-02-26T22:18:39.252Z</time>
      </trkpt>
      <trkpt lat="31.836028218806078" lon="34.997209178196954">
        <ele>0</ele>
        <time>2026-02-26T22:18:40.252Z</time>
      </trkpt>
      <trkpt lat="31.836028218806078" lon="34.997209178196954">
        <ele>0</ele>
        <time>2026-02-26T22:18:41.252Z</time>
      </trkpt>
      <trkpt lat="31.836028218806078" lon="34.997209178196954">
        <ele>0</ele>
        <time>2026-02-26T22:18:42.252Z</time>
      </trkpt>
      <trkpt lat="31.836028218806078" lon="34.997209178196954">
        <ele>0</ele>
        <time>2026-02-26T22:18:43.252Z</time>
      </trkpt>
      <trkpt lat="31.836028218806078" lon="34.997209178196954">
        <ele>0</ele>
        <time>2026-02-26T22:18:44.252Z</time>
      </trkpt>
      <trkpt lat="31.836028218806078" lon="34.997209178196954">
        <ele>0</ele>
        <time>2026-02-26T22:18:45.252Z</time>
      </trkpt>
      <trkpt lat="31.836028218806078" lon="34.997209178196954">
        <ele>0</ele>
        <time>2026-02-26T22:18:46.252Z</time>
      </trkpt>
      <trkpt lat="31.836028218806078" lon="34.997209178196954">
        <ele>0</ele>
        <time>2026-02-26T22:18:47.252Z</time>
      </trkpt>
      <trkpt lat="31.836028218806078" lon="34.997209178196954">
        <ele>0</ele>
        <time>2026-02-26T22:18:48.252Z</time>
      </trkpt>
      <trkpt lat="31.836028218806078" lon="34.997209178196954">
        <ele>0</ele>
        <time>2026-02-26T22:18:49.252Z</time>
      </trkpt>
      <trkpt lat="31.836028218806078" lon="34.997209178196954">
        <ele>317</ele>
        <time>2026-02-26T22:18:50.252Z</time>
      </trkpt>
      <trkpt lat="31.83608754413858" lon="34.9972989603738">
        <ele>317</ele>
        <time>2026-02-26T22:18:51.252Z</time>
      </trkpt>
      <trkpt lat="31.83608754413858" lon="34.9972989603738">
        <ele>0</ele>
        <time>2026-02-26T22:18:52.252Z</time>
      </trkpt>
      <trkpt lat="31.83608754413858" lon="34.9972989603738">
        <ele>0</ele>
        <time>2026-02-26T22:18:53.252Z</time>
      </trkpt>
      <trkpt lat="31.83608754413858" lon="34.9972989603738">
        <ele>0</ele>
        <time>2026-02-26T22:18:54.252Z</time>
      </trkpt>
      <trkpt lat="31.83608754413858" lon="34.9972989603738">
        <ele>0</ele>
        <time>2026-02-26T22:18:55.252Z</time>
      </trkpt>
      <trkpt lat="31.83608754413858" lon="34.9972989603738">
        <ele>0</ele>
        <time>2026-02-26T22:18:56.252Z</time>
      </trkpt>
      <trkpt lat="31.83608754413858" lon="34.9972989603738">
        <ele>0</ele>
        <time>2026-02-26T22:18:57.252Z</time>
      </trkpt>
      <trkpt lat="31.83608754413858" lon="34.9972989603738">
        <ele>0</ele>
        <time>2026-02-26T22:18:58.252Z</time>
      </trkpt>
      <trkpt lat="31.83608754413858" lon="34.9972989603738">
        <ele>0</ele>
        <time>2026-02-26T22:18:59.252Z</time>
      </trkpt>
      <trkpt lat="31.83608754413858" lon="34.9972989603738">
        <ele>0</ele>
        <time>2026-02-26T22:19:00.252Z</time>
      </trkpt>
      <trkpt lat="31.83608754413858" lon="34.9972989603738">
        <ele>0</ele>
        <time>2026-02-26T22:19:01.252Z</time>
      </trkpt>
      <trkpt lat="31.83608754413858" lon="34.9972989603738">
        <ele>317</ele>
        <time>2026-02-26T22:19:02.252Z</time>
      </trkpt>
      <trkpt lat="31.836146869432994" lon="34.99735881516003">
        <ele>317</ele>
        <time>2026-02-26T22:19:03.252Z</time>
      </trkpt>
      <trkpt lat="31.836146869432994" lon="34.99735881516003">
        <ele>0</ele>
        <time>2026-02-26T22:19:04.252Z</time>
      </trkpt>
      <trkpt lat="31.836146869432994" lon="34.99735881516003">
        <ele>0</ele>
        <time>2026-02-26T22:19:05.252Z</time>
      </trkpt>
      <trkpt lat="31.836146869432994" lon="34.99735881516003">
        <ele>0</ele>
        <time>2026-02-26T22:19:06.252Z</time>
      </trkpt>
      <trkpt lat="31.836146869432994" lon="34.99735881516003">
        <ele>0</ele>
        <time>2026-02-26T22:19:07.252Z</time>
      </trkpt>
      <trkpt lat="31.836146869432994" lon="34.99735881516003">
        <ele>0</ele>
        <time>2026-02-26T22:19:08.252Z</time>
      </trkpt>
      <trkpt lat="31.836146869432994" lon="34.99735881516003">
        <ele>0</ele>
        <time>2026-02-26T22:19:09.252Z</time>
      </trkpt>
      <trkpt lat="31.836146869432994" lon="34.99735881516003">
        <ele>0</ele>
        <time>2026-02-26T22:19:10.252Z</time>
      </trkpt>
      <trkpt lat="31.836146869432994" lon="34.99735881516003">
        <ele>0</ele>
        <time>2026-02-26T22:19:11.252Z</time>
      </trkpt>
      <trkpt lat="31.836146869432994" lon="34.99735881516003">
        <ele>0</ele>
        <time>2026-02-26T22:19:12.252Z</time>
      </trkpt>
      <trkpt lat="31.836146869432994" lon="34.99735881516003">
        <ele>0</ele>
        <time>2026-02-26T22:19:13.252Z</time>
      </trkpt>
      <trkpt lat="31.836146869432994" lon="34.99735881516003">
        <ele>317</ele>
        <time>2026-02-26T22:19:14.252Z</time>
      </trkpt>
      <trkpt lat="31.836218907239058" lon="34.99732389986903">
        <ele>317</ele>
        <time>2026-02-26T22:19:15.252Z</time>
      </trkpt>
      <trkpt lat="31.836218907239058" lon="34.99732389986903">
        <ele>0</ele>
        <time>2026-02-26T22:19:16.252Z</time>
      </trkpt>
      <trkpt lat="31.836218907239058" lon="34.99732389986903">
        <ele>0</ele>
        <time>2026-02-26T22:19:17.252Z</time>
      </trkpt>
      <trkpt lat="31.836218907239058" lon="34.99732389986903">
        <ele>0</ele>
        <time>2026-02-26T22:19:18.252Z</time>
      </trkpt>
      <trkpt lat="31.836218907239058" lon="34.99732389986903">
        <ele>0</ele>
        <time>2026-02-26T22:19:19.252Z</time>
      </trkpt>
      <trkpt lat="31.836218907239058" lon="34.99732389986903">
        <ele>0</ele>
        <time>2026-02-26T22:19:20.252Z</time>
      </trkpt>
      <trkpt lat="31.836218907239058" lon="34.99732389986903">
        <ele>0</ele>
        <time>2026-02-26T22:19:21.252Z</time>
      </trkpt>
      <trkpt lat="31.836218907239058" lon="34.99732389986903">
        <ele>0</ele>
        <time>2026-02-26T22:19:22.252Z</time>
      </trkpt>
      <trkpt lat="31.836218907239058" lon="34.99732389986903">
        <ele>0</ele>
        <time>2026-02-26T22:19:23.252Z</time>
      </trkpt>
      <trkpt lat="31.836218907239058" lon="34.99732389986903">
        <ele>0</ele>
        <time>2026-02-26T22:19:24.252Z</time>
      </trkpt>
      <trkpt lat="31.836218907239058" lon="34.99732389986903">
        <ele>0</ele>
        <time>2026-02-26T22:19:25.252Z</time>
      </trkpt>
      <trkpt lat="31.836218907239058" lon="34.99732389986903">
        <ele>317</ele>
        <time>2026-02-26T22:19:26.252Z</time>
      </trkpt>
      <trkpt lat="31.83630789504005" lon="34.997308936172885">
        <ele>317</ele>
        <time>2026-02-26T22:19:27.252Z</time>
      </trkpt>
      <trkpt lat="31.83630789504005" lon="34.997308936172885">
        <ele>0</ele>
        <time>2026-02-26T22:19:28.252Z</time>
      </trkpt>
      <trkpt lat="31.83630789504005" lon="34.997308936172885">
        <ele>0</ele>
        <time>2026-02-26T22:19:29.252Z</time>
      </trkpt>
      <trkpt lat="31.83630789504005" lon="34.997308936172885">
        <ele>0</ele>
        <time>2026-02-26T22:19:30.252Z</time>
      </trkpt>
      <trkpt lat="31.83630789504005" lon="34.997308936172885">
        <ele>0</ele>
        <time>2026-02-26T22:19:31.252Z</time>
      </trkpt>
      <trkpt lat="31.83630789504005" lon="34.997308936172885">
        <ele>0</ele>
        <time>2026-02-26T22:19:32.252Z</time>
      </trkpt>
      <trkpt lat="31.83630789504005" lon="34.997308936172885">
        <ele>0</ele>
        <time>2026-02-26T22:19:33.252Z</time>
      </trkpt>
      <trkpt lat="31.83630789504005" lon="34.997308936172885">
        <ele>0</ele>
        <time>2026-02-26T22:19:34.252Z</time>
      </trkpt>
      <trkpt lat="31.83630789504005" lon="34.997308936172885">
        <ele>0</ele>
        <time>2026-02-26T22:19:35.252Z</time>
      </trkpt>
      <trkpt lat="31.83630789504005" lon="34.997308936172885">
        <ele>0</ele>
        <time>2026-02-26T22:19:36.252Z</time>
      </trkpt>
      <trkpt lat="31.83630789504005" lon="34.997308936172885">
        <ele>0</ele>
        <time>2026-02-26T22:19:37.252Z</time>
      </trkpt>
      <trkpt lat="31.83630789504005" lon="34.997308936172885">
        <ele>317</ele>
        <time>2026-02-26T22:19:38.252Z</time>
      </trkpt>
      <trkpt lat="31.836362982683198" lon="34.997219153994365">
        <ele>317</ele>
        <time>2026-02-26T22:19:39.252Z</time>
      </trkpt>
      <trkpt lat="31.836362982683198" lon="34.997219153994365">
        <ele>0</ele>
        <time>2026-02-26T22:19:40.252Z</time>
      </trkpt>
      <trkpt lat="31.836362982683198" lon="34.997219153994365">
        <ele>0</ele>
        <time>2026-02-26T22:19:41.252Z</time>
      </trkpt>
      <trkpt lat="31.836362982683198" lon="34.997219153994365">
        <ele>0</ele>
        <time>2026-02-26T22:19:42.252Z</time>
      </trkpt>
      <trkpt lat="31.836362982683198" lon="34.997219153994365">
        <ele>0</ele>
        <time>2026-02-26T22:19:43.252Z</time>
      </trkpt>
      <trkpt lat="31.836362982683198" lon="34.997219153994365">
        <ele>0</ele>
        <time>2026-02-26T22:19:44.252Z</time>
      </trkpt>
      <trkpt lat="31.836362982683198" lon="34.997219153994365">
        <ele>0</ele>
        <time>2026-02-26T22:19:45.252Z</time>
      </trkpt>
      <trkpt lat="31.836362982683198" lon="34.997219153994365">
        <ele>0</ele>
        <time>2026-02-26T22:19:46.252Z</time>
      </trkpt>
      <trkpt lat="31.836362982683198" lon="34.997219153994365">
        <ele>0</ele>
        <time>2026-02-26T22:19:47.252Z</time>
      </trkpt>
      <trkpt lat="31.836362982683198" lon="34.997219153994365">
        <ele>0</ele>
        <time>2026-02-26T22:19:48.252Z</time>
      </trkpt>
      <trkpt lat="31.836362982683198" lon="34.997219153994365">
        <ele>0</ele>
        <time>2026-02-26T22:19:49.252Z</time>
      </trkpt>
      <trkpt lat="31.836362982683198" lon="34.997219153994365">
        <ele>317</ele>
        <time>2026-02-26T22:19:50.252Z</time>
      </trkpt>
      <trkpt lat="31.836502820398522" lon="34.99707450492997">
        <ele>317</ele>
        <time>2026-02-26T22:19:51.252Z</time>
      </trkpt>
      <trkpt lat="31.836502820398522" lon="34.99707450492997">
        <ele>0</ele>
        <time>2026-02-26T22:19:52.252Z</time>
      </trkpt>
      <trkpt lat="31.836502820398522" lon="34.99707450492997">
        <ele>0</ele>
        <time>2026-02-26T22:19:53.252Z</time>
      </trkpt>
      <trkpt lat="31.836502820398522" lon="34.99707450492997">
        <ele>0</ele>
        <time>2026-02-26T22:19:54.252Z</time>
      </trkpt>
      <trkpt lat="31.836502820398522" lon="34.99707450492997">
        <ele>0</ele>
        <time>2026-02-26T22:19:55.252Z</time>
      </trkpt>
      <trkpt lat="31.836502820398522" lon="34.99707450492997">
        <ele>0</ele>
        <time>2026-02-26T22:19:56.252Z</time>
      </trkpt>
      <trkpt lat="31.836502820398522" lon="34.99707450492997">
        <ele>0</ele>
        <time>2026-02-26T22:19:57.252Z</time>
      </trkpt>
      <trkpt lat="31.836502820398522" lon="34.99707450492997">
        <ele>0</ele>
        <time>2026-02-26T22:19:58.252Z</time>
      </trkpt>
      <trkpt lat="31.836502820398522" lon="34.99707450492997">
        <ele>0</ele>
        <time>2026-02-26T22:19:59.252Z</time>
      </trkpt>
      <trkpt lat="31.836502820398522" lon="34.99707450492997">
        <ele>0</ele>
        <time>2026-02-26T22:20:00.252Z</time>
      </trkpt>
      <trkpt lat="31.836502820398522" lon="34.99707450492997">
        <ele>0</ele>
        <time>2026-02-26T22:20:01.252Z</time>
      </trkpt>
      <trkpt lat="31.836502820398522" lon="34.99707450492997">
        <ele>317</ele>
        <time>2026-02-26T22:20:02.252Z</time>
      </trkpt>
      <trkpt lat="31.83655367042445" lon="34.99698472275142">
        <ele>317</ele>
        <time>2026-02-26T22:20:03.252Z</time>
      </trkpt>
      <trkpt lat="31.83655367042445" lon="34.99698472275142">
        <ele>0</ele>
        <time>2026-02-26T22:20:04.252Z</time>
      </trkpt>
      <trkpt lat="31.83655367042445" lon="34.99698472275142">
        <ele>0</ele>
        <time>2026-02-26T22:20:05.252Z</time>
      </trkpt>
      <trkpt lat="31.83655367042445" lon="34.99698472275142">
        <ele>0</ele>
        <time>2026-02-26T22:20:06.252Z</time>
      </trkpt>
      <trkpt lat="31.83655367042445" lon="34.99698472275142">
        <ele>0</ele>
        <time>2026-02-26T22:20:07.252Z</time>
      </trkpt>
      <trkpt lat="31.83655367042445" lon="34.99698472275142">
        <ele>0</ele>
        <time>2026-02-26T22:20:08.252Z</time>
      </trkpt>
      <trkpt lat="31.83655367042445" lon="34.99698472275142">
        <ele>0</ele>
        <time>2026-02-26T22:20:09.252Z</time>
      </trkpt>
      <trkpt lat="31.83655367042445" lon="34.99698472275142">
        <ele>0</ele>
        <time>2026-02-26T22:20:10.252Z</time>
      </trkpt>
      <trkpt lat="31.83655367042445" lon="34.99698472275142">
        <ele>0</ele>
        <time>2026-02-26T22:20:11.252Z</time>
      </trkpt>
      <trkpt lat="31.83655367042445" lon="34.99698472275142">
        <ele>0</ele>
        <time>2026-02-26T22:20:12.252Z</time>
      </trkpt>
      <trkpt lat="31.83655367042445" lon="34.99698472275142">
        <ele>0</ele>
        <time>2026-02-26T22:20:13.252Z</time>
      </trkpt>
      <trkpt lat="31.83655367042445" lon="34.99698472275142">
        <ele>317</ele>
        <time>2026-02-26T22:20:14.252Z</time>
      </trkpt>
      <trkpt lat="31.83663418290783" lon="34.99708448072735">
        <ele>317</ele>
        <time>2026-02-26T22:20:15.252Z</time>
      </trkpt>
      <trkpt lat="31.83663418290783" lon="34.99708448072735">
        <ele>0</ele>
        <time>2026-02-26T22:20:16.252Z</time>
      </trkpt>
      <trkpt lat="31.83663418290783" lon="34.99708448072735">
        <ele>0</ele>
        <time>2026-02-26T22:20:17.252Z</time>
      </trkpt>
      <trkpt lat="31.83663418290783" lon="34.99708448072735">
        <ele>0</ele>
        <time>2026-02-26T22:20:18.252Z</time>
      </trkpt>
      <trkpt lat="31.83663418290783" lon="34.99708448072735">
        <ele>0</ele>
        <time>2026-02-26T22:20:19.252Z</time>
      </trkpt>
      <trkpt lat="31.83663418290783" lon="34.99708448072735">
        <ele>0</ele>
        <time>2026-02-26T22:20:20.252Z</time>
      </trkpt>
      <trkpt lat="31.83663418290783" lon="34.99708448072735">
        <ele>0</ele>
        <time>2026-02-26T22:20:21.252Z</time>
      </trkpt>
      <trkpt lat="31.83663418290783" lon="34.99708448072735">
        <ele>0</ele>
        <time>2026-02-26T22:20:22.252Z</time>
      </trkpt>
      <trkpt lat="31.83663418290783" lon="34.99708448072735">
        <ele>0</ele>
        <time>2026-02-26T22:20:23.252Z</time>
      </trkpt>
      <trkpt lat="31.83663418290783" lon="34.99708448072735">
        <ele>0</ele>
        <time>2026-02-26T22:20:24.252Z</time>
      </trkpt>
      <trkpt lat="31.83663418290783" lon="34.99708448072735">
        <ele>0</ele>
        <time>2026-02-26T22:20:25.252Z</time>
      </trkpt>
      <trkpt lat="31.83663418290783" lon="34.99708448072735">
        <ele>317</ele>
        <time>2026-02-26T22:20:26.252Z</time>
      </trkpt>
      <trkpt lat="31.836625707912944" lon="34.997288984576414">
        <ele>321</ele>
        <time>2026-02-26T22:20:27.252Z</time>
      </trkpt>
      <trkpt lat="31.836625707912944" lon="34.997288984576414">
        <ele>0</ele>
        <time>2026-02-26T22:20:28.252Z</time>
      </trkpt>
      <trkpt lat="31.836625707912944" lon="34.997288984576414">
        <ele>0</ele>
        <time>2026-02-26T22:20:29.252Z</time>
      </trkpt>
      <trkpt lat="31.836625707912944" lon="34.997288984576414">
        <ele>0</ele>
        <time>2026-02-26T22:20:30.252Z</time>
      </trkpt>
      <trkpt lat="31.836625707912944" lon="34.997288984576414">
        <ele>0</ele>
        <time>2026-02-26T22:20:31.252Z</time>
      </trkpt>
      <trkpt lat="31.836625707912944" lon="34.997288984576414">
        <ele>0</ele>
        <time>2026-02-26T22:20:32.252Z</time>
      </trkpt>
      <trkpt lat="31.836625707912944" lon="34.997288984576414">
        <ele>0</ele>
        <time>2026-02-26T22:20:33.252Z</time>
      </trkpt>
      <trkpt lat="31.836625707912944" lon="34.997288984576414">
        <ele>0</ele>
        <time>2026-02-26T22:20:34.252Z</time>
      </trkpt>
      <trkpt lat="31.836625707912944" lon="34.997288984576414">
        <ele>0</ele>
        <time>2026-02-26T22:20:35.252Z</time>
      </trkpt>
      <trkpt lat="31.836625707912944" lon="34.997288984576414">
        <ele>0</ele>
        <time>2026-02-26T22:20:36.252Z</time>
      </trkpt>
      <trkpt lat="31.836625707912944" lon="34.997288984576414">
        <ele>0</ele>
        <time>2026-02-26T22:20:37.252Z</time>
      </trkpt>
      <trkpt lat="31.836625707912944" lon="34.997288984576414">
        <ele>321</ele>
        <time>2026-02-26T22:20:38.252Z</time>
      </trkpt>
      <trkpt lat="31.83664265790263" lon="34.99757828270677">
        <ele>321</ele>
        <time>2026-02-26T22:20:39.252Z</time>
      </trkpt>
      <trkpt lat="31.83664265790263" lon="34.99757828270677">
        <ele>0</ele>
        <time>2026-02-26T22:20:40.252Z</time>
      </trkpt>
      <trkpt lat="31.83664265790263" lon="34.99757828270677">
        <ele>0</ele>
        <time>2026-02-26T22:20:41.252Z</time>
      </trkpt>
      <trkpt lat="31.83664265790263" lon="34.99757828270677">
        <ele>0</ele>
        <time>2026-02-26T22:20:42.252Z</time>
      </trkpt>
      <trkpt lat="31.83664265790263" lon="34.99757828270677">
        <ele>0</ele>
        <time>2026-02-26T22:20:43.252Z</time>
      </trkpt>
      <trkpt lat="31.83664265790263" lon="34.99757828270677">
        <ele>0</ele>
        <time>2026-02-26T22:20:44.252Z</time>
      </trkpt>
      <trkpt lat="31.83664265790263" lon="34.99757828270677">
        <ele>0</ele>
        <time>2026-02-26T22:20:45.252Z</time>
      </trkpt>
      <trkpt lat="31.83664265790263" lon="34.99757828270677">
        <ele>0</ele>
        <time>2026-02-26T22:20:46.252Z</time>
      </trkpt>
      <trkpt lat="31.83664265790263" lon="34.99757828270677">
        <ele>0</ele>
        <time>2026-02-26T22:20:47.252Z</time>
      </trkpt>
      <trkpt lat="31.83664265790263" lon="34.99757828270677">
        <ele>0</ele>
        <time>2026-02-26T22:20:48.252Z</time>
      </trkpt>
      <trkpt lat="31.83664265790263" lon="34.99757828270677">
        <ele>0</ele>
        <time>2026-02-26T22:20:49.252Z</time>
      </trkpt>
      <trkpt lat="31.83664265790263" lon="34.99757828270677">
        <ele>321</ele>
        <time>2026-02-26T22:20:50.252Z</time>
      </trkpt>
      <trkpt lat="31.836727407801376" lon="34.99779775025195">
        <ele>325</ele>
        <time>2026-02-26T22:20:51.252Z</time>
      </trkpt>
      <trkpt lat="31.836727407801376" lon="34.99779775025195">
        <ele>0</ele>
        <time>2026-02-26T22:20:52.252Z</time>
      </trkpt>
      <trkpt lat="31.836727407801376" lon="34.99779775025195">
        <ele>0</ele>
        <time>2026-02-26T22:20:53.252Z</time>
      </trkpt>
      <trkpt lat="31.836727407801376" lon="34.99779775025195">
        <ele>0</ele>
        <time>2026-02-26T22:20:54.252Z</time>
      </trkpt>
      <trkpt lat="31.836727407801376" lon="34.99779775025195">
        <ele>0</ele>
        <time>2026-02-26T22:20:55.252Z</time>
      </trkpt>
      <trkpt lat="31.836727407801376" lon="34.99779775025195">
        <ele>0</ele>
        <time>2026-02-26T22:20:56.252Z</time>
      </trkpt>
      <trkpt lat="31.836727407801376" lon="34.99779775025195">
        <ele>0</ele>
        <time>2026-02-26T22:20:57.252Z</time>
      </trkpt>
      <trkpt lat="31.836727407801376" lon="34.99779775025195">
        <ele>0</ele>
        <time>2026-02-26T22:20:58.252Z</time>
      </trkpt>
      <trkpt lat="31.836727407801376" lon="34.99779775025195">
        <ele>0</ele>
        <time>2026-02-26T22:20:59.252Z</time>
      </trkpt>
      <trkpt lat="31.836727407801376" lon="34.99779775025195">
        <ele>0</ele>
        <time>2026-02-26T22:21:00.252Z</time>
      </trkpt>
      <trkpt lat="31.836727407801376" lon="34.99779775025195">
        <ele>0</ele>
        <time>2026-02-26T22:21:01.252Z</time>
      </trkpt>
      <trkpt lat="31.836727407801376" lon="34.99779775025195">
        <ele>325</ele>
        <time>2026-02-26T22:21:02.252Z</time>
      </trkpt>
      <trkpt lat="31.83688419490973" lon="34.998012229899985">
        <ele>323</ele>
        <time>2026-02-26T22:21:03.252Z</time>
      </trkpt>
      <trkpt lat="31.83688419490973" lon="34.998012229899985">
        <ele>0</ele>
        <time>2026-02-26T22:21:04.252Z</time>
      </trkpt>
      <trkpt lat="31.83688419490973" lon="34.998012229899985">
        <ele>0</ele>
        <time>2026-02-26T22:21:05.252Z</time>
      </trkpt>
      <trkpt lat="31.83688419490973" lon="34.998012229899985">
        <ele>0</ele>
        <time>2026-02-26T22:21:06.252Z</time>
      </trkpt>
      <trkpt lat="31.83688419490973" lon="34.998012229899985">
        <ele>0</ele>
        <time>2026-02-26T22:21:07.252Z</time>
      </trkpt>
      <trkpt lat="31.83688419490973" lon="34.998012229899985">
        <ele>0</ele>
        <time>2026-02-26T22:21:08.252Z</time>
      </trkpt>
      <trkpt lat="31.83688419490973" lon="34.998012229899985">
        <ele>0</ele>
        <time>2026-02-26T22:21:09.252Z</time>
      </trkpt>
      <trkpt lat="31.83688419490973" lon="34.998012229899985">
        <ele>0</ele>
        <time>2026-02-26T22:21:10.252Z</time>
      </trkpt>
      <trkpt lat="31.83688419490973" lon="34.998012229899985">
        <ele>0</ele>
        <time>2026-02-26T22:21:11.252Z</time>
      </trkpt>
      <trkpt lat="31.83688419490973" lon="34.998012229899985">
        <ele>0</ele>
        <time>2026-02-26T22:21:12.252Z</time>
      </trkpt>
      <trkpt lat="31.83688419490973" lon="34.998012229899985">
        <ele>0</ele>
        <time>2026-02-26T22:21:13.252Z</time>
      </trkpt>
      <trkpt lat="31.83688419490973" lon="34.998012229899985">
        <ele>323</ele>
        <time>2026-02-26T22:21:14.252Z</time>
      </trkpt>
      <trkpt lat="31.837151156129806" lon="34.99802220569745">
        <ele>323</ele>
        <time>2026-02-26T22:21:15.252Z</time>
      </trkpt>
      <trkpt lat="31.837151156129806" lon="34.99802220569745">
        <ele>0</ele>
        <time>2026-02-26T22:21:16.252Z</time>
      </trkpt>
      <trkpt lat="31.837151156129806" lon="34.99802220569745">
        <ele>0</ele>
        <time>2026-02-26T22:21:17.252Z</time>
      </trkpt>
      <trkpt lat="31.837151156129806" lon="34.99802220569745">
        <ele>0</ele>
        <time>2026-02-26T22:21:18.252Z</time>
      </trkpt>
      <trkpt lat="31.837151156129806" lon="34.99802220569745">
        <ele>0</ele>
        <time>2026-02-26T22:21:19.252Z</time>
      </trkpt>
      <trkpt lat="31.837151156129806" lon="34.99802220569745">
        <ele>0</ele>
        <time>2026-02-26T22:21:20.252Z</time>
      </trkpt>
      <trkpt lat="31.837151156129806" lon="34.99802220569745">
        <ele>0</ele>
        <time>2026-02-26T22:21:21.252Z</time>
      </trkpt>
      <trkpt lat="31.837151156129806" lon="34.99802220569745">
        <ele>0</ele>
        <time>2026-02-26T22:21:22.252Z</time>
      </trkpt>
      <trkpt lat="31.837151156129806" lon="34.99802220569745">
        <ele>0</ele>
        <time>2026-02-26T22:21:23.252Z</time>
      </trkpt>
      <trkpt lat="31.837151156129806" lon="34.99802220569745">
        <ele>0</ele>
        <time>2026-02-26T22:21:24.252Z</time>
      </trkpt>
      <trkpt lat="31.837151156129806" lon="34.99802220569745">
        <ele>323</ele>
        <time>2026-02-26T22:21:25.252Z</time>
      </trkpt>
      <trkpt lat="31.837281581323865" lon="34.99810659487534">
        <ele>323</ele>
        <time>2026-02-26T22:21:26.252Z</time>
      </trkpt>
      <trkpt lat="31.837281581323865" lon="34.99810659487534">
        <ele>0</ele>
        <time>2026-02-26T22:21:27.252Z</time>
      </trkpt>
      <trkpt lat="31.837281581323865" lon="34.99810659487534">
        <ele>0</ele>
        <time>2026-02-26T22:21:28.252Z</time>
      </trkpt>
      <trkpt lat="31.837281581323865" lon="34.99810659487534">
        <ele>0</ele>
        <time>2026-02-26T22:21:29.252Z</time>
      </trkpt>
      <trkpt lat="31.837281581323865" lon="34.99810659487534">
        <ele>0</ele>
        <time>2026-02-26T22:21:30.252Z</time>
      </trkpt>
      <trkpt lat="31.837281581323865" lon="34.99810659487534">
        <ele>0</ele>
        <time>2026-02-26T22:21:31.252Z</time>
      </trkpt>
      <trkpt lat="31.837281581323865" lon="34.99810659487534">
        <ele>0</ele>
        <time>2026-02-26T22:21:32.252Z</time>
      </trkpt>
      <trkpt lat="31.837281581323865" lon="34.99810659487534">
        <ele>0</ele>
        <time>2026-02-26T22:21:33.252Z</time>
      </trkpt>
      <trkpt lat="31.837281581323865" lon="34.99810659487534">
        <ele>0</ele>
        <time>2026-02-26T22:21:34.252Z</time>
      </trkpt>
      <trkpt lat="31.837281581323865" lon="34.99810659487534">
        <ele>0</ele>
        <time>2026-02-26T22:21:35.252Z</time>
      </trkpt>
      <trkpt lat="31.837281581323865" lon="34.99810659487534">
        <ele>323</ele>
        <time>2026-02-26T22:21:36.252Z</time>
      </trkpt>
      <trkpt lat="31.8373664667522" lon="34.99807328880857">
        <ele>323</ele>
        <time>2026-02-26T22:21:37.252Z</time>
      </trkpt>
      <trkpt lat="31.8373664667522" lon="34.99807328880857">
        <ele>0</ele>
        <time>2026-02-26T22:21:38.252Z</time>
      </trkpt>
      <trkpt lat="31.8373664667522" lon="34.99807328880857">
        <ele>0</ele>
        <time>2026-02-26T22:21:39.252Z</time>
      </trkpt>
      <trkpt lat="31.8373664667522" lon="34.99807328880857">
        <ele>0</ele>
        <time>2026-02-26T22:21:40.252Z</time>
      </trkpt>
      <trkpt lat="31.8373664667522" lon="34.99807328880857">
        <ele>0</ele>
        <time>2026-02-26T22:21:41.252Z</time>
      </trkpt>
      <trkpt lat="31.8373664667522" lon="34.99807328880857">
        <ele>0</ele>
        <time>2026-02-26T22:21:42.252Z</time>
      </trkpt>
      <trkpt lat="31.8373664667522" lon="34.99807328880857">
        <ele>0</ele>
        <time>2026-02-26T22:21:43.252Z</time>
      </trkpt>
      <trkpt lat="31.8373664667522" lon="34.99807328880857">
        <ele>0</ele>
        <time>2026-02-26T22:21:44.252Z</time>
      </trkpt>
      <trkpt lat="31.8373664667522" lon="34.99807328880857">
        <ele>0</ele>
        <time>2026-02-26T22:21:45.252Z</time>
      </trkpt>
      <trkpt lat="31.8373664667522" lon="34.99807328880857">
        <ele>0</ele>
        <time>2026-02-26T22:21:46.252Z</time>
      </trkpt>
      <trkpt lat="31.8373664667522" lon="34.99807328880857">
        <ele>323</ele>
        <time>2026-02-26T22:21:47.252Z</time>
      </trkpt>
      <trkpt lat="31.83739476187722" lon="34.998149416959194">
        <ele>325.5</ele>
        <time>2026-02-26T22:21:48.252Z</time>
      </trkpt>
      <trkpt lat="31.83739476187722" lon="34.998149416959194">
        <ele>0</ele>
        <time>2026-02-26T22:21:49.252Z</time>
      </trkpt>
      <trkpt lat="31.83739476187722" lon="34.998149416959194">
        <ele>0</ele>
        <time>2026-02-26T22:21:50.252Z</time>
      </trkpt>
      <trkpt lat="31.83739476187722" lon="34.998149416959194">
        <ele>0</ele>
        <time>2026-02-26T22:21:51.252Z</time>
      </trkpt>
      <trkpt lat="31.83739476187722" lon="34.998149416959194">
        <ele>0</ele>
        <time>2026-02-26T22:21:52.252Z</time>
      </trkpt>
      <trkpt lat="31.83739476187722" lon="34.998149416959194">
        <ele>0</ele>
        <time>2026-02-26T22:21:53.252Z</time>
      </trkpt>
      <trkpt lat="31.83739476187722" lon="34.998149416959194">
        <ele>0</ele>
        <time>2026-02-26T22:21:54.252Z</time>
      </trkpt>
      <trkpt lat="31.83739476187722" lon="34.998149416959194">
        <ele>0</ele>
        <time>2026-02-26T22:21:55.252Z</time>
      </trkpt>
      <trkpt lat="31.83739476187722" lon="34.998149416959194">
        <ele>0</ele>
        <time>2026-02-26T22:21:56.252Z</time>
      </trkpt>
      <trkpt lat="31.83739476187722" lon="34.998149416959194">
        <ele>0</ele>
        <time>2026-02-26T22:21:57.252Z</time>
      </trkpt>
      <trkpt lat="31.83739476187722" lon="34.998149416959194">
        <ele>325.5</ele>
        <time>2026-02-26T22:21:58.252Z</time>
      </trkpt>
      <trkpt lat="31.83739476187722" lon="34.99831118927733">
        <ele>325.5</ele>
        <time>2026-02-26T22:21:59.252Z</time>
      </trkpt>
      <trkpt lat="31.83739476187722" lon="34.99831118927733">
        <ele>0</ele>
        <time>2026-02-26T22:22:00.252Z</time>
      </trkpt>
      <trkpt lat="31.83739476187722" lon="34.99831118927733">
        <ele>0</ele>
        <time>2026-02-26T22:22:01.252Z</time>
      </trkpt>
      <trkpt lat="31.83739476187722" lon="34.99831118927733">
        <ele>0</ele>
        <time>2026-02-26T22:22:02.252Z</time>
      </trkpt>
      <trkpt lat="31.83739476187722" lon="34.99831118927733">
        <ele>0</ele>
        <time>2026-02-26T22:22:03.252Z</time>
      </trkpt>
      <trkpt lat="31.83739476187722" lon="34.99831118927733">
        <ele>0</ele>
        <time>2026-02-26T22:22:04.252Z</time>
      </trkpt>
      <trkpt lat="31.83739476187722" lon="34.99831118927733">
        <ele>0</ele>
        <time>2026-02-26T22:22:05.252Z</time>
      </trkpt>
      <trkpt lat="31.83739476187722" lon="34.99831118927733">
        <ele>325.5</ele>
        <time>2026-02-26T22:22:06.252Z</time>
      </trkpt>
      <trkpt lat="31.83739476187722" lon="34.99831118927733">
        <ele>0</ele>
        <time>2026-02-26T22:22:07.252Z</time>
      </trkpt>
      <trkpt lat="31.83739476187722" lon="34.99831118927733">
        <ele>0</ele>
        <time>2026-02-26T22:22:08.252Z</time>
      </trkpt>
      <trkpt lat="31.83739476187722" lon="34.99831118927733">
        <ele>0</ele>
        <time>2026-02-26T22:22:09.252Z</time>
      </trkpt>
      <trkpt lat="31.83739476187722" lon="34.99843965553029">
        <ele>325.5</ele>
        <time>2026-02-26T22:22:10.252Z</time>
      </trkpt>
      <trkpt lat="31.83739476187722" lon="34.99843965553029">
        <ele>0</ele>
        <time>2026-02-26T22:22:11.252Z</time>
      </trkpt>
      <trkpt lat="31.83739476187722" lon="34.99843965553029">
        <ele>0</ele>
        <time>2026-02-26T22:22:12.252Z</time>
      </trkpt>
      <trkpt lat="31.83739476187722" lon="34.99843965553029">
        <ele>0</ele>
        <time>2026-02-26T22:22:13.252Z</time>
      </trkpt>
      <trkpt lat="31.83739476187722" lon="34.99843965553029">
        <ele>0</ele>
        <time>2026-02-26T22:22:14.252Z</time>
      </trkpt>
      <trkpt lat="31.83739476187722" lon="34.99843965553029">
        <ele>0</ele>
        <time>2026-02-26T22:22:15.252Z</time>
      </trkpt>
      <trkpt lat="31.83739476187722" lon="34.99843965553029">
        <ele>0</ele>
        <time>2026-02-26T22:22:16.252Z</time>
      </trkpt>
      <trkpt lat="31.83739476187722" lon="34.99843965553029">
        <ele>325.5</ele>
        <time>2026-02-26T22:22:17.252Z</time>
      </trkpt>
      <trkpt lat="31.83741497267546" lon="34.99869183002693">
        <ele>328</ele>
        <time>2026-02-26T22:22:18.252Z</time>
      </trkpt>
      <trkpt lat="31.83741497267546" lon="34.99869183002693">
        <ele>0</ele>
        <time>2026-02-26T22:22:19.252Z</time>
      </trkpt>
      <trkpt lat="31.83741497267546" lon="34.99869183002693">
        <ele>0</ele>
        <time>2026-02-26T22:22:20.252Z</time>
      </trkpt>
      <trkpt lat="31.83741497267546" lon="34.99869183002693">
        <ele>0</ele>
        <time>2026-02-26T22:22:21.252Z</time>
      </trkpt>
      <trkpt lat="31.83741497267546" lon="34.99869183002693">
        <ele>0</ele>
        <time>2026-02-26T22:22:22.252Z</time>
      </trkpt>
      <trkpt lat="31.83741497267546" lon="34.99869183002693">
        <ele>0</ele>
        <time>2026-02-26T22:22:23.252Z</time>
      </trkpt>
      <trkpt lat="31.83741497267546" lon="34.99869183002693">
        <ele>0</ele>
        <time>2026-02-26T22:22:24.252Z</time>
      </trkpt>
      <trkpt lat="31.83741497267546" lon="34.99869183002693">
        <ele>0</ele>
        <time>2026-02-26T22:22:25.252Z</time>
      </trkpt>
      <trkpt lat="31.83741497267546" lon="34.99869183002693">
        <ele>0</ele>
        <time>2026-02-26T22:22:26.252Z</time>
      </trkpt>
      <trkpt lat="31.83741497267546" lon="34.99869183002693">
        <ele>0</ele>
        <time>2026-02-26T22:22:27.252Z</time>
      </trkpt>
      <trkpt lat="31.83741497267546" lon="34.99869183002693">
        <ele>328</ele>
        <time>2026-02-26T22:22:28.252Z</time>
      </trkpt>
      <trkpt lat="31.837435183469935" lon="34.998853602345065">
        <ele>328</ele>
        <time>2026-02-26T22:22:29.252Z</time>
      </trkpt>
      <trkpt lat="31.837435183469935" lon="34.998853602345065">
        <ele>0</ele>
        <time>2026-02-26T22:22:30.252Z</time>
      </trkpt>
      <trkpt lat="31.837435183469935" lon="34.998853602345065">
        <ele>0</ele>
        <time>2026-02-26T22:22:31.252Z</time>
      </trkpt>
      <trkpt lat="31.837435183469935" lon="34.998853602345065">
        <ele>0</ele>
        <time>2026-02-26T22:22:32.252Z</time>
      </trkpt>
      <trkpt lat="31.837435183469935" lon="34.998853602345065">
        <ele>0</ele>
        <time>2026-02-26T22:22:33.252Z</time>
      </trkpt>
      <trkpt lat="31.837435183469935" lon="34.998853602345065">
        <ele>0</ele>
        <time>2026-02-26T22:22:34.252Z</time>
      </trkpt>
      <trkpt lat="31.837435183469935" lon="34.998853602345065">
        <ele>0</ele>
        <time>2026-02-26T22:22:35.252Z</time>
      </trkpt>
      <trkpt lat="31.837435183469935" lon="34.998853602345065">
        <ele>0</ele>
        <time>2026-02-26T22:22:36.252Z</time>
      </trkpt>
      <trkpt lat="31.837435183469935" lon="34.998853602345065">
        <ele>0</ele>
        <time>2026-02-26T22:22:37.252Z</time>
      </trkpt>
      <trkpt lat="31.837435183469935" lon="34.998853602345065">
        <ele>0</ele>
        <time>2026-02-26T22:22:38.252Z</time>
      </trkpt>
      <trkpt lat="31.837435183469935" lon="34.998853602345065">
        <ele>328</ele>
        <time>2026-02-26T22:22:39.252Z</time>
      </trkpt>
      <trkpt lat="31.837514013533863" lon="34.999230402104615">
        <ele>328</ele>
        <time>2026-02-26T22:22:40.252Z</time>
      </trkpt>
      <trkpt lat="31.837514013533863" lon="34.999230402104615">
        <ele>0</ele>
        <time>2026-02-26T22:22:41.252Z</time>
      </trkpt>
      <trkpt lat="31.837514013533863" lon="34.999230402104615">
        <ele>0</ele>
        <time>2026-02-26T22:22:42.252Z</time>
      </trkpt>
      <trkpt lat="31.837514013533863" lon="34.999230402104615">
        <ele>0</ele>
        <time>2026-02-26T22:22:43.252Z</time>
      </trkpt>
      <trkpt lat="31.837514013533863" lon="34.999230402104615">
        <ele>0</ele>
        <time>2026-02-26T22:22:44.252Z</time>
      </trkpt>
      <trkpt lat="31.837514013533863" lon="34.999230402104615">
        <ele>0</ele>
        <time>2026-02-26T22:22:45.252Z</time>
      </trkpt>
      <trkpt lat="31.837514013533863" lon="34.999230402104615">
        <ele>0</ele>
        <time>2026-02-26T22:22:46.252Z</time>
      </trkpt>
      <trkpt lat="31.837514013533863" lon="34.999230402104615">
        <ele>0</ele>
        <time>2026-02-26T22:22:47.252Z</time>
      </trkpt>
      <trkpt lat="31.837514013533863" lon="34.999230402104615">
        <ele>0</ele>
        <time>2026-02-26T22:22:48.252Z</time>
      </trkpt>
      <trkpt lat="31.837514013533863" lon="34.999230402104615">
        <ele>0</ele>
        <time>2026-02-26T22:22:49.252Z</time>
      </trkpt>
      <trkpt lat="31.837514013533863" lon="34.999230402104615">
        <ele>328</ele>
        <time>2026-02-26T22:22:50.252Z</time>
      </trkpt>
      <trkpt lat="31.837523261430817" lon="34.99929571615232">
        <ele>328</ele>
        <time>2026-02-26T22:22:51.252Z</time>
      </trkpt>
      <trkpt lat="31.837523261430817" lon="34.99929571615232">
        <ele>0</ele>
        <time>2026-02-26T22:22:52.252Z</time>
      </trkpt>
      <trkpt lat="31.837523261430817" lon="34.99929571615232">
        <ele>0</ele>
        <time>2026-02-26T22:22:53.252Z</time>
      </trkpt>
      <trkpt lat="31.837523261430817" lon="34.99929571615232">
        <ele>0</ele>
        <time>2026-02-26T22:22:54.252Z</time>
      </trkpt>
      <trkpt lat="31.837523261430817" lon="34.99929571615232">
        <ele>0</ele>
        <time>2026-02-26T22:22:55.252Z</time>
      </trkpt>
      <trkpt lat="31.837523261430817" lon="34.99929571615232">
        <ele>0</ele>
        <time>2026-02-26T22:22:56.252Z</time>
      </trkpt>
      <trkpt lat="31.837523261430817" lon="34.99929571615232">
        <ele>0</ele>
        <time>2026-02-26T22:22:57.252Z</time>
      </trkpt>
      <trkpt lat="31.837523261430817" lon="34.99929571615232">
        <ele>0</ele>
        <time>2026-02-26T22:22:58.252Z</time>
      </trkpt>
      <trkpt lat="31.837523261430817" lon="34.99929571615232">
        <ele>0</ele>
        <time>2026-02-26T22:22:59.252Z</time>
      </trkpt>
      <trkpt lat="31.837523261430817" lon="34.99929571615232">
        <ele>0</ele>
        <time>2026-02-26T22:23:00.252Z</time>
      </trkpt>
      <trkpt lat="31.837523261430817" lon="34.99929571615232">
        <ele>328</ele>
        <time>2026-02-26T22:23:01.252Z</time>
      </trkpt>
      <trkpt lat="31.837535591958584" lon="34.999344701688415">
        <ele>328</ele>
        <time>2026-02-26T22:23:02.252Z</time>
      </trkpt>
      <trkpt lat="31.837535591958584" lon="34.999344701688415">
        <ele>0</ele>
        <time>2026-02-26T22:23:03.252Z</time>
      </trkpt>
      <trkpt lat="31.837535591958584" lon="34.999344701688415">
        <ele>0</ele>
        <time>2026-02-26T22:23:04.252Z</time>
      </trkpt>
      <trkpt lat="31.837535591958584" lon="34.999344701688415">
        <ele>0</ele>
        <time>2026-02-26T22:23:05.252Z</time>
      </trkpt>
      <trkpt lat="31.837535591958584" lon="34.999344701688415">
        <ele>0</ele>
        <time>2026-02-26T22:23:06.252Z</time>
      </trkpt>
      <trkpt lat="31.837535591958584" lon="34.999344701688415">
        <ele>0</ele>
        <time>2026-02-26T22:23:07.252Z</time>
      </trkpt>
      <trkpt lat="31.837535591958584" lon="34.999344701688415">
        <ele>0</ele>
        <time>2026-02-26T22:23:08.252Z</time>
      </trkpt>
      <trkpt lat="31.837535591958584" lon="34.999344701688415">
        <ele>0</ele>
        <time>2026-02-26T22:23:09.252Z</time>
      </trkpt>
      <trkpt lat="31.837535591958584" lon="34.999344701688415">
        <ele>0</ele>
        <time>2026-02-26T22:23:10.252Z</time>
      </trkpt>
      <trkpt lat="31.837535591958584" lon="34.999344701688415">
        <ele>0</ele>
        <time>2026-02-26T22:23:11.252Z</time>
      </trkpt>
      <trkpt lat="31.837535591958584" lon="34.999344701688415">
        <ele>328</ele>
        <time>2026-02-26T22:23:12.252Z</time>
      </trkpt>
      <trkpt lat="31.8375556290637" lon="34.999420901409366">
        <ele>328</ele>
        <time>2026-02-26T22:23:13.252Z</time>
      </trkpt>
      <trkpt lat="31.8375556290637" lon="34.999420901409366">
        <ele>0</ele>
        <time>2026-02-26T22:23:14.252Z</time>
      </trkpt>
      <trkpt lat="31.8375556290637" lon="34.999420901409366">
        <ele>0</ele>
        <time>2026-02-26T22:23:15.252Z</time>
      </trkpt>
      <trkpt lat="31.8375556290637" lon="34.999420901409366">
        <ele>0</ele>
        <time>2026-02-26T22:23:16.252Z</time>
      </trkpt>
      <trkpt lat="31.8375556290637" lon="34.999420901409366">
        <ele>0</ele>
        <time>2026-02-26T22:23:17.252Z</time>
      </trkpt>
      <trkpt lat="31.8375556290637" lon="34.999420901409366">
        <ele>0</ele>
        <time>2026-02-26T22:23:18.252Z</time>
      </trkpt>
      <trkpt lat="31.8375556290637" lon="34.999420901409366">
        <ele>0</ele>
        <time>2026-02-26T22:23:19.252Z</time>
      </trkpt>
      <trkpt lat="31.8375556290637" lon="34.999420901409366">
        <ele>0</ele>
        <time>2026-02-26T22:23:20.252Z</time>
      </trkpt>
      <trkpt lat="31.8375556290637" lon="34.999420901409366">
        <ele>0</ele>
        <time>2026-02-26T22:23:21.252Z</time>
      </trkpt>
      <trkpt lat="31.8375556290637" lon="34.999420901409366">
        <ele>0</ele>
        <time>2026-02-26T22:23:22.252Z</time>
      </trkpt>
      <trkpt lat="31.8375556290637" lon="34.999420901409366">
        <ele>328</ele>
        <time>2026-02-26T22:23:23.252Z</time>
      </trkpt>
      <trkpt lat="31.83758337273919" lon="34.99950798680598">
        <ele>317</ele>
        <time>2026-02-26T22:23:24.252Z</time>
      </trkpt>
      <trkpt lat="31.83758337273919" lon="34.99950798680598">
        <ele>0</ele>
        <time>2026-02-26T22:23:25.252Z</time>
      </trkpt>
      <trkpt lat="31.83758337273919" lon="34.99950798680598">
        <ele>0</ele>
        <time>2026-02-26T22:23:26.252Z</time>
      </trkpt>
      <trkpt lat="31.83758337273919" lon="34.99950798680598">
        <ele>0</ele>
        <time>2026-02-26T22:23:27.252Z</time>
      </trkpt>
      <trkpt lat="31.83758337273919" lon="34.99950798680598">
        <ele>0</ele>
        <time>2026-02-26T22:23:28.252Z</time>
      </trkpt>
      <trkpt lat="31.83758337273919" lon="34.99950798680598">
        <ele>0</ele>
        <time>2026-02-26T22:23:29.252Z</time>
      </trkpt>
      <trkpt lat="31.83758337273919" lon="34.99950798680598">
        <ele>0</ele>
        <time>2026-02-26T22:23:30.252Z</time>
      </trkpt>
      <trkpt lat="31.83758337273919" lon="34.99950798680598">
        <ele>0</ele>
        <time>2026-02-26T22:23:31.252Z</time>
      </trkpt>
      <trkpt lat="31.83758337273919" lon="34.99950798680598">
        <ele>0</ele>
        <time>2026-02-26T22:23:32.252Z</time>
      </trkpt>
      <trkpt lat="31.83758337273919" lon="34.99950798680598">
        <ele>0</ele>
        <time>2026-02-26T22:23:33.252Z</time>
      </trkpt>
      <trkpt lat="31.83758337273919" lon="34.99950798680598">
        <ele>317</ele>
        <time>2026-02-26T22:23:34.252Z</time>
      </trkpt>
      <trkpt lat="31.837604951147696" lon="34.99958418652807">
        <ele>317</ele>
        <time>2026-02-26T22:23:35.252Z</time>
      </trkpt>
      <trkpt lat="31.837604951147696" lon="34.99958418652807">
        <ele>0</ele>
        <time>2026-02-26T22:23:36.252Z</time>
      </trkpt>
      <trkpt lat="31.837604951147696" lon="34.99958418652807">
        <ele>0</ele>
        <time>2026-02-26T22:23:37.252Z</time>
      </trkpt>
      <trkpt lat="31.837604951147696" lon="34.99958418652807">
        <ele>0</ele>
        <time>2026-02-26T22:23:38.252Z</time>
      </trkpt>
      <trkpt lat="31.837604951147696" lon="34.99958418652807">
        <ele>0</ele>
        <time>2026-02-26T22:23:39.252Z</time>
      </trkpt>
      <trkpt lat="31.837604951147696" lon="34.99958418652807">
        <ele>0</ele>
        <time>2026-02-26T22:23:40.252Z</time>
      </trkpt>
      <trkpt lat="31.837604951147696" lon="34.99958418652807">
        <ele>0</ele>
        <time>2026-02-26T22:23:41.252Z</time>
      </trkpt>
      <trkpt lat="31.837604951147696" lon="34.99958418652807">
        <ele>317</ele>
        <time>2026-02-26T22:23:42.252Z</time>
      </trkpt>
      <trkpt lat="31.837604951147696" lon="34.99958418652807">
        <ele>0</ele>
        <time>2026-02-26T22:23:43.252Z</time>
      </trkpt>
      <trkpt lat="31.837604951147696" lon="34.99958418652807">
        <ele>0</ele>
        <time>2026-02-26T22:23:44.252Z</time>
      </trkpt>
      <trkpt lat="31.837604951147696" lon="34.99958418652807">
        <ele>0</ele>
        <time>2026-02-26T22:23:45.252Z</time>
      </trkpt>
      <trkpt lat="31.837628070866486" lon="34.999642243459476">
        <ele>317</ele>
        <time>2026-02-26T22:23:46.252Z</time>
      </trkpt>
      <trkpt lat="31.837628070866486" lon="34.999642243459476">
        <ele>0</ele>
        <time>2026-02-26T22:23:47.252Z</time>
      </trkpt>
      <trkpt lat="31.837628070866486" lon="34.999642243459476">
        <ele>0</ele>
        <time>2026-02-26T22:23:48.252Z</time>
      </trkpt>
      <trkpt lat="31.837628070866486" lon="34.999642243459476">
        <ele>0</ele>
        <time>2026-02-26T22:23:49.252Z</time>
      </trkpt>
      <trkpt lat="31.837628070866486" lon="34.999642243459476">
        <ele>0</ele>
        <time>2026-02-26T22:23:50.252Z</time>
      </trkpt>
      <trkpt lat="31.837628070866486" lon="34.999642243459476">
        <ele>0</ele>
        <time>2026-02-26T22:23:51.252Z</time>
      </trkpt>
      <trkpt lat="31.837628070866486" lon="34.999642243459476">
        <ele>0</ele>
        <time>2026-02-26T22:23:52.252Z</time>
      </trkpt>
      <trkpt lat="31.837628070866486" lon="34.999642243459476">
        <ele>317</ele>
        <time>2026-02-26T22:23:53.252Z</time>
      </trkpt>
      <trkpt lat="31.837638860066136" lon="34.999689414715334">
        <ele>317</ele>
        <time>2026-02-26T22:23:54.252Z</time>
      </trkpt>
      <trkpt lat="31.837638860066136" lon="34.999689414715334">
        <ele>0</ele>
        <time>2026-02-26T22:23:55.252Z</time>
      </trkpt>
      <trkpt lat="31.837638860066136" lon="34.999689414715334">
        <ele>0</ele>
        <time>2026-02-26T22:23:56.252Z</time>
      </trkpt>
      <trkpt lat="31.837638860066136" lon="34.999689414715334">
        <ele>0</ele>
        <time>2026-02-26T22:23:57.252Z</time>
      </trkpt>
      <trkpt lat="31.837638860066136" lon="34.999689414715334">
        <ele>0</ele>
        <time>2026-02-26T22:23:58.252Z</time>
      </trkpt>
      <trkpt lat="31.837638860066136" lon="34.999689414715334">
        <ele>0</ele>
        <time>2026-02-26T22:23:59.252Z</time>
      </trkpt>
      <trkpt lat="31.837638860066136" lon="34.999689414715334">
        <ele>0</ele>
        <time>2026-02-26T22:24:00.252Z</time>
      </trkpt>
      <trkpt lat="31.837638860066136" lon="34.999689414715334">
        <ele>0</ele>
        <time>2026-02-26T22:24:01.252Z</time>
      </trkpt>
      <trkpt lat="31.837638860066136" lon="34.999689414715334">
        <ele>0</ele>
        <time>2026-02-26T22:24:02.252Z</time>
      </trkpt>
      <trkpt lat="31.837638860066136" lon="34.999689414715334">
        <ele>0</ele>
        <time>2026-02-26T22:24:03.252Z</time>
      </trkpt>
      <trkpt lat="31.837638860066136" lon="34.999689414715334">
        <ele>317</ele>
        <time>2026-02-26T22:24:04.252Z</time>
      </trkpt>
      <trkpt lat="31.837648107950514" lon="34.99972932885606">
        <ele>317</ele>
        <time>2026-02-26T22:24:05.252Z</time>
      </trkpt>
      <trkpt lat="31.837648107950514" lon="34.99972932885606">
        <ele>0</ele>
        <time>2026-02-26T22:24:06.252Z</time>
      </trkpt>
      <trkpt lat="31.837648107950514" lon="34.99972932885606">
        <ele>0</ele>
        <time>2026-02-26T22:24:07.252Z</time>
      </trkpt>
      <trkpt lat="31.837648107950514" lon="34.99972932885606">
        <ele>0</ele>
        <time>2026-02-26T22:24:08.252Z</time>
      </trkpt>
      <trkpt lat="31.837648107950514" lon="34.99972932885606">
        <ele>0</ele>
        <time>2026-02-26T22:24:09.252Z</time>
      </trkpt>
      <trkpt lat="31.837648107950514" lon="34.99972932885606">
        <ele>0</ele>
        <time>2026-02-26T22:24:10.252Z</time>
      </trkpt>
      <trkpt lat="31.837648107950514" lon="34.99972932885606">
        <ele>0</ele>
        <time>2026-02-26T22:24:11.252Z</time>
      </trkpt>
      <trkpt lat="31.837648107950514" lon="34.99972932885606">
        <ele>0</ele>
        <time>2026-02-26T22:24:12.252Z</time>
      </trkpt>
      <trkpt lat="31.837648107950514" lon="34.99972932885606">
        <ele>0</ele>
        <time>2026-02-26T22:24:13.252Z</time>
      </trkpt>
      <trkpt lat="31.837648107950514" lon="34.99972932885606">
        <ele>0</ele>
        <time>2026-02-26T22:24:14.252Z</time>
      </trkpt>
      <trkpt lat="31.837648107950514" lon="34.99972932885606">
        <ele>317</ele>
        <time>2026-02-26T22:24:15.252Z</time>
      </trkpt>
      <trkpt lat="31.837661979775405" lon="34.99985451411311">
        <ele>306</ele>
        <time>2026-02-26T22:24:16.252Z</time>
      </trkpt>
      <trkpt lat="31.837661979775405" lon="34.99985451411311">
        <ele>0</ele>
        <time>2026-02-26T22:24:17.252Z</time>
      </trkpt>
      <trkpt lat="31.837661979775405" lon="34.99985451411311">
        <ele>0</ele>
        <time>2026-02-26T22:24:18.252Z</time>
      </trkpt>
      <trkpt lat="31.837661979775405" lon="34.99985451411311">
        <ele>0</ele>
        <time>2026-02-26T22:24:19.252Z</time>
      </trkpt>
      <trkpt lat="31.837661979775405" lon="34.99985451411311">
        <ele>0</ele>
        <time>2026-02-26T22:24:20.252Z</time>
      </trkpt>
      <trkpt lat="31.837661979775405" lon="34.99985451411311">
        <ele>0</ele>
        <time>2026-02-26T22:24:21.252Z</time>
      </trkpt>
      <trkpt lat="31.837661979775405" lon="34.99985451411311">
        <ele>0</ele>
        <time>2026-02-26T22:24:22.252Z</time>
      </trkpt>
      <trkpt lat="31.837661979775405" lon="34.99985451411311">
        <ele>0</ele>
        <time>2026-02-26T22:24:23.252Z</time>
      </trkpt>
      <trkpt lat="31.837661979775405" lon="34.99985451411311">
        <ele>0</ele>
        <time>2026-02-26T22:24:24.252Z</time>
      </trkpt>
      <trkpt lat="31.837661979775405" lon="34.99985451411311">
        <ele>0</ele>
        <time>2026-02-26T22:24:25.252Z</time>
      </trkpt>
      <trkpt lat="31.837661979775405" lon="34.99985451411311">
        <ele>306</ele>
        <time>2026-02-26T22:24:26.252Z</time>
      </trkpt>
      <trkpt lat="31.83766506240285" lon="34.99994522806776">
        <ele>306</ele>
        <time>2026-02-26T22:24:27.252Z</time>
      </trkpt>
      <trkpt lat="31.83766506240285" lon="34.99994522806776">
        <ele>0</ele>
        <time>2026-02-26T22:24:28.252Z</time>
      </trkpt>
      <trkpt lat="31.83766506240285" lon="34.99994522806776">
        <ele>0</ele>
        <time>2026-02-26T22:24:29.252Z</time>
      </trkpt>
      <trkpt lat="31.83766506240285" lon="34.99994522806776">
        <ele>0</ele>
        <time>2026-02-26T22:24:30.252Z</time>
      </trkpt>
      <trkpt lat="31.83766506240285" lon="34.99994522806776">
        <ele>0</ele>
        <time>2026-02-26T22:24:31.252Z</time>
      </trkpt>
      <trkpt lat="31.83766506240285" lon="34.99994522806776">
        <ele>0</ele>
        <time>2026-02-26T22:24:32.252Z</time>
      </trkpt>
      <trkpt lat="31.83766506240285" lon="34.99994522806776">
        <ele>0</ele>
        <time>2026-02-26T22:24:33.252Z</time>
      </trkpt>
      <trkpt lat="31.83766506240285" lon="34.99994522806776">
        <ele>0</ele>
        <time>2026-02-26T22:24:34.252Z</time>
      </trkpt>
      <trkpt lat="31.83766506240285" lon="34.99994522806776">
        <ele>0</ele>
        <time>2026-02-26T22:24:35.252Z</time>
      </trkpt>
      <trkpt lat="31.83766506240285" lon="34.99994522806776">
        <ele>0</ele>
        <time>2026-02-26T22:24:36.252Z</time>
      </trkpt>
      <trkpt lat="31.83766506240285" lon="34.99994522806776">
        <ele>306</ele>
        <time>2026-02-26T22:24:37.252Z</time>
      </trkpt>
      <trkpt lat="31.837661979775405" lon="35.000032313464345">
        <ele>306</ele>
        <time>2026-02-26T22:24:38.252Z</time>
      </trkpt>
      <trkpt lat="31.837661979775405" lon="35.000032313464345">
        <ele>0</ele>
        <time>2026-02-26T22:24:39.252Z</time>
      </trkpt>
      <trkpt lat="31.837661979775405" lon="35.000032313464345">
        <ele>0</ele>
        <time>2026-02-26T22:24:40.252Z</time>
      </trkpt>
      <trkpt lat="31.837661979775405" lon="35.000032313464345">
        <ele>0</ele>
        <time>2026-02-26T22:24:41.252Z</time>
      </trkpt>
      <trkpt lat="31.837661979775405" lon="35.000032313464345">
        <ele>0</ele>
        <time>2026-02-26T22:24:42.252Z</time>
      </trkpt>
      <trkpt lat="31.837661979775405" lon="35.000032313464345">
        <ele>0</ele>
        <time>2026-02-26T22:24:43.252Z</time>
      </trkpt>
      <trkpt lat="31.837661979775405" lon="35.000032313464345">
        <ele>0</ele>
        <time>2026-02-26T22:24:44.252Z</time>
      </trkpt>
      <trkpt lat="31.837661979775405" lon="35.000032313464345">
        <ele>0</ele>
        <time>2026-02-26T22:24:45.252Z</time>
      </trkpt>
      <trkpt lat="31.837661979775405" lon="35.000032313464345">
        <ele>0</ele>
        <time>2026-02-26T22:24:46.252Z</time>
      </trkpt>
      <trkpt lat="31.837661979775405" lon="35.000032313464345">
        <ele>0</ele>
        <time>2026-02-26T22:24:47.252Z</time>
      </trkpt>
      <trkpt lat="31.837661979775405" lon="35.000032313464345">
        <ele>306</ele>
        <time>2026-02-26T22:24:48.252Z</time>
      </trkpt>
      <trkpt lat="31.837648107950514" lon="35.00005771337132">
        <ele>306</ele>
        <time>2026-02-26T22:24:49.252Z</time>
      </trkpt>
      <trkpt lat="31.837648107950514" lon="35.00005771337132">
        <ele>0</ele>
        <time>2026-02-26T22:24:50.252Z</time>
      </trkpt>
      <trkpt lat="31.837648107950514" lon="35.00005771337132">
        <ele>0</ele>
        <time>2026-02-26T22:24:51.252Z</time>
      </trkpt>
      <trkpt lat="31.837648107950514" lon="35.00005771337132">
        <ele>0</ele>
        <time>2026-02-26T22:24:52.252Z</time>
      </trkpt>
      <trkpt lat="31.837648107950514" lon="35.00005771337132">
        <ele>0</ele>
        <time>2026-02-26T22:24:53.252Z</time>
      </trkpt>
      <trkpt lat="31.837648107950514" lon="35.00005771337132">
        <ele>0</ele>
        <time>2026-02-26T22:24:54.252Z</time>
      </trkpt>
      <trkpt lat="31.837648107950514" lon="35.00005771337132">
        <ele>0</ele>
        <time>2026-02-26T22:24:55.252Z</time>
      </trkpt>
      <trkpt lat="31.837648107950514" lon="35.00005771337132">
        <ele>0</ele>
        <time>2026-02-26T22:24:56.252Z</time>
      </trkpt>
      <trkpt lat="31.837648107950514" lon="35.00005771337132">
        <ele>0</ele>
        <time>2026-02-26T22:24:57.252Z</time>
      </trkpt>
      <trkpt lat="31.837648107950514" lon="35.00005771337132">
        <ele>0</ele>
        <time>2026-02-26T22:24:58.252Z</time>
      </trkpt>
      <trkpt lat="31.837648107950514" lon="35.00005771337132">
        <ele>306</ele>
        <time>2026-02-26T22:24:59.252Z</time>
      </trkpt>
      <trkpt lat="31.83763731875196" lon="35.00009037039462">
        <ele>317</ele>
        <time>2026-02-26T22:25:00.252Z</time>
      </trkpt>
      <trkpt lat="31.83763731875196" lon="35.00009037039462">
        <ele>0</ele>
        <time>2026-02-26T22:25:01.252Z</time>
      </trkpt>
      <trkpt lat="31.83763731875196" lon="35.00009037039462">
        <ele>0</ele>
        <time>2026-02-26T22:25:02.252Z</time>
      </trkpt>
      <trkpt lat="31.83763731875196" lon="35.00009037039462">
        <ele>0</ele>
        <time>2026-02-26T22:25:03.252Z</time>
      </trkpt>
      <trkpt lat="31.83763731875196" lon="35.00009037039462">
        <ele>0</ele>
        <time>2026-02-26T22:25:04.252Z</time>
      </trkpt>
      <trkpt lat="31.83763731875196" lon="35.00009037039462">
        <ele>0</ele>
        <time>2026-02-26T22:25:05.252Z</time>
      </trkpt>
      <trkpt lat="31.83763731875196" lon="35.00009037039462">
        <ele>0</ele>
        <time>2026-02-26T22:25:06.252Z</time>
      </trkpt>
      <trkpt lat="31.83763731875196" lon="35.00009037039462">
        <ele>0</ele>
        <time>2026-02-26T22:25:07.252Z</time>
      </trkpt>
      <trkpt lat="31.83763731875196" lon="35.00009037039462">
        <ele>0</ele>
        <time>2026-02-26T22:25:08.252Z</time>
      </trkpt>
      <trkpt lat="31.83763731875196" lon="35.00009037039462">
        <ele>0</ele>
        <time>2026-02-26T22:25:09.252Z</time>
      </trkpt>
      <trkpt lat="31.83763731875196" lon="35.00009037039462">
        <ele>317</ele>
        <time>2026-02-26T22:25:10.252Z</time>
      </trkpt>
      <trkpt lat="31.837624988237778" lon="35.00013028453532">
        <ele>317</ele>
        <time>2026-02-26T22:25:11.252Z</time>
      </trkpt>
      <trkpt lat="31.837624988237778" lon="35.00013028453532">
        <ele>0</ele>
        <time>2026-02-26T22:25:12.252Z</time>
      </trkpt>
      <trkpt lat="31.837624988237778" lon="35.00013028453532">
        <ele>0</ele>
        <time>2026-02-26T22:25:13.252Z</time>
      </trkpt>
      <trkpt lat="31.837624988237778" lon="35.00013028453532">
        <ele>0</ele>
        <time>2026-02-26T22:25:14.252Z</time>
      </trkpt>
      <trkpt lat="31.837624988237778" lon="35.00013028453532">
        <ele>0</ele>
        <time>2026-02-26T22:25:15.252Z</time>
      </trkpt>
      <trkpt lat="31.837624988237778" lon="35.00013028453532">
        <ele>0</ele>
        <time>2026-02-26T22:25:16.252Z</time>
      </trkpt>
      <trkpt lat="31.837624988237778" lon="35.00013028453532">
        <ele>0</ele>
        <time>2026-02-26T22:25:17.252Z</time>
      </trkpt>
      <trkpt lat="31.837624988237778" lon="35.00013028453532">
        <ele>317</ele>
        <time>2026-02-26T22:25:18.252Z</time>
      </trkpt>
      <trkpt lat="31.837624988237778" lon="35.00013028453532">
        <ele>0</ele>
        <time>2026-02-26T22:25:19.252Z</time>
      </trkpt>
      <trkpt lat="31.837624988237778" lon="35.00013028453532">
        <ele>0</ele>
        <time>2026-02-26T22:25:20.252Z</time>
      </trkpt>
      <trkpt lat="31.837624988237778" lon="35.00013028453532">
        <ele>0</ele>
        <time>2026-02-26T22:25:21.252Z</time>
      </trkpt>
      <trkpt lat="31.837611116406336" lon="35.00015931300047">
        <ele>317</ele>
        <time>2026-02-26T22:25:22.252Z</time>
      </trkpt>
      <trkpt lat="31.837611116406336" lon="35.00015931300047">
        <ele>0</ele>
        <time>2026-02-26T22:25:23.252Z</time>
      </trkpt>
      <trkpt lat="31.837611116406336" lon="35.00015931300047">
        <ele>0</ele>
        <time>2026-02-26T22:25:24.252Z</time>
      </trkpt>
      <trkpt lat="31.837611116406336" lon="35.00015931300047">
        <ele>0</ele>
        <time>2026-02-26T22:25:25.252Z</time>
      </trkpt>
      <trkpt lat="31.837611116406336" lon="35.00015931300047">
        <ele>0</ele>
        <time>2026-02-26T22:25:26.252Z</time>
      </trkpt>
      <trkpt lat="31.837611116406336" lon="35.00015931300047">
        <ele>0</ele>
        <time>2026-02-26T22:25:27.252Z</time>
      </trkpt>
      <trkpt lat="31.837611116406336" lon="35.00015931300047">
        <ele>0</ele>
        <time>2026-02-26T22:25:28.252Z</time>
      </trkpt>
      <trkpt lat="31.837611116406336" lon="35.00015931300047">
        <ele>317</ele>
        <time>2026-02-26T22:25:29.252Z</time>
      </trkpt>
      <trkpt lat="31.837586455369305" lon="35.00023369844351">
        <ele>317</ele>
        <time>2026-02-26T22:25:30.252Z</time>
      </trkpt>
      <trkpt lat="31.837586455369305" lon="35.00023369844351">
        <ele>0</ele>
        <time>2026-02-26T22:25:31.252Z</time>
      </trkpt>
      <trkpt lat="31.837586455369305" lon="35.00023369844351">
        <ele>0</ele>
        <time>2026-02-26T22:25:32.252Z</time>
      </trkpt>
      <trkpt lat="31.837586455369305" lon="35.00023369844351">
        <ele>0</ele>
        <time>2026-02-26T22:25:33.252Z</time>
      </trkpt>
      <trkpt lat="31.837586455369305" lon="35.00023369844351">
        <ele>0</ele>
        <time>2026-02-26T22:25:34.252Z</time>
      </trkpt>
      <trkpt lat="31.837586455369305" lon="35.00023369844351">
        <ele>0</ele>
        <time>2026-02-26T22:25:35.252Z</time>
      </trkpt>
      <trkpt lat="31.837586455369305" lon="35.00023369844351">
        <ele>0</ele>
        <time>2026-02-26T22:25:36.252Z</time>
      </trkpt>
      <trkpt lat="31.837586455369305" lon="35.00023369844351">
        <ele>0</ele>
        <time>2026-02-26T22:25:37.252Z</time>
      </trkpt>
      <trkpt lat="31.837586455369305" lon="35.00023369844351">
        <ele>0</ele>
        <time>2026-02-26T22:25:38.252Z</time>
      </trkpt>
      <trkpt lat="31.837586455369305" lon="35.00023369844351">
        <ele>0</ele>
        <time>2026-02-26T22:25:39.252Z</time>
      </trkpt>
      <trkpt lat="31.837586455369305" lon="35.00023369844351">
        <ele>317</ele>
        <time>2026-02-26T22:25:40.252Z</time>
      </trkpt>
      <trkpt lat="31.83709451755486" lon="35.000649282977605">
        <ele>328</ele>
        <time>2026-02-26T22:25:41.252Z</time>
      </trkpt>
      <trkpt lat="31.83709451755486" lon="35.000649282977605">
        <ele>0</ele>
        <time>2026-02-26T22:25:42.252Z</time>
      </trkpt>
      <trkpt lat="31.83709451755486" lon="35.000649282977605">
        <ele>0</ele>
        <time>2026-02-26T22:25:43.252Z</time>
      </trkpt>
      <trkpt lat="31.83709451755486" lon="35.000649282977605">
        <ele>0</ele>
        <time>2026-02-26T22:25:44.252Z</time>
      </trkpt>
      <trkpt lat="31.83709451755486" lon="35.000649282977605">
        <ele>0</ele>
        <time>2026-02-26T22:25:45.252Z</time>
      </trkpt>
      <trkpt lat="31.83709451755486" lon="35.000649282977605">
        <ele>0</ele>
        <time>2026-02-26T22:25:46.252Z</time>
      </trkpt>
      <trkpt lat="31.83709451755486" lon="35.000649282977605">
        <ele>0</ele>
        <time>2026-02-26T22:25:47.252Z</time>
      </trkpt>
      <trkpt lat="31.83709451755486" lon="35.000649282977605">
        <ele>0</ele>
        <time>2026-02-26T22:25:48.252Z</time>
      </trkpt>
      <trkpt lat="31.83709451755486" lon="35.000649282977605">
        <ele>0</ele>
        <time>2026-02-26T22:25:49.252Z</time>
      </trkpt>
      <trkpt lat="31.83709451755486" lon="35.000649282977605">
        <ele>0</ele>
        <time>2026-02-26T22:25:50.252Z</time>
      </trkpt>
      <trkpt lat="31.83709451755486" lon="35.000649282977605">
        <ele>328</ele>
        <time>2026-02-26T22:25:51.252Z</time>
      </trkpt>
      <trkpt lat="31.836862403465645" lon="35.00076432266843">
        <ele>328</ele>
        <time>2026-02-26T22:25:52.252Z</time>
      </trkpt>
      <trkpt lat="31.836862403465645" lon="35.00076432266843">
        <ele>0</ele>
        <time>2026-02-26T22:25:53.252Z</time>
      </trkpt>
      <trkpt lat="31.836862403465645" lon="35.00076432266843">
        <ele>0</ele>
        <time>2026-02-26T22:25:54.252Z</time>
      </trkpt>
      <trkpt lat="31.836862403465645" lon="35.00076432266843">
        <ele>0</ele>
        <time>2026-02-26T22:25:55.252Z</time>
      </trkpt>
      <trkpt lat="31.836862403465645" lon="35.00076432266843">
        <ele>0</ele>
        <time>2026-02-26T22:25:56.252Z</time>
      </trkpt>
      <trkpt lat="31.836862403465645" lon="35.00076432266843">
        <ele>0</ele>
        <time>2026-02-26T22:25:57.252Z</time>
      </trkpt>
      <trkpt lat="31.836862403465645" lon="35.00076432266843">
        <ele>0</ele>
        <time>2026-02-26T22:25:58.252Z</time>
      </trkpt>
      <trkpt lat="31.836862403465645" lon="35.00076432266843">
        <ele>0</ele>
        <time>2026-02-26T22:25:59.252Z</time>
      </trkpt>
      <trkpt lat="31.836862403465645" lon="35.00076432266843">
        <ele>0</ele>
        <time>2026-02-26T22:26:00.252Z</time>
      </trkpt>
      <trkpt lat="31.836862403465645" lon="35.00076432266843">
        <ele>0</ele>
        <time>2026-02-26T22:26:01.252Z</time>
      </trkpt>
      <trkpt lat="31.836862403465645" lon="35.00076432266843">
        <ele>328</ele>
        <time>2026-02-26T22:26:02.252Z</time>
      </trkpt>
      <trkpt lat="31.83659974734411" lon="35.00087217237862">
        <ele>330</ele>
        <time>2026-02-26T22:26:03.252Z</time>
      </trkpt>
      <trkpt lat="31.83659974734411" lon="35.00087217237862">
        <ele>0</ele>
        <time>2026-02-26T22:26:04.252Z</time>
      </trkpt>
      <trkpt lat="31.83659974734411" lon="35.00087217237862">
        <ele>0</ele>
        <time>2026-02-26T22:26:05.252Z</time>
      </trkpt>
      <trkpt lat="31.83659974734411" lon="35.00087217237862">
        <ele>0</ele>
        <time>2026-02-26T22:26:06.252Z</time>
      </trkpt>
      <trkpt lat="31.83659974734411" lon="35.00087217237862">
        <ele>0</ele>
        <time>2026-02-26T22:26:07.252Z</time>
      </trkpt>
      <trkpt lat="31.83659974734411" lon="35.00087217237862">
        <ele>0</ele>
        <time>2026-02-26T22:26:08.252Z</time>
      </trkpt>
      <trkpt lat="31.83659974734411" lon="35.00087217237862">
        <ele>0</ele>
        <time>2026-02-26T22:26:09.252Z</time>
      </trkpt>
      <trkpt lat="31.83659974734411" lon="35.00087217237862">
        <ele>0</ele>
        <time>2026-02-26T22:26:10.252Z</time>
      </trkpt>
      <trkpt lat="31.83659974734411" lon="35.00087217237862">
        <ele>0</ele>
        <time>2026-02-26T22:26:11.252Z</time>
      </trkpt>
      <trkpt lat="31.83659974734411" lon="35.00087217237862">
        <ele>0</ele>
        <time>2026-02-26T22:26:12.252Z</time>
      </trkpt>
      <trkpt lat="31.83659974734411" lon="35.00087217237862">
        <ele>330</ele>
        <time>2026-02-26T22:26:13.252Z</time>
      </trkpt>
      <trkpt lat="31.836346956157357" lon="35.00101964806291">
        <ele>328</ele>
        <time>2026-02-26T22:26:14.252Z</time>
      </trkpt>
      <trkpt lat="31.836346956157357" lon="35.00101964806291">
        <ele>0</ele>
        <time>2026-02-26T22:26:15.252Z</time>
      </trkpt>
      <trkpt lat="31.836346956157357" lon="35.00101964806291">
        <ele>0</ele>
        <time>2026-02-26T22:26:16.252Z</time>
      </trkpt>
      <trkpt lat="31.836346956157357" lon="35.00101964806291">
        <ele>0</ele>
        <time>2026-02-26T22:26:17.252Z</time>
      </trkpt>
      <trkpt lat="31.836346956157357" lon="35.00101964806291">
        <ele>0</ele>
        <time>2026-02-26T22:26:18.252Z</time>
      </trkpt>
      <trkpt lat="31.836346956157357" lon="35.00101964806291">
        <ele>0</ele>
        <time>2026-02-26T22:26:19.252Z</time>
      </trkpt>
      <trkpt lat="31.836346956157357" lon="35.00101964806291">
        <ele>0</ele>
        <time>2026-02-26T22:26:20.252Z</time>
      </trkpt>
      <trkpt lat="31.836346956157357" lon="35.00101964806291">
        <ele>0</ele>
        <time>2026-02-26T22:26:21.252Z</time>
      </trkpt>
      <trkpt lat="31.836346956157357" lon="35.00101964806291">
        <ele>0</ele>
        <time>2026-02-26T22:26:22.252Z</time>
      </trkpt>
      <trkpt lat="31.836346956157357" lon="35.00101964806291">
        <ele>0</ele>
        <time>2026-02-26T22:26:23.252Z</time>
      </trkpt>
      <trkpt lat="31.836346956157357" lon="35.00101964806291">
        <ele>328</ele>
        <time>2026-02-26T22:26:24.252Z</time>
      </trkpt>
      <trkpt lat="31.836174207261465" lon="35.001141320552534">
        <ele>328</ele>
        <time>2026-02-26T22:26:25.252Z</time>
      </trkpt>
      <trkpt lat="31.836174207261465" lon="35.001141320552534">
        <ele>0</ele>
        <time>2026-02-26T22:26:26.252Z</time>
      </trkpt>
      <trkpt lat="31.836174207261465" lon="35.001141320552534">
        <ele>0</ele>
        <time>2026-02-26T22:26:27.252Z</time>
      </trkpt>
      <trkpt lat="31.836174207261465" lon="35.001141320552534">
        <ele>0</ele>
        <time>2026-02-26T22:26:28.252Z</time>
      </trkpt>
      <trkpt lat="31.836174207261465" lon="35.001141320552534">
        <ele>0</ele>
        <time>2026-02-26T22:26:29.252Z</time>
      </trkpt>
      <trkpt lat="31.836174207261465" lon="35.001141320552534">
        <ele>0</ele>
        <time>2026-02-26T22:26:30.252Z</time>
      </trkpt>
      <trkpt lat="31.836174207261465" lon="35.001141320552534">
        <ele>0</ele>
        <time>2026-02-26T22:26:31.252Z</time>
      </trkpt>
      <trkpt lat="31.836174207261465" lon="35.001141320552534">
        <ele>0</ele>
        <time>2026-02-26T22:26:32.252Z</time>
      </trkpt>
      <trkpt lat="31.836174207261465" lon="35.001141320552534">
        <ele>0</ele>
        <time>2026-02-26T22:26:33.252Z</time>
      </trkpt>
      <trkpt lat="31.836174207261465" lon="35.001141320552534">
        <ele>0</ele>
        <time>2026-02-26T22:26:34.252Z</time>
      </trkpt>
      <trkpt lat="31.836174207261465" lon="35.001141320552534">
        <ele>328</ele>
        <time>2026-02-26T22:26:35.252Z</time>
      </trkpt>
      <trkpt lat="31.836091158549834" lon="35.00119791552157">
        <ele>331.5</ele>
        <time>2026-02-26T22:26:36.252Z</time>
      </trkpt>
      <trkpt lat="31.836091158549834" lon="35.00119791552157">
        <ele>0</ele>
        <time>2026-02-26T22:26:37.252Z</time>
      </trkpt>
      <trkpt lat="31.836091158549834" lon="35.00119791552157">
        <ele>0</ele>
        <time>2026-02-26T22:26:38.252Z</time>
      </trkpt>
      <trkpt lat="31.836091158549834" lon="35.00119791552157">
        <ele>0</ele>
        <time>2026-02-26T22:26:39.252Z</time>
      </trkpt>
      <trkpt lat="31.836091158549834" lon="35.00119791552157">
        <ele>0</ele>
        <time>2026-02-26T22:26:40.252Z</time>
      </trkpt>
      <trkpt lat="31.836091158549834" lon="35.00119791552157">
        <ele>0</ele>
        <time>2026-02-26T22:26:41.252Z</time>
      </trkpt>
      <trkpt lat="31.836091158549834" lon="35.00119791552157">
        <ele>0</ele>
        <time>2026-02-26T22:26:42.252Z</time>
      </trkpt>
      <trkpt lat="31.836091158549834" lon="35.00119791552157">
        <ele>0</ele>
        <time>2026-02-26T22:26:43.252Z</time>
      </trkpt>
      <trkpt lat="31.836091158549834" lon="35.00119791552157">
        <ele>0</ele>
        <time>2026-02-26T22:26:44.252Z</time>
      </trkpt>
      <trkpt lat="31.836091158549834" lon="35.00119791552157">
        <ele>0</ele>
        <time>2026-02-26T22:26:45.252Z</time>
      </trkpt>
      <trkpt lat="31.836091158549834" lon="35.00119791552157">
        <ele>331.5</ele>
        <time>2026-02-26T22:26:46.252Z</time>
      </trkpt>
      <trkpt lat="31.83595565786075" lon="35.00127766297561">
        <ele>331.5</ele>
        <time>2026-02-26T22:26:47.252Z</time>
      </trkpt>
      <trkpt lat="31.83595565786075" lon="35.00127766297561">
        <ele>0</ele>
        <time>2026-02-26T22:26:48.252Z</time>
      </trkpt>
      <trkpt lat="31.83595565786075" lon="35.00127766297561">
        <ele>0</ele>
        <time>2026-02-26T22:26:49.252Z</time>
      </trkpt>
      <trkpt lat="31.83595565786075" lon="35.00127766297561">
        <ele>0</ele>
        <time>2026-02-26T22:26:50.252Z</time>
      </trkpt>
      <trkpt lat="31.83595565786075" lon="35.00127766297561">
        <ele>0</ele>
        <time>2026-02-26T22:26:51.252Z</time>
      </trkpt>
      <trkpt lat="31.83595565786075" lon="35.00127766297561">
        <ele>0</ele>
        <time>2026-02-26T22:26:52.252Z</time>
      </trkpt>
      <trkpt lat="31.83595565786075" lon="35.00127766297561">
        <ele>0</ele>
        <time>2026-02-26T22:26:53.252Z</time>
      </trkpt>
      <trkpt lat="31.83595565786075" lon="35.00127766297561">
        <ele>331.5</ele>
        <time>2026-02-26T22:26:54.252Z</time>
      </trkpt>
      <trkpt lat="31.83595565786075" lon="35.00127766297561">
        <ele>0</ele>
        <time>2026-02-26T22:26:55.252Z</time>
      </trkpt>
      <trkpt lat="31.83595565786075" lon="35.00127766297561">
        <ele>0</ele>
        <time>2026-02-26T22:26:56.252Z</time>
      </trkpt>
      <trkpt lat="31.83595565786075" lon="35.00127766297561">
        <ele>0</ele>
        <time>2026-02-26T22:26:57.252Z</time>
      </trkpt>
      <trkpt lat="31.835863866957894" lon="35.00136255542827">
        <ele>331.5</ele>
        <time>2026-02-26T22:26:58.252Z</time>
      </trkpt>
      <trkpt lat="31.835863866957894" lon="35.00136255542827">
        <ele>0</ele>
        <time>2026-02-26T22:26:59.252Z</time>
      </trkpt>
      <trkpt lat="31.835863866957894" lon="35.00136255542827">
        <ele>0</ele>
        <time>2026-02-26T22:27:00.252Z</time>
      </trkpt>
      <trkpt lat="31.835863866957894" lon="35.00136255542827">
        <ele>0</ele>
        <time>2026-02-26T22:27:01.252Z</time>
      </trkpt>
      <trkpt lat="31.835863866957894" lon="35.00136255542827">
        <ele>0</ele>
        <time>2026-02-26T22:27:02.252Z</time>
      </trkpt>
      <trkpt lat="31.835863866957894" lon="35.00136255542827">
        <ele>0</ele>
        <time>2026-02-26T22:27:03.252Z</time>
      </trkpt>
      <trkpt lat="31.835863866957894" lon="35.00136255542827">
        <ele>0</ele>
        <time>2026-02-26T22:27:04.252Z</time>
      </trkpt>
      <trkpt lat="31.835863866957894" lon="35.00136255542827">
        <ele>331.5</ele>
        <time>2026-02-26T22:27:05.252Z</time>
      </trkpt>
      <trkpt lat="31.83577863246694" lon="35.00139857040756">
        <ele>331.5</ele>
        <time>2026-02-26T22:27:06.252Z</time>
      </trkpt>
      <trkpt lat="31.83577863246694" lon="35.00139857040756">
        <ele>0</ele>
        <time>2026-02-26T22:27:07.252Z</time>
      </trkpt>
      <trkpt lat="31.83577863246694" lon="35.00139857040756">
        <ele>0</ele>
        <time>2026-02-26T22:27:08.252Z</time>
      </trkpt>
      <trkpt lat="31.83577863246694" lon="35.00139857040756">
        <ele>0</ele>
        <time>2026-02-26T22:27:09.252Z</time>
      </trkpt>
      <trkpt lat="31.83577863246694" lon="35.00139857040756">
        <ele>0</ele>
        <time>2026-02-26T22:27:10.252Z</time>
      </trkpt>
      <trkpt lat="31.83577863246694" lon="35.00139857040756">
        <ele>0</ele>
        <time>2026-02-26T22:27:11.252Z</time>
      </trkpt>
      <trkpt lat="31.83577863246694" lon="35.00139857040756">
        <ele>0</ele>
        <time>2026-02-26T22:27:12.252Z</time>
      </trkpt>
      <trkpt lat="31.83577863246694" lon="35.00139857040756">
        <ele>0</ele>
        <time>2026-02-26T22:27:13.252Z</time>
      </trkpt>
      <trkpt lat="31.83577863246694" lon="35.00139857040756">
        <ele>0</ele>
        <time>2026-02-26T22:27:14.252Z</time>
      </trkpt>
      <trkpt lat="31.83577863246694" lon="35.00139857040756">
        <ele>0</ele>
        <time>2026-02-26T22:27:15.252Z</time>
      </trkpt>
      <trkpt lat="31.83577863246694" lon="35.00139857040756">
        <ele>331.5</ele>
        <time>2026-02-26T22:27:16.252Z</time>
      </trkpt>
      <trkpt lat="31.83568434083645" lon="35.00148654626349">
        <ele>335</ele>
        <time>2026-02-26T22:27:17.252Z</time>
      </trkpt>
      <trkpt lat="31.83568434083645" lon="35.00148654626349">
        <ele>0</ele>
        <time>2026-02-26T22:27:18.252Z</time>
      </trkpt>
      <trkpt lat="31.83568434083645" lon="35.00148654626349">
        <ele>0</ele>
        <time>2026-02-26T22:27:19.252Z</time>
      </trkpt>
      <trkpt lat="31.83568434083645" lon="35.00148654626349">
        <ele>0</ele>
        <time>2026-02-26T22:27:20.252Z</time>
      </trkpt>
      <trkpt lat="31.83568434083645" lon="35.00148654626349">
        <ele>0</ele>
        <time>2026-02-26T22:27:21.252Z</time>
      </trkpt>
      <trkpt lat="31.83568434083645" lon="35.00148654626349">
        <ele>0</ele>
        <time>2026-02-26T22:27:22.252Z</time>
      </trkpt>
      <trkpt lat="31.83568434083645" lon="35.00148654626349">
        <ele>0</ele>
        <time>2026-02-26T22:27:23.252Z</time>
      </trkpt>
      <trkpt lat="31.83568434083645" lon="35.00148654626349">
        <ele>0</ele>
        <time>2026-02-26T22:27:24.252Z</time>
      </trkpt>
      <trkpt lat="31.83568434083645" lon="35.00148654626349">
        <ele>0</ele>
        <time>2026-02-26T22:27:25.252Z</time>
      </trkpt>
      <trkpt lat="31.83568434083645" lon="35.00148654626349">
        <ele>0</ele>
        <time>2026-02-26T22:27:26.252Z</time>
      </trkpt>
      <trkpt lat="31.83568434083645" lon="35.00148654626349">
        <ele>335</ele>
        <time>2026-02-26T22:27:27.252Z</time>
      </trkpt>
      <trkpt lat="31.835588178653268" lon="35.00160230869844">
        <ele>335</ele>
        <time>2026-02-26T22:27:28.252Z</time>
      </trkpt>
      <trkpt lat="31.835588178653268" lon="35.00160230869844">
        <ele>0</ele>
        <time>2026-02-26T22:27:29.252Z</time>
      </trkpt>
      <trkpt lat="31.835588178653268" lon="35.00160230869844">
        <ele>0</ele>
        <time>2026-02-26T22:27:30.252Z</time>
      </trkpt>
      <trkpt lat="31.835588178653268" lon="35.00160230869844">
        <ele>0</ele>
        <time>2026-02-26T22:27:31.252Z</time>
      </trkpt>
      <trkpt lat="31.835588178653268" lon="35.00160230869844">
        <ele>0</ele>
        <time>2026-02-26T22:27:32.252Z</time>
      </trkpt>
      <trkpt lat="31.835588178653268" lon="35.00160230869844">
        <ele>0</ele>
        <time>2026-02-26T22:27:33.252Z</time>
      </trkpt>
      <trkpt lat="31.835588178653268" lon="35.00160230869844">
        <ele>0</ele>
        <time>2026-02-26T22:27:34.252Z</time>
      </trkpt>
      <trkpt lat="31.835588178653268" lon="35.00160230869844">
        <ele>0</ele>
        <time>2026-02-26T22:27:35.252Z</time>
      </trkpt>
      <trkpt lat="31.835588178653268" lon="35.00160230869844">
        <ele>0</ele>
        <time>2026-02-26T22:27:36.252Z</time>
      </trkpt>
      <trkpt lat="31.835588178653268" lon="35.00160230869844">
        <ele>0</ele>
        <time>2026-02-26T22:27:37.252Z</time>
      </trkpt>
      <trkpt lat="31.835588178653268" lon="35.00160230869844">
        <ele>335</ele>
        <time>2026-02-26T22:27:38.252Z</time>
      </trkpt>
      <trkpt lat="31.835387111947284" lon="35.0017206436319">
        <ele>343</ele>
        <time>2026-02-26T22:27:39.252Z</time>
      </trkpt>
      <trkpt lat="31.835387111947284" lon="35.0017206436319">
        <ele>0</ele>
        <time>2026-02-26T22:27:40.252Z</time>
      </trkpt>
      <trkpt lat="31.835387111947284" lon="35.0017206436319">
        <ele>0</ele>
        <time>2026-02-26T22:27:41.252Z</time>
      </trkpt>
      <trkpt lat="31.835387111947284" lon="35.0017206436319">
        <ele>0</ele>
        <time>2026-02-26T22:27:42.252Z</time>
      </trkpt>
      <trkpt lat="31.835387111947284" lon="35.0017206436319">
        <ele>0</ele>
        <time>2026-02-26T22:27:43.252Z</time>
      </trkpt>
      <trkpt lat="31.835387111947284" lon="35.0017206436319">
        <ele>0</ele>
        <time>2026-02-26T22:27:44.252Z</time>
      </trkpt>
      <trkpt lat="31.835387111947284" lon="35.0017206436319">
        <ele>0</ele>
        <time>2026-02-26T22:27:45.252Z</time>
      </trkpt>
      <trkpt lat="31.835387111947284" lon="35.0017206436319">
        <ele>0</ele>
        <time>2026-02-26T22:27:46.252Z</time>
      </trkpt>
      <trkpt lat="31.835387111947284" lon="35.0017206436319">
        <ele>0</ele>
        <time>2026-02-26T22:27:47.252Z</time>
      </trkpt>
      <trkpt lat="31.835387111947284" lon="35.0017206436319">
        <ele>0</ele>
        <time>2026-02-26T22:27:48.252Z</time>
      </trkpt>
      <trkpt lat="31.835387111947284" lon="35.0017206436319">
        <ele>343</ele>
        <time>2026-02-26T22:27:49.252Z</time>
      </trkpt>
      <trkpt lat="31.835186044802512" lon="35.001766948605194">
        <ele>344.5</ele>
        <time>2026-02-26T22:27:50.252Z</time>
      </trkpt>
      <trkpt lat="31.835186044802512" lon="35.001766948605194">
        <ele>0</ele>
        <time>2026-02-26T22:27:51.252Z</time>
      </trkpt>
      <trkpt lat="31.835186044802512" lon="35.001766948605194">
        <ele>0</ele>
        <time>2026-02-26T22:27:52.252Z</time>
      </trkpt>
      <trkpt lat="31.835186044802512" lon="35.001766948605194">
        <ele>0</ele>
        <time>2026-02-26T22:27:53.252Z</time>
      </trkpt>
      <trkpt lat="31.835186044802512" lon="35.001766948605194">
        <ele>0</ele>
        <time>2026-02-26T22:27:54.252Z</time>
      </trkpt>
      <trkpt lat="31.835186044802512" lon="35.001766948605194">
        <ele>0</ele>
        <time>2026-02-26T22:27:55.252Z</time>
      </trkpt>
      <trkpt lat="31.835186044802512" lon="35.001766948605194">
        <ele>0</ele>
        <time>2026-02-26T22:27:56.252Z</time>
      </trkpt>
      <trkpt lat="31.835186044802512" lon="35.001766948605194">
        <ele>0</ele>
        <time>2026-02-26T22:27:57.252Z</time>
      </trkpt>
      <trkpt lat="31.835186044802512" lon="35.001766948605194">
        <ele>0</ele>
        <time>2026-02-26T22:27:58.252Z</time>
      </trkpt>
      <trkpt lat="31.835186044802512" lon="35.001766948605194">
        <ele>0</ele>
        <time>2026-02-26T22:27:59.252Z</time>
      </trkpt>
      <trkpt lat="31.835186044802512" lon="35.001766948605194">
        <ele>344.5</ele>
        <time>2026-02-26T22:28:00.252Z</time>
      </trkpt>
      <trkpt lat="31.835127035883502" lon="35.0018441235606">
        <ele>344.5</ele>
        <time>2026-02-26T22:28:01.252Z</time>
      </trkpt>
      <trkpt lat="31.835127035883502" lon="35.0018441235606">
        <ele>0</ele>
        <time>2026-02-26T22:28:02.252Z</time>
      </trkpt>
      <trkpt lat="31.835127035883502" lon="35.0018441235606">
        <ele>0</ele>
        <time>2026-02-26T22:28:03.252Z</time>
      </trkpt>
      <trkpt lat="31.835127035883502" lon="35.0018441235606">
        <ele>0</ele>
        <time>2026-02-26T22:28:04.252Z</time>
      </trkpt>
      <trkpt lat="31.835127035883502" lon="35.0018441235606">
        <ele>0</ele>
        <time>2026-02-26T22:28:05.252Z</time>
      </trkpt>
      <trkpt lat="31.835127035883502" lon="35.0018441235606">
        <ele>0</ele>
        <time>2026-02-26T22:28:06.252Z</time>
      </trkpt>
      <trkpt lat="31.835127035883502" lon="35.0018441235606">
        <ele>0</ele>
        <time>2026-02-26T22:28:07.252Z</time>
      </trkpt>
      <trkpt lat="31.835127035883502" lon="35.0018441235606">
        <ele>0</ele>
        <time>2026-02-26T22:28:08.252Z</time>
      </trkpt>
      <trkpt lat="31.835127035883502" lon="35.0018441235606">
        <ele>0</ele>
        <time>2026-02-26T22:28:09.252Z</time>
      </trkpt>
      <trkpt lat="31.835127035883502" lon="35.0018441235606">
        <ele>0</ele>
        <time>2026-02-26T22:28:10.252Z</time>
      </trkpt>
      <trkpt lat="31.835127035883502" lon="35.0018441235606">
        <ele>344.5</ele>
        <time>2026-02-26T22:28:11.252Z</time>
      </trkpt>
      <trkpt lat="31.83512559546395" lon="35.00210794715062">
        <ele>343</ele>
        <time>2026-02-26T22:28:12.252Z</time>
      </trkpt>
      <trkpt lat="31.83512559546395" lon="35.00210794715062">
        <ele>0</ele>
        <time>2026-02-26T22:28:13.252Z</time>
      </trkpt>
      <trkpt lat="31.83512559546395" lon="35.00210794715062">
        <ele>0</ele>
        <time>2026-02-26T22:28:14.252Z</time>
      </trkpt>
      <trkpt lat="31.83512559546395" lon="35.00210794715062">
        <ele>0</ele>
        <time>2026-02-26T22:28:15.252Z</time>
      </trkpt>
      <trkpt lat="31.83512559546395" lon="35.00210794715062">
        <ele>0</ele>
        <time>2026-02-26T22:28:16.252Z</time>
      </trkpt>
      <trkpt lat="31.83512559546395" lon="35.00210794715062">
        <ele>0</ele>
        <time>2026-02-26T22:28:17.252Z</time>
      </trkpt>
      <trkpt lat="31.83512559546395" lon="35.00210794715062">
        <ele>0</ele>
        <time>2026-02-26T22:28:18.252Z</time>
      </trkpt>
      <trkpt lat="31.83512559546395" lon="35.00210794715062">
        <ele>0</ele>
        <time>2026-02-26T22:28:19.252Z</time>
      </trkpt>
      <trkpt lat="31.83512559546395" lon="35.00210794715062">
        <ele>0</ele>
        <time>2026-02-26T22:28:20.252Z</time>
      </trkpt>
      <trkpt lat="31.83512559546395" lon="35.00210794715062">
        <ele>0</ele>
        <time>2026-02-26T22:28:21.252Z</time>
      </trkpt>
      <trkpt lat="31.83512559546395" lon="35.00210794715062">
        <ele>343</ele>
        <time>2026-02-26T22:28:22.252Z</time>
      </trkpt>
      <trkpt lat="31.835158422605275" lon="35.00233426565393">
        <ele>347.5</ele>
        <time>2026-02-26T22:28:23.252Z</time>
      </trkpt>
      <trkpt lat="31.835158422605275" lon="35.00233426565393">
        <ele>0</ele>
        <time>2026-02-26T22:28:24.252Z</time>
      </trkpt>
      <trkpt lat="31.835158422605275" lon="35.00233426565393">
        <ele>0</ele>
        <time>2026-02-26T22:28:25.252Z</time>
      </trkpt>
      <trkpt lat="31.835158422605275" lon="35.00233426565393">
        <ele>0</ele>
        <time>2026-02-26T22:28:26.252Z</time>
      </trkpt>
      <trkpt lat="31.835158422605275" lon="35.00233426565393">
        <ele>0</ele>
        <time>2026-02-26T22:28:27.252Z</time>
      </trkpt>
      <trkpt lat="31.835158422605275" lon="35.00233426565393">
        <ele>0</ele>
        <time>2026-02-26T22:28:28.252Z</time>
      </trkpt>
      <trkpt lat="31.835158422605275" lon="35.00233426565393">
        <ele>0</ele>
        <time>2026-02-26T22:28:29.252Z</time>
      </trkpt>
      <trkpt lat="31.835158422605275" lon="35.00233426565393">
        <ele>347.5</ele>
        <time>2026-02-26T22:28:30.252Z</time>
      </trkpt>
      <trkpt lat="31.835158422605275" lon="35.00233426565393">
        <ele>0</ele>
        <time>2026-02-26T22:28:31.252Z</time>
      </trkpt>
      <trkpt lat="31.835158422605275" lon="35.00233426565393">
        <ele>0</ele>
        <time>2026-02-26T22:28:32.252Z</time>
      </trkpt>
      <trkpt lat="31.835158422605275" lon="35.00233426565393">
        <ele>0</ele>
        <time>2026-02-26T22:28:33.252Z</time>
      </trkpt>
      <trkpt lat="31.835181870557037" lon="35.002521944413246">
        <ele>347.5</ele>
        <time>2026-02-26T22:28:34.252Z</time>
      </trkpt>
      <trkpt lat="31.835181870557037" lon="35.002521944413246">
        <ele>0</ele>
        <time>2026-02-26T22:28:35.252Z</time>
      </trkpt>
      <trkpt lat="31.835181870557037" lon="35.002521944413246">
        <ele>0</ele>
        <time>2026-02-26T22:28:36.252Z</time>
      </trkpt>
      <trkpt lat="31.835181870557037" lon="35.002521944413246">
        <ele>0</ele>
        <time>2026-02-26T22:28:37.252Z</time>
      </trkpt>
      <trkpt lat="31.835181870557037" lon="35.002521944413246">
        <ele>0</ele>
        <time>2026-02-26T22:28:38.252Z</time>
      </trkpt>
      <trkpt lat="31.835181870557037" lon="35.002521944413246">
        <ele>0</ele>
        <time>2026-02-26T22:28:39.252Z</time>
      </trkpt>
      <trkpt lat="31.835181870557037" lon="35.002521944413246">
        <ele>0</ele>
        <time>2026-02-26T22:28:40.252Z</time>
      </trkpt>
      <trkpt lat="31.835181870557037" lon="35.002521944413246">
        <ele>347.5</ele>
        <time>2026-02-26T22:28:41.252Z</time>
      </trkpt>
      <trkpt lat="31.835181870557037" lon="35.00309050065283">
        <ele>347.5</ele>
        <time>2026-02-26T22:28:42.252Z</time>
      </trkpt>
      <trkpt lat="31.835181870557037" lon="35.00309050065283">
        <ele>0</ele>
        <time>2026-02-26T22:28:43.252Z</time>
      </trkpt>
      <trkpt lat="31.835181870557037" lon="35.00309050065283">
        <ele>0</ele>
        <time>2026-02-26T22:28:44.252Z</time>
      </trkpt>
      <trkpt lat="31.835181870557037" lon="35.00309050065283">
        <ele>0</ele>
        <time>2026-02-26T22:28:45.252Z</time>
      </trkpt>
      <trkpt lat="31.835181870557037" lon="35.00309050065283">
        <ele>0</ele>
        <time>2026-02-26T22:28:46.252Z</time>
      </trkpt>
      <trkpt lat="31.835181870557037" lon="35.00309050065283">
        <ele>0</ele>
        <time>2026-02-26T22:28:47.252Z</time>
      </trkpt>
      <trkpt lat="31.835181870557037" lon="35.00309050065283">
        <ele>0</ele>
        <time>2026-02-26T22:28:48.252Z</time>
      </trkpt>
      <trkpt lat="31.835181870557037" lon="35.00309050065283">
        <ele>0</ele>
        <time>2026-02-26T22:28:49.252Z</time>
      </trkpt>
      <trkpt lat="31.835181870557037" lon="35.00309050065283">
        <ele>0</ele>
        <time>2026-02-26T22:28:50.252Z</time>
      </trkpt>
      <trkpt lat="31.835181870557037" lon="35.00309050065283">
        <ele>0</ele>
        <time>2026-02-26T22:28:51.252Z</time>
      </trkpt>
      <trkpt lat="31.835181870557037" lon="35.00309050065283">
        <ele>347.5</ele>
        <time>2026-02-26T22:28:52.252Z</time>
      </trkpt>
      <trkpt lat="31.83524752478877" lon="35.00360385725804">
        <ele>352</ele>
        <time>2026-02-26T22:28:53.252Z</time>
      </trkpt>
      <trkpt lat="31.83524752478877" lon="35.00360385725804">
        <ele>0</ele>
        <time>2026-02-26T22:28:54.252Z</time>
      </trkpt>
      <trkpt lat="31.83524752478877" lon="35.00360385725804">
        <ele>0</ele>
        <time>2026-02-26T22:28:55.252Z</time>
      </trkpt>
      <trkpt lat="31.83524752478877" lon="35.00360385725804">
        <ele>0</ele>
        <time>2026-02-26T22:28:56.252Z</time>
      </trkpt>
      <trkpt lat="31.83524752478877" lon="35.00360385725804">
        <ele>0</ele>
        <time>2026-02-26T22:28:57.252Z</time>
      </trkpt>
      <trkpt lat="31.83524752478877" lon="35.00360385725804">
        <ele>0</ele>
        <time>2026-02-26T22:28:58.252Z</time>
      </trkpt>
      <trkpt lat="31.83524752478877" lon="35.00360385725804">
        <ele>0</ele>
        <time>2026-02-26T22:28:59.252Z</time>
      </trkpt>
      <trkpt lat="31.83524752478877" lon="35.00360385725804">
        <ele>0</ele>
        <time>2026-02-26T22:29:00.252Z</time>
      </trkpt>
      <trkpt lat="31.83524752478877" lon="35.00360385725804">
        <ele>0</ele>
        <time>2026-02-26T22:29:01.252Z</time>
      </trkpt>
      <trkpt lat="31.83524752478877" lon="35.00360385725804">
        <ele>0</ele>
        <time>2026-02-26T22:29:02.252Z</time>
      </trkpt>
      <trkpt lat="31.83524752478877" lon="35.00360385725804">
        <ele>352</ele>
        <time>2026-02-26T22:29:03.252Z</time>
      </trkpt>
      <trkpt lat="31.83528973105622" lon="35.003924015140626">
        <ele>350.5</ele>
        <time>2026-02-26T22:29:04.252Z</time>
      </trkpt>
      <trkpt lat="31.83528973105622" lon="35.003924015140626">
        <ele>0</ele>
        <time>2026-02-26T22:29:05.252Z</time>
      </trkpt>
      <trkpt lat="31.83528973105622" lon="35.003924015140626">
        <ele>0</ele>
        <time>2026-02-26T22:29:06.252Z</time>
      </trkpt>
      <trkpt lat="31.83528973105622" lon="35.003924015140626">
        <ele>0</ele>
        <time>2026-02-26T22:29:07.252Z</time>
      </trkpt>
      <trkpt lat="31.83528973105622" lon="35.003924015140626">
        <ele>0</ele>
        <time>2026-02-26T22:29:08.252Z</time>
      </trkpt>
      <trkpt lat="31.83528973105622" lon="35.003924015140626">
        <ele>0</ele>
        <time>2026-02-26T22:29:09.252Z</time>
      </trkpt>
      <trkpt lat="31.83528973105622" lon="35.003924015140626">
        <ele>0</ele>
        <time>2026-02-26T22:29:10.252Z</time>
      </trkpt>
      <trkpt lat="31.83528973105622" lon="35.003924015140626">
        <ele>0</ele>
        <time>2026-02-26T22:29:11.252Z</time>
      </trkpt>
      <trkpt lat="31.83528973105622" lon="35.003924015140626">
        <ele>0</ele>
        <time>2026-02-26T22:29:12.252Z</time>
      </trkpt>
      <trkpt lat="31.83528973105622" lon="35.003924015140626">
        <ele>0</ele>
        <time>2026-02-26T22:29:13.252Z</time>
      </trkpt>
      <trkpt lat="31.83528973105622" lon="35.003924015140626">
        <ele>350.5</ele>
        <time>2026-02-26T22:29:14.252Z</time>
      </trkpt>
      <trkpt lat="31.83536814136177" lon="35.00432674756124">
        <ele>349</ele>
        <time>2026-02-26T22:29:15.252Z</time>
      </trkpt>
      <trkpt lat="31.83536814136177" lon="35.00432674756124">
        <ele>0</ele>
        <time>2026-02-26T22:29:16.252Z</time>
      </trkpt>
      <trkpt lat="31.83536814136177" lon="35.00432674756124">
        <ele>0</ele>
        <time>2026-02-26T22:29:17.252Z</time>
      </trkpt>
      <trkpt lat="31.83536814136177" lon="35.00432674756124">
        <ele>0</ele>
        <time>2026-02-26T22:29:18.252Z</time>
      </trkpt>
      <trkpt lat="31.83536814136177" lon="35.00432674756124">
        <ele>0</ele>
        <time>2026-02-26T22:29:19.252Z</time>
      </trkpt>
      <trkpt lat="31.83536814136177" lon="35.00432674756124">
        <ele>0</ele>
        <time>2026-02-26T22:29:20.252Z</time>
      </trkpt>
      <trkpt lat="31.83536814136177" lon="35.00432674756124">
        <ele>0</ele>
        <time>2026-02-26T22:29:21.252Z</time>
      </trkpt>
      <trkpt lat="31.83536814136177" lon="35.00432674756124">
        <ele>0</ele>
        <time>2026-02-26T22:29:22.252Z</time>
      </trkpt>
      <trkpt lat="31.83536814136177" lon="35.00432674756124">
        <ele>0</ele>
        <time>2026-02-26T22:29:23.252Z</time>
      </trkpt>
      <trkpt lat="31.83536814136177" lon="35.00432674756124">
        <ele>0</ele>
        <time>2026-02-26T22:29:24.252Z</time>
      </trkpt>
      <trkpt lat="31.83536814136177" lon="35.00432674756124">
        <ele>349</ele>
        <time>2026-02-26T22:29:25.252Z</time>
      </trkpt>
      <trkpt lat="31.835335314294994" lon="35.004536506174276">
        <ele>349</ele>
        <time>2026-02-26T22:29:26.252Z</time>
      </trkpt>
      <trkpt lat="31.835335314294994" lon="35.004536506174276">
        <ele>0</ele>
        <time>2026-02-26T22:29:27.252Z</time>
      </trkpt>
      <trkpt lat="31.835335314294994" lon="35.004536506174276">
        <ele>0</ele>
        <time>2026-02-26T22:29:28.252Z</time>
      </trkpt>
      <trkpt lat="31.835335314294994" lon="35.004536506174276">
        <ele>0</ele>
        <time>2026-02-26T22:29:29.252Z</time>
      </trkpt>
      <trkpt lat="31.835335314294994" lon="35.004536506174276">
        <ele>0</ele>
        <time>2026-02-26T22:29:30.252Z</time>
      </trkpt>
      <trkpt lat="31.835335314294994" lon="35.004536506174276">
        <ele>0</ele>
        <time>2026-02-26T22:29:31.252Z</time>
      </trkpt>
      <trkpt lat="31.835335314294994" lon="35.004536506174276">
        <ele>0</ele>
        <time>2026-02-26T22:29:32.252Z</time>
      </trkpt>
      <trkpt lat="31.835335314294994" lon="35.004536506174276">
        <ele>0</ele>
        <time>2026-02-26T22:29:33.252Z</time>
      </trkpt>
      <trkpt lat="31.835335314294994" lon="35.004536506174276">
        <ele>0</ele>
        <time>2026-02-26T22:29:34.252Z</time>
      </trkpt>
      <trkpt lat="31.835335314294994" lon="35.004536506174276">
        <ele>0</ele>
        <time>2026-02-26T22:29:35.252Z</time>
      </trkpt>
      <trkpt lat="31.835335314294994" lon="35.004536506174276">
        <ele>349</ele>
        <time>2026-02-26T22:29:36.252Z</time>
      </trkpt>
      <trkpt lat="31.83525090178246" lon="35.004724184932684">
        <ele>349</ele>
        <time>2026-02-26T22:29:37.252Z</time>
      </trkpt>
      <trkpt lat="31.83525090178246" lon="35.004724184932684">
        <ele>0</ele>
        <time>2026-02-26T22:29:38.252Z</time>
      </trkpt>
      <trkpt lat="31.83525090178246" lon="35.004724184932684">
        <ele>0</ele>
        <time>2026-02-26T22:29:39.252Z</time>
      </trkpt>
      <trkpt lat="31.83525090178246" lon="35.004724184932684">
        <ele>0</ele>
        <time>2026-02-26T22:29:40.252Z</time>
      </trkpt>
      <trkpt lat="31.83525090178246" lon="35.004724184932684">
        <ele>0</ele>
        <time>2026-02-26T22:29:41.252Z</time>
      </trkpt>
      <trkpt lat="31.83525090178246" lon="35.004724184932684">
        <ele>0</ele>
        <time>2026-02-26T22:29:42.252Z</time>
      </trkpt>
      <trkpt lat="31.83525090178246" lon="35.004724184932684">
        <ele>0</ele>
        <time>2026-02-26T22:29:43.252Z</time>
      </trkpt>
      <trkpt lat="31.83525090178246" lon="35.004724184932684">
        <ele>0</ele>
        <time>2026-02-26T22:29:44.252Z</time>
      </trkpt>
      <trkpt lat="31.83525090178246" lon="35.004724184932684">
        <ele>0</ele>
        <time>2026-02-26T22:29:45.252Z</time>
      </trkpt>
      <trkpt lat="31.83525090178246" lon="35.004724184932684">
        <ele>0</ele>
        <time>2026-02-26T22:29:46.252Z</time>
      </trkpt>
      <trkpt lat="31.83525090178246" lon="35.004724184932684">
        <ele>349</ele>
        <time>2026-02-26T22:29:47.252Z</time>
      </trkpt>
      <trkpt lat="31.83512428286967" lon="35.005182341902724">
        <ele>336.5</ele>
        <time>2026-02-26T22:29:48.252Z</time>
      </trkpt>
      <trkpt lat="31.83512428286967" lon="35.005182341902724">
        <ele>0</ele>
        <time>2026-02-26T22:29:49.252Z</time>
      </trkpt>
      <trkpt lat="31.83512428286967" lon="35.005182341902724">
        <ele>0</ele>
        <time>2026-02-26T22:29:50.252Z</time>
      </trkpt>
      <trkpt lat="31.83512428286967" lon="35.005182341902724">
        <ele>0</ele>
        <time>2026-02-26T22:29:51.252Z</time>
      </trkpt>
      <trkpt lat="31.83512428286967" lon="35.005182341902724">
        <ele>0</ele>
        <time>2026-02-26T22:29:52.252Z</time>
      </trkpt>
      <trkpt lat="31.83512428286967" lon="35.005182341902724">
        <ele>0</ele>
        <time>2026-02-26T22:29:53.252Z</time>
      </trkpt>
      <trkpt lat="31.83512428286967" lon="35.005182341902724">
        <ele>0</ele>
        <time>2026-02-26T22:29:54.252Z</time>
      </trkpt>
      <trkpt lat="31.83512428286967" lon="35.005182341902724">
        <ele>0</ele>
        <time>2026-02-26T22:29:55.252Z</time>
      </trkpt>
      <trkpt lat="31.83512428286967" lon="35.005182341902724">
        <ele>0</ele>
        <time>2026-02-26T22:29:56.252Z</time>
      </trkpt>
      <trkpt lat="31.83512428286967" lon="35.005182341902724">
        <ele>0</ele>
        <time>2026-02-26T22:29:57.252Z</time>
      </trkpt>
      <trkpt lat="31.83512428286967" lon="35.005182341902724">
        <ele>336.5</ele>
        <time>2026-02-26T22:29:58.252Z</time>
      </trkpt>
      <trkpt lat="31.83504924935805" lon="35.005452820114385">
        <ele>341</ele>
        <time>2026-02-26T22:29:59.252Z</time>
      </trkpt>
      <trkpt lat="31.83504924935805" lon="35.005452820114385">
        <ele>0</ele>
        <time>2026-02-26T22:30:00.252Z</time>
      </trkpt>
      <trkpt lat="31.83504924935805" lon="35.005452820114385">
        <ele>0</ele>
        <time>2026-02-26T22:30:01.252Z</time>
      </trkpt>
      <trkpt lat="31.83504924935805" lon="35.005452820114385">
        <ele>0</ele>
        <time>2026-02-26T22:30:02.252Z</time>
      </trkpt>
      <trkpt lat="31.83504924935805" lon="35.005452820114385">
        <ele>0</ele>
        <time>2026-02-26T22:30:03.252Z</time>
      </trkpt>
      <trkpt lat="31.83504924935805" lon="35.005452820114385">
        <ele>0</ele>
        <time>2026-02-26T22:30:04.252Z</time>
      </trkpt>
      <trkpt lat="31.83504924935805" lon="35.005452820114385">
        <ele>0</ele>
        <time>2026-02-26T22:30:05.252Z</time>
      </trkpt>
      <trkpt lat="31.83504924935805" lon="35.005452820114385">
        <ele>341</ele>
        <time>2026-02-26T22:30:06.252Z</time>
      </trkpt>
      <trkpt lat="31.83504924935805" lon="35.005452820114385">
        <ele>0</ele>
        <time>2026-02-26T22:30:07.252Z</time>
      </trkpt>
      <trkpt lat="31.83504924935805" lon="35.005452820114385">
        <ele>0</ele>
        <time>2026-02-26T22:30:08.252Z</time>
      </trkpt>
      <trkpt lat="31.83504924935805" lon="35.005452820114385">
        <ele>0</ele>
        <time>2026-02-26T22:30:09.252Z</time>
      </trkpt>
      <trkpt lat="31.834946078180238" lon="35.00573985821637">
        <ele>341</ele>
        <time>2026-02-26T22:30:10.252Z</time>
      </trkpt>
      <trkpt lat="31.834946078180238" lon="35.00573985821637">
        <ele>0</ele>
        <time>2026-02-26T22:30:11.252Z</time>
      </trkpt>
      <trkpt lat="31.834946078180238" lon="35.00573985821637">
        <ele>0</ele>
        <time>2026-02-26T22:30:12.252Z</time>
      </trkpt>
      <trkpt lat="31.834946078180238" lon="35.00573985821637">
        <ele>0</ele>
        <time>2026-02-26T22:30:13.252Z</time>
      </trkpt>
      <trkpt lat="31.834946078180238" lon="35.00573985821637">
        <ele>0</ele>
        <time>2026-02-26T22:30:14.252Z</time>
      </trkpt>
      <trkpt lat="31.834946078180238" lon="35.00573985821637">
        <ele>0</ele>
        <time>2026-02-26T22:30:15.252Z</time>
      </trkpt>
      <trkpt lat="31.834946078180238" lon="35.00573985821637">
        <ele>0</ele>
        <time>2026-02-26T22:30:16.252Z</time>
      </trkpt>
      <trkpt lat="31.834946078180238" lon="35.00573985821637">
        <ele>341</ele>
        <time>2026-02-26T22:30:17.252Z</time>
      </trkpt>
      <trkpt lat="31.834993639498606" lon="35.00655153500642">
        <ele>341</ele>
        <time>2026-02-26T22:30:18.252Z</time>
      </trkpt>
      <trkpt lat="31.834993639498606" lon="35.00655153500642">
        <ele>0</ele>
        <time>2026-02-26T22:30:19.252Z</time>
      </trkpt>
      <trkpt lat="31.834993639498606" lon="35.00655153500642">
        <ele>0</ele>
        <time>2026-02-26T22:30:20.252Z</time>
      </trkpt>
      <trkpt lat="31.834993639498606" lon="35.00655153500642">
        <ele>0</ele>
        <time>2026-02-26T22:30:21.252Z</time>
      </trkpt>
      <trkpt lat="31.834993639498606" lon="35.00655153500642">
        <ele>0</ele>
        <time>2026-02-26T22:30:22.252Z</time>
      </trkpt>
      <trkpt lat="31.834993639498606" lon="35.00655153500642">
        <ele>0</ele>
        <time>2026-02-26T22:30:23.252Z</time>
      </trkpt>
      <trkpt lat="31.834993639498606" lon="35.00655153500642">
        <ele>0</ele>
        <time>2026-02-26T22:30:24.252Z</time>
      </trkpt>
      <trkpt lat="31.834993639498606" lon="35.00655153500642">
        <ele>0</ele>
        <time>2026-02-26T22:30:25.252Z</time>
      </trkpt>
      <trkpt lat="31.834993639498606" lon="35.00655153500642">
        <ele>0</ele>
        <time>2026-02-26T22:30:26.252Z</time>
      </trkpt>
      <trkpt lat="31.834993639498606" lon="35.00655153500642">
        <ele>0</ele>
        <time>2026-02-26T22:30:27.252Z</time>
      </trkpt>
      <trkpt lat="31.834993639498606" lon="35.00655153500642">
        <ele>341</ele>
        <time>2026-02-26T22:30:28.252Z</time>
      </trkpt>
      <trkpt lat="31.835021777089338" lon="35.00681649325375">
        <ele>340</ele>
        <time>2026-02-26T22:30:29.252Z</time>
      </trkpt>
      <trkpt lat="31.835021777089338" lon="35.00681649325375">
        <ele>0</ele>
        <time>2026-02-26T22:30:30.252Z</time>
      </trkpt>
      <trkpt lat="31.835021777089338" lon="35.00681649325375">
        <ele>0</ele>
        <time>2026-02-26T22:30:31.252Z</time>
      </trkpt>
      <trkpt lat="31.835021777089338" lon="35.00681649325375">
        <ele>0</ele>
        <time>2026-02-26T22:30:32.252Z</time>
      </trkpt>
      <trkpt lat="31.835021777089338" lon="35.00681649325375">
        <ele>0</ele>
        <time>2026-02-26T22:30:33.252Z</time>
      </trkpt>
      <trkpt lat="31.835021777089338" lon="35.00681649325375">
        <ele>0</ele>
        <time>2026-02-26T22:30:34.252Z</time>
      </trkpt>
      <trkpt lat="31.835021777089338" lon="35.00681649325375">
        <ele>0</ele>
        <time>2026-02-26T22:30:35.252Z</time>
      </trkpt>
      <trkpt lat="31.835021777089338" lon="35.00681649325375">
        <ele>0</ele>
        <time>2026-02-26T22:30:36.252Z</time>
      </trkpt>
      <trkpt lat="31.835021777089338" lon="35.00681649325375">
        <ele>0</ele>
        <time>2026-02-26T22:30:37.252Z</time>
      </trkpt>
      <trkpt lat="31.835021777089338" lon="35.00681649325375">
        <ele>0</ele>
        <time>2026-02-26T22:30:38.252Z</time>
      </trkpt>
      <trkpt lat="31.835021777089338" lon="35.00681649325375">
        <ele>340</ele>
        <time>2026-02-26T22:30:39.252Z</time>
      </trkpt>
      <trkpt lat="31.83510150021708" lon="35.006899292706095">
        <ele>340.5</ele>
        <time>2026-02-26T22:30:40.252Z</time>
      </trkpt>
      <trkpt lat="31.83510150021708" lon="35.006899292706095">
        <ele>0</ele>
        <time>2026-02-26T22:30:41.252Z</time>
      </trkpt>
      <trkpt lat="31.83510150021708" lon="35.006899292706095">
        <ele>0</ele>
        <time>2026-02-26T22:30:42.252Z</time>
      </trkpt>
      <trkpt lat="31.83510150021708" lon="35.006899292706095">
        <ele>0</ele>
        <time>2026-02-26T22:30:43.252Z</time>
      </trkpt>
      <trkpt lat="31.83510150021708" lon="35.006899292706095">
        <ele>0</ele>
        <time>2026-02-26T22:30:44.252Z</time>
      </trkpt>
      <trkpt lat="31.83510150021708" lon="35.006899292706095">
        <ele>0</ele>
        <time>2026-02-26T22:30:45.252Z</time>
      </trkpt>
      <trkpt lat="31.83510150021708" lon="35.006899292706095">
        <ele>0</ele>
        <time>2026-02-26T22:30:46.252Z</time>
      </trkpt>
      <trkpt lat="31.83510150021708" lon="35.006899292706095">
        <ele>0</ele>
        <time>2026-02-26T22:30:47.252Z</time>
      </trkpt>
      <trkpt lat="31.83510150021708" lon="35.006899292706095">
        <ele>0</ele>
        <time>2026-02-26T22:30:48.252Z</time>
      </trkpt>
      <trkpt lat="31.83510150021708" lon="35.006899292706095">
        <ele>0</ele>
        <time>2026-02-26T22:30:49.252Z</time>
      </trkpt>
      <trkpt lat="31.83510150021708" lon="35.006899292706095">
        <ele>340.5</ele>
        <time>2026-02-26T22:30:50.252Z</time>
      </trkpt>
      <trkpt lat="31.835129637775665" lon="35.00708145150202">
        <ele>340.5</ele>
        <time>2026-02-26T22:30:51.252Z</time>
      </trkpt>
      <trkpt lat="31.835129637775665" lon="35.00708145150202">
        <ele>0</ele>
        <time>2026-02-26T22:30:52.252Z</time>
      </trkpt>
      <trkpt lat="31.835129637775665" lon="35.00708145150202">
        <ele>0</ele>
        <time>2026-02-26T22:30:53.252Z</time>
      </trkpt>
      <trkpt lat="31.835129637775665" lon="35.00708145150202">
        <ele>0</ele>
        <time>2026-02-26T22:30:54.252Z</time>
      </trkpt>
      <trkpt lat="31.835129637775665" lon="35.00708145150202">
        <ele>0</ele>
        <time>2026-02-26T22:30:55.252Z</time>
      </trkpt>
      <trkpt lat="31.835129637775665" lon="35.00708145150202">
        <ele>0</ele>
        <time>2026-02-26T22:30:56.252Z</time>
      </trkpt>
      <trkpt lat="31.835129637775665" lon="35.00708145150202">
        <ele>0</ele>
        <time>2026-02-26T22:30:57.252Z</time>
      </trkpt>
      <trkpt lat="31.835129637775665" lon="35.00708145150202">
        <ele>0</ele>
        <time>2026-02-26T22:30:58.252Z</time>
      </trkpt>
      <trkpt lat="31.835129637775665" lon="35.00708145150202">
        <ele>0</ele>
        <time>2026-02-26T22:30:59.252Z</time>
      </trkpt>
      <trkpt lat="31.835129637775665" lon="35.00708145150202">
        <ele>0</ele>
        <time>2026-02-26T22:31:00.252Z</time>
      </trkpt>
      <trkpt lat="31.835129637775665" lon="35.00708145150202">
        <ele>340.5</ele>
        <time>2026-02-26T22:31:01.252Z</time>
      </trkpt>
      <trkpt lat="31.835139016959673" lon="35.00724705040665">
        <ele>341</ele>
        <time>2026-02-26T22:31:02.252Z</time>
      </trkpt>
      <trkpt lat="31.835139016959673" lon="35.00724705040665">
        <ele>0</ele>
        <time>2026-02-26T22:31:03.252Z</time>
      </trkpt>
      <trkpt lat="31.835139016959673" lon="35.00724705040665">
        <ele>0</ele>
        <time>2026-02-26T22:31:04.252Z</time>
      </trkpt>
      <trkpt lat="31.835139016959673" lon="35.00724705040665">
        <ele>0</ele>
        <time>2026-02-26T22:31:05.252Z</time>
      </trkpt>
      <trkpt lat="31.835139016959673" lon="35.00724705040665">
        <ele>0</ele>
        <time>2026-02-26T22:31:06.252Z</time>
      </trkpt>
      <trkpt lat="31.835139016959673" lon="35.00724705040665">
        <ele>0</ele>
        <time>2026-02-26T22:31:07.252Z</time>
      </trkpt>
      <trkpt lat="31.835139016959673" lon="35.00724705040665">
        <ele>0</ele>
        <time>2026-02-26T22:31:08.252Z</time>
      </trkpt>
      <trkpt lat="31.835139016959673" lon="35.00724705040665">
        <ele>0</ele>
        <time>2026-02-26T22:31:09.252Z</time>
      </trkpt>
      <trkpt lat="31.835139016959673" lon="35.00724705040665">
        <ele>0</ele>
        <time>2026-02-26T22:31:10.252Z</time>
      </trkpt>
      <trkpt lat="31.835139016959673" lon="35.00724705040665">
        <ele>0</ele>
        <time>2026-02-26T22:31:11.252Z</time>
      </trkpt>
      <trkpt lat="31.835139016959673" lon="35.00724705040665">
        <ele>341</ele>
        <time>2026-02-26T22:31:12.252Z</time>
      </trkpt>
      <trkpt lat="31.834998329097687" lon="35.00755064839893">
        <ele>341</ele>
        <time>2026-02-26T22:31:13.252Z</time>
      </trkpt>
      <trkpt lat="31.834998329097687" lon="35.00755064839893">
        <ele>0</ele>
        <time>2026-02-26T22:31:14.252Z</time>
      </trkpt>
      <trkpt lat="31.834998329097687" lon="35.00755064839893">
        <ele>0</ele>
        <time>2026-02-26T22:31:15.252Z</time>
      </trkpt>
      <trkpt lat="31.834998329097687" lon="35.00755064839893">
        <ele>0</ele>
        <time>2026-02-26T22:31:16.252Z</time>
      </trkpt>
      <trkpt lat="31.834998329097687" lon="35.00755064839893">
        <ele>0</ele>
        <time>2026-02-26T22:31:17.252Z</time>
      </trkpt>
      <trkpt lat="31.834998329097687" lon="35.00755064839893">
        <ele>0</ele>
        <time>2026-02-26T22:31:18.252Z</time>
      </trkpt>
      <trkpt lat="31.834998329097687" lon="35.00755064839893">
        <ele>0</ele>
        <time>2026-02-26T22:31:19.252Z</time>
      </trkpt>
      <trkpt lat="31.834998329097687" lon="35.00755064839893">
        <ele>0</ele>
        <time>2026-02-26T22:31:20.252Z</time>
      </trkpt>
      <trkpt lat="31.834998329097687" lon="35.00755064839893">
        <ele>0</ele>
        <time>2026-02-26T22:31:21.252Z</time>
      </trkpt>
      <trkpt lat="31.834998329097687" lon="35.00755064839893">
        <ele>0</ele>
        <time>2026-02-26T22:31:22.252Z</time>
      </trkpt>
      <trkpt lat="31.834998329097687" lon="35.00755064839893">
        <ele>341</ele>
        <time>2026-02-26T22:31:23.252Z</time>
      </trkpt>
      <trkpt lat="31.834932674688275" lon="35.00802529978205">
        <ele>342</ele>
        <time>2026-02-26T22:31:24.252Z</time>
      </trkpt>
      <trkpt lat="31.834932674688275" lon="35.00802529978205">
        <ele>0</ele>
        <time>2026-02-26T22:31:25.252Z</time>
      </trkpt>
      <trkpt lat="31.834932674688275" lon="35.00802529978205">
        <ele>0</ele>
        <time>2026-02-26T22:31:26.252Z</time>
      </trkpt>
      <trkpt lat="31.834932674688275" lon="35.00802529978205">
        <ele>0</ele>
        <time>2026-02-26T22:31:27.252Z</time>
      </trkpt>
      <trkpt lat="31.834932674688275" lon="35.00802529978205">
        <ele>0</ele>
        <time>2026-02-26T22:31:28.252Z</time>
      </trkpt>
      <trkpt lat="31.834932674688275" lon="35.00802529978205">
        <ele>0</ele>
        <time>2026-02-26T22:31:29.252Z</time>
      </trkpt>
      <trkpt lat="31.834932674688275" lon="35.00802529978205">
        <ele>0</ele>
        <time>2026-02-26T22:31:30.252Z</time>
      </trkpt>
      <trkpt lat="31.834932674688275" lon="35.00802529978205">
        <ele>0</ele>
        <time>2026-02-26T22:31:31.252Z</time>
      </trkpt>
      <trkpt lat="31.834932674688275" lon="35.00802529978205">
        <ele>0</ele>
        <time>2026-02-26T22:31:32.252Z</time>
      </trkpt>
      <trkpt lat="31.834932674688275" lon="35.00802529978205">
        <ele>0</ele>
        <time>2026-02-26T22:31:33.252Z</time>
      </trkpt>
      <trkpt lat="31.834932674688275" lon="35.00802529978205">
        <ele>342</ele>
        <time>2026-02-26T22:31:34.252Z</time>
      </trkpt>
      <trkpt lat="31.834927985085898" lon="35.008406177263225">
        <ele>344</ele>
        <time>2026-02-26T22:31:35.252Z</time>
      </trkpt>
      <trkpt lat="31.834927985085898" lon="35.008406177263225">
        <ele>0</ele>
        <time>2026-02-26T22:31:36.252Z</time>
      </trkpt>
      <trkpt lat="31.834927985085898" lon="35.008406177263225">
        <ele>0</ele>
        <time>2026-02-26T22:31:37.252Z</time>
      </trkpt>
      <trkpt lat="31.834927985085898" lon="35.008406177263225">
        <ele>0</ele>
        <time>2026-02-26T22:31:38.252Z</time>
      </trkpt>
      <trkpt lat="31.834927985085898" lon="35.008406177263225">
        <ele>0</ele>
        <time>2026-02-26T22:31:39.252Z</time>
      </trkpt>
      <trkpt lat="31.834927985085898" lon="35.008406177263225">
        <ele>0</ele>
        <time>2026-02-26T22:31:40.252Z</time>
      </trkpt>
      <trkpt lat="31.834927985085898" lon="35.008406177263225">
        <ele>0</ele>
        <time>2026-02-26T22:31:41.252Z</time>
      </trkpt>
      <trkpt lat="31.834927985085898" lon="35.008406177263225">
        <ele>344</ele>
        <time>2026-02-26T22:31:42.252Z</time>
      </trkpt>
      <trkpt lat="31.834927985085898" lon="35.008406177263225">
        <ele>0</ele>
        <time>2026-02-26T22:31:43.252Z</time>
      </trkpt>
      <trkpt lat="31.834927985085898" lon="35.008406177263225">
        <ele>0</ele>
        <time>2026-02-26T22:31:44.252Z</time>
      </trkpt>
      <trkpt lat="31.834927985085898" lon="35.008406177263225">
        <ele>0</ele>
        <time>2026-02-26T22:31:45.252Z</time>
      </trkpt>
      <trkpt lat="31.834881089048253" lon="35.008748415000355">
        <ele>346</ele>
        <time>2026-02-26T22:31:46.252Z</time>
      </trkpt>
      <trkpt lat="31.834881089048253" lon="35.008748415000355">
        <ele>0</ele>
        <time>2026-02-26T22:31:47.252Z</time>
      </trkpt>
      <trkpt lat="31.834881089048253" lon="35.008748415000355">
        <ele>0</ele>
        <time>2026-02-26T22:31:48.252Z</time>
      </trkpt>
      <trkpt lat="31.834881089048253" lon="35.008748415000355">
        <ele>0</ele>
        <time>2026-02-26T22:31:49.252Z</time>
      </trkpt>
      <trkpt lat="31.834881089048253" lon="35.008748415000355">
        <ele>0</ele>
        <time>2026-02-26T22:31:50.252Z</time>
      </trkpt>
      <trkpt lat="31.834881089048253" lon="35.008748415000355">
        <ele>0</ele>
        <time>2026-02-26T22:31:51.252Z</time>
      </trkpt>
      <trkpt lat="31.834881089048253" lon="35.008748415000355">
        <ele>346</ele>
        <time>2026-02-26T22:31:52.252Z</time>
      </trkpt>
      <trkpt lat="31.834814695287577" lon="35.00901972363155">
        <ele>346</ele>
        <time>2026-02-26T22:31:53.252Z</time>
      </trkpt>
      <trkpt lat="31.834814695287577" lon="35.00901972363155">
        <ele>0</ele>
        <time>2026-02-26T22:31:54.252Z</time>
      </trkpt>
      <trkpt lat="31.834814695287577" lon="35.00901972363155">
        <ele>0</ele>
        <time>2026-02-26T22:31:55.252Z</time>
      </trkpt>
      <trkpt lat="31.834814695287577" lon="35.00901972363155">
        <ele>0</ele>
        <time>2026-02-26T22:31:56.252Z</time>
      </trkpt>
      <trkpt lat="31.834814695287577" lon="35.00901972363155">
        <ele>0</ele>
        <time>2026-02-26T22:31:57.252Z</time>
      </trkpt>
      <trkpt lat="31.834814695287577" lon="35.00901972363155">
        <ele>0</ele>
        <time>2026-02-26T22:31:58.252Z</time>
      </trkpt>
      <trkpt lat="31.834814695287577" lon="35.00901972363155">
        <ele>0</ele>
        <time>2026-02-26T22:31:59.252Z</time>
      </trkpt>
      <trkpt lat="31.834814695287577" lon="35.00901972363155">
        <ele>0</ele>
        <time>2026-02-26T22:32:00.252Z</time>
      </trkpt>
      <trkpt lat="31.834814695287577" lon="35.00901972363155">
        <ele>0</ele>
        <time>2026-02-26T22:32:01.252Z</time>
      </trkpt>
      <trkpt lat="31.834814695287577" lon="35.00901972363155">
        <ele>346</ele>
        <time>2026-02-26T22:32:02.252Z</time>
      </trkpt>
      <trkpt lat="31.8347215017845" lon="35.00927782845423">
        <ele>351</ele>
        <time>2026-02-26T22:32:03.252Z</time>
      </trkpt>
      <trkpt lat="31.8347215017845" lon="35.00927782845423">
        <ele>0</ele>
        <time>2026-02-26T22:32:04.252Z</time>
      </trkpt>
      <trkpt lat="31.8347215017845" lon="35.00927782845423">
        <ele>0</ele>
        <time>2026-02-26T22:32:05.252Z</time>
      </trkpt>
      <trkpt lat="31.8347215017845" lon="35.00927782845423">
        <ele>0</ele>
        <time>2026-02-26T22:32:06.252Z</time>
      </trkpt>
      <trkpt lat="31.8347215017845" lon="35.00927782845423">
        <ele>0</ele>
        <time>2026-02-26T22:32:07.252Z</time>
      </trkpt>
      <trkpt lat="31.8347215017845" lon="35.00927782845423">
        <ele>0</ele>
        <time>2026-02-26T22:32:08.252Z</time>
      </trkpt>
      <trkpt lat="31.8347215017845" lon="35.00927782845423">
        <ele>0</ele>
        <time>2026-02-26T22:32:09.252Z</time>
      </trkpt>
      <trkpt lat="31.8347215017845" lon="35.00927782845423">
        <ele>0</ele>
        <time>2026-02-26T22:32:10.252Z</time>
      </trkpt>
      <trkpt lat="31.8347215017845" lon="35.00927782845423">
        <ele>0</ele>
        <time>2026-02-26T22:32:11.252Z</time>
      </trkpt>
      <trkpt lat="31.8347215017845" lon="35.00927782845423">
        <ele>351</ele>
        <time>2026-02-26T22:32:12.252Z</time>
      </trkpt>
      <trkpt lat="31.83463927214548" lon="35.00944559658899">
        <ele>351</ele>
        <time>2026-02-26T22:32:13.252Z</time>
      </trkpt>
      <trkpt lat="31.83463927214548" lon="35.00944559658899">
        <ele>0</ele>
        <time>2026-02-26T22:32:14.252Z</time>
      </trkpt>
      <trkpt lat="31.83463927214548" lon="35.00944559658899">
        <ele>0</ele>
        <time>2026-02-26T22:32:15.252Z</time>
      </trkpt>
      <trkpt lat="31.83463927214548" lon="35.00944559658899">
        <ele>0</ele>
        <time>2026-02-26T22:32:16.252Z</time>
      </trkpt>
      <trkpt lat="31.83463927214548" lon="35.00944559658899">
        <ele>0</ele>
        <time>2026-02-26T22:32:17.252Z</time>
      </trkpt>
      <trkpt lat="31.83463927214548" lon="35.00944559658899">
        <ele>0</ele>
        <time>2026-02-26T22:32:18.252Z</time>
      </trkpt>
      <trkpt lat="31.83463927214548" lon="35.00944559658899">
        <ele>0</ele>
        <time>2026-02-26T22:32:19.252Z</time>
      </trkpt>
      <trkpt lat="31.83463927214548" lon="35.00944559658899">
        <ele>0</ele>
        <time>2026-02-26T22:32:20.252Z</time>
      </trkpt>
      <trkpt lat="31.83463927214548" lon="35.00944559658899">
        <ele>0</ele>
        <time>2026-02-26T22:32:21.252Z</time>
      </trkpt>
      <trkpt lat="31.83463927214548" lon="35.00944559658899">
        <ele>351</ele>
        <time>2026-02-26T22:32:22.252Z</time>
      </trkpt>
      <trkpt lat="31.834551560449853" lon="35.00960691210332">
        <ele>351</ele>
        <time>2026-02-26T22:32:23.252Z</time>
      </trkpt>
      <trkpt lat="31.834551560449853" lon="35.00960691210332">
        <ele>0</ele>
        <time>2026-02-26T22:32:24.252Z</time>
      </trkpt>
      <trkpt lat="31.834551560449853" lon="35.00960691210332">
        <ele>0</ele>
        <time>2026-02-26T22:32:25.252Z</time>
      </trkpt>
      <trkpt lat="31.834551560449853" lon="35.00960691210332">
        <ele>0</ele>
        <time>2026-02-26T22:32:26.252Z</time>
      </trkpt>
      <trkpt lat="31.834551560449853" lon="35.00960691210332">
        <ele>0</ele>
        <time>2026-02-26T22:32:27.252Z</time>
      </trkpt>
      <trkpt lat="31.834551560449853" lon="35.00960691210332">
        <ele>0</ele>
        <time>2026-02-26T22:32:28.252Z</time>
      </trkpt>
      <trkpt lat="31.834551560449853" lon="35.00960691210332">
        <ele>351</ele>
        <time>2026-02-26T22:32:29.252Z</time>
      </trkpt>
      <trkpt lat="31.834502222584902" lon="35.00998116409582">
        <ele>350</ele>
        <time>2026-02-26T22:32:30.252Z</time>
      </trkpt>
      <trkpt lat="31.834502222584902" lon="35.00998116409582">
        <ele>0</ele>
        <time>2026-02-26T22:32:31.252Z</time>
      </trkpt>
      <trkpt lat="31.834502222584902" lon="35.00998116409582">
        <ele>0</ele>
        <time>2026-02-26T22:32:32.252Z</time>
      </trkpt>
      <trkpt lat="31.834502222584902" lon="35.00998116409582">
        <ele>0</ele>
        <time>2026-02-26T22:32:33.252Z</time>
      </trkpt>
      <trkpt lat="31.834502222584902" lon="35.00998116409582">
        <ele>0</ele>
        <time>2026-02-26T22:32:34.252Z</time>
      </trkpt>
      <trkpt lat="31.834502222584902" lon="35.00998116409582">
        <ele>0</ele>
        <time>2026-02-26T22:32:35.252Z</time>
      </trkpt>
      <trkpt lat="31.834502222584902" lon="35.00998116409582">
        <ele>0</ele>
        <time>2026-02-26T22:32:36.252Z</time>
      </trkpt>
      <trkpt lat="31.834502222584902" lon="35.00998116409582">
        <ele>0</ele>
        <time>2026-02-26T22:32:37.252Z</time>
      </trkpt>
      <trkpt lat="31.834502222584902" lon="35.00998116409582">
        <ele>0</ele>
        <time>2026-02-26T22:32:38.252Z</time>
      </trkpt>
      <trkpt lat="31.834502222584902" lon="35.00998116409582">
        <ele>350</ele>
        <time>2026-02-26T22:32:39.252Z</time>
      </trkpt>
      <trkpt lat="31.834436438701218" lon="35.01031670035883">
        <ele>349</ele>
        <time>2026-02-26T22:32:40.252Z</time>
      </trkpt>
      <trkpt lat="31.834436438701218" lon="35.01031670035883">
        <ele>0</ele>
        <time>2026-02-26T22:32:41.252Z</time>
      </trkpt>
      <trkpt lat="31.834436438701218" lon="35.01031670035883">
        <ele>0</ele>
        <time>2026-02-26T22:32:42.252Z</time>
      </trkpt>
      <trkpt lat="31.834436438701218" lon="35.01031670035883">
        <ele>0</ele>
        <time>2026-02-26T22:32:43.252Z</time>
      </trkpt>
      <trkpt lat="31.834436438701218" lon="35.01031670035883">
        <ele>0</ele>
        <time>2026-02-26T22:32:44.252Z</time>
      </trkpt>
      <trkpt lat="31.834436438701218" lon="35.01031670035883">
        <ele>0</ele>
        <time>2026-02-26T22:32:45.252Z</time>
      </trkpt>
      <trkpt lat="31.834436438701218" lon="35.01031670035883">
        <ele>0</ele>
        <time>2026-02-26T22:32:46.252Z</time>
      </trkpt>
      <trkpt lat="31.834436438701218" lon="35.01031670035883">
        <ele>0</ele>
        <time>2026-02-26T22:32:47.252Z</time>
      </trkpt>
      <trkpt lat="31.834436438701218" lon="35.01031670035883">
        <ele>0</ele>
        <time>2026-02-26T22:32:48.252Z</time>
      </trkpt>
      <trkpt lat="31.834436438701218" lon="35.01031670035883">
        <ele>349</ele>
        <time>2026-02-26T22:32:49.252Z</time>
      </trkpt>
      <trkpt lat="31.83430487083686" lon="35.01041994228768">
        <ele>339</ele>
        <time>2026-02-26T22:32:50.252Z</time>
      </trkpt>
      <trkpt lat="31.83430487083686" lon="35.01041994228768">
        <ele>0</ele>
        <time>2026-02-26T22:32:51.252Z</time>
      </trkpt>
      <trkpt lat="31.83430487083686" lon="35.01041994228768">
        <ele>0</ele>
        <time>2026-02-26T22:32:52.252Z</time>
      </trkpt>
      <trkpt lat="31.83430487083686" lon="35.01041994228768">
        <ele>0</ele>
        <time>2026-02-26T22:32:53.252Z</time>
      </trkpt>
      <trkpt lat="31.83430487083686" lon="35.01041994228768">
        <ele>0</ele>
        <time>2026-02-26T22:32:54.252Z</time>
      </trkpt>
      <trkpt lat="31.83430487083686" lon="35.01041994228768">
        <ele>0</ele>
        <time>2026-02-26T22:32:55.252Z</time>
      </trkpt>
      <trkpt lat="31.83430487083686" lon="35.01041994228768">
        <ele>0</ele>
        <time>2026-02-26T22:32:56.252Z</time>
      </trkpt>
      <trkpt lat="31.83430487083686" lon="35.01041994228768">
        <ele>0</ele>
        <time>2026-02-26T22:32:57.252Z</time>
      </trkpt>
      <trkpt lat="31.83430487083686" lon="35.01041994228768">
        <ele>0</ele>
        <time>2026-02-26T22:32:58.252Z</time>
      </trkpt>
      <trkpt lat="31.83430487083686" lon="35.01041994228768">
        <ele>339</ele>
        <time>2026-02-26T22:32:59.252Z</time>
      </trkpt>
      <trkpt lat="31.834228122829543" lon="35.010548994698524">
        <ele>329</ele>
        <time>2026-02-26T22:33:00.252Z</time>
      </trkpt>
      <trkpt lat="31.834228122829543" lon="35.010548994698524">
        <ele>0</ele>
        <time>2026-02-26T22:33:01.252Z</time>
      </trkpt>
      <trkpt lat="31.834228122829543" lon="35.010548994698524">
        <ele>0</ele>
        <time>2026-02-26T22:33:02.252Z</time>
      </trkpt>
      <trkpt lat="31.834228122829543" lon="35.010548994698524">
        <ele>0</ele>
        <time>2026-02-26T22:33:03.252Z</time>
      </trkpt>
      <trkpt lat="31.834228122829543" lon="35.010548994698524">
        <ele>0</ele>
        <time>2026-02-26T22:33:04.252Z</time>
      </trkpt>
      <trkpt lat="31.834228122829543" lon="35.010548994698524">
        <ele>0</ele>
        <time>2026-02-26T22:33:05.252Z</time>
      </trkpt>
      <trkpt lat="31.834228122829543" lon="35.010548994698524">
        <ele>329</ele>
        <time>2026-02-26T22:33:06.252Z</time>
      </trkpt>
      <trkpt lat="31.834228122829543" lon="35.010548994698524">
        <ele>0</ele>
        <time>2026-02-26T22:33:07.252Z</time>
      </trkpt>
      <trkpt lat="31.834228122829543" lon="35.010548994698524">
        <ele>0</ele>
        <time>2026-02-26T22:33:08.252Z</time>
      </trkpt>
      <trkpt lat="31.834228122829543" lon="35.010548994698524">
        <ele>0</ele>
        <time>2026-02-26T22:33:09.252Z</time>
      </trkpt>
      <trkpt lat="31.83417878479078" lon="35.01067804711039">
        <ele>330</ele>
        <time>2026-02-26T22:33:10.252Z</time>
      </trkpt>
      <trkpt lat="31.83417878479078" lon="35.01067804711039">
        <ele>0</ele>
        <time>2026-02-26T22:33:11.252Z</time>
      </trkpt>
      <trkpt lat="31.83417878479078" lon="35.01067804711039">
        <ele>0</ele>
        <time>2026-02-26T22:33:12.252Z</time>
      </trkpt>
      <trkpt lat="31.83417878479078" lon="35.01067804711039">
        <ele>0</ele>
        <time>2026-02-26T22:33:13.252Z</time>
      </trkpt>
      <trkpt lat="31.83417878479078" lon="35.01067804711039">
        <ele>0</ele>
        <time>2026-02-26T22:33:14.252Z</time>
      </trkpt>
      <trkpt lat="31.83417878479078" lon="35.01067804711039">
        <ele>0</ele>
        <time>2026-02-26T22:33:15.252Z</time>
      </trkpt>
      <trkpt lat="31.83417878479078" lon="35.01067804711039">
        <ele>330</ele>
        <time>2026-02-26T22:33:16.252Z</time>
      </trkpt>
      <trkpt lat="31.83400336044076" lon="35.0108070995212">
        <ele>330</ele>
        <time>2026-02-26T22:33:17.252Z</time>
      </trkpt>
      <trkpt lat="31.83400336044076" lon="35.0108070995212">
        <ele>0</ele>
        <time>2026-02-26T22:33:18.252Z</time>
      </trkpt>
      <trkpt lat="31.83400336044076" lon="35.0108070995212">
        <ele>0</ele>
        <time>2026-02-26T22:33:19.252Z</time>
      </trkpt>
      <trkpt lat="31.83400336044076" lon="35.0108070995212">
        <ele>0</ele>
        <time>2026-02-26T22:33:20.252Z</time>
      </trkpt>
      <trkpt lat="31.83400336044076" lon="35.0108070995212">
        <ele>0</ele>
        <time>2026-02-26T22:33:21.252Z</time>
      </trkpt>
      <trkpt lat="31.83400336044076" lon="35.0108070995212">
        <ele>0</ele>
        <time>2026-02-26T22:33:22.252Z</time>
      </trkpt>
      <trkpt lat="31.83400336044076" lon="35.0108070995212">
        <ele>0</ele>
        <time>2026-02-26T22:33:23.252Z</time>
      </trkpt>
      <trkpt lat="31.83400336044076" lon="35.0108070995212">
        <ele>0</ele>
        <time>2026-02-26T22:33:24.252Z</time>
      </trkpt>
      <trkpt lat="31.83400336044076" lon="35.0108070995212">
        <ele>0</ele>
        <time>2026-02-26T22:33:25.252Z</time>
      </trkpt>
      <trkpt lat="31.83400336044076" lon="35.0108070995212">
        <ele>330</ele>
        <time>2026-02-26T22:33:26.252Z</time>
      </trkpt>
      <trkpt lat="31.83392113016187" lon="35.0108845309681">
        <ele>331</ele>
        <time>2026-02-26T22:33:27.252Z</time>
      </trkpt>
      <trkpt lat="31.83392113016187" lon="35.0108845309681">
        <ele>0</ele>
        <time>2026-02-26T22:33:28.252Z</time>
      </trkpt>
      <trkpt lat="31.83392113016187" lon="35.0108845309681">
        <ele>0</ele>
        <time>2026-02-26T22:33:29.252Z</time>
      </trkpt>
      <trkpt lat="31.83392113016187" lon="35.0108845309681">
        <ele>0</ele>
        <time>2026-02-26T22:33:30.252Z</time>
      </trkpt>
      <trkpt lat="31.83392113016187" lon="35.0108845309681">
        <ele>0</ele>
        <time>2026-02-26T22:33:31.252Z</time>
      </trkpt>
      <trkpt lat="31.83392113016187" lon="35.0108845309681">
        <ele>0</ele>
        <time>2026-02-26T22:33:32.252Z</time>
      </trkpt>
      <trkpt lat="31.83392113016187" lon="35.0108845309681">
        <ele>0</ele>
        <time>2026-02-26T22:33:33.252Z</time>
      </trkpt>
      <trkpt lat="31.83392113016187" lon="35.0108845309681">
        <ele>0</ele>
        <time>2026-02-26T22:33:34.252Z</time>
      </trkpt>
      <trkpt lat="31.83392113016187" lon="35.0108845309681">
        <ele>0</ele>
        <time>2026-02-26T22:33:35.252Z</time>
      </trkpt>
      <trkpt lat="31.83392113016187" lon="35.0108845309681">
        <ele>331</ele>
        <time>2026-02-26T22:33:36.252Z</time>
      </trkpt>
      <trkpt lat="31.83370733109348" lon="35.01085226786566">
        <ele>331</ele>
        <time>2026-02-26T22:33:37.252Z</time>
      </trkpt>
      <trkpt lat="31.83370733109348" lon="35.01085226786566">
        <ele>0</ele>
        <time>2026-02-26T22:33:38.252Z</time>
      </trkpt>
      <trkpt lat="31.83370733109348" lon="35.01085226786566">
        <ele>0</ele>
        <time>2026-02-26T22:33:39.252Z</time>
      </trkpt>
      <trkpt lat="31.83370733109348" lon="35.01085226786566">
        <ele>0</ele>
        <time>2026-02-26T22:33:40.252Z</time>
      </trkpt>
      <trkpt lat="31.83370733109348" lon="35.01085226786566">
        <ele>0</ele>
        <time>2026-02-26T22:33:41.252Z</time>
      </trkpt>
      <trkpt lat="31.83370733109348" lon="35.01085226786566">
        <ele>0</ele>
        <time>2026-02-26T22:33:42.252Z</time>
      </trkpt>
      <trkpt lat="31.83370733109348" lon="35.01085226786566">
        <ele>0</ele>
        <time>2026-02-26T22:33:43.252Z</time>
      </trkpt>
      <trkpt lat="31.83370733109348" lon="35.01085226786566">
        <ele>0</ele>
        <time>2026-02-26T22:33:44.252Z</time>
      </trkpt>
      <trkpt lat="31.83370733109348" lon="35.01085226786566">
        <ele>0</ele>
        <time>2026-02-26T22:33:45.252Z</time>
      </trkpt>
      <trkpt lat="31.83370733109348" lon="35.01085226786566">
        <ele>331</ele>
        <time>2026-02-26T22:33:46.252Z</time>
      </trkpt>
      <trkpt lat="31.833548351978138" lon="35.01091034145006">
        <ele>331</ele>
        <time>2026-02-26T22:33:47.252Z</time>
      </trkpt>
      <trkpt lat="31.833548351978138" lon="35.01091034145006">
        <ele>0</ele>
        <time>2026-02-26T22:33:48.252Z</time>
      </trkpt>
      <trkpt lat="31.833548351978138" lon="35.01091034145006">
        <ele>0</ele>
        <time>2026-02-26T22:33:49.252Z</time>
      </trkpt>
      <trkpt lat="31.833548351978138" lon="35.01091034145006">
        <ele>0</ele>
        <time>2026-02-26T22:33:50.252Z</time>
      </trkpt>
      <trkpt lat="31.833548351978138" lon="35.01091034145006">
        <ele>0</ele>
        <time>2026-02-26T22:33:51.252Z</time>
      </trkpt>
      <trkpt lat="31.833548351978138" lon="35.01091034145006">
        <ele>0</ele>
        <time>2026-02-26T22:33:52.252Z</time>
      </trkpt>
      <trkpt lat="31.833548351978138" lon="35.01091034145006">
        <ele>331</ele>
        <time>2026-02-26T22:33:53.252Z</time>
      </trkpt>
      <trkpt lat="31.83349901357593" lon="35.010994225517464">
        <ele>331</ele>
        <time>2026-02-26T22:33:54.252Z</time>
      </trkpt>
      <trkpt lat="31.83349901357593" lon="35.010994225517464">
        <ele>0</ele>
        <time>2026-02-26T22:33:55.252Z</time>
      </trkpt>
      <trkpt lat="31.83349901357593" lon="35.010994225517464">
        <ele>0</ele>
        <time>2026-02-26T22:33:56.252Z</time>
      </trkpt>
      <trkpt lat="31.83349901357593" lon="35.010994225517464">
        <ele>0</ele>
        <time>2026-02-26T22:33:57.252Z</time>
      </trkpt>
      <trkpt lat="31.83349901357593" lon="35.010994225517464">
        <ele>0</ele>
        <time>2026-02-26T22:33:58.252Z</time>
      </trkpt>
      <trkpt lat="31.83349901357593" lon="35.010994225517464">
        <ele>0</ele>
        <time>2026-02-26T22:33:59.252Z</time>
      </trkpt>
      <trkpt lat="31.83349901357593" lon="35.010994225517464">
        <ele>0</ele>
        <time>2026-02-26T22:34:00.252Z</time>
      </trkpt>
      <trkpt lat="31.83349901357593" lon="35.010994225517464">
        <ele>0</ele>
        <time>2026-02-26T22:34:01.252Z</time>
      </trkpt>
      <trkpt lat="31.83349901357593" lon="35.010994225517464">
        <ele>0</ele>
        <time>2026-02-26T22:34:02.252Z</time>
      </trkpt>
      <trkpt lat="31.83349901357593" lon="35.010994225517464">
        <ele>331</ele>
        <time>2026-02-26T22:34:03.252Z</time>
      </trkpt>
      <trkpt lat="31.833438711048785" lon="35.011110372688336">
        <ele>319</ele>
        <time>2026-02-26T22:34:04.252Z</time>
      </trkpt>
      <trkpt lat="31.833438711048785" lon="35.011110372688336">
        <ele>0</ele>
        <time>2026-02-26T22:34:05.252Z</time>
      </trkpt>
      <trkpt lat="31.833438711048785" lon="35.011110372688336">
        <ele>0</ele>
        <time>2026-02-26T22:34:06.252Z</time>
      </trkpt>
      <trkpt lat="31.833438711048785" lon="35.011110372688336">
        <ele>0</ele>
        <time>2026-02-26T22:34:07.252Z</time>
      </trkpt>
      <trkpt lat="31.833438711048785" lon="35.011110372688336">
        <ele>0</ele>
        <time>2026-02-26T22:34:08.252Z</time>
      </trkpt>
      <trkpt lat="31.833438711048785" lon="35.011110372688336">
        <ele>0</ele>
        <time>2026-02-26T22:34:09.252Z</time>
      </trkpt>
      <trkpt lat="31.833438711048785" lon="35.011110372688336">
        <ele>0</ele>
        <time>2026-02-26T22:34:10.252Z</time>
      </trkpt>
      <trkpt lat="31.833438711048785" lon="35.011110372688336">
        <ele>0</ele>
        <time>2026-02-26T22:34:11.252Z</time>
      </trkpt>
      <trkpt lat="31.833438711048785" lon="35.011110372688336">
        <ele>0</ele>
        <time>2026-02-26T22:34:12.252Z</time>
      </trkpt>
      <trkpt lat="31.833438711048785" lon="35.011110372688336">
        <ele>319</ele>
        <time>2026-02-26T22:34:13.252Z</time>
      </trkpt>
      <trkpt lat="31.83337659067594" lon="35.011984479456146">
        <ele>331</ele>
        <time>2026-02-26T22:34:14.252Z</time>
      </trkpt>
      <trkpt lat="31.83337659067594" lon="35.011984479456146">
        <ele>0</ele>
        <time>2026-02-26T22:34:15.252Z</time>
      </trkpt>
      <trkpt lat="31.83337659067594" lon="35.011984479456146">
        <ele>0</ele>
        <time>2026-02-26T22:34:16.252Z</time>
      </trkpt>
      <trkpt lat="31.83337659067594" lon="35.011984479456146">
        <ele>0</ele>
        <time>2026-02-26T22:34:17.252Z</time>
      </trkpt>
      <trkpt lat="31.83337659067594" lon="35.011984479456146">
        <ele>0</ele>
        <time>2026-02-26T22:34:18.252Z</time>
      </trkpt>
      <trkpt lat="31.83337659067594" lon="35.011984479456146">
        <ele>0</ele>
        <time>2026-02-26T22:34:19.252Z</time>
      </trkpt>
      <trkpt lat="31.83337659067594" lon="35.011984479456146">
        <ele>0</ele>
        <time>2026-02-26T22:34:20.252Z</time>
      </trkpt>
      <trkpt lat="31.83337659067594" lon="35.011984479456146">
        <ele>0</ele>
        <time>2026-02-26T22:34:21.252Z</time>
      </trkpt>
      <trkpt lat="31.83337659067594" lon="35.011984479456146">
        <ele>0</ele>
        <time>2026-02-26T22:34:22.252Z</time>
      </trkpt>
      <trkpt lat="31.83337659067594" lon="35.011984479456146">
        <ele>331</ele>
        <time>2026-02-26T22:34:23.252Z</time>
      </trkpt>
      <trkpt lat="31.8332403010388" lon="35.01274646896192">
        <ele>327</ele>
        <time>2026-02-26T22:34:24.252Z</time>
      </trkpt>
      <trkpt lat="31.8332403010388" lon="35.01274646896192">
        <ele>0</ele>
        <time>2026-02-26T22:34:25.252Z</time>
      </trkpt>
      <trkpt lat="31.8332403010388" lon="35.01274646896192">
        <ele>0</ele>
        <time>2026-02-26T22:34:26.252Z</time>
      </trkpt>
      <trkpt lat="31.8332403010388" lon="35.01274646896192">
        <ele>0</ele>
        <time>2026-02-26T22:34:27.252Z</time>
      </trkpt>
      <trkpt lat="31.8332403010388" lon="35.01274646896192">
        <ele>0</ele>
        <time>2026-02-26T22:34:28.252Z</time>
      </trkpt>
      <trkpt lat="31.8332403010388" lon="35.01274646896192">
        <ele>0</ele>
        <time>2026-02-26T22:34:29.252Z</time>
      </trkpt>
      <trkpt lat="31.8332403010388" lon="35.01274646896192">
        <ele>327</ele>
        <time>2026-02-26T22:34:30.252Z</time>
      </trkpt>
      <trkpt lat="31.8332403010388" lon="35.01274646896192">
        <ele>0</ele>
        <time>2026-02-26T22:34:31.252Z</time>
      </trkpt>
      <trkpt lat="31.8332403010388" lon="35.01274646896192">
        <ele>0</ele>
        <time>2026-02-26T22:34:32.252Z</time>
      </trkpt>
      <trkpt lat="31.8332403010388" lon="35.01274646896192">
        <ele>0</ele>
        <time>2026-02-26T22:34:33.252Z</time>
      </trkpt>
      <trkpt lat="31.833410663053215" lon="35.013267830202494">
        <ele>327.5</ele>
        <time>2026-02-26T22:34:34.252Z</time>
      </trkpt>
      <trkpt lat="31.833410663053215" lon="35.013267830202494">
        <ele>0</ele>
        <time>2026-02-26T22:34:35.252Z</time>
      </trkpt>
      <trkpt lat="31.833410663053215" lon="35.013267830202494">
        <ele>0</ele>
        <time>2026-02-26T22:34:36.252Z</time>
      </trkpt>
      <trkpt lat="31.833410663053215" lon="35.013267830202494">
        <ele>0</ele>
        <time>2026-02-26T22:34:37.252Z</time>
      </trkpt>
      <trkpt lat="31.833410663053215" lon="35.013267830202494">
        <ele>0</ele>
        <time>2026-02-26T22:34:38.252Z</time>
      </trkpt>
      <trkpt lat="31.833410663053215" lon="35.013267830202494">
        <ele>0</ele>
        <time>2026-02-26T22:34:39.252Z</time>
      </trkpt>
      <trkpt lat="31.833410663053215" lon="35.013267830202494">
        <ele>327.5</ele>
        <time>2026-02-26T22:34:40.252Z</time>
      </trkpt>
      <trkpt lat="31.833342518285363" lon="35.01366887731058">
        <ele>328</ele>
        <time>2026-02-26T22:34:41.252Z</time>
      </trkpt>
      <trkpt lat="31.833342518285363" lon="35.01366887731058">
        <ele>0</ele>
        <time>2026-02-26T22:34:42.252Z</time>
      </trkpt>
      <trkpt lat="31.833342518285363" lon="35.01366887731058">
        <ele>0</ele>
        <time>2026-02-26T22:34:43.252Z</time>
      </trkpt>
      <trkpt lat="31.833342518285363" lon="35.01366887731058">
        <ele>0</ele>
        <time>2026-02-26T22:34:44.252Z</time>
      </trkpt>
      <trkpt lat="31.833342518285363" lon="35.01366887731058">
        <ele>0</ele>
        <time>2026-02-26T22:34:45.252Z</time>
      </trkpt>
      <trkpt lat="31.833342518285363" lon="35.01366887731058">
        <ele>0</ele>
        <time>2026-02-26T22:34:46.252Z</time>
      </trkpt>
      <trkpt lat="31.833342518285363" lon="35.01366887731058">
        <ele>0</ele>
        <time>2026-02-26T22:34:47.252Z</time>
      </trkpt>
      <trkpt lat="31.833342518285363" lon="35.01366887731058">
        <ele>0</ele>
        <time>2026-02-26T22:34:48.252Z</time>
      </trkpt>
      <trkpt lat="31.833342518285363" lon="35.01366887731058">
        <ele>0</ele>
        <time>2026-02-26T22:34:49.252Z</time>
      </trkpt>
      <trkpt lat="31.833342518285363" lon="35.01366887731058">
        <ele>328</ele>
        <time>2026-02-26T22:34:50.252Z</time>
      </trkpt>
      <trkpt lat="31.833035866206856" lon="35.0150324374776">
        <ele>333.5</ele>
        <time>2026-02-26T22:34:51.252Z</time>
      </trkpt>
      <trkpt lat="31.833035866206856" lon="35.0150324374776">
        <ele>0</ele>
        <time>2026-02-26T22:34:52.252Z</time>
      </trkpt>
      <trkpt lat="31.833035866206856" lon="35.0150324374776">
        <ele>0</ele>
        <time>2026-02-26T22:34:53.252Z</time>
      </trkpt>
      <trkpt lat="31.833035866206856" lon="35.0150324374776">
        <ele>0</ele>
        <time>2026-02-26T22:34:54.252Z</time>
      </trkpt>
      <trkpt lat="31.833035866206856" lon="35.0150324374776">
        <ele>0</ele>
        <time>2026-02-26T22:34:55.252Z</time>
      </trkpt>
      <trkpt lat="31.833035866206856" lon="35.0150324374776">
        <ele>0</ele>
        <time>2026-02-26T22:34:56.252Z</time>
      </trkpt>
      <trkpt lat="31.833035866206856" lon="35.0150324374776">
        <ele>0</ele>
        <time>2026-02-26T22:34:57.252Z</time>
      </trkpt>
      <trkpt lat="31.833035866206856" lon="35.0150324374776">
        <ele>0</ele>
        <time>2026-02-26T22:34:58.252Z</time>
      </trkpt>
      <trkpt lat="31.833035866206856" lon="35.0150324374776">
        <ele>0</ele>
        <time>2026-02-26T22:34:59.252Z</time>
      </trkpt>
      <trkpt lat="31.833035866206856" lon="35.0150324374776">
        <ele>333.5</ele>
        <time>2026-02-26T22:35:00.252Z</time>
      </trkpt>
      <trkpt lat="31.832695140479885" lon="35.01575432227142">
        <ele>339.5</ele>
        <time>2026-02-26T22:35:01.252Z</time>
      </trkpt>
      <trkpt lat="31.832695140479885" lon="35.01575432227142">
        <ele>0</ele>
        <time>2026-02-26T22:35:02.252Z</time>
      </trkpt>
      <trkpt lat="31.832695140479885" lon="35.01575432227142">
        <ele>0</ele>
        <time>2026-02-26T22:35:03.252Z</time>
      </trkpt>
      <trkpt lat="31.832695140479885" lon="35.01575432227142">
        <ele>0</ele>
        <time>2026-02-26T22:35:04.252Z</time>
      </trkpt>
      <trkpt lat="31.832695140479885" lon="35.01575432227142">
        <ele>0</ele>
        <time>2026-02-26T22:35:05.252Z</time>
      </trkpt>
      <trkpt lat="31.832695140479885" lon="35.01575432227142">
        <ele>0</ele>
        <time>2026-02-26T22:35:06.252Z</time>
      </trkpt>
      <trkpt lat="31.832695140479885" lon="35.01575432227142">
        <ele>0</ele>
        <time>2026-02-26T22:35:07.252Z</time>
      </trkpt>
      <trkpt lat="31.832695140479885" lon="35.01575432227142">
        <ele>0</ele>
        <time>2026-02-26T22:35:08.252Z</time>
      </trkpt>
      <trkpt lat="31.832695140479885" lon="35.01575432227142">
        <ele>0</ele>
        <time>2026-02-26T22:35:09.252Z</time>
      </trkpt>
      <trkpt lat="31.832695140479885" lon="35.01575432227142">
        <ele>339.5</ele>
        <time>2026-02-26T22:35:10.252Z</time>
      </trkpt>
      <trkpt lat="31.832558849836445" lon="35.01663662590974">
        <ele>349</ele>
        <time>2026-02-26T22:35:11.252Z</time>
      </trkpt>
      <trkpt lat="31.832558849836445" lon="35.01663662590974">
        <ele>0</ele>
        <time>2026-02-26T22:35:12.252Z</time>
      </trkpt>
      <trkpt lat="31.832558849836445" lon="35.01663662590974">
        <ele>0</ele>
        <time>2026-02-26T22:35:13.252Z</time>
      </trkpt>
      <trkpt lat="31.832558849836445" lon="35.01663662590974">
        <ele>0</ele>
        <time>2026-02-26T22:35:14.252Z</time>
      </trkpt>
      <trkpt lat="31.832558849836445" lon="35.01663662590974">
        <ele>0</ele>
        <time>2026-02-26T22:35:15.252Z</time>
      </trkpt>
      <trkpt lat="31.832558849836445" lon="35.01663662590974">
        <ele>0</ele>
        <time>2026-02-26T22:35:16.252Z</time>
      </trkpt>
      <trkpt lat="31.832558849836445" lon="35.01663662590974">
        <ele>349</ele>
        <time>2026-02-26T22:35:17.252Z</time>
      </trkpt>
      <trkpt lat="31.83191146653391" lon="35.01775955781159">
        <ele>357</ele>
        <time>2026-02-26T22:35:18.252Z</time>
      </trkpt>
      <trkpt lat="31.83191146653391" lon="35.01775955781159">
        <ele>0</ele>
        <time>2026-02-26T22:35:19.252Z</time>
      </trkpt>
      <trkpt lat="31.83191146653391" lon="35.01775955781159">
        <ele>0</ele>
        <time>2026-02-26T22:35:20.252Z</time>
      </trkpt>
      <trkpt lat="31.83191146653391" lon="35.01775955781159">
        <ele>0</ele>
        <time>2026-02-26T22:35:21.252Z</time>
      </trkpt>
      <trkpt lat="31.83191146653391" lon="35.01775955781159">
        <ele>0</ele>
        <time>2026-02-26T22:35:22.252Z</time>
      </trkpt>
      <trkpt lat="31.83191146653391" lon="35.01775955781159">
        <ele>0</ele>
        <time>2026-02-26T22:35:23.252Z</time>
      </trkpt>
      <trkpt lat="31.83191146653391" lon="35.01775955781159">
        <ele>0</ele>
        <time>2026-02-26T22:35:24.252Z</time>
      </trkpt>
      <trkpt lat="31.83191146653391" lon="35.01775955781159">
        <ele>0</ele>
        <time>2026-02-26T22:35:25.252Z</time>
      </trkpt>
      <trkpt lat="31.83191146653391" lon="35.01775955781159">
        <ele>0</ele>
        <time>2026-02-26T22:35:26.252Z</time>
      </trkpt>
      <trkpt lat="31.83191146653391" lon="35.01775955781159">
        <ele>357</ele>
        <time>2026-02-26T22:35:27.252Z</time>
      </trkpt>
      <trkpt lat="31.83170403634618" lon="35.018483626944715">
        <ele>357.5</ele>
        <time>2026-02-26T22:35:28.252Z</time>
      </trkpt>
      <trkpt lat="31.83170403634618" lon="35.018483626944715">
        <ele>0</ele>
        <time>2026-02-26T22:35:29.252Z</time>
      </trkpt>
      <trkpt lat="31.83170403634618" lon="35.018483626944715">
        <ele>0</ele>
        <time>2026-02-26T22:35:30.252Z</time>
      </trkpt>
      <trkpt lat="31.83170403634618" lon="35.018483626944715">
        <ele>0</ele>
        <time>2026-02-26T22:35:31.252Z</time>
      </trkpt>
      <trkpt lat="31.83170403634618" lon="35.018483626944715">
        <ele>0</ele>
        <time>2026-02-26T22:35:32.252Z</time>
      </trkpt>
      <trkpt lat="31.83170403634618" lon="35.018483626944715">
        <ele>0</ele>
        <time>2026-02-26T22:35:33.252Z</time>
      </trkpt>
      <trkpt lat="31.83170403634618" lon="35.018483626944715">
        <ele>0</ele>
        <time>2026-02-26T22:35:34.252Z</time>
      </trkpt>
      <trkpt lat="31.83170403634618" lon="35.018483626944715">
        <ele>0</ele>
        <time>2026-02-26T22:35:35.252Z</time>
      </trkpt>
      <trkpt lat="31.83170403634618" lon="35.018483626944715">
        <ele>0</ele>
        <time>2026-02-26T22:35:36.252Z</time>
      </trkpt>
      <trkpt lat="31.83170403634618" lon="35.018483626944715">
        <ele>357.5</ele>
        <time>2026-02-26T22:35:37.252Z</time>
      </trkpt>
      <trkpt lat="31.831528213289914" lon="35.01875186535898">
        <ele>358</ele>
        <time>2026-02-26T22:35:38.252Z</time>
      </trkpt>
      <trkpt lat="31.831528213289914" lon="35.01875186535898">
        <ele>0</ele>
        <time>2026-02-26T22:35:39.252Z</time>
      </trkpt>
      <trkpt lat="31.831528213289914" lon="35.01875186535898">
        <ele>0</ele>
        <time>2026-02-26T22:35:40.252Z</time>
      </trkpt>
      <trkpt lat="31.831528213289914" lon="35.01875186535898">
        <ele>0</ele>
        <time>2026-02-26T22:35:41.252Z</time>
      </trkpt>
      <trkpt lat="31.831528213289914" lon="35.01875186535898">
        <ele>0</ele>
        <time>2026-02-26T22:35:42.252Z</time>
      </trkpt>
      <trkpt lat="31.831528213289914" lon="35.01875186535898">
        <ele>0</ele>
        <time>2026-02-26T22:35:43.252Z</time>
      </trkpt>
      <trkpt lat="31.831528213289914" lon="35.01875186535898">
        <ele>0</ele>
        <time>2026-02-26T22:35:44.252Z</time>
      </trkpt>
      <trkpt lat="31.831528213289914" lon="35.01875186535898">
        <ele>0</ele>
        <time>2026-02-26T22:35:45.252Z</time>
      </trkpt>
      <trkpt lat="31.831528213289914" lon="35.01875186535898">
        <ele>0</ele>
        <time>2026-02-26T22:35:46.252Z</time>
      </trkpt>
      <trkpt lat="31.831528213289914" lon="35.01875186535898">
        <ele>358</ele>
        <time>2026-02-26T22:35:47.252Z</time>
      </trkpt>
      <trkpt lat="31.831026895341523" lon="35.01865142959855">
        <ele>351.5</ele>
        <time>2026-02-26T22:35:48.252Z</time>
      </trkpt>
      <trkpt lat="31.831026895341523" lon="35.01865142959855">
        <ele>0</ele>
        <time>2026-02-26T22:35:49.252Z</time>
      </trkpt>
      <trkpt lat="31.831026895341523" lon="35.01865142959855">
        <ele>0</ele>
        <time>2026-02-26T22:35:50.252Z</time>
      </trkpt>
      <trkpt lat="31.831026895341523" lon="35.01865142959855">
        <ele>0</ele>
        <time>2026-02-26T22:35:51.252Z</time>
      </trkpt>
      <trkpt lat="31.831026895341523" lon="35.01865142959855">
        <ele>0</ele>
        <time>2026-02-26T22:35:52.252Z</time>
      </trkpt>
      <trkpt lat="31.831026895341523" lon="35.01865142959855">
        <ele>0</ele>
        <time>2026-02-26T22:35:53.252Z</time>
      </trkpt>
      <trkpt lat="31.831026895341523" lon="35.01865142959855">
        <ele>351.5</ele>
        <time>2026-02-26T22:35:54.252Z</time>
      </trkpt>
      <trkpt lat="31.831026895341523" lon="35.01865142959855">
        <ele>0</ele>
        <time>2026-02-26T22:35:55.252Z</time>
      </trkpt>
      <trkpt lat="31.831026895341523" lon="35.01865142959855">
        <ele>0</ele>
        <time>2026-02-26T22:35:56.252Z</time>
      </trkpt>
      <trkpt lat="31.831026895341523" lon="35.01865142959855">
        <ele>0</ele>
        <time>2026-02-26T22:35:57.252Z</time>
      </trkpt>
      <trkpt lat="31.83072823654618" lon="35.018513330427396">
        <ele>345</ele>
        <time>2026-02-26T22:35:58.252Z</time>
      </trkpt>
      <trkpt lat="31.83072823654618" lon="35.018513330427396">
        <ele>0</ele>
        <time>2026-02-26T22:35:59.252Z</time>
      </trkpt>
      <trkpt lat="31.83072823654618" lon="35.018513330427396">
        <ele>0</ele>
        <time>2026-02-26T22:36:00.252Z</time>
      </trkpt>
      <trkpt lat="31.83072823654618" lon="35.018513330427396">
        <ele>0</ele>
        <time>2026-02-26T22:36:01.252Z</time>
      </trkpt>
      <trkpt lat="31.83072823654618" lon="35.018513330427396">
        <ele>0</ele>
        <time>2026-02-26T22:36:02.252Z</time>
      </trkpt>
      <trkpt lat="31.83072823654618" lon="35.018513330427396">
        <ele>0</ele>
        <time>2026-02-26T22:36:03.252Z</time>
      </trkpt>
      <trkpt lat="31.83072823654618" lon="35.018513330427396">
        <ele>345</ele>
        <time>2026-02-26T22:36:04.252Z</time>
      </trkpt>
      <trkpt lat="31.830461576090457" lon="35.017822834573735">
        <ele>353</ele>
        <time>2026-02-26T22:36:05.252Z</time>
      </trkpt>
      <trkpt lat="31.830461576090457" lon="35.017822834573735">
        <ele>0</ele>
        <time>2026-02-26T22:36:06.252Z</time>
      </trkpt>
      <trkpt lat="31.830461576090457" lon="35.017822834573735">
        <ele>0</ele>
        <time>2026-02-26T22:36:07.252Z</time>
      </trkpt>
      <trkpt lat="31.830461576090457" lon="35.017822834573735">
        <ele>0</ele>
        <time>2026-02-26T22:36:08.252Z</time>
      </trkpt>
      <trkpt lat="31.830461576090457" lon="35.017822834573735">
        <ele>0</ele>
        <time>2026-02-26T22:36:09.252Z</time>
      </trkpt>
      <trkpt lat="31.830461576090457" lon="35.017822834573735">
        <ele>0</ele>
        <time>2026-02-26T22:36:10.252Z</time>
      </trkpt>
      <trkpt lat="31.830461576090457" lon="35.017822834573735">
        <ele>0</ele>
        <time>2026-02-26T22:36:11.252Z</time>
      </trkpt>
      <trkpt lat="31.830461576090457" lon="35.017822834573735">
        <ele>0</ele>
        <time>2026-02-26T22:36:12.252Z</time>
      </trkpt>
      <trkpt lat="31.830461576090457" lon="35.017822834573735">
        <ele>0</ele>
        <time>2026-02-26T22:36:13.252Z</time>
      </trkpt>
      <trkpt lat="31.830461576090457" lon="35.017822834573735">
        <ele>353</ele>
        <time>2026-02-26T22:36:14.252Z</time>
      </trkpt>
      <trkpt lat="31.830429576784425" lon="35.01724532895034">
        <ele>356</ele>
        <time>2026-02-26T22:36:15.252Z</time>
      </trkpt>
      <trkpt lat="31.830429576784425" lon="35.01724532895034">
        <ele>0</ele>
        <time>2026-02-26T22:36:16.252Z</time>
      </trkpt>
      <trkpt lat="31.830429576784425" lon="35.01724532895034">
        <ele>0</ele>
        <time>2026-02-26T22:36:17.252Z</time>
      </trkpt>
      <trkpt lat="31.830429576784425" lon="35.01724532895034">
        <ele>0</ele>
        <time>2026-02-26T22:36:18.252Z</time>
      </trkpt>
      <trkpt lat="31.830429576784425" lon="35.01724532895034">
        <ele>0</ele>
        <time>2026-02-26T22:36:19.252Z</time>
      </trkpt>
      <trkpt lat="31.830429576784425" lon="35.01724532895034">
        <ele>0</ele>
        <time>2026-02-26T22:36:20.252Z</time>
      </trkpt>
      <trkpt lat="31.830429576784425" lon="35.01724532895034">
        <ele>0</ele>
        <time>2026-02-26T22:36:21.252Z</time>
      </trkpt>
      <trkpt lat="31.830429576784425" lon="35.01724532895034">
        <ele>0</ele>
        <time>2026-02-26T22:36:22.252Z</time>
      </trkpt>
      <trkpt lat="31.830429576784425" lon="35.01724532895034">
        <ele>0</ele>
        <time>2026-02-26T22:36:23.252Z</time>
      </trkpt>
      <trkpt lat="31.830429576784425" lon="35.01724532895034">
        <ele>356</ele>
        <time>2026-02-26T22:36:24.252Z</time>
      </trkpt>
      <trkpt lat="31.83033357879887" lon="35.01683103143901">
        <ele>356</ele>
        <time>2026-02-26T22:36:25.252Z</time>
      </trkpt>
      <trkpt lat="31.83033357879887" lon="35.01683103143901">
        <ele>0</ele>
        <time>2026-02-26T22:36:26.252Z</time>
      </trkpt>
      <trkpt lat="31.83033357879887" lon="35.01683103143901">
        <ele>0</ele>
        <time>2026-02-26T22:36:27.252Z</time>
      </trkpt>
      <trkpt lat="31.83033357879887" lon="35.01683103143901">
        <ele>0</ele>
        <time>2026-02-26T22:36:28.252Z</time>
      </trkpt>
      <trkpt lat="31.83033357879887" lon="35.01683103143901">
        <ele>0</ele>
        <time>2026-02-26T22:36:29.252Z</time>
      </trkpt>
      <trkpt lat="31.83033357879887" lon="35.01683103143901">
        <ele>0</ele>
        <time>2026-02-26T22:36:30.252Z</time>
      </trkpt>
      <trkpt lat="31.83033357879887" lon="35.01683103143901">
        <ele>0</ele>
        <time>2026-02-26T22:36:31.252Z</time>
      </trkpt>
      <trkpt lat="31.83033357879887" lon="35.01683103143901">
        <ele>0</ele>
        <time>2026-02-26T22:36:32.252Z</time>
      </trkpt>
      <trkpt lat="31.83033357879887" lon="35.01683103143901">
        <ele>0</ele>
        <time>2026-02-26T22:36:33.252Z</time>
      </trkpt>
      <trkpt lat="31.83033357879887" lon="35.01683103143901">
        <ele>356</ele>
        <time>2026-02-26T22:36:34.252Z</time>
      </trkpt>
      <trkpt lat="31.83014158252739" lon="35.01650461521703">
        <ele>350.5</ele>
        <time>2026-02-26T22:36:35.252Z</time>
      </trkpt>
      <trkpt lat="31.83014158252739" lon="35.01650461521703">
        <ele>0</ele>
        <time>2026-02-26T22:36:36.252Z</time>
      </trkpt>
      <trkpt lat="31.83014158252739" lon="35.01650461521703">
        <ele>0</ele>
        <time>2026-02-26T22:36:37.252Z</time>
      </trkpt>
      <trkpt lat="31.83014158252739" lon="35.01650461521703">
        <ele>0</ele>
        <time>2026-02-26T22:36:38.252Z</time>
      </trkpt>
      <trkpt lat="31.83014158252739" lon="35.01650461521703">
        <ele>0</ele>
        <time>2026-02-26T22:36:39.252Z</time>
      </trkpt>
      <trkpt lat="31.83014158252739" lon="35.01650461521703">
        <ele>0</ele>
        <time>2026-02-26T22:36:40.252Z</time>
      </trkpt>
      <trkpt lat="31.83014158252739" lon="35.01650461521703">
        <ele>350.5</ele>
        <time>2026-02-26T22:36:41.252Z</time>
      </trkpt>
      <trkpt lat="31.829917586372943" lon="35.01616564452513">
        <ele>340</ele>
        <time>2026-02-26T22:36:42.252Z</time>
      </trkpt>
      <trkpt lat="31.829917586372943" lon="35.01616564452513">
        <ele>0</ele>
        <time>2026-02-26T22:36:43.252Z</time>
      </trkpt>
      <trkpt lat="31.829917586372943" lon="35.01616564452513">
        <ele>0</ele>
        <time>2026-02-26T22:36:44.252Z</time>
      </trkpt>
      <trkpt lat="31.829917586372943" lon="35.01616564452513">
        <ele>0</ele>
        <time>2026-02-26T22:36:45.252Z</time>
      </trkpt>
      <trkpt lat="31.829917586372943" lon="35.01616564452513">
        <ele>0</ele>
        <time>2026-02-26T22:36:46.252Z</time>
      </trkpt>
      <trkpt lat="31.829917586372943" lon="35.01616564452513">
        <ele>0</ele>
        <time>2026-02-26T22:36:47.252Z</time>
      </trkpt>
      <trkpt lat="31.829917586372943" lon="35.01616564452513">
        <ele>0</ele>
        <time>2026-02-26T22:36:48.252Z</time>
      </trkpt>
      <trkpt lat="31.829917586372943" lon="35.01616564452513">
        <ele>0</ele>
        <time>2026-02-26T22:36:49.252Z</time>
      </trkpt>
      <trkpt lat="31.829917586372943" lon="35.01616564452513">
        <ele>0</ele>
        <time>2026-02-26T22:36:50.252Z</time>
      </trkpt>
      <trkpt lat="31.829917586372943" lon="35.01616564452513">
        <ele>340</ele>
        <time>2026-02-26T22:36:51.252Z</time>
      </trkpt>
      <trkpt lat="31.829704256196564" lon="35.01586433724307">
        <ele>341</ele>
        <time>2026-02-26T22:36:52.252Z</time>
      </trkpt>
      <trkpt lat="31.829704256196564" lon="35.01586433724307">
        <ele>0</ele>
        <time>2026-02-26T22:36:53.252Z</time>
      </trkpt>
      <trkpt lat="31.829704256196564" lon="35.01586433724307">
        <ele>0</ele>
        <time>2026-02-26T22:36:54.252Z</time>
      </trkpt>
      <trkpt lat="31.829704256196564" lon="35.01586433724307">
        <ele>0</ele>
        <time>2026-02-26T22:36:55.252Z</time>
      </trkpt>
      <trkpt lat="31.829704256196564" lon="35.01586433724307">
        <ele>0</ele>
        <time>2026-02-26T22:36:56.252Z</time>
      </trkpt>
      <trkpt lat="31.829704256196564" lon="35.01586433724307">
        <ele>0</ele>
        <time>2026-02-26T22:36:57.252Z</time>
      </trkpt>
      <trkpt lat="31.829704256196564" lon="35.01586433724307">
        <ele>0</ele>
        <time>2026-02-26T22:36:58.252Z</time>
      </trkpt>
      <trkpt lat="31.829704256196564" lon="35.01586433724307">
        <ele>0</ele>
        <time>2026-02-26T22:36:59.252Z</time>
      </trkpt>
      <trkpt lat="31.829704256196564" lon="35.01586433724307">
        <ele>0</ele>
        <time>2026-02-26T22:37:00.252Z</time>
      </trkpt>
      <trkpt lat="31.829704256196564" lon="35.01586433724307">
        <ele>341</ele>
        <time>2026-02-26T22:37:01.252Z</time>
      </trkpt>
      <trkpt lat="31.829458925883714" lon="35.01576390148267">
        <ele>342</ele>
        <time>2026-02-26T22:37:02.252Z</time>
      </trkpt>
      <trkpt lat="31.829458925883714" lon="35.01576390148267">
        <ele>0</ele>
        <time>2026-02-26T22:37:03.252Z</time>
      </trkpt>
      <trkpt lat="31.829458925883714" lon="35.01576390148267">
        <ele>0</ele>
        <time>2026-02-26T22:37:04.252Z</time>
      </trkpt>
      <trkpt lat="31.829458925883714" lon="35.01576390148267">
        <ele>0</ele>
        <time>2026-02-26T22:37:05.252Z</time>
      </trkpt>
      <trkpt lat="31.829458925883714" lon="35.01576390148267">
        <ele>0</ele>
        <time>2026-02-26T22:37:06.252Z</time>
      </trkpt>
      <trkpt lat="31.829458925883714" lon="35.01576390148267">
        <ele>0</ele>
        <time>2026-02-26T22:37:07.252Z</time>
      </trkpt>
      <trkpt lat="31.829458925883714" lon="35.01576390148267">
        <ele>0</ele>
        <time>2026-02-26T22:37:08.252Z</time>
      </trkpt>
      <trkpt lat="31.829458925883714" lon="35.01576390148267">
        <ele>0</ele>
        <time>2026-02-26T22:37:09.252Z</time>
      </trkpt>
      <trkpt lat="31.829458925883714" lon="35.01576390148267">
        <ele>0</ele>
        <time>2026-02-26T22:37:10.252Z</time>
      </trkpt>
      <trkpt lat="31.829458925883714" lon="35.01576390148267">
        <ele>342</ele>
        <time>2026-02-26T22:37:11.252Z</time>
      </trkpt>
      <trkpt lat="31.829352260327568" lon="35.01553792102101">
        <ele>342</ele>
        <time>2026-02-26T22:37:12.252Z</time>
      </trkpt>
      <trkpt lat="31.829352260327568" lon="35.01553792102101">
        <ele>0</ele>
        <time>2026-02-26T22:37:13.252Z</time>
      </trkpt>
      <trkpt lat="31.829352260327568" lon="35.01553792102101">
        <ele>0</ele>
        <time>2026-02-26T22:37:14.252Z</time>
      </trkpt>
      <trkpt lat="31.829352260327568" lon="35.01553792102101">
        <ele>0</ele>
        <time>2026-02-26T22:37:15.252Z</time>
      </trkpt>
      <trkpt lat="31.829352260327568" lon="35.01553792102101">
        <ele>0</ele>
        <time>2026-02-26T22:37:16.252Z</time>
      </trkpt>
      <trkpt lat="31.829352260327568" lon="35.01553792102101">
        <ele>0</ele>
        <time>2026-02-26T22:37:17.252Z</time>
      </trkpt>
      <trkpt lat="31.829352260327568" lon="35.01553792102101">
        <ele>342</ele>
        <time>2026-02-26T22:37:18.252Z</time>
      </trkpt>
      <trkpt lat="31.829352260327568" lon="35.01553792102101">
        <ele>0</ele>
        <time>2026-02-26T22:37:19.252Z</time>
      </trkpt>
      <trkpt lat="31.829352260327568" lon="35.01553792102101">
        <ele>0</ele>
        <time>2026-02-26T22:37:20.252Z</time>
      </trkpt>
      <trkpt lat="31.829352260327568" lon="35.01553792102101">
        <ele>0</ele>
        <time>2026-02-26T22:37:21.252Z</time>
      </trkpt>
      <trkpt lat="31.829298927502805" lon="35.015186395859246">
        <ele>328.5</ele>
        <time>2026-02-26T22:37:22.252Z</time>
      </trkpt>
      <trkpt lat="31.829298927502805" lon="35.015186395859246">
        <ele>0</ele>
        <time>2026-02-26T22:37:23.252Z</time>
      </trkpt>
      <trkpt lat="31.829298927502805" lon="35.015186395859246">
        <ele>0</ele>
        <time>2026-02-26T22:37:24.252Z</time>
      </trkpt>
      <trkpt lat="31.829298927502805" lon="35.015186395859246">
        <ele>0</ele>
        <time>2026-02-26T22:37:25.252Z</time>
      </trkpt>
      <trkpt lat="31.829298927502805" lon="35.015186395859246">
        <ele>0</ele>
        <time>2026-02-26T22:37:26.252Z</time>
      </trkpt>
      <trkpt lat="31.829298927502805" lon="35.015186395859246">
        <ele>0</ele>
        <time>2026-02-26T22:37:27.252Z</time>
      </trkpt>
      <trkpt lat="31.829298927502805" lon="35.015186395859246">
        <ele>328.5</ele>
        <time>2026-02-26T22:37:28.252Z</time>
      </trkpt>
      <trkpt lat="31.829117595669445" lon="35.01480976175762">
        <ele>315</ele>
        <time>2026-02-26T22:37:29.252Z</time>
      </trkpt>
      <trkpt lat="31.829117595669445" lon="35.01480976175762">
        <ele>0</ele>
        <time>2026-02-26T22:37:30.252Z</time>
      </trkpt>
      <trkpt lat="31.829117595669445" lon="35.01480976175762">
        <ele>0</ele>
        <time>2026-02-26T22:37:31.252Z</time>
      </trkpt>
      <trkpt lat="31.829117595669445" lon="35.01480976175762">
        <ele>0</ele>
        <time>2026-02-26T22:37:32.252Z</time>
      </trkpt>
      <trkpt lat="31.829117595669445" lon="35.01480976175762">
        <ele>0</ele>
        <time>2026-02-26T22:37:33.252Z</time>
      </trkpt>
      <trkpt lat="31.829117595669445" lon="35.01480976175762">
        <ele>0</ele>
        <time>2026-02-26T22:37:34.252Z</time>
      </trkpt>
      <trkpt lat="31.829117595669445" lon="35.01480976175762">
        <ele>0</ele>
        <time>2026-02-26T22:37:35.252Z</time>
      </trkpt>
      <trkpt lat="31.829117595669445" lon="35.01480976175762">
        <ele>0</ele>
        <time>2026-02-26T22:37:36.252Z</time>
      </trkpt>
      <trkpt lat="31.829117595669445" lon="35.01480976175762">
        <ele>0</ele>
        <time>2026-02-26T22:37:37.252Z</time>
      </trkpt>
      <trkpt lat="31.829117595669445" lon="35.01480976175762">
        <ele>315</ele>
        <time>2026-02-26T22:37:38.252Z</time>
      </trkpt>
      <trkpt lat="31.828968263303565" lon="35.01468421705641">
        <ele>315</ele>
        <time>2026-02-26T22:37:39.252Z</time>
      </trkpt>
      <trkpt lat="31.828968263303565" lon="35.01468421705641">
        <ele>0</ele>
        <time>2026-02-26T22:37:40.252Z</time>
      </trkpt>
      <trkpt lat="31.828968263303565" lon="35.01468421705641">
        <ele>0</ele>
        <time>2026-02-26T22:37:41.252Z</time>
      </trkpt>
      <trkpt lat="31.828968263303565" lon="35.01468421705641">
        <ele>0</ele>
        <time>2026-02-26T22:37:42.252Z</time>
      </trkpt>
      <trkpt lat="31.828968263303565" lon="35.01468421705641">
        <ele>0</ele>
        <time>2026-02-26T22:37:43.252Z</time>
      </trkpt>
      <trkpt lat="31.828968263303565" lon="35.01468421705641">
        <ele>0</ele>
        <time>2026-02-26T22:37:44.252Z</time>
      </trkpt>
      <trkpt lat="31.828968263303565" lon="35.01468421705641">
        <ele>0</ele>
        <time>2026-02-26T22:37:45.252Z</time>
      </trkpt>
      <trkpt lat="31.828968263303565" lon="35.01468421705641">
        <ele>0</ele>
        <time>2026-02-26T22:37:46.252Z</time>
      </trkpt>
      <trkpt lat="31.828968263303565" lon="35.01468421705641">
        <ele>0</ele>
        <time>2026-02-26T22:37:47.252Z</time>
      </trkpt>
      <trkpt lat="31.828968263303565" lon="35.01468421705641">
        <ele>315</ele>
        <time>2026-02-26T22:37:48.252Z</time>
      </trkpt>
      <trkpt lat="31.828669597846144" lon="35.0148474251674">
        <ele>305.5</ele>
        <time>2026-02-26T22:37:49.252Z</time>
      </trkpt>
      <trkpt lat="31.828669597846144" lon="35.0148474251674">
        <ele>0</ele>
        <time>2026-02-26T22:37:50.252Z</time>
      </trkpt>
      <trkpt lat="31.828669597846144" lon="35.0148474251674">
        <ele>0</ele>
        <time>2026-02-26T22:37:51.252Z</time>
      </trkpt>
      <trkpt lat="31.828669597846144" lon="35.0148474251674">
        <ele>0</ele>
        <time>2026-02-26T22:37:52.252Z</time>
      </trkpt>
      <trkpt lat="31.828669597846144" lon="35.0148474251674">
        <ele>0</ele>
        <time>2026-02-26T22:37:53.252Z</time>
      </trkpt>
      <trkpt lat="31.828669597846144" lon="35.0148474251674">
        <ele>0</ele>
        <time>2026-02-26T22:37:54.252Z</time>
      </trkpt>
      <trkpt lat="31.828669597846144" lon="35.0148474251674">
        <ele>0</ele>
        <time>2026-02-26T22:37:55.252Z</time>
      </trkpt>
      <trkpt lat="31.828669597846144" lon="35.0148474251674">
        <ele>0</ele>
        <time>2026-02-26T22:37:56.252Z</time>
      </trkpt>
      <trkpt lat="31.828669597846144" lon="35.0148474251674">
        <ele>0</ele>
        <time>2026-02-26T22:37:57.252Z</time>
      </trkpt>
      <trkpt lat="31.828669597846144" lon="35.0148474251674">
        <ele>305.5</ele>
        <time>2026-02-26T22:37:58.252Z</time>
      </trkpt>
      <trkpt lat="31.82859493133101" lon="35.01504829668815">
        <ele>305.5</ele>
        <time>2026-02-26T22:37:59.252Z</time>
      </trkpt>
      <trkpt lat="31.82859493133101" lon="35.01504829668815">
        <ele>0</ele>
        <time>2026-02-26T22:38:00.252Z</time>
      </trkpt>
      <trkpt lat="31.82859493133101" lon="35.01504829668815">
        <ele>0</ele>
        <time>2026-02-26T22:38:01.252Z</time>
      </trkpt>
      <trkpt lat="31.82859493133101" lon="35.01504829668815">
        <ele>0</ele>
        <time>2026-02-26T22:38:02.252Z</time>
      </trkpt>
      <trkpt lat="31.82859493133101" lon="35.01504829668815">
        <ele>0</ele>
        <time>2026-02-26T22:38:03.252Z</time>
      </trkpt>
      <trkpt lat="31.82859493133101" lon="35.01504829668815">
        <ele>305.5</ele>
        <time>2026-02-26T22:38:04.252Z</time>
      </trkpt>
      <trkpt lat="31.828415246066" lon="35.01590450376031">
        <ele>296</ele>
        <time>2026-02-26T22:38:05.252Z</time>
      </trkpt>
      <trkpt lat="31.828415246066" lon="35.01590450376031">
        <ele>0</ele>
        <time>2026-02-26T22:38:06.252Z</time>
      </trkpt>
      <trkpt lat="31.828415246066" lon="35.01590450376031">
        <ele>0</ele>
        <time>2026-02-26T22:38:07.252Z</time>
      </trkpt>
      <trkpt lat="31.828415246066" lon="35.01590450376031">
        <ele>0</ele>
        <time>2026-02-26T22:38:08.252Z</time>
      </trkpt>
      <trkpt lat="31.828415246066" lon="35.01590450376031">
        <ele>0</ele>
        <time>2026-02-26T22:38:09.252Z</time>
      </trkpt>
      <trkpt lat="31.828415246066" lon="35.01590450376031">
        <ele>0</ele>
        <time>2026-02-26T22:38:10.252Z</time>
      </trkpt>
      <trkpt lat="31.828415246066" lon="35.01590450376031">
        <ele>0</ele>
        <time>2026-02-26T22:38:11.252Z</time>
      </trkpt>
      <trkpt lat="31.828415246066" lon="35.01590450376031">
        <ele>0</ele>
        <time>2026-02-26T22:38:12.252Z</time>
      </trkpt>
      <trkpt lat="31.828415246066" lon="35.01590450376031">
        <ele>296</ele>
        <time>2026-02-26T22:38:13.252Z</time>
      </trkpt>
      <trkpt lat="31.828489330817845" lon="35.01623585006061">
        <ele>296</ele>
        <time>2026-02-26T22:38:14.252Z</time>
      </trkpt>
      <trkpt lat="31.828489330817845" lon="35.01623585006061">
        <ele>0</ele>
        <time>2026-02-26T22:38:15.252Z</time>
      </trkpt>
      <trkpt lat="31.828489330817845" lon="35.01623585006061">
        <ele>0</ele>
        <time>2026-02-26T22:38:16.252Z</time>
      </trkpt>
      <trkpt lat="31.828489330817845" lon="35.01623585006061">
        <ele>0</ele>
        <time>2026-02-26T22:38:17.252Z</time>
      </trkpt>
      <trkpt lat="31.828489330817845" lon="35.01623585006061">
        <ele>0</ele>
        <time>2026-02-26T22:38:18.252Z</time>
      </trkpt>
      <trkpt lat="31.828489330817845" lon="35.01623585006061">
        <ele>0</ele>
        <time>2026-02-26T22:38:19.252Z</time>
      </trkpt>
      <trkpt lat="31.828489330817845" lon="35.01623585006061">
        <ele>0</ele>
        <time>2026-02-26T22:38:20.252Z</time>
      </trkpt>
      <trkpt lat="31.828489330817845" lon="35.01623585006061">
        <ele>0</ele>
        <time>2026-02-26T22:38:21.252Z</time>
      </trkpt>
      <trkpt lat="31.828489330817845" lon="35.01623585006061">
        <ele>296</ele>
        <time>2026-02-26T22:38:22.252Z</time>
      </trkpt>
      <trkpt lat="31.82828189336209" lon="35.01661951419712">
        <ele>296.5</ele>
        <time>2026-02-26T22:38:23.252Z</time>
      </trkpt>
      <trkpt lat="31.82828189336209" lon="35.01661951419712">
        <ele>0</ele>
        <time>2026-02-26T22:38:24.252Z</time>
      </trkpt>
      <trkpt lat="31.82828189336209" lon="35.01661951419712">
        <ele>0</ele>
        <time>2026-02-26T22:38:25.252Z</time>
      </trkpt>
      <trkpt lat="31.82828189336209" lon="35.01661951419712">
        <ele>0</ele>
        <time>2026-02-26T22:38:26.252Z</time>
      </trkpt>
      <trkpt lat="31.82828189336209" lon="35.01661951419712">
        <ele>0</ele>
        <time>2026-02-26T22:38:27.252Z</time>
      </trkpt>
      <trkpt lat="31.82828189336209" lon="35.01661951419712">
        <ele>296.5</ele>
        <time>2026-02-26T22:38:28.252Z</time>
      </trkpt>
      <trkpt lat="31.828059638428073" lon="35.01696829977607">
        <ele>297</ele>
        <time>2026-02-26T22:38:29.252Z</time>
      </trkpt>
      <trkpt lat="31.828059638428073" lon="35.01696829977607">
        <ele>0</ele>
        <time>2026-02-26T22:38:30.252Z</time>
      </trkpt>
      <trkpt lat="31.828059638428073" lon="35.01696829977607">
        <ele>0</ele>
        <time>2026-02-26T22:38:31.252Z</time>
      </trkpt>
      <trkpt lat="31.828059638428073" lon="35.01696829977607">
        <ele>0</ele>
        <time>2026-02-26T22:38:32.252Z</time>
      </trkpt>
      <trkpt lat="31.828059638428073" lon="35.01696829977607">
        <ele>0</ele>
        <time>2026-02-26T22:38:33.252Z</time>
      </trkpt>
      <trkpt lat="31.828059638428073" lon="35.01696829977607">
        <ele>0</ele>
        <time>2026-02-26T22:38:34.252Z</time>
      </trkpt>
      <trkpt lat="31.828059638428073" lon="35.01696829977607">
        <ele>0</ele>
        <time>2026-02-26T22:38:35.252Z</time>
      </trkpt>
      <trkpt lat="31.828059638428073" lon="35.01696829977607">
        <ele>0</ele>
        <time>2026-02-26T22:38:36.252Z</time>
      </trkpt>
      <trkpt lat="31.828059638428073" lon="35.01696829977607">
        <ele>297</ele>
        <time>2026-02-26T22:38:37.252Z</time>
      </trkpt>
      <trkpt lat="31.828104089457213" lon="35.01726476751887">
        <ele>297</ele>
        <time>2026-02-26T22:38:38.252Z</time>
      </trkpt>
      <trkpt lat="31.828104089457213" lon="35.01726476751887">
        <ele>0</ele>
        <time>2026-02-26T22:38:39.252Z</time>
      </trkpt>
      <trkpt lat="31.828104089457213" lon="35.01726476751887">
        <ele>0</ele>
        <time>2026-02-26T22:38:40.252Z</time>
      </trkpt>
      <trkpt lat="31.828104089457213" lon="35.01726476751887">
        <ele>0</ele>
        <time>2026-02-26T22:38:41.252Z</time>
      </trkpt>
      <trkpt lat="31.828104089457213" lon="35.01726476751887">
        <ele>0</ele>
        <time>2026-02-26T22:38:42.252Z</time>
      </trkpt>
      <trkpt lat="31.828104089457213" lon="35.01726476751887">
        <ele>0</ele>
        <time>2026-02-26T22:38:43.252Z</time>
      </trkpt>
      <trkpt lat="31.828104089457213" lon="35.01726476751887">
        <ele>0</ele>
        <time>2026-02-26T22:38:44.252Z</time>
      </trkpt>
      <trkpt lat="31.828104089457213" lon="35.01726476751887">
        <ele>0</ele>
        <time>2026-02-26T22:38:45.252Z</time>
      </trkpt>
      <trkpt lat="31.828104089457213" lon="35.01726476751887">
        <ele>297</ele>
        <time>2026-02-26T22:38:46.252Z</time>
      </trkpt>
      <trkpt lat="31.828059638428073" lon="35.01750891742407">
        <ele>299</ele>
        <time>2026-02-26T22:38:47.252Z</time>
      </trkpt>
      <trkpt lat="31.828059638428073" lon="35.01750891742407">
        <ele>0</ele>
        <time>2026-02-26T22:38:48.252Z</time>
      </trkpt>
      <trkpt lat="31.828059638428073" lon="35.01750891742407">
        <ele>0</ele>
        <time>2026-02-26T22:38:49.252Z</time>
      </trkpt>
      <trkpt lat="31.828059638428073" lon="35.01750891742407">
        <ele>0</ele>
        <time>2026-02-26T22:38:50.252Z</time>
      </trkpt>
      <trkpt lat="31.828059638428073" lon="35.01750891742407">
        <ele>0</ele>
        <time>2026-02-26T22:38:51.252Z</time>
      </trkpt>
      <trkpt lat="31.828059638428073" lon="35.01750891742407">
        <ele>299</ele>
        <time>2026-02-26T22:38:52.252Z</time>
      </trkpt>
      <trkpt lat="31.827968538063473" lon="35.01790922833405">
        <ele>301</ele>
        <time>2026-02-26T22:38:53.252Z</time>
      </trkpt>
      <trkpt lat="31.827968538063473" lon="35.01790922833405">
        <ele>0</ele>
        <time>2026-02-26T22:38:54.252Z</time>
      </trkpt>
      <trkpt lat="31.827968538063473" lon="35.01790922833405">
        <ele>0</ele>
        <time>2026-02-26T22:38:55.252Z</time>
      </trkpt>
      <trkpt lat="31.827968538063473" lon="35.01790922833405">
        <ele>0</ele>
        <time>2026-02-26T22:38:56.252Z</time>
      </trkpt>
      <trkpt lat="31.827968538063473" lon="35.01790922833405">
        <ele>0</ele>
        <time>2026-02-26T22:38:57.252Z</time>
      </trkpt>
      <trkpt lat="31.827968538063473" lon="35.01790922833405">
        <ele>0</ele>
        <time>2026-02-26T22:38:58.252Z</time>
      </trkpt>
      <trkpt lat="31.827968538063473" lon="35.01790922833405">
        <ele>0</ele>
        <time>2026-02-26T22:38:59.252Z</time>
      </trkpt>
      <trkpt lat="31.827968538063473" lon="35.01790922833405">
        <ele>0</ele>
        <time>2026-02-26T22:39:00.252Z</time>
      </trkpt>
      <trkpt lat="31.827968538063473" lon="35.01790922833405">
        <ele>301</ele>
        <time>2026-02-26T22:39:01.252Z</time>
      </trkpt>
      <trkpt lat="31.827963880459833" lon="35.017980492842696">
        <ele>301</ele>
        <time>2026-02-26T22:39:02.252Z</time>
      </trkpt>
      <trkpt lat="31.827963880459833" lon="35.017980492842696">
        <ele>0</ele>
        <time>2026-02-26T22:39:03.252Z</time>
      </trkpt>
      <trkpt lat="31.827963880459833" lon="35.017980492842696">
        <ele>0</ele>
        <time>2026-02-26T22:39:04.252Z</time>
      </trkpt>
      <trkpt lat="31.827963880459833" lon="35.017980492842696">
        <ele>0</ele>
        <time>2026-02-26T22:39:05.252Z</time>
      </trkpt>
      <trkpt lat="31.827963880459833" lon="35.017980492842696">
        <ele>0</ele>
        <time>2026-02-26T22:39:06.252Z</time>
      </trkpt>
      <trkpt lat="31.827963880459833" lon="35.017980492842696">
        <ele>0</ele>
        <time>2026-02-26T22:39:07.252Z</time>
      </trkpt>
      <trkpt lat="31.827963880459833" lon="35.017980492842696">
        <ele>0</ele>
        <time>2026-02-26T22:39:08.252Z</time>
      </trkpt>
      <trkpt lat="31.827963880459833" lon="35.017980492842696">
        <ele>0</ele>
        <time>2026-02-26T22:39:09.252Z</time>
      </trkpt>
      <trkpt lat="31.827963880459833" lon="35.017980492842696">
        <ele>301</ele>
        <time>2026-02-26T22:39:10.252Z</time>
      </trkpt>
      <trkpt lat="31.827926619622247" lon="35.01814494940075">
        <ele>301</ele>
        <time>2026-02-26T22:39:11.252Z</time>
      </trkpt>
      <trkpt lat="31.827926619622247" lon="35.01814494940075">
        <ele>0</ele>
        <time>2026-02-26T22:39:12.252Z</time>
      </trkpt>
      <trkpt lat="31.827926619622247" lon="35.01814494940075">
        <ele>0</ele>
        <time>2026-02-26T22:39:13.252Z</time>
      </trkpt>
      <trkpt lat="31.827926619622247" lon="35.01814494940075">
        <ele>0</ele>
        <time>2026-02-26T22:39:14.252Z</time>
      </trkpt>
      <trkpt lat="31.827926619622247" lon="35.01814494940075">
        <ele>0</ele>
        <time>2026-02-26T22:39:15.252Z</time>
      </trkpt>
      <trkpt lat="31.827926619622247" lon="35.01814494940075">
        <ele>301</ele>
        <time>2026-02-26T22:39:16.252Z</time>
      </trkpt>
      <trkpt lat="31.827977853270042" lon="35.01824362333625">
        <ele>303.5</ele>
        <time>2026-02-26T22:39:17.252Z</time>
      </trkpt>
      <trkpt lat="31.827977853270042" lon="35.01824362333625">
        <ele>0</ele>
        <time>2026-02-26T22:39:18.252Z</time>
      </trkpt>
      <trkpt lat="31.827977853270042" lon="35.01824362333625">
        <ele>0</ele>
        <time>2026-02-26T22:39:19.252Z</time>
      </trkpt>
      <trkpt lat="31.827977853270042" lon="35.01824362333625">
        <ele>0</ele>
        <time>2026-02-26T22:39:20.252Z</time>
      </trkpt>
      <trkpt lat="31.827977853270042" lon="35.01824362333625">
        <ele>0</ele>
        <time>2026-02-26T22:39:21.252Z</time>
      </trkpt>
      <trkpt lat="31.827977853270042" lon="35.01824362333625">
        <ele>0</ele>
        <time>2026-02-26T22:39:22.252Z</time>
      </trkpt>
      <trkpt lat="31.827977853270042" lon="35.01824362333625">
        <ele>0</ele>
        <time>2026-02-26T22:39:23.252Z</time>
      </trkpt>
      <trkpt lat="31.827977853270042" lon="35.01824362333625">
        <ele>0</ele>
        <time>2026-02-26T22:39:24.252Z</time>
      </trkpt>
      <trkpt lat="31.827977853270042" lon="35.01824362333625">
        <ele>303.5</ele>
        <time>2026-02-26T22:39:25.252Z</time>
      </trkpt>
      <trkpt lat="31.828043059690543" lon="35.01839711612399">
        <ele>303.5</ele>
        <time>2026-02-26T22:39:26.252Z</time>
      </trkpt>
      <trkpt lat="31.828043059690543" lon="35.01839711612399">
        <ele>0</ele>
        <time>2026-02-26T22:39:27.252Z</time>
      </trkpt>
      <trkpt lat="31.828043059690543" lon="35.01839711612399">
        <ele>0</ele>
        <time>2026-02-26T22:39:28.252Z</time>
      </trkpt>
      <trkpt lat="31.828043059690543" lon="35.01839711612399">
        <ele>0</ele>
        <time>2026-02-26T22:39:29.252Z</time>
      </trkpt>
      <trkpt lat="31.828043059690543" lon="35.01839711612399">
        <ele>0</ele>
        <time>2026-02-26T22:39:30.252Z</time>
      </trkpt>
      <trkpt lat="31.828043059690543" lon="35.01839711612399">
        <ele>0</ele>
        <time>2026-02-26T22:39:31.252Z</time>
      </trkpt>
      <trkpt lat="31.828043059690543" lon="35.01839711612399">
        <ele>0</ele>
        <time>2026-02-26T22:39:32.252Z</time>
      </trkpt>
      <trkpt lat="31.828043059690543" lon="35.01839711612399">
        <ele>0</ele>
        <time>2026-02-26T22:39:33.252Z</time>
      </trkpt>
      <trkpt lat="31.828043059690543" lon="35.01839711612399">
        <ele>303.5</ele>
        <time>2026-02-26T22:39:34.252Z</time>
      </trkpt>
      <trkpt lat="31.828122238854064" lon="35.01848482628827">
        <ele>306</ele>
        <time>2026-02-26T22:39:35.252Z</time>
      </trkpt>
      <trkpt lat="31.828122238854064" lon="35.01848482628827">
        <ele>0</ele>
        <time>2026-02-26T22:39:36.252Z</time>
      </trkpt>
      <trkpt lat="31.828122238854064" lon="35.01848482628827">
        <ele>0</ele>
        <time>2026-02-26T22:39:37.252Z</time>
      </trkpt>
      <trkpt lat="31.828122238854064" lon="35.01848482628827">
        <ele>0</ele>
        <time>2026-02-26T22:39:38.252Z</time>
      </trkpt>
      <trkpt lat="31.828122238854064" lon="35.01848482628827">
        <ele>0</ele>
        <time>2026-02-26T22:39:39.252Z</time>
      </trkpt>
      <trkpt lat="31.828122238854064" lon="35.01848482628827">
        <ele>306</ele>
        <time>2026-02-26T22:39:40.252Z</time>
      </trkpt>
      <trkpt lat="31.82819676035706" lon="35.01856157268202">
        <ele>306</ele>
        <time>2026-02-26T22:39:41.252Z</time>
      </trkpt>
      <trkpt lat="31.82819676035706" lon="35.01856157268202">
        <ele>0</ele>
        <time>2026-02-26T22:39:42.252Z</time>
      </trkpt>
      <trkpt lat="31.82819676035706" lon="35.01856157268202">
        <ele>0</ele>
        <time>2026-02-26T22:39:43.252Z</time>
      </trkpt>
      <trkpt lat="31.82819676035706" lon="35.01856157268202">
        <ele>0</ele>
        <time>2026-02-26T22:39:44.252Z</time>
      </trkpt>
      <trkpt lat="31.82819676035706" lon="35.01856157268202">
        <ele>0</ele>
        <time>2026-02-26T22:39:45.252Z</time>
      </trkpt>
      <trkpt lat="31.82819676035706" lon="35.01856157268202">
        <ele>0</ele>
        <time>2026-02-26T22:39:46.252Z</time>
      </trkpt>
      <trkpt lat="31.82819676035706" lon="35.01856157268202">
        <ele>0</ele>
        <time>2026-02-26T22:39:47.252Z</time>
      </trkpt>
      <trkpt lat="31.82819676035706" lon="35.01856157268202">
        <ele>0</ele>
        <time>2026-02-26T22:39:48.252Z</time>
      </trkpt>
      <trkpt lat="31.82819676035706" lon="35.01856157268202">
        <ele>306</ele>
        <time>2026-02-26T22:39:49.252Z</time>
      </trkpt>
      <trkpt lat="31.82828991215095" lon="35.01874247489573">
        <ele>306</ele>
        <time>2026-02-26T22:39:50.252Z</time>
      </trkpt>
      <trkpt lat="31.82828991215095" lon="35.01874247489573">
        <ele>0</ele>
        <time>2026-02-26T22:39:51.252Z</time>
      </trkpt>
      <trkpt lat="31.82828991215095" lon="35.01874247489573">
        <ele>0</ele>
        <time>2026-02-26T22:39:52.252Z</time>
      </trkpt>
      <trkpt lat="31.82828991215095" lon="35.01874247489573">
        <ele>0</ele>
        <time>2026-02-26T22:39:53.252Z</time>
      </trkpt>
      <trkpt lat="31.82828991215095" lon="35.01874247489573">
        <ele>0</ele>
        <time>2026-02-26T22:39:54.252Z</time>
      </trkpt>
      <trkpt lat="31.82828991215095" lon="35.01874247489573">
        <ele>0</ele>
        <time>2026-02-26T22:39:55.252Z</time>
      </trkpt>
      <trkpt lat="31.82828991215095" lon="35.01874247489573">
        <ele>0</ele>
        <time>2026-02-26T22:39:56.252Z</time>
      </trkpt>
      <trkpt lat="31.82828991215095" lon="35.01874247489573">
        <ele>0</ele>
        <time>2026-02-26T22:39:57.252Z</time>
      </trkpt>
      <trkpt lat="31.82828991215095" lon="35.01874247489573">
        <ele>306</ele>
        <time>2026-02-26T22:39:58.252Z</time>
      </trkpt>
      <trkpt lat="31.828369091102815" lon="35.01889048579821">
        <ele>306</ele>
        <time>2026-02-26T22:39:59.252Z</time>
      </trkpt>
      <trkpt lat="31.828369091102815" lon="35.01889048579821">
        <ele>0</ele>
        <time>2026-02-26T22:40:00.252Z</time>
      </trkpt>
      <trkpt lat="31.828369091102815" lon="35.01889048579821">
        <ele>0</ele>
        <time>2026-02-26T22:40:01.252Z</time>
      </trkpt>
      <trkpt lat="31.828369091102815" lon="35.01889048579821">
        <ele>0</ele>
        <time>2026-02-26T22:40:02.252Z</time>
      </trkpt>
      <trkpt lat="31.828369091102815" lon="35.01889048579821">
        <ele>0</ele>
        <time>2026-02-26T22:40:03.252Z</time>
      </trkpt>
      <trkpt lat="31.828369091102815" lon="35.01889048579821">
        <ele>306</ele>
        <time>2026-02-26T22:40:04.252Z</time>
      </trkpt>
      <trkpt lat="31.828443612406474" lon="35.01902753293021">
        <ele>306</ele>
        <time>2026-02-26T22:40:05.252Z</time>
      </trkpt>
      <trkpt lat="31.828443612406474" lon="35.01902753293021">
        <ele>0</ele>
        <time>2026-02-26T22:40:06.252Z</time>
      </trkpt>
      <trkpt lat="31.828443612406474" lon="35.01902753293021">
        <ele>0</ele>
        <time>2026-02-26T22:40:07.252Z</time>
      </trkpt>
      <trkpt lat="31.828443612406474" lon="35.01902753293021">
        <ele>0</ele>
        <time>2026-02-26T22:40:08.252Z</time>
      </trkpt>
      <trkpt lat="31.828443612406474" lon="35.01902753293021">
        <ele>0</ele>
        <time>2026-02-26T22:40:09.252Z</time>
      </trkpt>
      <trkpt lat="31.828443612406474" lon="35.01902753293021">
        <ele>0</ele>
        <time>2026-02-26T22:40:10.252Z</time>
      </trkpt>
      <trkpt lat="31.828443612406474" lon="35.01902753293021">
        <ele>0</ele>
        <time>2026-02-26T22:40:11.252Z</time>
      </trkpt>
      <trkpt lat="31.828443612406474" lon="35.01902753293021">
        <ele>0</ele>
        <time>2026-02-26T22:40:12.252Z</time>
      </trkpt>
      <trkpt lat="31.828443612406474" lon="35.01902753293021">
        <ele>306</ele>
        <time>2026-02-26T22:40:13.252Z</time>
      </trkpt>
      <trkpt lat="31.82849018819026" lon="35.01916458006227">
        <ele>310</ele>
        <time>2026-02-26T22:40:14.252Z</time>
      </trkpt>
      <trkpt lat="31.82849018819026" lon="35.01916458006227">
        <ele>0</ele>
        <time>2026-02-26T22:40:15.252Z</time>
      </trkpt>
      <trkpt lat="31.82849018819026" lon="35.01916458006227">
        <ele>0</ele>
        <time>2026-02-26T22:40:16.252Z</time>
      </trkpt>
      <trkpt lat="31.82849018819026" lon="35.01916458006227">
        <ele>0</ele>
        <time>2026-02-26T22:40:17.252Z</time>
      </trkpt>
      <trkpt lat="31.82849018819026" lon="35.01916458006227">
        <ele>0</ele>
        <time>2026-02-26T22:40:18.252Z</time>
      </trkpt>
      <trkpt lat="31.82849018819026" lon="35.01916458006227">
        <ele>0</ele>
        <time>2026-02-26T22:40:19.252Z</time>
      </trkpt>
      <trkpt lat="31.82849018819026" lon="35.01916458006227">
        <ele>0</ele>
        <time>2026-02-26T22:40:20.252Z</time>
      </trkpt>
      <trkpt lat="31.82849018819026" lon="35.01916458006227">
        <ele>0</ele>
        <time>2026-02-26T22:40:21.252Z</time>
      </trkpt>
      <trkpt lat="31.82849018819026" lon="35.01916458006227">
        <ele>310</ele>
        <time>2026-02-26T22:40:22.252Z</time>
      </trkpt>
      <trkpt lat="31.828136677238746" lon="35.01980847811009">
        <ele>308</ele>
        <time>2026-02-26T22:40:23.252Z</time>
      </trkpt>
      <trkpt lat="31.828136677238746" lon="35.01980847811009">
        <ele>0</ele>
        <time>2026-02-26T22:40:24.252Z</time>
      </trkpt>
      <trkpt lat="31.828136677238746" lon="35.01980847811009">
        <ele>0</ele>
        <time>2026-02-26T22:40:25.252Z</time>
      </trkpt>
      <trkpt lat="31.828136677238746" lon="35.01980847811009">
        <ele>0</ele>
        <time>2026-02-26T22:40:26.252Z</time>
      </trkpt>
      <trkpt lat="31.828136677238746" lon="35.01980847811009">
        <ele>0</ele>
        <time>2026-02-26T22:40:27.252Z</time>
      </trkpt>
      <trkpt lat="31.828136677238746" lon="35.01980847811009">
        <ele>308</ele>
        <time>2026-02-26T22:40:28.252Z</time>
      </trkpt>
      <trkpt lat="31.828125348035954" lon="35.02014183355254">
        <ele>310.5</ele>
        <time>2026-02-26T22:40:29.252Z</time>
      </trkpt>
      <trkpt lat="31.828125348035954" lon="35.02014183355254">
        <ele>0</ele>
        <time>2026-02-26T22:40:30.252Z</time>
      </trkpt>
      <trkpt lat="31.828125348035954" lon="35.02014183355254">
        <ele>0</ele>
        <time>2026-02-26T22:40:31.252Z</time>
      </trkpt>
      <trkpt lat="31.828125348035954" lon="35.02014183355254">
        <ele>0</ele>
        <time>2026-02-26T22:40:32.252Z</time>
      </trkpt>
      <trkpt lat="31.828125348035954" lon="35.02014183355254">
        <ele>0</ele>
        <time>2026-02-26T22:40:33.252Z</time>
      </trkpt>
      <trkpt lat="31.828125348035954" lon="35.02014183355254">
        <ele>0</ele>
        <time>2026-02-26T22:40:34.252Z</time>
      </trkpt>
      <trkpt lat="31.828125348035954" lon="35.02014183355254">
        <ele>0</ele>
        <time>2026-02-26T22:40:35.252Z</time>
      </trkpt>
      <trkpt lat="31.828125348035954" lon="35.02014183355254">
        <ele>0</ele>
        <time>2026-02-26T22:40:36.252Z</time>
      </trkpt>
      <trkpt lat="31.828125348035954" lon="35.02014183355254">
        <ele>310.5</ele>
        <time>2026-02-26T22:40:37.252Z</time>
      </trkpt>
      <trkpt lat="31.827978068271264" lon="35.02138191579644">
        <ele>313</ele>
        <time>2026-02-26T22:40:38.252Z</time>
      </trkpt>
      <trkpt lat="31.827978068271264" lon="35.02138191579644">
        <ele>0</ele>
        <time>2026-02-26T22:40:39.252Z</time>
      </trkpt>
      <trkpt lat="31.827978068271264" lon="35.02138191579644">
        <ele>0</ele>
        <time>2026-02-26T22:40:40.252Z</time>
      </trkpt>
      <trkpt lat="31.827978068271264" lon="35.02138191579644">
        <ele>0</ele>
        <time>2026-02-26T22:40:41.252Z</time>
      </trkpt>
      <trkpt lat="31.827978068271264" lon="35.02138191579644">
        <ele>0</ele>
        <time>2026-02-26T22:40:42.252Z</time>
      </trkpt>
      <trkpt lat="31.827978068271264" lon="35.02138191579644">
        <ele>0</ele>
        <time>2026-02-26T22:40:43.252Z</time>
      </trkpt>
      <trkpt lat="31.827978068271264" lon="35.02138191579644">
        <ele>0</ele>
        <time>2026-02-26T22:40:44.252Z</time>
      </trkpt>
      <trkpt lat="31.827978068271264" lon="35.02138191579644">
        <ele>0</ele>
        <time>2026-02-26T22:40:45.252Z</time>
      </trkpt>
      <trkpt lat="31.827978068271264" lon="35.02138191579644">
        <ele>313</ele>
        <time>2026-02-26T22:40:46.252Z</time>
      </trkpt>
      <trkpt lat="31.827808129789574" lon="35.02230197681757">
        <ele>319</ele>
        <time>2026-02-26T22:40:47.252Z</time>
      </trkpt>
      <trkpt lat="31.827808129789574" lon="35.02230197681757">
        <ele>0</ele>
        <time>2026-02-26T22:40:48.252Z</time>
      </trkpt>
      <trkpt lat="31.827808129789574" lon="35.02230197681757">
        <ele>0</ele>
        <time>2026-02-26T22:40:49.252Z</time>
      </trkpt>
      <trkpt lat="31.827808129789574" lon="35.02230197681757">
        <ele>0</ele>
        <time>2026-02-26T22:40:50.252Z</time>
      </trkpt>
      <trkpt lat="31.827808129789574" lon="35.02230197681757">
        <ele>0</ele>
        <time>2026-02-26T22:40:51.252Z</time>
      </trkpt>
      <trkpt lat="31.827808129789574" lon="35.02230197681757">
        <ele>319</ele>
        <time>2026-02-26T22:40:52.252Z</time>
      </trkpt>
      <trkpt lat="31.82707172608572" lon="35.02339538266759">
        <ele>329.5</ele>
        <time>2026-02-26T22:40:53.252Z</time>
      </trkpt>
      <trkpt lat="31.82707172608572" lon="35.02339538266759">
        <ele>0</ele>
        <time>2026-02-26T22:40:54.252Z</time>
      </trkpt>
      <trkpt lat="31.82707172608572" lon="35.02339538266759">
        <ele>0</ele>
        <time>2026-02-26T22:40:55.252Z</time>
      </trkpt>
      <trkpt lat="31.82707172608572" lon="35.02339538266759">
        <ele>0</ele>
        <time>2026-02-26T22:40:56.252Z</time>
      </trkpt>
      <trkpt lat="31.82707172608572" lon="35.02339538266759">
        <ele>0</ele>
        <time>2026-02-26T22:40:57.252Z</time>
      </trkpt>
      <trkpt lat="31.82707172608572" lon="35.02339538266759">
        <ele>0</ele>
        <time>2026-02-26T22:40:58.252Z</time>
      </trkpt>
      <trkpt lat="31.82707172608572" lon="35.02339538266759">
        <ele>0</ele>
        <time>2026-02-26T22:40:59.252Z</time>
      </trkpt>
      <trkpt lat="31.82707172608572" lon="35.02339538266759">
        <ele>0</ele>
        <time>2026-02-26T22:41:00.252Z</time>
      </trkpt>
      <trkpt lat="31.82707172608572" lon="35.02339538266759">
        <ele>329.5</ele>
        <time>2026-02-26T22:41:01.252Z</time>
      </trkpt>
      <trkpt lat="31.82734362967615" lon="35.02430210947014">
        <ele>331</ele>
        <time>2026-02-26T22:41:02.252Z</time>
      </trkpt>
      <trkpt lat="31.82734362967615" lon="35.02430210947014">
        <ele>0</ele>
        <time>2026-02-26T22:41:03.252Z</time>
      </trkpt>
      <trkpt lat="31.82734362967615" lon="35.02430210947014">
        <ele>0</ele>
        <time>2026-02-26T22:41:04.252Z</time>
      </trkpt>
      <trkpt lat="31.82734362967615" lon="35.02430210947014">
        <ele>0</ele>
        <time>2026-02-26T22:41:05.252Z</time>
      </trkpt>
      <trkpt lat="31.82734362967615" lon="35.02430210947014">
        <ele>0</ele>
        <time>2026-02-26T22:41:06.252Z</time>
      </trkpt>
      <trkpt lat="31.82734362967615" lon="35.02430210947014">
        <ele>0</ele>
        <time>2026-02-26T22:41:07.252Z</time>
      </trkpt>
      <trkpt lat="31.82734362967615" lon="35.02430210947014">
        <ele>0</ele>
        <time>2026-02-26T22:41:08.252Z</time>
      </trkpt>
      <trkpt lat="31.82734362967615" lon="35.02430210947014">
        <ele>0</ele>
        <time>2026-02-26T22:41:09.252Z</time>
      </trkpt>
      <trkpt lat="31.82734362967615" lon="35.02430210947014">
        <ele>331</ele>
        <time>2026-02-26T22:41:10.252Z</time>
      </trkpt>
      <trkpt lat="31.828238640003107" lon="35.0254755206264">
        <ele>340</ele>
        <time>2026-02-26T22:41:11.252Z</time>
      </trkpt>
      <trkpt lat="31.828238640003107" lon="35.0254755206264">
        <ele>0</ele>
        <time>2026-02-26T22:41:12.252Z</time>
      </trkpt>
      <trkpt lat="31.828238640003107" lon="35.0254755206264">
        <ele>0</ele>
        <time>2026-02-26T22:41:13.252Z</time>
      </trkpt>
      <trkpt lat="31.828238640003107" lon="35.0254755206264">
        <ele>0</ele>
        <time>2026-02-26T22:41:14.252Z</time>
      </trkpt>
      <trkpt lat="31.828238640003107" lon="35.0254755206264">
        <ele>0</ele>
        <time>2026-02-26T22:41:15.252Z</time>
      </trkpt>
      <trkpt lat="31.828238640003107" lon="35.0254755206264">
        <ele>340</ele>
        <time>2026-02-26T22:41:16.252Z</time>
      </trkpt>
      <trkpt lat="31.82866914820795" lon="35.026062226204004">
        <ele>350</ele>
        <time>2026-02-26T22:41:17.252Z</time>
      </trkpt>
      <trkpt lat="31.82866914820795" lon="35.026062226204004">
        <ele>0</ele>
        <time>2026-02-26T22:41:18.252Z</time>
      </trkpt>
      <trkpt lat="31.82866914820795" lon="35.026062226204004">
        <ele>0</ele>
        <time>2026-02-26T22:41:19.252Z</time>
      </trkpt>
      <trkpt lat="31.82866914820795" lon="35.026062226204004">
        <ele>0</ele>
        <time>2026-02-26T22:41:20.252Z</time>
      </trkpt>
      <trkpt lat="31.82866914820795" lon="35.026062226204004">
        <ele>0</ele>
        <time>2026-02-26T22:41:21.252Z</time>
      </trkpt>
      <trkpt lat="31.82866914820795" lon="35.026062226204004">
        <ele>0</ele>
        <time>2026-02-26T22:41:22.252Z</time>
      </trkpt>
      <trkpt lat="31.82866914820795" lon="35.026062226204004">
        <ele>0</ele>
        <time>2026-02-26T22:41:23.252Z</time>
      </trkpt>
      <trkpt lat="31.82866914820795" lon="35.026062226204004">
        <ele>350</ele>
        <time>2026-02-26T22:41:24.252Z</time>
      </trkpt>
      <trkpt lat="31.829011502942166" lon="35.026423976672646">
        <ele>350</ele>
        <time>2026-02-26T22:41:25.252Z</time>
      </trkpt>
      <trkpt lat="31.829011502942166" lon="35.026423976672646">
        <ele>0</ele>
        <time>2026-02-26T22:41:26.252Z</time>
      </trkpt>
      <trkpt lat="31.829011502942166" lon="35.026423976672646">
        <ele>0</ele>
        <time>2026-02-26T22:41:27.252Z</time>
      </trkpt>
      <trkpt lat="31.829011502942166" lon="35.026423976672646">
        <ele>0</ele>
        <time>2026-02-26T22:41:28.252Z</time>
      </trkpt>
      <trkpt lat="31.829011502942166" lon="35.026423976672646">
        <ele>350</ele>
        <time>2026-02-26T22:41:29.252Z</time>
      </trkpt>
      <trkpt lat="31.829486861311338" lon="35.02651949985409">
        <ele>350</ele>
        <time>2026-02-26T22:41:30.252Z</time>
      </trkpt>
      <trkpt lat="31.829486861311338" lon="35.02651949985409">
        <ele>0</ele>
        <time>2026-02-26T22:41:31.252Z</time>
      </trkpt>
      <trkpt lat="31.829486861311338" lon="35.02651949985409">
        <ele>0</ele>
        <time>2026-02-26T22:41:32.252Z</time>
      </trkpt>
      <trkpt lat="31.829486861311338" lon="35.02651949985409">
        <ele>0</ele>
        <time>2026-02-26T22:41:33.252Z</time>
      </trkpt>
      <trkpt lat="31.829486861311338" lon="35.02651949985409">
        <ele>0</ele>
        <time>2026-02-26T22:41:34.252Z</time>
      </trkpt>
      <trkpt lat="31.829486861311338" lon="35.02651949985409">
        <ele>0</ele>
        <time>2026-02-26T22:41:35.252Z</time>
      </trkpt>
      <trkpt lat="31.829486861311338" lon="35.02651949985409">
        <ele>0</ele>
        <time>2026-02-26T22:41:36.252Z</time>
      </trkpt>
      <trkpt lat="31.829486861311338" lon="35.02651949985409">
        <ele>350</ele>
        <time>2026-02-26T22:41:37.252Z</time>
      </trkpt>
      <trkpt lat="31.829973811248593" lon="35.02664231537142">
        <ele>361.5</ele>
        <time>2026-02-26T22:41:38.252Z</time>
      </trkpt>
      <trkpt lat="31.829973811248593" lon="35.02664231537142">
        <ele>0</ele>
        <time>2026-02-26T22:41:39.252Z</time>
      </trkpt>
      <trkpt lat="31.829973811248593" lon="35.02664231537142">
        <ele>0</ele>
        <time>2026-02-26T22:41:40.252Z</time>
      </trkpt>
      <trkpt lat="31.829973811248593" lon="35.02664231537142">
        <ele>0</ele>
        <time>2026-02-26T22:41:41.252Z</time>
      </trkpt>
      <trkpt lat="31.829973811248593" lon="35.02664231537142">
        <ele>361.5</ele>
        <time>2026-02-26T22:41:42.252Z</time>
      </trkpt>
      <trkpt lat="31.829973811248593" lon="35.02664231537142">
        <ele>0</ele>
        <time>2026-02-26T22:41:43.252Z</time>
      </trkpt>
      <trkpt lat="31.829973811248593" lon="35.02664231537142">
        <ele>0</ele>
        <time>2026-02-26T22:41:44.252Z</time>
      </trkpt>
      <trkpt lat="31.829973811248593" lon="35.02664231537142">
        <ele>0</ele>
        <time>2026-02-26T22:41:45.252Z</time>
      </trkpt>
      <trkpt lat="31.830576698088365" lon="35.026887946407214">
        <ele>373</ele>
        <time>2026-02-26T22:41:46.252Z</time>
      </trkpt>
      <trkpt lat="31.830576698088365" lon="35.026887946407214">
        <ele>0</ele>
        <time>2026-02-26T22:41:47.252Z</time>
      </trkpt>
      <trkpt lat="31.830576698088365" lon="35.026887946407214">
        <ele>0</ele>
        <time>2026-02-26T22:41:48.252Z</time>
      </trkpt>
      <trkpt lat="31.830576698088365" lon="35.026887946407214">
        <ele>0</ele>
        <time>2026-02-26T22:41:49.252Z</time>
      </trkpt>
      <trkpt lat="31.830576698088365" lon="35.026887946407214">
        <ele>373</ele>
        <time>2026-02-26T22:41:50.252Z</time>
      </trkpt>
      <trkpt lat="31.830681043487388" lon="35.02744743932101">
        <ele>373</ele>
        <time>2026-02-26T22:41:51.252Z</time>
      </trkpt>
      <trkpt lat="31.830681043487388" lon="35.02744743932101">
        <ele>0</ele>
        <time>2026-02-26T22:41:52.252Z</time>
      </trkpt>
      <trkpt lat="31.830681043487388" lon="35.02744743932101">
        <ele>0</ele>
        <time>2026-02-26T22:41:53.252Z</time>
      </trkpt>
      <trkpt lat="31.830681043487388" lon="35.02744743932101">
        <ele>0</ele>
        <time>2026-02-26T22:41:54.252Z</time>
      </trkpt>
      <trkpt lat="31.830681043487388" lon="35.02744743932101">
        <ele>0</ele>
        <time>2026-02-26T22:41:55.252Z</time>
      </trkpt>
      <trkpt lat="31.830681043487388" lon="35.02744743932101">
        <ele>0</ele>
        <time>2026-02-26T22:41:56.252Z</time>
      </trkpt>
      <trkpt lat="31.830681043487388" lon="35.02744743932101">
        <ele>0</ele>
        <time>2026-02-26T22:41:57.252Z</time>
      </trkpt>
      <trkpt lat="31.830681043487388" lon="35.02744743932101">
        <ele>373</ele>
        <time>2026-02-26T22:41:58.252Z</time>
      </trkpt>
      <trkpt lat="31.830704231337606" lon="35.027952347559875">
        <ele>374</ele>
        <time>2026-02-26T22:41:59.252Z</time>
      </trkpt>
      <trkpt lat="31.830704231337606" lon="35.027952347559875">
        <ele>0</ele>
        <time>2026-02-26T22:42:00.252Z</time>
      </trkpt>
      <trkpt lat="31.830704231337606" lon="35.027952347559875">
        <ele>0</ele>
        <time>2026-02-26T22:42:01.252Z</time>
      </trkpt>
      <trkpt lat="31.830704231337606" lon="35.027952347559875">
        <ele>0</ele>
        <time>2026-02-26T22:42:02.252Z</time>
      </trkpt>
      <trkpt lat="31.830704231337606" lon="35.027952347559875">
        <ele>374</ele>
        <time>2026-02-26T22:42:03.252Z</time>
      </trkpt>
      <trkpt lat="31.830599885964787" lon="35.02836173261949">
        <ele>365</ele>
        <time>2026-02-26T22:42:04.252Z</time>
      </trkpt>
      <trkpt lat="31.830599885964787" lon="35.02836173261949">
        <ele>0</ele>
        <time>2026-02-26T22:42:05.252Z</time>
      </trkpt>
      <trkpt lat="31.830599885964787" lon="35.02836173261949">
        <ele>0</ele>
        <time>2026-02-26T22:42:06.252Z</time>
      </trkpt>
      <trkpt lat="31.830599885964787" lon="35.02836173261949">
        <ele>0</ele>
        <time>2026-02-26T22:42:07.252Z</time>
      </trkpt>
      <trkpt lat="31.830599885964787" lon="35.02836173261949">
        <ele>0</ele>
        <time>2026-02-26T22:42:08.252Z</time>
      </trkpt>
      <trkpt lat="31.830599885964787" lon="35.02836173261949">
        <ele>0</ele>
        <time>2026-02-26T22:42:09.252Z</time>
      </trkpt>
      <trkpt lat="31.830599885964787" lon="35.02836173261949">
        <ele>0</ele>
        <time>2026-02-26T22:42:10.252Z</time>
      </trkpt>
      <trkpt lat="31.830599885964787" lon="35.02836173261949">
        <ele>365</ele>
        <time>2026-02-26T22:42:11.252Z</time>
      </trkpt>
      <trkpt lat="31.830530322317017" lon="35.0292623797483">
        <ele>353</ele>
        <time>2026-02-26T22:42:12.252Z</time>
      </trkpt>
      <trkpt lat="31.830530322317017" lon="35.0292623797483">
        <ele>0</ele>
        <time>2026-02-26T22:42:13.252Z</time>
      </trkpt>
      <trkpt lat="31.830530322317017" lon="35.0292623797483">
        <ele>0</ele>
        <time>2026-02-26T22:42:14.252Z</time>
      </trkpt>
      <trkpt lat="31.830530322317017" lon="35.0292623797483">
        <ele>0</ele>
        <time>2026-02-26T22:42:15.252Z</time>
      </trkpt>
      <trkpt lat="31.830530322317017" lon="35.0292623797483">
        <ele>353</ele>
        <time>2026-02-26T22:42:16.252Z</time>
      </trkpt>
      <trkpt lat="31.831028860632898" lon="35.030367719407565">
        <ele>350</ele>
        <time>2026-02-26T22:42:17.252Z</time>
      </trkpt>
      <trkpt lat="31.831028860632898" lon="35.030367719407565">
        <ele>0</ele>
        <time>2026-02-26T22:42:18.252Z</time>
      </trkpt>
      <trkpt lat="31.831028860632898" lon="35.030367719407565">
        <ele>0</ele>
        <time>2026-02-26T22:42:19.252Z</time>
      </trkpt>
      <trkpt lat="31.831028860632898" lon="35.030367719407565">
        <ele>0</ele>
        <time>2026-02-26T22:42:20.252Z</time>
      </trkpt>
      <trkpt lat="31.831028860632898" lon="35.030367719407565">
        <ele>0</ele>
        <time>2026-02-26T22:42:21.252Z</time>
      </trkpt>
      <trkpt lat="31.831028860632898" lon="35.030367719407565">
        <ele>0</ele>
        <time>2026-02-26T22:42:22.252Z</time>
      </trkpt>
      <trkpt lat="31.831028860632898" lon="35.030367719407565">
        <ele>350</ele>
        <time>2026-02-26T22:42:23.252Z</time>
      </trkpt>
      <trkpt lat="31.830812911322994" lon="35.03037712671025">
        <ele>344.5</ele>
        <time>2026-02-26T22:42:24.252Z</time>
      </trkpt>
      <trkpt lat="31.830812911322994" lon="35.03037712671025">
        <ele>0</ele>
        <time>2026-02-26T22:42:25.252Z</time>
      </trkpt>
      <trkpt lat="31.830812911322994" lon="35.03037712671025">
        <ele>0</ele>
        <time>2026-02-26T22:42:26.252Z</time>
      </trkpt>
      <trkpt lat="31.830812911322994" lon="35.03037712671025">
        <ele>344.5</ele>
        <time>2026-02-26T22:42:27.252Z</time>
      </trkpt>
      <trkpt lat="31.83060021111764" lon="35.030348323154584">
        <ele>335</ele>
        <time>2026-02-26T22:42:28.252Z</time>
      </trkpt>
      <trkpt lat="31.83060021111764" lon="35.030348323154584">
        <ele>0</ele>
        <time>2026-02-26T22:42:29.252Z</time>
      </trkpt>
      <trkpt lat="31.83060021111764" lon="35.030348323154584">
        <ele>0</ele>
        <time>2026-02-26T22:42:30.252Z</time>
      </trkpt>
      <trkpt lat="31.83060021111764" lon="35.030348323154584">
        <ele>0</ele>
        <time>2026-02-26T22:42:31.252Z</time>
      </trkpt>
      <trkpt lat="31.83060021111764" lon="35.030348323154584">
        <ele>0</ele>
        <time>2026-02-26T22:42:32.252Z</time>
      </trkpt>
      <trkpt lat="31.83060021111764" lon="35.030348323154584">
        <ele>0</ele>
        <time>2026-02-26T22:42:33.252Z</time>
      </trkpt>
      <trkpt lat="31.83060021111764" lon="35.030348323154584">
        <ele>335</ele>
        <time>2026-02-26T22:42:34.252Z</time>
      </trkpt>
      <trkpt lat="31.83042997887648" lon="35.0302264288361">
        <ele>335</ele>
        <time>2026-02-26T22:42:35.252Z</time>
      </trkpt>
      <trkpt lat="31.83042997887648" lon="35.0302264288361">
        <ele>0</ele>
        <time>2026-02-26T22:42:36.252Z</time>
      </trkpt>
      <trkpt lat="31.83042997887648" lon="35.0302264288361">
        <ele>0</ele>
        <time>2026-02-26T22:42:37.252Z</time>
      </trkpt>
      <trkpt lat="31.83042997887648" lon="35.0302264288361">
        <ele>335</ele>
        <time>2026-02-26T22:42:38.252Z</time>
      </trkpt>
      <trkpt lat="31.830243160762507" lon="35.03013595282866">
        <ele>335</ele>
        <time>2026-02-26T22:42:39.252Z</time>
      </trkpt>
      <trkpt lat="31.830243160762507" lon="35.03013595282866">
        <ele>0</ele>
        <time>2026-02-26T22:42:40.252Z</time>
      </trkpt>
      <trkpt lat="31.830243160762507" lon="35.03013595282866">
        <ele>0</ele>
        <time>2026-02-26T22:42:41.252Z</time>
      </trkpt>
      <trkpt lat="31.830243160762507" lon="35.03013595282866">
        <ele>335</ele>
        <time>2026-02-26T22:42:42.252Z</time>
      </trkpt>
      <trkpt lat="31.830243160762507" lon="35.03013595282866">
        <ele>0</ele>
        <time>2026-02-26T22:42:43.252Z</time>
      </trkpt>
      <trkpt lat="31.830243160762507" lon="35.03013595282866">
        <ele>0</ele>
        <time>2026-02-26T22:42:44.252Z</time>
      </trkpt>
      <trkpt lat="31.830243160762507" lon="35.03013595282866">
        <ele>0</ele>
        <time>2026-02-26T22:42:45.252Z</time>
      </trkpt>
      <trkpt lat="31.83015108295102" lon="35.03007892804081">
        <ele>335</ele>
        <time>2026-02-26T22:42:46.252Z</time>
      </trkpt>
      <trkpt lat="31.83015108295102" lon="35.03007892804081">
        <ele>0</ele>
        <time>2026-02-26T22:42:47.252Z</time>
      </trkpt>
      <trkpt lat="31.83015108295102" lon="35.03007892804081">
        <ele>0</ele>
        <time>2026-02-26T22:42:48.252Z</time>
      </trkpt>
      <trkpt lat="31.83015108295102" lon="35.03007892804081">
        <ele>335</ele>
        <time>2026-02-26T22:42:49.252Z</time>
      </trkpt>
      <trkpt lat="31.83002629406758" lon="35.029943061643365">
        <ele>336.5</ele>
        <time>2026-02-26T22:42:50.252Z</time>
      </trkpt>
      <trkpt lat="31.83002629406758" lon="35.029943061643365">
        <ele>0</ele>
        <time>2026-02-26T22:42:51.252Z</time>
      </trkpt>
      <trkpt lat="31.83002629406758" lon="35.029943061643365">
        <ele>336.5</ele>
        <time>2026-02-26T22:42:52.252Z</time>
      </trkpt>
      <trkpt lat="31.829762216034908" lon="35.03051500552735">
        <ele>331</ele>
        <time>2026-02-26T22:42:53.252Z</time>
      </trkpt>
      <trkpt lat="31.829762216034908" lon="35.03051500552735">
        <ele>0</ele>
        <time>2026-02-26T22:42:54.252Z</time>
      </trkpt>
      <trkpt lat="31.829762216034908" lon="35.03051500552735">
        <ele>0</ele>
        <time>2026-02-26T22:42:55.252Z</time>
      </trkpt>
      <trkpt lat="31.829762216034908" lon="35.03051500552735">
        <ele>0</ele>
        <time>2026-02-26T22:42:56.252Z</time>
      </trkpt>
      <trkpt lat="31.829762216034908" lon="35.03051500552735">
        <ele>0</ele>
        <time>2026-02-26T22:42:57.252Z</time>
      </trkpt>
      <trkpt lat="31.829762216034908" lon="35.03051500552735">
        <ele>331</ele>
        <time>2026-02-26T22:42:58.252Z</time>
      </trkpt>
      <trkpt lat="31.829421164572764" lon="35.03081963305215">
        <ele>325.5</ele>
        <time>2026-02-26T22:42:59.252Z</time>
      </trkpt>
      <trkpt lat="31.829421164572764" lon="35.03081963305215">
        <ele>0</ele>
        <time>2026-02-26T22:43:00.252Z</time>
      </trkpt>
      <trkpt lat="31.829421164572764" lon="35.03081963305215">
        <ele>325.5</ele>
        <time>2026-02-26T22:43:01.252Z</time>
      </trkpt>
      <trkpt lat="31.829298874255457" lon="35.03088897581111">
        <ele>317</ele>
        <time>2026-02-26T22:43:02.252Z</time>
      </trkpt>
      <trkpt lat="31.829298874255457" lon="35.03088897581111">
        <ele>0</ele>
        <time>2026-02-26T22:43:03.252Z</time>
      </trkpt>
      <trkpt lat="31.829298874255457" lon="35.03088897581111">
        <ele>0</ele>
        <time>2026-02-26T22:43:04.252Z</time>
      </trkpt>
      <trkpt lat="31.829298874255457" lon="35.03088897581111">
        <ele>317</ele>
        <time>2026-02-26T22:43:05.252Z</time>
      </trkpt>
      <trkpt lat="31.829008830422495" lon="35.03087171233943">
        <ele>314</ele>
        <time>2026-02-26T22:43:06.252Z</time>
      </trkpt>
      <trkpt lat="31.829008830422495" lon="35.03087171233943">
        <ele>0</ele>
        <time>2026-02-26T22:43:07.252Z</time>
      </trkpt>
      <trkpt lat="31.829008830422495" lon="35.03087171233943">
        <ele>0</ele>
        <time>2026-02-26T22:43:08.252Z</time>
      </trkpt>
      <trkpt lat="31.829008830422495" lon="35.03087171233943">
        <ele>314</ele>
        <time>2026-02-26T22:43:09.252Z</time>
      </trkpt>
      <trkpt lat="31.828676166441667" lon="35.030834422715145">
        <ele>308.5</ele>
        <time>2026-02-26T22:43:10.252Z</time>
      </trkpt>
      <trkpt lat="31.828676166441667" lon="35.030834422715145">
        <ele>0</ele>
        <time>2026-02-26T22:43:11.252Z</time>
      </trkpt>
      <trkpt lat="31.828676166441667" lon="35.030834422715145">
        <ele>0</ele>
        <time>2026-02-26T22:43:12.252Z</time>
      </trkpt>
      <trkpt lat="31.828676166441667" lon="35.030834422715145">
        <ele>308.5</ele>
        <time>2026-02-26T22:43:13.252Z</time>
      </trkpt>
      <trkpt lat="31.82811380317743" lon="35.03087171233943">
        <ele>308.5</ele>
        <time>2026-02-26T22:43:14.252Z</time>
      </trkpt>
      <trkpt lat="31.82811380317743" lon="35.03087171233943">
        <ele>0</ele>
        <time>2026-02-26T22:43:15.252Z</time>
      </trkpt>
      <trkpt lat="31.82811380317743" lon="35.03087171233943">
        <ele>0</ele>
        <time>2026-02-26T22:43:16.252Z</time>
      </trkpt>
      <trkpt lat="31.82811380317743" lon="35.03087171233943">
        <ele>308.5</ele>
        <time>2026-02-26T22:43:17.252Z</time>
      </trkpt>
      <trkpt lat="31.82743262618405" lon="35.030955613995616">
        <ele>303</ele>
        <time>2026-02-26T22:43:18.252Z</time>
      </trkpt>
      <trkpt lat="31.82743262618405" lon="35.030955613995616">
        <ele>0</ele>
        <time>2026-02-26T22:43:19.252Z</time>
      </trkpt>
      <trkpt lat="31.82743262618405" lon="35.030955613995616">
        <ele>0</ele>
        <time>2026-02-26T22:43:20.252Z</time>
      </trkpt>
      <trkpt lat="31.82743262618405" lon="35.030955613995616">
        <ele>303</ele>
        <time>2026-02-26T22:43:21.252Z</time>
      </trkpt>
      <trkpt lat="31.827020749284316" lon="35.03102087083809">
        <ele>302</ele>
        <time>2026-02-26T22:43:22.252Z</time>
      </trkpt>
      <trkpt lat="31.827020749284316" lon="35.03102087083809">
        <ele>0</ele>
        <time>2026-02-26T22:43:23.252Z</time>
      </trkpt>
      <trkpt lat="31.827020749284316" lon="35.03102087083809">
        <ele>0</ele>
        <time>2026-02-26T22:43:24.252Z</time>
      </trkpt>
      <trkpt lat="31.827020749284316" lon="35.03102087083809">
        <ele>302</ele>
        <time>2026-02-26T22:43:25.252Z</time>
      </trkpt>
      <trkpt lat="31.82729797432326" lon="35.032447198985295">
        <ele>309.5</ele>
        <time>2026-02-26T22:43:26.252Z</time>
      </trkpt>
      <trkpt lat="31.82729797432326" lon="35.032447198985295">
        <ele>0</ele>
        <time>2026-02-26T22:43:27.252Z</time>
      </trkpt>
      <trkpt lat="31.82729797432326" lon="35.032447198985295">
        <ele>0</ele>
        <time>2026-02-26T22:43:28.252Z</time>
      </trkpt>
      <trkpt lat="31.82729797432326" lon="35.032447198985295">
        <ele>309.5</ele>
        <time>2026-02-26T22:43:29.252Z</time>
      </trkpt>
      <trkpt lat="31.82721876725404" lon="35.03396675119322">
        <ele>318</ele>
        <time>2026-02-26T22:43:30.252Z</time>
      </trkpt>
      <trkpt lat="31.82721876725404" lon="35.03396675119322">
        <ele>0</ele>
        <time>2026-02-26T22:43:31.252Z</time>
      </trkpt>
      <trkpt lat="31.82721876725404" lon="35.03396675119322">
        <ele>0</ele>
        <time>2026-02-26T22:43:32.252Z</time>
      </trkpt>
      <trkpt lat="31.82721876725404" lon="35.03396675119322">
        <ele>318</ele>
        <time>2026-02-26T22:43:33.252Z</time>
      </trkpt>
      <trkpt lat="31.826981145637603" lon="35.034554062767484">
        <ele>321</ele>
        <time>2026-02-26T22:43:34.252Z</time>
      </trkpt>
      <trkpt lat="31.826981145637603" lon="35.034554062767484">
        <ele>0</ele>
        <time>2026-02-26T22:43:35.252Z</time>
      </trkpt>
      <trkpt lat="31.826981145637603" lon="35.034554062767484">
        <ele>0</ele>
        <time>2026-02-26T22:43:36.252Z</time>
      </trkpt>
      <trkpt lat="31.826981145637603" lon="35.034554062767484">
        <ele>321</ele>
        <time>2026-02-26T22:43:37.252Z</time>
      </trkpt>
      <trkpt lat="31.826886096820417" lon="35.03491763660887">
        <ele>324</ele>
        <time>2026-02-26T22:43:38.252Z</time>
      </trkpt>
      <trkpt lat="31.826886096820417" lon="35.03491763660887">
        <ele>0</ele>
        <time>2026-02-26T22:43:39.252Z</time>
      </trkpt>
      <trkpt lat="31.826886096820417" lon="35.03491763660887">
        <ele>0</ele>
        <time>2026-02-26T22:43:40.252Z</time>
      </trkpt>
      <trkpt lat="31.826886096820417" lon="35.03491763660887">
        <ele>324</ele>
        <time>2026-02-26T22:43:41.252Z</time>
      </trkpt>
      <trkpt lat="31.82682273088811" lon="35.035560882635394">
        <ele>327</ele>
        <time>2026-02-26T22:43:42.252Z</time>
      </trkpt>
      <trkpt lat="31.82682273088811" lon="35.035560882635394">
        <ele>0</ele>
        <time>2026-02-26T22:43:43.252Z</time>
      </trkpt>
      <trkpt lat="31.82682273088811" lon="35.035560882635394">
        <ele>0</ele>
        <time>2026-02-26T22:43:44.252Z</time>
      </trkpt>
      <trkpt lat="31.82682273088811" lon="35.035560882635394">
        <ele>327</ele>
        <time>2026-02-26T22:43:45.252Z</time>
      </trkpt>
      <trkpt lat="31.826711840401813" lon="35.03615751663162">
        <ele>326</ele>
        <time>2026-02-26T22:43:46.252Z</time>
      </trkpt>
      <trkpt lat="31.826711840401813" lon="35.03615751663162">
        <ele>0</ele>
        <time>2026-02-26T22:43:47.252Z</time>
      </trkpt>
      <trkpt lat="31.826711840401813" lon="35.03615751663162">
        <ele>0</ele>
        <time>2026-02-26T22:43:48.252Z</time>
      </trkpt>
      <trkpt lat="31.826711840401813" lon="35.03615751663162">
        <ele>326</ele>
        <time>2026-02-26T22:43:49.252Z</time>
      </trkpt>
      <trkpt lat="31.827551436484868" lon="35.0372668829678">
        <ele>343</ele>
        <time>2026-02-26T22:43:50.252Z</time>
      </trkpt>
      <trkpt lat="31.827551436484868" lon="35.0372668829678">
        <ele>0</ele>
        <time>2026-02-26T22:43:51.252Z</time>
      </trkpt>
      <trkpt lat="31.827551436484868" lon="35.0372668829678">
        <ele>0</ele>
        <time>2026-02-26T22:43:52.252Z</time>
      </trkpt>
      <trkpt lat="31.827551436484868" lon="35.0372668829678">
        <ele>343</ele>
        <time>2026-02-26T22:43:53.252Z</time>
      </trkpt>
      <trkpt lat="31.827846521296053" lon="35.037963614435995">
        <ele>350</ele>
        <time>2026-02-26T22:43:54.252Z</time>
      </trkpt>
      <trkpt lat="31.827846521296053" lon="35.037963614435995">
        <ele>0</ele>
        <time>2026-02-26T22:43:55.252Z</time>
      </trkpt>
      <trkpt lat="31.827846521296053" lon="35.037963614435995">
        <ele>0</ele>
        <time>2026-02-26T22:43:56.252Z</time>
      </trkpt>
      <trkpt lat="31.827846521296053" lon="35.037963614435995">
        <ele>350</ele>
        <time>2026-02-26T22:43:57.252Z</time>
      </trkpt>
      <trkpt lat="31.827854441952027" lon="35.038653472494445">
        <ele>357</ele>
        <time>2026-02-26T22:43:58.252Z</time>
      </trkpt>
      <trkpt lat="31.827854441952027" lon="35.038653472494445">
        <ele>0</ele>
        <time>2026-02-26T22:43:59.252Z</time>
      </trkpt>
      <trkpt lat="31.827854441952027" lon="35.038653472494445">
        <ele>0</ele>
        <time>2026-02-26T22:44:00.252Z</time>
      </trkpt>
      <trkpt lat="31.827854441952027" lon="35.038653472494445">
        <ele>357</ele>
        <time>2026-02-26T22:44:01.252Z</time>
      </trkpt>
      <trkpt lat="31.827513853127044" lon="35.03877466377486">
        <ele>364</ele>
        <time>2026-02-26T22:44:02.252Z</time>
      </trkpt>
      <trkpt lat="31.827513853127044" lon="35.03877466377486">
        <ele>0</ele>
        <time>2026-02-26T22:44:03.252Z</time>
      </trkpt>
      <trkpt lat="31.827513853127044" lon="35.03877466377486">
        <ele>364</ele>
        <time>2026-02-26T22:44:04.252Z</time>
      </trkpt>
      <trkpt lat="31.827387122080808" lon="35.03904501355399">
        <ele>367</ele>
        <time>2026-02-26T22:44:05.252Z</time>
      </trkpt>
      <trkpt lat="31.827387122080808" lon="35.03904501355399">
        <ele>0</ele>
        <time>2026-02-26T22:44:06.252Z</time>
      </trkpt>
      <trkpt lat="31.827387122080808" lon="35.03904501355399">
        <ele>367</ele>
        <time>2026-02-26T22:44:07.252Z</time>
      </trkpt>
      <trkpt lat="31.827284152977413" lon="35.0393899425832">
        <ele>370</ele>
        <time>2026-02-26T22:44:08.252Z</time>
      </trkpt>
      <trkpt lat="31.827284152977413" lon="35.0393899425832">
        <ele>0</ele>
        <time>2026-02-26T22:44:09.252Z</time>
      </trkpt>
      <trkpt lat="31.827284152977413" lon="35.0393899425832">
        <ele>370</ele>
        <time>2026-02-26T22:44:10.252Z</time>
      </trkpt>
      <trkpt lat="31.82674554348813" lon="35.03951113386364">
        <ele>373</ele>
        <time>2026-02-26T22:44:11.252Z</time>
      </trkpt>
      <trkpt lat="31.82674554348813" lon="35.03951113386364">
        <ele>0</ele>
        <time>2026-02-26T22:44:12.252Z</time>
      </trkpt>
      <trkpt lat="31.82674554348813" lon="35.03951113386364">
        <ele>373</ele>
        <time>2026-02-26T22:44:13.252Z</time>
      </trkpt>
      <trkpt lat="31.826301980392046" lon="35.03958571307905">
        <ele>373</ele>
        <time>2026-02-26T22:44:14.252Z</time>
      </trkpt>
      <trkpt lat="31.826301980392046" lon="35.03958571307905">
        <ele>0</ele>
        <time>2026-02-26T22:44:15.252Z</time>
      </trkpt>
      <trkpt lat="31.826301980392046" lon="35.03958571307905">
        <ele>373</ele>
        <time>2026-02-26T22:44:16.252Z</time>
      </trkpt>
      <trkpt lat="31.82600891073598" lon="35.039744193985314">
        <ele>371.5</ele>
        <time>2026-02-26T22:44:17.252Z</time>
      </trkpt>
      <trkpt lat="31.82600891073598" lon="35.039744193985314">
        <ele>0</ele>
        <time>2026-02-26T22:44:18.252Z</time>
      </trkpt>
      <trkpt lat="31.82600891073598" lon="35.039744193985314">
        <ele>371.5</ele>
        <time>2026-02-26T22:44:19.252Z</time>
      </trkpt>
      <trkpt lat="31.825787127674303" lon="35.039949286920404">
        <ele>376</ele>
        <time>2026-02-26T22:44:20.252Z</time>
      </trkpt>
      <trkpt lat="31.825787127674303" lon="35.039949286920404">
        <ele>0</ele>
        <time>2026-02-26T22:44:21.252Z</time>
      </trkpt>
      <trkpt lat="31.825787127674303" lon="35.039949286920404">
        <ele>376</ele>
        <time>2026-02-26T22:44:22.252Z</time>
      </trkpt>
      <trkpt lat="31.82616732688203" lon="35.040154379857">
        <ele>376</ele>
        <time>2026-02-26T22:44:23.252Z</time>
      </trkpt>
      <trkpt lat="31.82616732688203" lon="35.040154379857">
        <ele>0</ele>
        <time>2026-02-26T22:44:24.252Z</time>
      </trkpt>
      <trkpt lat="31.82616732688203" lon="35.040154379857">
        <ele>376</ele>
        <time>2026-02-26T22:44:25.252Z</time>
      </trkpt>
      <trkpt lat="31.82653960375511" lon="35.04054592091657">
        <ele>376</ele>
        <time>2026-02-26T22:44:26.252Z</time>
      </trkpt>
      <trkpt lat="31.82653960375511" lon="35.04054592091657">
        <ele>0</ele>
        <time>2026-02-26T22:44:27.252Z</time>
      </trkpt>
      <trkpt lat="31.82653960375511" lon="35.04054592091657">
        <ele>376</ele>
        <time>2026-02-26T22:44:28.252Z</time>
      </trkpt>
      <trkpt lat="31.82657920758892" lon="35.04087220513367">
        <ele>385</ele>
        <time>2026-02-26T22:44:29.252Z</time>
      </trkpt>
      <trkpt lat="31.82657920758892" lon="35.04087220513367">
        <ele>0</ele>
        <time>2026-02-26T22:44:30.252Z</time>
      </trkpt>
      <trkpt lat="31.82657920758892" lon="35.04087220513367">
        <ele>385</ele>
        <time>2026-02-26T22:44:31.252Z</time>
      </trkpt>
      <trkpt lat="31.826373267464845" lon="35.04110526528848">
        <ele>385</ele>
        <time>2026-02-26T22:44:32.252Z</time>
      </trkpt>
      <trkpt lat="31.826373267464845" lon="35.04110526528848">
        <ele>0</ele>
        <time>2026-02-26T22:44:33.252Z</time>
      </trkpt>
      <trkpt lat="31.826373267464845" lon="35.04110526528848">
        <ele>385</ele>
        <time>2026-02-26T22:44:34.252Z</time>
      </trkpt>
      <trkpt lat="31.82629405960286" lon="35.04160867522245">
        <ele>388.5</ele>
        <time>2026-02-26T22:44:35.252Z</time>
      </trkpt>
      <trkpt lat="31.82629405960286" lon="35.04160867522245">
        <ele>0</ele>
        <time>2026-02-26T22:44:36.252Z</time>
      </trkpt>
      <trkpt lat="31.82629405960286" lon="35.04160867522245">
        <ele>388.5</ele>
        <time>2026-02-26T22:44:37.252Z</time>
      </trkpt>
      <trkpt lat="31.825913860917737" lon="35.041981571469876">
        <ele>403</ele>
        <time>2026-02-26T22:44:38.252Z</time>
      </trkpt>
      <trkpt lat="31.825913860917737" lon="35.041981571469876">
        <ele>0</ele>
        <time>2026-02-26T22:44:39.252Z</time>
      </trkpt>
      <trkpt lat="31.825913860917737" lon="35.041981571469876">
        <ele>403</ele>
        <time>2026-02-26T22:44:40.252Z</time>
      </trkpt>
      <trkpt lat="31.82530395558922" lon="35.042084117936696">
        <ele>408</ele>
        <time>2026-02-26T22:44:41.252Z</time>
      </trkpt>
      <trkpt lat="31.82530395558922" lon="35.042084117936696">
        <ele>0</ele>
        <time>2026-02-26T22:44:42.252Z</time>
      </trkpt>
      <trkpt lat="31.82530395558922" lon="35.042084117936696">
        <ele>408</ele>
        <time>2026-02-26T22:44:43.252Z</time>
      </trkpt>
      <trkpt lat="31.824670570288788" lon="35.041986797076305">
        <ele>413</ele>
        <time>2026-02-26T22:44:44.252Z</time>
      </trkpt>
      <trkpt lat="31.824670570288788" lon="35.041986797076305">
        <ele>0</ele>
        <time>2026-02-26T22:44:45.252Z</time>
      </trkpt>
      <trkpt lat="31.824670570288788" lon="35.041986797076305">
        <ele>413</ele>
        <time>2026-02-26T22:44:46.252Z</time>
      </trkpt>
      <trkpt lat="31.823957683933173" lon="35.042163922794686">
        <ele>424</ele>
        <time>2026-02-26T22:44:47.252Z</time>
      </trkpt>
      <trkpt lat="31.823957683933173" lon="35.042163922794686">
        <ele>0</ele>
        <time>2026-02-26T22:44:48.252Z</time>
      </trkpt>
      <trkpt lat="31.823957683933173" lon="35.042163922794686">
        <ele>424</ele>
        <time>2026-02-26T22:44:49.252Z</time>
      </trkpt>
      <trkpt lat="31.82339529192413" lon="35.04249020701022">
        <ele>431</ele>
        <time>2026-02-26T22:44:50.252Z</time>
      </trkpt>
      <trkpt lat="31.82339529192413" lon="35.04249020701022">
        <ele>0</ele>
        <time>2026-02-26T22:44:51.252Z</time>
      </trkpt>
      <trkpt lat="31.82339529192413" lon="35.04249020701022">
        <ele>431</ele>
        <time>2026-02-26T22:44:52.252Z</time>
      </trkpt>
      <trkpt lat="31.82292002840026" lon="35.0430681961943">
        <ele>431</ele>
        <time>2026-02-26T22:44:53.252Z</time>
      </trkpt>
      <trkpt lat="31.82292002840026" lon="35.0430681961943">
        <ele>0</ele>
        <time>2026-02-26T22:44:54.252Z</time>
      </trkpt>
      <trkpt lat="31.82292002840026" lon="35.0430681961943">
        <ele>431</ele>
        <time>2026-02-26T22:44:55.252Z</time>
      </trkpt>
      <trkpt lat="31.8225952635853" lon="35.0437207646269">
        <ele>442</ele>
        <time>2026-02-26T22:44:56.252Z</time>
      </trkpt>
      <trkpt lat="31.8225952635853" lon="35.0437207646269">
        <ele>0</ele>
        <time>2026-02-26T22:44:57.252Z</time>
      </trkpt>
      <trkpt lat="31.8225952635853" lon="35.0437207646269">
        <ele>442</ele>
        <time>2026-02-26T22:44:58.252Z</time>
      </trkpt>
      <trkpt lat="31.82214375938308" lon="35.044158917718306">
        <ele>450.5</ele>
        <time>2026-02-26T22:44:59.252Z</time>
      </trkpt>
      <trkpt lat="31.82214375938308" lon="35.044158917718306">
        <ele>0</ele>
        <time>2026-02-26T22:45:00.252Z</time>
      </trkpt>
      <trkpt lat="31.82214375938308" lon="35.044158917718306">
        <ele>450.5</ele>
        <time>2026-02-26T22:45:01.252Z</time>
      </trkpt>
      <trkpt lat="31.821676410602862" lon="35.04414027290622">
        <ele>474</ele>
        <time>2026-02-26T22:45:02.252Z</time>
      </trkpt>
      <trkpt lat="31.821676410602862" lon="35.04414027290622">
        <ele>0</ele>
        <time>2026-02-26T22:45:03.252Z</time>
      </trkpt>
      <trkpt lat="31.821676410602862" lon="35.04414027290622">
        <ele>474</ele>
        <time>2026-02-26T22:45:04.252Z</time>
      </trkpt>
      <trkpt lat="31.820947586453585" lon="35.04370220475107">
        <ele>471</ele>
        <time>2026-02-26T22:45:05.252Z</time>
      </trkpt>
      <trkpt lat="31.820947586453585" lon="35.04370220475107">
        <ele>0</ele>
        <time>2026-02-26T22:45:06.252Z</time>
      </trkpt>
      <trkpt lat="31.820947586453585" lon="35.04370220475107">
        <ele>471</ele>
        <time>2026-02-26T22:45:07.252Z</time>
      </trkpt>
      <trkpt lat="31.820630735976366" lon="35.043674237532855">
        <ele>468</ele>
        <time>2026-02-26T22:45:08.252Z</time>
      </trkpt>
      <trkpt lat="31.820630735976366" lon="35.043674237532855">
        <ele>0</ele>
        <time>2026-02-26T22:45:09.252Z</time>
      </trkpt>
      <trkpt lat="31.820630735976366" lon="35.043674237532855">
        <ele>468</ele>
        <time>2026-02-26T22:45:10.252Z</time>
      </trkpt>
      <trkpt lat="31.82028219919536" lon="35.04380475121934">
        <ele>464.5</ele>
        <time>2026-02-26T22:45:11.252Z</time>
      </trkpt>
      <trkpt lat="31.82028219919536" lon="35.04380475121934">
        <ele>0</ele>
        <time>2026-02-26T22:45:12.252Z</time>
      </trkpt>
      <trkpt lat="31.82028219919536" lon="35.04380475121934">
        <ele>464.5</ele>
        <time>2026-02-26T22:45:13.252Z</time>
      </trkpt>
      <trkpt lat="31.820020795746387" lon="35.044065778592426">
        <ele>461</ele>
        <time>2026-02-26T22:45:14.252Z</time>
      </trkpt>
      <trkpt lat="31.820020795746387" lon="35.044065778592426">
        <ele>0</ele>
        <time>2026-02-26T22:45:15.252Z</time>
      </trkpt>
      <trkpt lat="31.820020795746387" lon="35.044065778592426">
        <ele>461</ele>
        <time>2026-02-26T22:45:16.252Z</time>
      </trkpt>
      <trkpt lat="31.819672256663722" lon="35.04407510099847">
        <ele>460.5</ele>
        <time>2026-02-26T22:45:17.252Z</time>
      </trkpt>
      <trkpt lat="31.819672256663722" lon="35.04407510099847">
        <ele>0</ele>
        <time>2026-02-26T22:45:18.252Z</time>
      </trkpt>
      <trkpt lat="31.819672256663722" lon="35.04407510099847">
        <ele>460.5</ele>
        <time>2026-02-26T22:45:19.252Z</time>
      </trkpt>
      <trkpt lat="31.819363323194693" lon="35.04403781137415">
        <ele>460.5</ele>
        <time>2026-02-26T22:45:20.252Z</time>
      </trkpt>
      <trkpt lat="31.819363323194693" lon="35.04403781137415">
        <ele>0</ele>
        <time>2026-02-26T22:45:21.252Z</time>
      </trkpt>
      <trkpt lat="31.819363323194693" lon="35.04403781137415">
        <ele>460.5</ele>
        <time>2026-02-26T22:45:22.252Z</time>
      </trkpt>
      <trkpt lat="31.819046467281083" lon="35.04400052174989">
        <ele>460</ele>
        <time>2026-02-26T22:45:23.252Z</time>
      </trkpt>
      <trkpt lat="31.819046467281083" lon="35.04400052174989">
        <ele>0</ele>
        <time>2026-02-26T22:45:24.252Z</time>
      </trkpt>
      <trkpt lat="31.819046467281083" lon="35.04400052174989">
        <ele>460</ele>
        <time>2026-02-26T22:45:25.252Z</time>
      </trkpt>
      <trkpt lat="31.818919724611447" lon="35.04459715574458">
        <ele>467</ele>
        <time>2026-02-26T22:45:26.252Z</time>
      </trkpt>
      <trkpt lat="31.818919724611447" lon="35.04459715574458">
        <ele>0</ele>
        <time>2026-02-26T22:45:27.252Z</time>
      </trkpt>
      <trkpt lat="31.818919724611447" lon="35.04459715574458">
        <ele>467</ele>
        <time>2026-02-26T22:45:28.252Z</time>
      </trkpt>
      <trkpt lat="31.818959331713998" lon="35.04518446733465">
        <ele>470</ele>
        <time>2026-02-26T22:45:29.252Z</time>
      </trkpt>
      <trkpt lat="31.818959331713998" lon="35.04518446733465">
        <ele>0</ele>
        <time>2026-02-26T22:45:30.252Z</time>
      </trkpt>
      <trkpt lat="31.818959331713998" lon="35.04518446733465">
        <ele>470</ele>
        <time>2026-02-26T22:45:31.252Z</time>
      </trkpt>
      <trkpt lat="31.81880882463203" lon="35.04545481711378">
        <ele>470</ele>
        <time>2026-02-26T22:45:32.252Z</time>
      </trkpt>
      <trkpt lat="31.81880882463203" lon="35.04545481711378">
        <ele>0</ele>
        <time>2026-02-26T22:45:33.252Z</time>
      </trkpt>
      <trkpt lat="31.81880882463203" lon="35.04545481711378">
        <ele>470</ele>
        <time>2026-02-26T22:45:34.252Z</time>
      </trkpt>
      <trkpt lat="31.81880882463203" lon="35.046014161485715">
        <ele>471</ele>
        <time>2026-02-26T22:45:35.252Z</time>
      </trkpt>
      <trkpt lat="31.81880882463203" lon="35.046014161485715">
        <ele>0</ele>
        <time>2026-02-26T22:45:36.252Z</time>
      </trkpt>
      <trkpt lat="31.81880882463203" lon="35.046014161485715">
        <ele>471</ele>
        <time>2026-02-26T22:45:37.252Z</time>
      </trkpt>
      <trkpt lat="31.818539495567364" lon="35.04671334192619">
        <ele>469.5</ele>
        <time>2026-02-26T22:45:38.252Z</time>
      </trkpt>
      <trkpt lat="31.818539495567364" lon="35.04671334192619">
        <ele>0</ele>
        <time>2026-02-26T22:45:39.252Z</time>
      </trkpt>
      <trkpt lat="31.818539495567364" lon="35.04671334192619">
        <ele>469.5</ele>
        <time>2026-02-26T22:45:40.252Z</time>
      </trkpt>
      <trkpt lat="31.818214715344496" lon="35.047552358483216">
        <ele>472.5</ele>
        <time>2026-02-26T22:45:41.252Z</time>
      </trkpt>
      <trkpt lat="31.818214715344496" lon="35.047552358483216">
        <ele>0</ele>
        <time>2026-02-26T22:45:42.252Z</time>
      </trkpt>
      <trkpt lat="31.818214715344496" lon="35.047552358483216">
        <ele>472.5</ele>
        <time>2026-02-26T22:45:43.252Z</time>
      </trkpt>
      <trkpt lat="31.817913698507994" lon="35.048652402413325">
        <ele>485</ele>
        <time>2026-02-26T22:45:44.252Z</time>
      </trkpt>
      <trkpt lat="31.817913698507994" lon="35.048652402413325">
        <ele>0</ele>
        <time>2026-02-26T22:45:45.252Z</time>
      </trkpt>
      <trkpt lat="31.817913698507994" lon="35.048652402413325">
        <ele>485</ele>
        <time>2026-02-26T22:45:46.252Z</time>
      </trkpt>
      <trkpt lat="31.81773150363064" lon="35.04930497084601">
        <ele>488.5</ele>
        <time>2026-02-26T22:45:47.252Z</time>
      </trkpt>
      <trkpt lat="31.81773150363064" lon="35.04930497084601">
        <ele>0</ele>
        <time>2026-02-26T22:45:48.252Z</time>
      </trkpt>
      <trkpt lat="31.81773150363064" lon="35.04930497084601">
        <ele>488.5</ele>
        <time>2026-02-26T22:45:49.252Z</time>
      </trkpt>
      <trkpt lat="31.817588916084162" lon="35.04992024965432">
        <ele>488.5</ele>
        <time>2026-02-26T22:45:50.252Z</time>
      </trkpt>
      <trkpt lat="31.817588916084162" lon="35.04992024965432">
        <ele>0</ele>
        <time>2026-02-26T22:45:51.252Z</time>
      </trkpt>
      <trkpt lat="31.817588916084162" lon="35.04992024965432">
        <ele>488.5</ele>
        <time>2026-02-26T22:45:52.252Z</time>
      </trkpt>
      <trkpt lat="31.81754138685305" lon="35.050488916430794">
        <ele>492</ele>
        <time>2026-02-26T22:45:53.252Z</time>
      </trkpt>
    </trkseg>
  </trk>
</gpx>