<?xml version="1.0" encoding="UTF-8"?>
<gpx creator="Patrick Hooper" version="1.1" xmlns="http://www.topografix.com/GPX/1/1" xmlns:xsi="http://www.w3.org/2001/XMLSchema-instance" xsi:schemaLocation="http://www.topografix.com/GPX/1/1 http://www.topografix.com/GPX/1/1/gpx.xsd http://www.garmin.com/xmlschemas/GpxExtensions/v3 http://www.garmin.com/xmlschemas/GpxExtensionsv3.xsd http://www.garmin.com/xmlschemas/TrackPointExtension/v1 http://www.garmin.com/xmlschemas/TrackPointExtensionv1.xsd">
  <metadata>
    <name>Activity</name>
  </metadata>
  <trk>
    <name>a</name>
    <trkseg>
      <trkpt lat="31.84793" lon="34.99293">
        <ele>0</ele>
        <time>2026-02-23T09:10:08.674Z</time>
      </trkpt>
      <trkpt lat="31.84793" lon="34.99293">
        <ele>0</ele>
        <time>2026-02-23T09:10:09.674Z</time>
      </trkpt>
      <trkpt lat="31.84793" lon="34.99293">
        <ele>0</ele>
        <time>2026-02-23T09:10:10.674Z</time>
      </trkpt>
      <trkpt lat="31.84793" lon="34.99293">
        <ele>0</ele>
        <time>2026-02-23T09:10:11.674Z</time>
      </trkpt>
      <trkpt lat="31.84793" lon="34.99293">
        <ele>0</ele>
        <time>2026-02-23T09:10:12.674Z</time>
      </trkpt>
      <trkpt lat="31.84793" lon="34.99293">
        <ele>0</ele>
        <time>2026-02-23T09:10:13.674Z</time>
      </trkpt>
      <trkpt lat="31.84793" lon="34.99293">
        <ele>0</ele>
        <time>2026-02-23T09:10:14.674Z</time>
      </trkpt>
      <trkpt lat="31.84793" lon="34.99293">
        <ele>0</ele>
        <time>2026-02-23T09:10:15.674Z</time>
      </trkpt>
      <trkpt lat="31.84793" lon="34.99293">
        <ele>0</ele>
        <time>2026-02-23T09:10:16.674Z</time>
      </trkpt>
      <trkpt lat="31.84793" lon="34.99293">
        <ele>0</ele>
        <time>2026-02-23T09:10:17.674Z</time>
      </trkpt>
      <trkpt lat="31.84793" lon="34.99293">
        <ele>202.5</ele>
        <time>2026-02-23T09:10:18.674Z</time>
      </trkpt>
      <trkpt lat="31.847920000000002" lon="34.993410000000004">
        <ele>206</ele>
        <time>2026-02-23T09:10:19.674Z</time>
      </trkpt>
      <trkpt lat="31.847870000000004" lon="34.99371">
        <ele>206</ele>
        <time>2026-02-23T09:10:20.674Z</time>
      </trkpt>
      <trkpt lat="31.847770000000004" lon="34.994200000000006">
        <ele>212</ele>
        <time>2026-02-23T09:10:21.674Z</time>
      </trkpt>
      <trkpt lat="31.84776" lon="34.99438">
        <ele>212</ele>
        <time>2026-02-23T09:10:22.674Z</time>
      </trkpt>
      <trkpt lat="31.84776" lon="34.99438">
        <ele>0</ele>
        <time>2026-02-23T09:10:23.674Z</time>
      </trkpt>
      <trkpt lat="31.84776" lon="34.99438">
        <ele>0</ele>
        <time>2026-02-23T09:10:24.674Z</time>
      </trkpt>
      <trkpt lat="31.84776" lon="34.99438">
        <ele>0</ele>
        <time>2026-02-23T09:10:25.674Z</time>
      </trkpt>
      <trkpt lat="31.84776" lon="34.99438">
        <ele>0</ele>
        <time>2026-02-23T09:10:26.674Z</time>
      </trkpt>
      <trkpt lat="31.84776" lon="34.99438">
        <ele>0</ele>
        <time>2026-02-23T09:10:27.674Z</time>
      </trkpt>
      <trkpt lat="31.84776" lon="34.99438">
        <ele>0</ele>
        <time>2026-02-23T09:10:28.674Z</time>
      </trkpt>
      <trkpt lat="31.84776" lon="34.99438">
        <ele>0</ele>
        <time>2026-02-23T09:10:29.674Z</time>
      </trkpt>
      <trkpt lat="31.84776" lon="34.99438">
        <ele>0</ele>
        <time>2026-02-23T09:10:30.674Z</time>
      </trkpt>
      <trkpt lat="31.84776" lon="34.99438">
        <ele>0</ele>
        <time>2026-02-23T09:10:31.674Z</time>
      </trkpt>
      <trkpt lat="31.84776" lon="34.99438">
        <ele>0</ele>
        <time>2026-02-23T09:10:32.674Z</time>
      </trkpt>
      <trkpt lat="31.84776" lon="34.99438">
        <ele>212</ele>
        <time>2026-02-23T09:10:33.674Z</time>
      </trkpt>
      <trkpt lat="31.84776" lon="34.994460000000004">
        <ele>212</ele>
        <time>2026-02-23T09:10:34.674Z</time>
      </trkpt>
      <trkpt lat="31.847770000000004" lon="34.994580000000006">
        <ele>212</ele>
        <time>2026-02-23T09:10:35.674Z</time>
      </trkpt>
      <trkpt lat="31.847810000000003" lon="34.9947">
        <ele>212</ele>
        <time>2026-02-23T09:10:36.674Z</time>
      </trkpt>
      <trkpt lat="31.848010000000002" lon="34.995110000000004">
        <ele>219</ele>
        <time>2026-02-23T09:10:37.674Z</time>
      </trkpt>
      <trkpt lat="31.848060000000004" lon="34.995290000000004">
        <ele>219</ele>
        <time>2026-02-23T09:10:38.674Z</time>
      </trkpt>
      <trkpt lat="31.848060000000004" lon="34.995290000000004">
        <ele>0</ele>
        <time>2026-02-23T09:10:39.674Z</time>
      </trkpt>
      <trkpt lat="31.848060000000004" lon="34.995290000000004">
        <ele>0</ele>
        <time>2026-02-23T09:10:40.674Z</time>
      </trkpt>
      <trkpt lat="31.848060000000004" lon="34.995290000000004">
        <ele>0</ele>
        <time>2026-02-23T09:10:41.674Z</time>
      </trkpt>
      <trkpt lat="31.848060000000004" lon="34.995290000000004">
        <ele>0</ele>
        <time>2026-02-23T09:10:42.674Z</time>
      </trkpt>
      <trkpt lat="31.848060000000004" lon="34.995290000000004">
        <ele>0</ele>
        <time>2026-02-23T09:10:43.674Z</time>
      </trkpt>
      <trkpt lat="31.848060000000004" lon="34.995290000000004">
        <ele>0</ele>
        <time>2026-02-23T09:10:44.674Z</time>
      </trkpt>
      <trkpt lat="31.848060000000004" lon="34.995290000000004">
        <ele>0</ele>
        <time>2026-02-23T09:10:45.674Z</time>
      </trkpt>
      <trkpt lat="31.848060000000004" lon="34.995290000000004">
        <ele>0</ele>
        <time>2026-02-23T09:10:46.674Z</time>
      </trkpt>
      <trkpt lat="31.848060000000004" lon="34.995290000000004">
        <ele>0</ele>
        <time>2026-02-23T09:10:47.674Z</time>
      </trkpt>
      <trkpt lat="31.848060000000004" lon="34.995290000000004">
        <ele>0</ele>
        <time>2026-02-23T09:10:48.674Z</time>
      </trkpt>
      <trkpt lat="31.848060000000004" lon="34.995290000000004">
        <ele>219</ele>
        <time>2026-02-23T09:10:49.674Z</time>
      </trkpt>
      <trkpt lat="31.848060000000004" lon="34.99544">
        <ele>219</ele>
        <time>2026-02-23T09:10:50.674Z</time>
      </trkpt>
      <trkpt lat="31.847970000000004" lon="34.99593">
        <ele>225</ele>
        <time>2026-02-23T09:10:51.674Z</time>
      </trkpt>
      <trkpt lat="31.847980000000003" lon="34.9964">
        <ele>225</ele>
        <time>2026-02-23T09:10:52.674Z</time>
      </trkpt>
      <trkpt lat="31.848010000000002" lon="34.99678">
        <ele>234</ele>
        <time>2026-02-23T09:10:53.674Z</time>
      </trkpt>
      <trkpt lat="31.848160000000004" lon="34.997350000000004">
        <ele>234</ele>
        <time>2026-02-23T09:10:54.674Z</time>
      </trkpt>
      <trkpt lat="31.848160000000004" lon="34.99754">
        <ele>235</ele>
        <time>2026-02-23T09:10:55.674Z</time>
      </trkpt>
      <trkpt lat="31.848150000000004" lon="34.99756">
        <ele>235</ele>
        <time>2026-02-23T09:10:56.674Z</time>
      </trkpt>
      <trkpt lat="31.848150000000004" lon="34.99756">
        <ele>0</ele>
        <time>2026-02-23T09:10:57.674Z</time>
      </trkpt>
      <trkpt lat="31.848150000000004" lon="34.99756">
        <ele>0</ele>
        <time>2026-02-23T09:10:58.674Z</time>
      </trkpt>
      <trkpt lat="31.848150000000004" lon="34.99756">
        <ele>0</ele>
        <time>2026-02-23T09:10:59.674Z</time>
      </trkpt>
      <trkpt lat="31.848150000000004" lon="34.99756">
        <ele>0</ele>
        <time>2026-02-23T09:11:00.674Z</time>
      </trkpt>
      <trkpt lat="31.848150000000004" lon="34.99756">
        <ele>0</ele>
        <time>2026-02-23T09:11:01.674Z</time>
      </trkpt>
      <trkpt lat="31.848150000000004" lon="34.99756">
        <ele>0</ele>
        <time>2026-02-23T09:11:02.674Z</time>
      </trkpt>
      <trkpt lat="31.848150000000004" lon="34.99756">
        <ele>0</ele>
        <time>2026-02-23T09:11:03.674Z</time>
      </trkpt>
      <trkpt lat="31.848150000000004" lon="34.99756">
        <ele>0</ele>
        <time>2026-02-23T09:11:04.674Z</time>
      </trkpt>
      <trkpt lat="31.848150000000004" lon="34.99756">
        <ele>0</ele>
        <time>2026-02-23T09:11:05.674Z</time>
      </trkpt>
      <trkpt lat="31.848150000000004" lon="34.99756">
        <ele>0</ele>
        <time>2026-02-23T09:11:06.674Z</time>
      </trkpt>
      <trkpt lat="31.848150000000004" lon="34.99756">
        <ele>235</ele>
        <time>2026-02-23T09:11:07.674Z</time>
      </trkpt>
      <trkpt lat="31.84813" lon="34.99759">
        <ele>235</ele>
        <time>2026-02-23T09:11:08.674Z</time>
      </trkpt>
      <trkpt lat="31.84803" lon="34.997640000000004">
        <ele>235</ele>
        <time>2026-02-23T09:11:09.674Z</time>
      </trkpt>
      <trkpt lat="31.847960000000004" lon="34.997640000000004">
        <ele>235</ele>
        <time>2026-02-23T09:11:10.674Z</time>
      </trkpt>
      <trkpt lat="31.84775" lon="34.997600000000006">
        <ele>235</ele>
        <time>2026-02-23T09:11:11.674Z</time>
      </trkpt>
      <trkpt lat="31.847680000000004" lon="34.99761">
        <ele>235</ele>
        <time>2026-02-23T09:11:12.674Z</time>
      </trkpt>
      <trkpt lat="31.847590000000004" lon="34.99768">
        <ele>250</ele>
        <time>2026-02-23T09:11:13.674Z</time>
      </trkpt>
      <trkpt lat="31.847550000000002" lon="34.99775">
        <ele>250</ele>
        <time>2026-02-23T09:11:14.674Z</time>
      </trkpt>
      <trkpt lat="31.847530000000003" lon="34.99783">
        <ele>250</ele>
        <time>2026-02-23T09:11:15.674Z</time>
      </trkpt>
      <trkpt lat="31.847490000000004" lon="34.998290000000004">
        <ele>250</ele>
        <time>2026-02-23T09:11:16.674Z</time>
      </trkpt>
      <trkpt lat="31.84746" lon="34.99837">
        <ele>250</ele>
        <time>2026-02-23T09:11:17.674Z</time>
      </trkpt>
      <trkpt lat="31.847390000000004" lon="34.998450000000005">
        <ele>250</ele>
        <time>2026-02-23T09:11:18.674Z</time>
      </trkpt>
      <trkpt lat="31.847390000000004" lon="34.998450000000005">
        <ele>0</ele>
        <time>2026-02-23T09:11:19.674Z</time>
      </trkpt>
      <trkpt lat="31.847390000000004" lon="34.998450000000005">
        <ele>0</ele>
        <time>2026-02-23T09:11:20.674Z</time>
      </trkpt>
      <trkpt lat="31.847390000000004" lon="34.998450000000005">
        <ele>0</ele>
        <time>2026-02-23T09:11:21.674Z</time>
      </trkpt>
      <trkpt lat="31.847390000000004" lon="34.998450000000005">
        <ele>0</ele>
        <time>2026-02-23T09:11:22.674Z</time>
      </trkpt>
      <trkpt lat="31.847390000000004" lon="34.998450000000005">
        <ele>0</ele>
        <time>2026-02-23T09:11:23.674Z</time>
      </trkpt>
      <trkpt lat="31.847390000000004" lon="34.998450000000005">
        <ele>0</ele>
        <time>2026-02-23T09:11:24.674Z</time>
      </trkpt>
      <trkpt lat="31.847390000000004" lon="34.998450000000005">
        <ele>0</ele>
        <time>2026-02-23T09:11:25.674Z</time>
      </trkpt>
      <trkpt lat="31.847390000000004" lon="34.998450000000005">
        <ele>0</ele>
        <time>2026-02-23T09:11:26.674Z</time>
      </trkpt>
      <trkpt lat="31.847390000000004" lon="34.998450000000005">
        <ele>0</ele>
        <time>2026-02-23T09:11:27.674Z</time>
      </trkpt>
      <trkpt lat="31.847390000000004" lon="34.998450000000005">
        <ele>0</ele>
        <time>2026-02-23T09:11:28.674Z</time>
      </trkpt>
      <trkpt lat="31.847390000000004" lon="34.998450000000005">
        <ele>250</ele>
        <time>2026-02-23T09:11:29.674Z</time>
      </trkpt>
      <trkpt lat="31.847320000000003" lon="34.9985">
        <ele>250</ele>
        <time>2026-02-23T09:11:30.674Z</time>
      </trkpt>
      <trkpt lat="31.847110000000004" lon="34.99848">
        <ele>250</ele>
        <time>2026-02-23T09:11:31.674Z</time>
      </trkpt>
      <trkpt lat="31.847060000000003" lon="34.998520000000006">
        <ele>250</ele>
        <time>2026-02-23T09:11:32.674Z</time>
      </trkpt>
      <trkpt lat="31.846950000000003" lon="34.998670000000004">
        <ele>250</ele>
        <time>2026-02-23T09:11:33.674Z</time>
      </trkpt>
      <trkpt lat="31.846750000000004" lon="34.9988">
        <ele>262</ele>
        <time>2026-02-23T09:11:34.674Z</time>
      </trkpt>
      <trkpt lat="31.84663" lon="34.9988">
        <ele>262</ele>
        <time>2026-02-23T09:11:35.674Z</time>
      </trkpt>
      <trkpt lat="31.846500000000002" lon="34.998720000000006">
        <ele>262</ele>
        <time>2026-02-23T09:11:36.674Z</time>
      </trkpt>
      <trkpt lat="31.846190000000004" lon="34.998400000000004">
        <ele>262</ele>
        <time>2026-02-23T09:11:37.674Z</time>
      </trkpt>
      <trkpt lat="31.84615" lon="34.998490000000004">
        <ele>262</ele>
        <time>2026-02-23T09:11:38.674Z</time>
      </trkpt>
      <trkpt lat="31.84615" lon="34.998490000000004">
        <ele>0</ele>
        <time>2026-02-23T09:11:39.674Z</time>
      </trkpt>
      <trkpt lat="31.84615" lon="34.998490000000004">
        <ele>0</ele>
        <time>2026-02-23T09:11:40.674Z</time>
      </trkpt>
      <trkpt lat="31.84615" lon="34.998490000000004">
        <ele>0</ele>
        <time>2026-02-23T09:11:41.674Z</time>
      </trkpt>
      <trkpt lat="31.84615" lon="34.998490000000004">
        <ele>0</ele>
        <time>2026-02-23T09:11:42.674Z</time>
      </trkpt>
      <trkpt lat="31.84615" lon="34.998490000000004">
        <ele>0</ele>
        <time>2026-02-23T09:11:43.674Z</time>
      </trkpt>
      <trkpt lat="31.84615" lon="34.998490000000004">
        <ele>0</ele>
        <time>2026-02-23T09:11:44.674Z</time>
      </trkpt>
      <trkpt lat="31.84615" lon="34.998490000000004">
        <ele>0</ele>
        <time>2026-02-23T09:11:45.674Z</time>
      </trkpt>
      <trkpt lat="31.84615" lon="34.998490000000004">
        <ele>0</ele>
        <time>2026-02-23T09:11:46.674Z</time>
      </trkpt>
      <trkpt lat="31.84615" lon="34.998490000000004">
        <ele>0</ele>
        <time>2026-02-23T09:11:47.674Z</time>
      </trkpt>
      <trkpt lat="31.84615" lon="34.998490000000004">
        <ele>262</ele>
        <time>2026-02-23T09:11:48.674Z</time>
      </trkpt>
      <trkpt lat="31.846120000000003" lon="34.99857">
        <ele>262</ele>
        <time>2026-02-23T09:11:49.674Z</time>
      </trkpt>
      <trkpt lat="31.84606" lon="34.99864">
        <ele>262</ele>
        <time>2026-02-23T09:11:50.674Z</time>
      </trkpt>
      <trkpt lat="31.845890000000004" lon="34.998740000000005">
        <ele>273</ele>
        <time>2026-02-23T09:11:51.674Z</time>
      </trkpt>
      <trkpt lat="31.845820000000003" lon="34.99893">
        <ele>273</ele>
        <time>2026-02-23T09:11:52.674Z</time>
      </trkpt>
      <trkpt lat="31.845760000000002" lon="34.99902">
        <ele>273</ele>
        <time>2026-02-23T09:11:53.674Z</time>
      </trkpt>
      <trkpt lat="31.84551" lon="34.99927">
        <ele>279</ele>
        <time>2026-02-23T09:11:54.674Z</time>
      </trkpt>
      <trkpt lat="31.84532" lon="34.999390000000005">
        <ele>279</ele>
        <time>2026-02-23T09:11:55.674Z</time>
      </trkpt>
      <trkpt lat="31.845260000000003" lon="34.99951">
        <ele>279</ele>
        <time>2026-02-23T09:11:56.674Z</time>
      </trkpt>
      <trkpt lat="31.844860000000004" lon="34.99992">
        <ele>279</ele>
        <time>2026-02-23T09:11:57.674Z</time>
      </trkpt>
      <trkpt lat="31.844510000000003" lon="35.00038">
        <ele>279</ele>
        <time>2026-02-23T09:11:58.674Z</time>
      </trkpt>
      <trkpt lat="31.844430000000003" lon="35.000370000000004">
        <ele>279</ele>
        <time>2026-02-23T09:11:59.674Z</time>
      </trkpt>
      <trkpt lat="31.84438" lon="35.00054">
        <ele>279</ele>
        <time>2026-02-23T09:12:00.674Z</time>
      </trkpt>
      <trkpt lat="31.844310000000004" lon="35.00079">
        <ele>279</ele>
        <time>2026-02-23T09:12:01.674Z</time>
      </trkpt>
      <trkpt lat="31.84409" lon="35.001270000000005">
        <ele>282</ele>
        <time>2026-02-23T09:12:02.674Z</time>
      </trkpt>
      <trkpt lat="31.84399" lon="35.00142">
        <ele>282</ele>
        <time>2026-02-23T09:12:03.674Z</time>
      </trkpt>
      <trkpt lat="31.84353" lon="35.00169">
        <ele>294</ele>
        <time>2026-02-23T09:12:04.674Z</time>
      </trkpt>
      <trkpt lat="31.84316" lon="35.002050000000004">
        <ele>292</ele>
        <time>2026-02-23T09:12:05.674Z</time>
      </trkpt>
      <trkpt lat="31.843110000000003" lon="35.00213">
        <ele>292</ele>
        <time>2026-02-23T09:12:06.674Z</time>
      </trkpt>
      <trkpt lat="31.843100000000003" lon="35.002230000000004">
        <ele>292</ele>
        <time>2026-02-23T09:12:07.674Z</time>
      </trkpt>
      <trkpt lat="31.84296" lon="35.002050000000004">
        <ele>292</ele>
        <time>2026-02-23T09:12:08.674Z</time>
      </trkpt>
      <trkpt lat="31.84296" lon="35.002050000000004">
        <ele>0</ele>
        <time>2026-02-23T09:12:09.674Z</time>
      </trkpt>
      <trkpt lat="31.84296" lon="35.002050000000004">
        <ele>0</ele>
        <time>2026-02-23T09:12:10.674Z</time>
      </trkpt>
      <trkpt lat="31.84296" lon="35.002050000000004">
        <ele>0</ele>
        <time>2026-02-23T09:12:11.674Z</time>
      </trkpt>
      <trkpt lat="31.84296" lon="35.002050000000004">
        <ele>0</ele>
        <time>2026-02-23T09:12:12.674Z</time>
      </trkpt>
      <trkpt lat="31.84296" lon="35.002050000000004">
        <ele>0</ele>
        <time>2026-02-23T09:12:13.674Z</time>
      </trkpt>
      <trkpt lat="31.84296" lon="35.002050000000004">
        <ele>0</ele>
        <time>2026-02-23T09:12:14.674Z</time>
      </trkpt>
      <trkpt lat="31.84296" lon="35.002050000000004">
        <ele>0</ele>
        <time>2026-02-23T09:12:15.674Z</time>
      </trkpt>
      <trkpt lat="31.84296" lon="35.002050000000004">
        <ele>0</ele>
        <time>2026-02-23T09:12:16.674Z</time>
      </trkpt>
      <trkpt lat="31.84296" lon="35.002050000000004">
        <ele>292</ele>
        <time>2026-02-23T09:12:17.674Z</time>
      </trkpt>
      <trkpt lat="31.843100000000003" lon="35.002230000000004">
        <ele>292</ele>
        <time>2026-02-23T09:12:18.674Z</time>
      </trkpt>
      <trkpt lat="31.843290000000003" lon="35.00251">
        <ele>298</ele>
        <time>2026-02-23T09:12:19.674Z</time>
      </trkpt>
      <trkpt lat="31.843310000000002" lon="35.002700000000004">
        <ele>298</ele>
        <time>2026-02-23T09:12:20.674Z</time>
      </trkpt>
      <trkpt lat="31.843260000000004" lon="35.00289">
        <ele>298</ele>
        <time>2026-02-23T09:12:21.674Z</time>
      </trkpt>
      <trkpt lat="31.843210000000003" lon="35.003">
        <ele>298</ele>
        <time>2026-02-23T09:12:22.674Z</time>
      </trkpt>
      <trkpt lat="31.843190000000003" lon="35.003080000000004">
        <ele>298</ele>
        <time>2026-02-23T09:12:23.674Z</time>
      </trkpt>
      <trkpt lat="31.843210000000003" lon="35.00316">
        <ele>298</ele>
        <time>2026-02-23T09:12:24.674Z</time>
      </trkpt>
      <trkpt lat="31.843270000000004" lon="35.003220000000006">
        <ele>298</ele>
        <time>2026-02-23T09:12:25.674Z</time>
      </trkpt>
      <trkpt lat="31.84334" lon="35.00323">
        <ele>298</ele>
        <time>2026-02-23T09:12:26.674Z</time>
      </trkpt>
      <trkpt lat="31.843470000000003" lon="35.003170000000004">
        <ele>304</ele>
        <time>2026-02-23T09:12:27.674Z</time>
      </trkpt>
      <trkpt lat="31.843660000000003" lon="35.00305">
        <ele>304</ele>
        <time>2026-02-23T09:12:28.674Z</time>
      </trkpt>
      <trkpt lat="31.84382" lon="35.00303">
        <ele>304</ele>
        <time>2026-02-23T09:12:29.674Z</time>
      </trkpt>
      <trkpt lat="31.8439" lon="35.00307">
        <ele>304</ele>
        <time>2026-02-23T09:12:30.674Z</time>
      </trkpt>
      <trkpt lat="31.843980000000002" lon="35.003150000000005">
        <ele>304</ele>
        <time>2026-02-23T09:12:31.674Z</time>
      </trkpt>
      <trkpt lat="31.844010000000004" lon="35.003240000000005">
        <ele>304</ele>
        <time>2026-02-23T09:12:32.674Z</time>
      </trkpt>
      <trkpt lat="31.844020000000004" lon="35.00332">
        <ele>304</ele>
        <time>2026-02-23T09:12:33.674Z</time>
      </trkpt>
      <trkpt lat="31.843960000000003" lon="35.00347">
        <ele>307</ele>
        <time>2026-02-23T09:12:34.674Z</time>
      </trkpt>
      <trkpt lat="31.843750000000004" lon="35.003690000000006">
        <ele>307</ele>
        <time>2026-02-23T09:12:35.674Z</time>
      </trkpt>
      <trkpt lat="31.843550000000004" lon="35.00424">
        <ele>312</ele>
        <time>2026-02-23T09:12:36.674Z</time>
      </trkpt>
      <trkpt lat="31.84352" lon="35.00437">
        <ele>312</ele>
        <time>2026-02-23T09:12:37.674Z</time>
      </trkpt>
      <trkpt lat="31.84352" lon="35.00451">
        <ele>312</ele>
        <time>2026-02-23T09:12:38.674Z</time>
      </trkpt>
      <trkpt lat="31.843570000000003" lon="35.00479">
        <ele>312</ele>
        <time>2026-02-23T09:12:39.674Z</time>
      </trkpt>
      <trkpt lat="31.84363" lon="35.005">
        <ele>317</ele>
        <time>2026-02-23T09:12:40.674Z</time>
      </trkpt>
      <trkpt lat="31.84334" lon="35.00506">
        <ele>322</ele>
        <time>2026-02-23T09:12:41.674Z</time>
      </trkpt>
      <trkpt lat="31.843200000000003" lon="35.005030000000005">
        <ele>317</ele>
        <time>2026-02-23T09:12:42.674Z</time>
      </trkpt>
      <trkpt lat="31.843200000000003" lon="35.005030000000005">
        <ele>0</ele>
        <time>2026-02-23T09:12:43.674Z</time>
      </trkpt>
      <trkpt lat="31.843200000000003" lon="35.005030000000005">
        <ele>0</ele>
        <time>2026-02-23T09:12:44.674Z</time>
      </trkpt>
      <trkpt lat="31.843200000000003" lon="35.005030000000005">
        <ele>0</ele>
        <time>2026-02-23T09:12:45.674Z</time>
      </trkpt>
      <trkpt lat="31.843200000000003" lon="35.005030000000005">
        <ele>0</ele>
        <time>2026-02-23T09:12:46.674Z</time>
      </trkpt>
      <trkpt lat="31.843200000000003" lon="35.005030000000005">
        <ele>0</ele>
        <time>2026-02-23T09:12:47.674Z</time>
      </trkpt>
      <trkpt lat="31.843200000000003" lon="35.005030000000005">
        <ele>0</ele>
        <time>2026-02-23T09:12:48.674Z</time>
      </trkpt>
      <trkpt lat="31.843200000000003" lon="35.005030000000005">
        <ele>0</ele>
        <time>2026-02-23T09:12:49.674Z</time>
      </trkpt>
      <trkpt lat="31.843208829508654" lon="35.0050211570632">
        <ele>317</ele>
        <time>2026-02-23T09:12:50.674Z</time>
      </trkpt>
      <trkpt lat="31.843031744928552" lon="35.00494442254043">
        <ele>317</ele>
        <time>2026-02-23T09:12:51.674Z</time>
      </trkpt>
      <trkpt lat="31.843031744928552" lon="35.00494442254043">
        <ele>0</ele>
        <time>2026-02-23T09:12:52.674Z</time>
      </trkpt>
      <trkpt lat="31.843031744928552" lon="35.00494442254043">
        <ele>0</ele>
        <time>2026-02-23T09:12:53.674Z</time>
      </trkpt>
      <trkpt lat="31.843031744928552" lon="35.00494442254043">
        <ele>0</ele>
        <time>2026-02-23T09:12:54.674Z</time>
      </trkpt>
      <trkpt lat="31.843031744928552" lon="35.00494442254043">
        <ele>0</ele>
        <time>2026-02-23T09:12:55.674Z</time>
      </trkpt>
      <trkpt lat="31.843031744928552" lon="35.00494442254043">
        <ele>0</ele>
        <time>2026-02-23T09:12:56.674Z</time>
      </trkpt>
      <trkpt lat="31.843031744928552" lon="35.00494442254043">
        <ele>0</ele>
        <time>2026-02-23T09:12:57.674Z</time>
      </trkpt>
      <trkpt lat="31.843031744928552" lon="35.00494442254043">
        <ele>0</ele>
        <time>2026-02-23T09:12:58.674Z</time>
      </trkpt>
      <trkpt lat="31.843031744928552" lon="35.00494442254043">
        <ele>317</ele>
        <time>2026-02-23T09:12:59.674Z</time>
      </trkpt>
      <trkpt lat="31.842852023406166" lon="35.004889825855514">
        <ele>312</ele>
        <time>2026-02-23T09:13:00.674Z</time>
      </trkpt>
      <trkpt lat="31.842852023406166" lon="35.004889825855514">
        <ele>0</ele>
        <time>2026-02-23T09:13:01.674Z</time>
      </trkpt>
      <trkpt lat="31.842852023406166" lon="35.004889825855514">
        <ele>0</ele>
        <time>2026-02-23T09:13:02.674Z</time>
      </trkpt>
      <trkpt lat="31.842852023406166" lon="35.004889825855514">
        <ele>0</ele>
        <time>2026-02-23T09:13:03.674Z</time>
      </trkpt>
      <trkpt lat="31.842852023406166" lon="35.004889825855514">
        <ele>0</ele>
        <time>2026-02-23T09:13:04.674Z</time>
      </trkpt>
      <trkpt lat="31.842852023406166" lon="35.004889825855514">
        <ele>0</ele>
        <time>2026-02-23T09:13:05.674Z</time>
      </trkpt>
      <trkpt lat="31.842852023406166" lon="35.004889825855514">
        <ele>0</ele>
        <time>2026-02-23T09:13:06.674Z</time>
      </trkpt>
      <trkpt lat="31.842852023406166" lon="35.004889825855514">
        <ele>0</ele>
        <time>2026-02-23T09:13:07.674Z</time>
      </trkpt>
      <trkpt lat="31.842852023406166" lon="35.004889825855514">
        <ele>312</ele>
        <time>2026-02-23T09:13:08.674Z</time>
      </trkpt>
      <trkpt lat="31.842515769296" lon="35.00486593980668">
        <ele>317.5</ele>
        <time>2026-02-23T09:13:09.674Z</time>
      </trkpt>
      <trkpt lat="31.842515769296" lon="35.00486593980668">
        <ele>0</ele>
        <time>2026-02-23T09:13:10.674Z</time>
      </trkpt>
      <trkpt lat="31.842515769296" lon="35.00486593980668">
        <ele>0</ele>
        <time>2026-02-23T09:13:11.674Z</time>
      </trkpt>
      <trkpt lat="31.842515769296" lon="35.00486593980668">
        <ele>0</ele>
        <time>2026-02-23T09:13:12.674Z</time>
      </trkpt>
      <trkpt lat="31.842515769296" lon="35.00486593980668">
        <ele>0</ele>
        <time>2026-02-23T09:13:13.674Z</time>
      </trkpt>
      <trkpt lat="31.842515769296" lon="35.00486593980668">
        <ele>0</ele>
        <time>2026-02-23T09:13:14.674Z</time>
      </trkpt>
      <trkpt lat="31.842515769296" lon="35.00486593980668">
        <ele>0</ele>
        <time>2026-02-23T09:13:15.674Z</time>
      </trkpt>
      <trkpt lat="31.842515769296" lon="35.00486593980668">
        <ele>0</ele>
        <time>2026-02-23T09:13:16.674Z</time>
      </trkpt>
      <trkpt lat="31.842515769296" lon="35.00486593980668">
        <ele>317.5</ele>
        <time>2026-02-23T09:13:17.674Z</time>
      </trkpt>
      <trkpt lat="31.84215632389072" lon="35.00490347502674">
        <ele>317.5</ele>
        <time>2026-02-23T09:13:18.674Z</time>
      </trkpt>
      <trkpt lat="31.84215632389072" lon="35.00490347502674">
        <ele>0</ele>
        <time>2026-02-23T09:13:19.674Z</time>
      </trkpt>
      <trkpt lat="31.84215632389072" lon="35.00490347502674">
        <ele>0</ele>
        <time>2026-02-23T09:13:20.674Z</time>
      </trkpt>
      <trkpt lat="31.84215632389072" lon="35.00490347502674">
        <ele>0</ele>
        <time>2026-02-23T09:13:21.674Z</time>
      </trkpt>
      <trkpt lat="31.84215632389072" lon="35.00490347502674">
        <ele>0</ele>
        <time>2026-02-23T09:13:22.674Z</time>
      </trkpt>
      <trkpt lat="31.84215632389072" lon="35.00490347502674">
        <ele>0</ele>
        <time>2026-02-23T09:13:23.674Z</time>
      </trkpt>
      <trkpt lat="31.84215632389072" lon="35.00490347502674">
        <ele>0</ele>
        <time>2026-02-23T09:13:24.674Z</time>
      </trkpt>
      <trkpt lat="31.84215632389072" lon="35.00490347502674">
        <ele>0</ele>
        <time>2026-02-23T09:13:25.674Z</time>
      </trkpt>
      <trkpt lat="31.84215632389072" lon="35.00490347502674">
        <ele>317.5</ele>
        <time>2026-02-23T09:13:26.674Z</time>
      </trkpt>
      <trkpt lat="31.84191282782048" lon="35.005057028201776">
        <ele>323</ele>
        <time>2026-02-23T09:13:27.674Z</time>
      </trkpt>
      <trkpt lat="31.84191282782048" lon="35.005057028201776">
        <ele>0</ele>
        <time>2026-02-23T09:13:28.674Z</time>
      </trkpt>
      <trkpt lat="31.84191282782048" lon="35.005057028201776">
        <ele>0</ele>
        <time>2026-02-23T09:13:29.674Z</time>
      </trkpt>
      <trkpt lat="31.84191282782048" lon="35.005057028201776">
        <ele>0</ele>
        <time>2026-02-23T09:13:30.674Z</time>
      </trkpt>
      <trkpt lat="31.84191282782048" lon="35.005057028201776">
        <ele>0</ele>
        <time>2026-02-23T09:13:31.674Z</time>
      </trkpt>
      <trkpt lat="31.84191282782048" lon="35.005057028201776">
        <ele>0</ele>
        <time>2026-02-23T09:13:32.674Z</time>
      </trkpt>
      <trkpt lat="31.84191282782048" lon="35.005057028201776">
        <ele>0</ele>
        <time>2026-02-23T09:13:33.674Z</time>
      </trkpt>
      <trkpt lat="31.84191282782048" lon="35.005057028201776">
        <ele>0</ele>
        <time>2026-02-23T09:13:34.674Z</time>
      </trkpt>
      <trkpt lat="31.84191282782048" lon="35.005057028201776">
        <ele>323</ele>
        <time>2026-02-23T09:13:35.674Z</time>
      </trkpt>
      <trkpt lat="31.841686723751835" lon="35.005330011624324">
        <ele>318.5</ele>
        <time>2026-02-23T09:13:36.674Z</time>
      </trkpt>
      <trkpt lat="31.841686723751835" lon="35.005330011624324">
        <ele>0</ele>
        <time>2026-02-23T09:13:37.674Z</time>
      </trkpt>
      <trkpt lat="31.841686723751835" lon="35.005330011624324">
        <ele>0</ele>
        <time>2026-02-23T09:13:38.674Z</time>
      </trkpt>
      <trkpt lat="31.841686723751835" lon="35.005330011624324">
        <ele>0</ele>
        <time>2026-02-23T09:13:39.674Z</time>
      </trkpt>
      <trkpt lat="31.841686723751835" lon="35.005330011624324">
        <ele>0</ele>
        <time>2026-02-23T09:13:40.674Z</time>
      </trkpt>
      <trkpt lat="31.841686723751835" lon="35.005330011624324">
        <ele>0</ele>
        <time>2026-02-23T09:13:41.674Z</time>
      </trkpt>
      <trkpt lat="31.841686723751835" lon="35.005330011624324">
        <ele>0</ele>
        <time>2026-02-23T09:13:42.674Z</time>
      </trkpt>
      <trkpt lat="31.841686723751835" lon="35.005330011624324">
        <ele>0</ele>
        <time>2026-02-23T09:13:43.674Z</time>
      </trkpt>
      <trkpt lat="31.841686723751835" lon="35.005330011624324">
        <ele>318.5</ele>
        <time>2026-02-23T09:13:44.674Z</time>
      </trkpt>
      <trkpt lat="31.841431631316098" lon="35.00548015250686">
        <ele>314</ele>
        <time>2026-02-23T09:13:45.674Z</time>
      </trkpt>
      <trkpt lat="31.841431631316098" lon="35.00548015250686">
        <ele>0</ele>
        <time>2026-02-23T09:13:46.674Z</time>
      </trkpt>
      <trkpt lat="31.841431631316098" lon="35.00548015250686">
        <ele>0</ele>
        <time>2026-02-23T09:13:47.674Z</time>
      </trkpt>
      <trkpt lat="31.841431631316098" lon="35.00548015250686">
        <ele>0</ele>
        <time>2026-02-23T09:13:48.674Z</time>
      </trkpt>
      <trkpt lat="31.841431631316098" lon="35.00548015250686">
        <ele>0</ele>
        <time>2026-02-23T09:13:49.674Z</time>
      </trkpt>
      <trkpt lat="31.841431631316098" lon="35.00548015250686">
        <ele>0</ele>
        <time>2026-02-23T09:13:50.674Z</time>
      </trkpt>
      <trkpt lat="31.841431631316098" lon="35.00548015250686">
        <ele>0</ele>
        <time>2026-02-23T09:13:51.674Z</time>
      </trkpt>
      <trkpt lat="31.841431631316098" lon="35.00548015250686">
        <ele>0</ele>
        <time>2026-02-23T09:13:52.674Z</time>
      </trkpt>
      <trkpt lat="31.841431631316098" lon="35.00548015250686">
        <ele>314</ele>
        <time>2026-02-23T09:13:53.674Z</time>
      </trkpt>
      <trkpt lat="31.84113522885771" lon="35.005587705773195">
        <ele>318.5</ele>
        <time>2026-02-23T09:13:54.674Z</time>
      </trkpt>
      <trkpt lat="31.84113522885771" lon="35.005587705773195">
        <ele>0</ele>
        <time>2026-02-23T09:13:55.674Z</time>
      </trkpt>
      <trkpt lat="31.84113522885771" lon="35.005587705773195">
        <ele>0</ele>
        <time>2026-02-23T09:13:56.674Z</time>
      </trkpt>
      <trkpt lat="31.84113522885771" lon="35.005587705773195">
        <ele>0</ele>
        <time>2026-02-23T09:13:57.674Z</time>
      </trkpt>
      <trkpt lat="31.84113522885771" lon="35.005587705773195">
        <ele>0</ele>
        <time>2026-02-23T09:13:58.674Z</time>
      </trkpt>
      <trkpt lat="31.84113522885771" lon="35.005587705773195">
        <ele>0</ele>
        <time>2026-02-23T09:13:59.674Z</time>
      </trkpt>
      <trkpt lat="31.84113522885771" lon="35.005587705773195">
        <ele>0</ele>
        <time>2026-02-23T09:14:00.674Z</time>
      </trkpt>
      <trkpt lat="31.84113522885771" lon="35.005587705773195">
        <ele>0</ele>
        <time>2026-02-23T09:14:01.674Z</time>
      </trkpt>
      <trkpt lat="31.84113522885771" lon="35.005587705773195">
        <ele>318.5</ele>
        <time>2026-02-23T09:14:02.674Z</time>
      </trkpt>
      <trkpt lat="31.84090332528646" lon="35.00567301309201">
        <ele>318.5</ele>
        <time>2026-02-23T09:14:03.674Z</time>
      </trkpt>
      <trkpt lat="31.84090332528646" lon="35.00567301309201">
        <ele>0</ele>
        <time>2026-02-23T09:14:04.674Z</time>
      </trkpt>
      <trkpt lat="31.84090332528646" lon="35.00567301309201">
        <ele>0</ele>
        <time>2026-02-23T09:14:05.674Z</time>
      </trkpt>
      <trkpt lat="31.84090332528646" lon="35.00567301309201">
        <ele>0</ele>
        <time>2026-02-23T09:14:06.674Z</time>
      </trkpt>
      <trkpt lat="31.84090332528646" lon="35.00567301309201">
        <ele>0</ele>
        <time>2026-02-23T09:14:07.674Z</time>
      </trkpt>
      <trkpt lat="31.84090332528646" lon="35.00567301309201">
        <ele>0</ele>
        <time>2026-02-23T09:14:08.674Z</time>
      </trkpt>
      <trkpt lat="31.84090332528646" lon="35.00567301309201">
        <ele>0</ele>
        <time>2026-02-23T09:14:09.674Z</time>
      </trkpt>
      <trkpt lat="31.84090332528646" lon="35.00567301309201">
        <ele>0</ele>
        <time>2026-02-23T09:14:10.674Z</time>
      </trkpt>
      <trkpt lat="31.84090332528646" lon="35.00567301309201">
        <ele>318.5</ele>
        <time>2026-02-23T09:14:11.674Z</time>
      </trkpt>
      <trkpt lat="31.840569962881446" lon="35.00575832041201">
        <ele>318.5</ele>
        <time>2026-02-23T09:14:12.674Z</time>
      </trkpt>
      <trkpt lat="31.840569962881446" lon="35.00575832041201">
        <ele>0</ele>
        <time>2026-02-23T09:14:13.674Z</time>
      </trkpt>
      <trkpt lat="31.840569962881446" lon="35.00575832041201">
        <ele>0</ele>
        <time>2026-02-23T09:14:14.674Z</time>
      </trkpt>
      <trkpt lat="31.840569962881446" lon="35.00575832041201">
        <ele>0</ele>
        <time>2026-02-23T09:14:15.674Z</time>
      </trkpt>
      <trkpt lat="31.840569962881446" lon="35.00575832041201">
        <ele>0</ele>
        <time>2026-02-23T09:14:16.674Z</time>
      </trkpt>
      <trkpt lat="31.840569962881446" lon="35.00575832041201">
        <ele>0</ele>
        <time>2026-02-23T09:14:17.674Z</time>
      </trkpt>
      <trkpt lat="31.840569962881446" lon="35.00575832041201">
        <ele>0</ele>
        <time>2026-02-23T09:14:18.674Z</time>
      </trkpt>
      <trkpt lat="31.840569962881446" lon="35.00575832041201">
        <ele>0</ele>
        <time>2026-02-23T09:14:19.674Z</time>
      </trkpt>
      <trkpt lat="31.840569962881446" lon="35.00575832041201">
        <ele>318.5</ele>
        <time>2026-02-23T09:14:20.674Z</time>
      </trkpt>
      <trkpt lat="31.84022500399513" lon="35.00594599651458">
        <ele>321.5</ele>
        <time>2026-02-23T09:14:21.674Z</time>
      </trkpt>
      <trkpt lat="31.84022500399513" lon="35.00594599651458">
        <ele>0</ele>
        <time>2026-02-23T09:14:22.674Z</time>
      </trkpt>
      <trkpt lat="31.84022500399513" lon="35.00594599651458">
        <ele>0</ele>
        <time>2026-02-23T09:14:23.674Z</time>
      </trkpt>
      <trkpt lat="31.84022500399513" lon="35.00594599651458">
        <ele>0</ele>
        <time>2026-02-23T09:14:24.674Z</time>
      </trkpt>
      <trkpt lat="31.84022500399513" lon="35.00594599651458">
        <ele>0</ele>
        <time>2026-02-23T09:14:25.674Z</time>
      </trkpt>
      <trkpt lat="31.84022500399513" lon="35.00594599651458">
        <ele>0</ele>
        <time>2026-02-23T09:14:26.674Z</time>
      </trkpt>
      <trkpt lat="31.84022500399513" lon="35.00594599651458">
        <ele>0</ele>
        <time>2026-02-23T09:14:27.674Z</time>
      </trkpt>
      <trkpt lat="31.84022500399513" lon="35.00594599651458">
        <ele>0</ele>
        <time>2026-02-23T09:14:28.674Z</time>
      </trkpt>
      <trkpt lat="31.84022500399513" lon="35.00594599651458">
        <ele>321.5</ele>
        <time>2026-02-23T09:14:29.674Z</time>
      </trkpt>
      <trkpt lat="31.84004237818006" lon="35.0060586021759">
        <ele>320</ele>
        <time>2026-02-23T09:14:30.674Z</time>
      </trkpt>
      <trkpt lat="31.84004237818006" lon="35.0060586021759">
        <ele>0</ele>
        <time>2026-02-23T09:14:31.674Z</time>
      </trkpt>
      <trkpt lat="31.84004237818006" lon="35.0060586021759">
        <ele>0</ele>
        <time>2026-02-23T09:14:32.674Z</time>
      </trkpt>
      <trkpt lat="31.84004237818006" lon="35.0060586021759">
        <ele>0</ele>
        <time>2026-02-23T09:14:33.674Z</time>
      </trkpt>
      <trkpt lat="31.84004237818006" lon="35.0060586021759">
        <ele>0</ele>
        <time>2026-02-23T09:14:34.674Z</time>
      </trkpt>
      <trkpt lat="31.84004237818006" lon="35.0060586021759">
        <ele>0</ele>
        <time>2026-02-23T09:14:35.674Z</time>
      </trkpt>
      <trkpt lat="31.84004237818006" lon="35.0060586021759">
        <ele>0</ele>
        <time>2026-02-23T09:14:36.674Z</time>
      </trkpt>
      <trkpt lat="31.84004237818006" lon="35.0060586021759">
        <ele>0</ele>
        <time>2026-02-23T09:14:37.674Z</time>
      </trkpt>
      <trkpt lat="31.84004237818006" lon="35.0060586021759">
        <ele>320</ele>
        <time>2026-02-23T09:14:38.674Z</time>
      </trkpt>
      <trkpt lat="31.839891639139267" lon="35.00616779554585">
        <ele>325</ele>
        <time>2026-02-23T09:14:39.674Z</time>
      </trkpt>
      <trkpt lat="31.839891639139267" lon="35.00616779554585">
        <ele>0</ele>
        <time>2026-02-23T09:14:40.674Z</time>
      </trkpt>
      <trkpt lat="31.839891639139267" lon="35.00616779554585">
        <ele>0</ele>
        <time>2026-02-23T09:14:41.674Z</time>
      </trkpt>
      <trkpt lat="31.839891639139267" lon="35.00616779554585">
        <ele>0</ele>
        <time>2026-02-23T09:14:42.674Z</time>
      </trkpt>
      <trkpt lat="31.839891639139267" lon="35.00616779554585">
        <ele>0</ele>
        <time>2026-02-23T09:14:43.674Z</time>
      </trkpt>
      <trkpt lat="31.839891639139267" lon="35.00616779554585">
        <ele>0</ele>
        <time>2026-02-23T09:14:44.674Z</time>
      </trkpt>
      <trkpt lat="31.839891639139267" lon="35.00616779554585">
        <ele>0</ele>
        <time>2026-02-23T09:14:45.674Z</time>
      </trkpt>
      <trkpt lat="31.839891639139267" lon="35.00616779554585">
        <ele>0</ele>
        <time>2026-02-23T09:14:46.674Z</time>
      </trkpt>
      <trkpt lat="31.839891639139267" lon="35.00616779554585">
        <ele>325</ele>
        <time>2026-02-23T09:14:47.674Z</time>
      </trkpt>
      <trkpt lat="31.839755394025914" lon="35.00656020921477">
        <ele>325</ele>
        <time>2026-02-23T09:14:48.674Z</time>
      </trkpt>
      <trkpt lat="31.839755394025914" lon="35.00656020921477">
        <ele>0</ele>
        <time>2026-02-23T09:14:49.674Z</time>
      </trkpt>
      <trkpt lat="31.839755394025914" lon="35.00656020921477">
        <ele>0</ele>
        <time>2026-02-23T09:14:50.674Z</time>
      </trkpt>
      <trkpt lat="31.839755394025914" lon="35.00656020921477">
        <ele>0</ele>
        <time>2026-02-23T09:14:51.674Z</time>
      </trkpt>
      <trkpt lat="31.839755394025914" lon="35.00656020921477">
        <ele>0</ele>
        <time>2026-02-23T09:14:52.674Z</time>
      </trkpt>
      <trkpt lat="31.839755394025914" lon="35.00656020921477">
        <ele>0</ele>
        <time>2026-02-23T09:14:53.674Z</time>
      </trkpt>
      <trkpt lat="31.839755394025914" lon="35.00656020921477">
        <ele>0</ele>
        <time>2026-02-23T09:14:54.674Z</time>
      </trkpt>
      <trkpt lat="31.839755394025914" lon="35.00656020921477">
        <ele>0</ele>
        <time>2026-02-23T09:14:55.674Z</time>
      </trkpt>
      <trkpt lat="31.839755394025914" lon="35.00656020921477">
        <ele>325</ele>
        <time>2026-02-23T09:14:56.674Z</time>
      </trkpt>
      <trkpt lat="31.83962204754978" lon="35.00676153448859">
        <ele>325</ele>
        <time>2026-02-23T09:14:57.674Z</time>
      </trkpt>
      <trkpt lat="31.83962204754978" lon="35.00676153448859">
        <ele>0</ele>
        <time>2026-02-23T09:14:58.674Z</time>
      </trkpt>
      <trkpt lat="31.83962204754978" lon="35.00676153448859">
        <ele>0</ele>
        <time>2026-02-23T09:14:59.674Z</time>
      </trkpt>
      <trkpt lat="31.83962204754978" lon="35.00676153448859">
        <ele>0</ele>
        <time>2026-02-23T09:15:00.674Z</time>
      </trkpt>
      <trkpt lat="31.83962204754978" lon="35.00676153448859">
        <ele>0</ele>
        <time>2026-02-23T09:15:01.674Z</time>
      </trkpt>
      <trkpt lat="31.83962204754978" lon="35.00676153448859">
        <ele>0</ele>
        <time>2026-02-23T09:15:02.674Z</time>
      </trkpt>
      <trkpt lat="31.83962204754978" lon="35.00676153448859">
        <ele>0</ele>
        <time>2026-02-23T09:15:03.674Z</time>
      </trkpt>
      <trkpt lat="31.83962204754978" lon="35.00676153448859">
        <ele>0</ele>
        <time>2026-02-23T09:15:04.674Z</time>
      </trkpt>
      <trkpt lat="31.83962204754978" lon="35.00676153448859">
        <ele>325</ele>
        <time>2026-02-23T09:15:05.674Z</time>
      </trkpt>
      <trkpt lat="31.83947052133624" lon="35.00715418856768">
        <ele>325</ele>
        <time>2026-02-23T09:15:06.674Z</time>
      </trkpt>
      <trkpt lat="31.83947052133624" lon="35.00715418856768">
        <ele>0</ele>
        <time>2026-02-23T09:15:07.674Z</time>
      </trkpt>
      <trkpt lat="31.83947052133624" lon="35.00715418856768">
        <ele>0</ele>
        <time>2026-02-23T09:15:08.674Z</time>
      </trkpt>
      <trkpt lat="31.83947052133624" lon="35.00715418856768">
        <ele>0</ele>
        <time>2026-02-23T09:15:09.674Z</time>
      </trkpt>
      <trkpt lat="31.83947052133624" lon="35.00715418856768">
        <ele>0</ele>
        <time>2026-02-23T09:15:10.674Z</time>
      </trkpt>
      <trkpt lat="31.83947052133624" lon="35.00715418856768">
        <ele>0</ele>
        <time>2026-02-23T09:15:11.674Z</time>
      </trkpt>
      <trkpt lat="31.83947052133624" lon="35.00715418856768">
        <ele>0</ele>
        <time>2026-02-23T09:15:12.674Z</time>
      </trkpt>
      <trkpt lat="31.83947052133624" lon="35.00715418856768">
        <ele>0</ele>
        <time>2026-02-23T09:15:13.674Z</time>
      </trkpt>
      <trkpt lat="31.83947052133624" lon="35.00715418856768">
        <ele>325</ele>
        <time>2026-02-23T09:15:14.674Z</time>
      </trkpt>
      <trkpt lat="31.83875546976158" lon="35.00899345853429">
        <ele>342</ele>
        <time>2026-02-23T09:15:15.674Z</time>
      </trkpt>
      <trkpt lat="31.83875546976158" lon="35.00899345853429">
        <ele>0</ele>
        <time>2026-02-23T09:15:16.674Z</time>
      </trkpt>
      <trkpt lat="31.83875546976158" lon="35.00899345853429">
        <ele>0</ele>
        <time>2026-02-23T09:15:17.674Z</time>
      </trkpt>
      <trkpt lat="31.83875546976158" lon="35.00899345853429">
        <ele>0</ele>
        <time>2026-02-23T09:15:18.674Z</time>
      </trkpt>
      <trkpt lat="31.83875546976158" lon="35.00899345853429">
        <ele>0</ele>
        <time>2026-02-23T09:15:19.674Z</time>
      </trkpt>
      <trkpt lat="31.83875546976158" lon="35.00899345853429">
        <ele>0</ele>
        <time>2026-02-23T09:15:20.674Z</time>
      </trkpt>
      <trkpt lat="31.83875546976158" lon="35.00899345853429">
        <ele>0</ele>
        <time>2026-02-23T09:15:21.674Z</time>
      </trkpt>
      <trkpt lat="31.83875546976158" lon="35.00899345853429">
        <ele>0</ele>
        <time>2026-02-23T09:15:22.674Z</time>
      </trkpt>
      <trkpt lat="31.83875546976158" lon="35.00899345853429">
        <ele>342</ele>
        <time>2026-02-23T09:15:23.674Z</time>
      </trkpt>
      <trkpt lat="31.838894508001843" lon="35.0092350575556">
        <ele>342</ele>
        <time>2026-02-23T09:15:24.674Z</time>
      </trkpt>
      <trkpt lat="31.838894508001843" lon="35.0092350575556">
        <ele>0</ele>
        <time>2026-02-23T09:15:25.674Z</time>
      </trkpt>
      <trkpt lat="31.838894508001843" lon="35.0092350575556">
        <ele>0</ele>
        <time>2026-02-23T09:15:26.674Z</time>
      </trkpt>
      <trkpt lat="31.838894508001843" lon="35.0092350575556">
        <ele>0</ele>
        <time>2026-02-23T09:15:27.674Z</time>
      </trkpt>
      <trkpt lat="31.838894508001843" lon="35.0092350575556">
        <ele>0</ele>
        <time>2026-02-23T09:15:28.674Z</time>
      </trkpt>
      <trkpt lat="31.838894508001843" lon="35.0092350575556">
        <ele>0</ele>
        <time>2026-02-23T09:15:29.674Z</time>
      </trkpt>
      <trkpt lat="31.838894508001843" lon="35.0092350575556">
        <ele>0</ele>
        <time>2026-02-23T09:15:30.674Z</time>
      </trkpt>
      <trkpt lat="31.838894508001843" lon="35.0092350575556">
        <ele>0</ele>
        <time>2026-02-23T09:15:31.674Z</time>
      </trkpt>
      <trkpt lat="31.838894508001843" lon="35.0092350575556">
        <ele>342</ele>
        <time>2026-02-23T09:15:32.674Z</time>
      </trkpt>
      <trkpt lat="31.838762090634987" lon="35.0095312111944">
        <ele>347</ele>
        <time>2026-02-23T09:15:33.674Z</time>
      </trkpt>
      <trkpt lat="31.838762090634987" lon="35.0095312111944">
        <ele>0</ele>
        <time>2026-02-23T09:15:34.674Z</time>
      </trkpt>
      <trkpt lat="31.838762090634987" lon="35.0095312111944">
        <ele>0</ele>
        <time>2026-02-23T09:15:35.674Z</time>
      </trkpt>
      <trkpt lat="31.838762090634987" lon="35.0095312111944">
        <ele>0</ele>
        <time>2026-02-23T09:15:36.674Z</time>
      </trkpt>
      <trkpt lat="31.838762090634987" lon="35.0095312111944">
        <ele>0</ele>
        <time>2026-02-23T09:15:37.674Z</time>
      </trkpt>
      <trkpt lat="31.838762090634987" lon="35.0095312111944">
        <ele>0</ele>
        <time>2026-02-23T09:15:38.674Z</time>
      </trkpt>
      <trkpt lat="31.838762090634987" lon="35.0095312111944">
        <ele>0</ele>
        <time>2026-02-23T09:15:39.674Z</time>
      </trkpt>
      <trkpt lat="31.838762090634987" lon="35.0095312111944">
        <ele>0</ele>
        <time>2026-02-23T09:15:40.674Z</time>
      </trkpt>
      <trkpt lat="31.838762090634987" lon="35.0095312111944">
        <ele>347</ele>
        <time>2026-02-23T09:15:41.674Z</time>
      </trkpt>
      <trkpt lat="31.838775332380322" lon="35.00990530000075">
        <ele>349.5</ele>
        <time>2026-02-23T09:15:42.674Z</time>
      </trkpt>
      <trkpt lat="31.838775332380322" lon="35.00990530000075">
        <ele>0</ele>
        <time>2026-02-23T09:15:43.674Z</time>
      </trkpt>
      <trkpt lat="31.838775332380322" lon="35.00990530000075">
        <ele>0</ele>
        <time>2026-02-23T09:15:44.674Z</time>
      </trkpt>
      <trkpt lat="31.838775332380322" lon="35.00990530000075">
        <ele>0</ele>
        <time>2026-02-23T09:15:45.674Z</time>
      </trkpt>
      <trkpt lat="31.838775332380322" lon="35.00990530000075">
        <ele>0</ele>
        <time>2026-02-23T09:15:46.674Z</time>
      </trkpt>
      <trkpt lat="31.838775332380322" lon="35.00990530000075">
        <ele>0</ele>
        <time>2026-02-23T09:15:47.674Z</time>
      </trkpt>
      <trkpt lat="31.838775332380322" lon="35.00990530000075">
        <ele>0</ele>
        <time>2026-02-23T09:15:48.674Z</time>
      </trkpt>
      <trkpt lat="31.838775332380322" lon="35.00990530000075">
        <ele>0</ele>
        <time>2026-02-23T09:15:49.674Z</time>
      </trkpt>
      <trkpt lat="31.838775332380322" lon="35.00990530000075">
        <ele>349.5</ele>
        <time>2026-02-23T09:15:50.674Z</time>
      </trkpt>
      <trkpt lat="31.837947719651623" lon="35.01224335504375">
        <ele>353.5</ele>
        <time>2026-02-23T09:15:51.674Z</time>
      </trkpt>
      <trkpt lat="31.837947719651623" lon="35.01224335504375">
        <ele>0</ele>
        <time>2026-02-23T09:15:52.674Z</time>
      </trkpt>
      <trkpt lat="31.837947719651623" lon="35.01224335504375">
        <ele>0</ele>
        <time>2026-02-23T09:15:53.674Z</time>
      </trkpt>
      <trkpt lat="31.837947719651623" lon="35.01224335504375">
        <ele>0</ele>
        <time>2026-02-23T09:15:54.674Z</time>
      </trkpt>
      <trkpt lat="31.837947719651623" lon="35.01224335504375">
        <ele>0</ele>
        <time>2026-02-23T09:15:55.674Z</time>
      </trkpt>
      <trkpt lat="31.837947719651623" lon="35.01224335504375">
        <ele>0</ele>
        <time>2026-02-23T09:15:56.674Z</time>
      </trkpt>
      <trkpt lat="31.837947719651623" lon="35.01224335504375">
        <ele>0</ele>
        <time>2026-02-23T09:15:57.674Z</time>
      </trkpt>
      <trkpt lat="31.837947719651623" lon="35.01224335504375">
        <ele>0</ele>
        <time>2026-02-23T09:15:58.674Z</time>
      </trkpt>
      <trkpt lat="31.837947719651623" lon="35.01224335504375">
        <ele>353.5</ele>
        <time>2026-02-23T09:15:59.674Z</time>
      </trkpt>
      <trkpt lat="31.83776233338267" lon="35.011799124584854">
        <ele>353.5</ele>
        <time>2026-02-23T09:16:00.674Z</time>
      </trkpt>
      <trkpt lat="31.83776233338267" lon="35.011799124584854">
        <ele>0</ele>
        <time>2026-02-23T09:16:01.674Z</time>
      </trkpt>
      <trkpt lat="31.83776233338267" lon="35.011799124584854">
        <ele>0</ele>
        <time>2026-02-23T09:16:02.674Z</time>
      </trkpt>
      <trkpt lat="31.83776233338267" lon="35.011799124584854">
        <ele>0</ele>
        <time>2026-02-23T09:16:03.674Z</time>
      </trkpt>
      <trkpt lat="31.83776233338267" lon="35.011799124584854">
        <ele>0</ele>
        <time>2026-02-23T09:16:04.674Z</time>
      </trkpt>
      <trkpt lat="31.83776233338267" lon="35.011799124584854">
        <ele>0</ele>
        <time>2026-02-23T09:16:05.674Z</time>
      </trkpt>
      <trkpt lat="31.83776233338267" lon="35.011799124584854">
        <ele>0</ele>
        <time>2026-02-23T09:16:06.674Z</time>
      </trkpt>
      <trkpt lat="31.83776233338267" lon="35.011799124584854">
        <ele>0</ele>
        <time>2026-02-23T09:16:07.674Z</time>
      </trkpt>
      <trkpt lat="31.83776233338267" lon="35.011799124584854">
        <ele>353.5</ele>
        <time>2026-02-23T09:16:08.674Z</time>
      </trkpt>
      <trkpt lat="31.837413807510544" lon="35.01089765317079">
        <ele>346</ele>
        <time>2026-02-23T09:16:09.674Z</time>
      </trkpt>
      <trkpt lat="31.837413807510544" lon="35.01089765317079">
        <ele>0</ele>
        <time>2026-02-23T09:16:10.674Z</time>
      </trkpt>
      <trkpt lat="31.837413807510544" lon="35.01089765317079">
        <ele>0</ele>
        <time>2026-02-23T09:16:11.674Z</time>
      </trkpt>
      <trkpt lat="31.837413807510544" lon="35.01089765317079">
        <ele>0</ele>
        <time>2026-02-23T09:16:12.674Z</time>
      </trkpt>
      <trkpt lat="31.837413807510544" lon="35.01089765317079">
        <ele>0</ele>
        <time>2026-02-23T09:16:13.674Z</time>
      </trkpt>
      <trkpt lat="31.837413807510544" lon="35.01089765317079">
        <ele>0</ele>
        <time>2026-02-23T09:16:14.674Z</time>
      </trkpt>
      <trkpt lat="31.837413807510544" lon="35.01089765317079">
        <ele>0</ele>
        <time>2026-02-23T09:16:15.674Z</time>
      </trkpt>
      <trkpt lat="31.837413807510544" lon="35.01089765317079">
        <ele>0</ele>
        <time>2026-02-23T09:16:16.674Z</time>
      </trkpt>
      <trkpt lat="31.837413807510544" lon="35.01089765317079">
        <ele>346</ele>
        <time>2026-02-23T09:16:17.674Z</time>
      </trkpt>
      <trkpt lat="31.83700032015375" lon="35.010780886879814">
        <ele>344</ele>
        <time>2026-02-23T09:16:18.674Z</time>
      </trkpt>
      <trkpt lat="31.83700032015375" lon="35.010780886879814">
        <ele>0</ele>
        <time>2026-02-23T09:16:19.674Z</time>
      </trkpt>
      <trkpt lat="31.83700032015375" lon="35.010780886879814">
        <ele>0</ele>
        <time>2026-02-23T09:16:20.674Z</time>
      </trkpt>
      <trkpt lat="31.83700032015375" lon="35.010780886879814">
        <ele>0</ele>
        <time>2026-02-23T09:16:21.674Z</time>
      </trkpt>
      <trkpt lat="31.83700032015375" lon="35.010780886879814">
        <ele>0</ele>
        <time>2026-02-23T09:16:22.674Z</time>
      </trkpt>
      <trkpt lat="31.83700032015375" lon="35.010780886879814">
        <ele>0</ele>
        <time>2026-02-23T09:16:23.674Z</time>
      </trkpt>
      <trkpt lat="31.83700032015375" lon="35.010780886879814">
        <ele>0</ele>
        <time>2026-02-23T09:16:24.674Z</time>
      </trkpt>
      <trkpt lat="31.836990000000004" lon="35.010780000000004">
        <ele>344</ele>
        <time>2026-02-23T09:16:25.674Z</time>
      </trkpt>
      <trkpt lat="31.83695" lon="35.01077">
        <ele>344</ele>
        <time>2026-02-23T09:16:26.674Z</time>
      </trkpt>
      <trkpt lat="31.836820000000003" lon="35.010690000000004">
        <ele>344</ele>
        <time>2026-02-23T09:16:27.674Z</time>
      </trkpt>
      <trkpt lat="31.836700000000004" lon="35.010580000000004">
        <ele>358</ele>
        <time>2026-02-23T09:16:28.674Z</time>
      </trkpt>
      <trkpt lat="31.83667" lon="35.010270000000006">
        <ele>361</ele>
        <time>2026-02-23T09:16:29.674Z</time>
      </trkpt>
      <trkpt lat="31.83667" lon="35.010270000000006">
        <ele>0</ele>
        <time>2026-02-23T09:16:30.674Z</time>
      </trkpt>
      <trkpt lat="31.83667" lon="35.010270000000006">
        <ele>0</ele>
        <time>2026-02-23T09:16:31.674Z</time>
      </trkpt>
      <trkpt lat="31.83667" lon="35.010270000000006">
        <ele>0</ele>
        <time>2026-02-23T09:16:32.674Z</time>
      </trkpt>
      <trkpt lat="31.83667" lon="35.010270000000006">
        <ele>0</ele>
        <time>2026-02-23T09:16:33.674Z</time>
      </trkpt>
      <trkpt lat="31.83667" lon="35.010270000000006">
        <ele>0</ele>
        <time>2026-02-23T09:16:34.674Z</time>
      </trkpt>
      <trkpt lat="31.83667" lon="35.010270000000006">
        <ele>0</ele>
        <time>2026-02-23T09:16:35.674Z</time>
      </trkpt>
      <trkpt lat="31.83667" lon="35.010270000000006">
        <ele>361</ele>
        <time>2026-02-23T09:16:36.674Z</time>
      </trkpt>
      <trkpt lat="31.836620000000003" lon="35.009890000000006">
        <ele>364</ele>
        <time>2026-02-23T09:16:37.674Z</time>
      </trkpt>
      <trkpt lat="31.836600000000004" lon="35.00979">
        <ele>364</ele>
        <time>2026-02-23T09:16:38.674Z</time>
      </trkpt>
      <trkpt lat="31.836520000000004" lon="35.009750000000004">
        <ele>364</ele>
        <time>2026-02-23T09:16:39.674Z</time>
      </trkpt>
      <trkpt lat="31.8364" lon="35.00979">
        <ele>364</ele>
        <time>2026-02-23T09:16:40.674Z</time>
      </trkpt>
      <trkpt lat="31.83631" lon="35.00992">
        <ele>364</ele>
        <time>2026-02-23T09:16:41.674Z</time>
      </trkpt>
      <trkpt lat="31.836240000000004" lon="35.010070000000006">
        <ele>358</ele>
        <time>2026-02-23T09:16:42.674Z</time>
      </trkpt>
      <trkpt lat="31.836160000000003" lon="35.01014">
        <ele>358</ele>
        <time>2026-02-23T09:16:43.674Z</time>
      </trkpt>
      <trkpt lat="31.836090000000002" lon="35.01015">
        <ele>358</ele>
        <time>2026-02-23T09:16:44.674Z</time>
      </trkpt>
      <trkpt lat="31.835950000000004" lon="35.01012">
        <ele>366</ele>
        <time>2026-02-23T09:16:45.674Z</time>
      </trkpt>
      <trkpt lat="31.835890000000003" lon="35.01005">
        <ele>366</ele>
        <time>2026-02-23T09:16:46.674Z</time>
      </trkpt>
      <trkpt lat="31.835890000000003" lon="35.01005">
        <ele>0</ele>
        <time>2026-02-23T09:16:47.674Z</time>
      </trkpt>
      <trkpt lat="31.835890000000003" lon="35.01005">
        <ele>0</ele>
        <time>2026-02-23T09:16:48.674Z</time>
      </trkpt>
      <trkpt lat="31.835890000000003" lon="35.01005">
        <ele>0</ele>
        <time>2026-02-23T09:16:49.674Z</time>
      </trkpt>
      <trkpt lat="31.835890000000003" lon="35.01005">
        <ele>0</ele>
        <time>2026-02-23T09:16:50.674Z</time>
      </trkpt>
      <trkpt lat="31.835890000000003" lon="35.01005">
        <ele>0</ele>
        <time>2026-02-23T09:16:51.674Z</time>
      </trkpt>
      <trkpt lat="31.835890000000003" lon="35.01005">
        <ele>0</ele>
        <time>2026-02-23T09:16:52.674Z</time>
      </trkpt>
      <trkpt lat="31.835890000000003" lon="35.01005">
        <ele>366</ele>
        <time>2026-02-23T09:16:53.674Z</time>
      </trkpt>
      <trkpt lat="31.835860000000004" lon="35.01003">
        <ele>366</ele>
        <time>2026-02-23T09:16:54.674Z</time>
      </trkpt>
      <trkpt lat="31.835850000000004" lon="35.00985">
        <ele>373</ele>
        <time>2026-02-23T09:16:55.674Z</time>
      </trkpt>
      <trkpt lat="31.836260000000003" lon="35.009570000000004">
        <ele>364</ele>
        <time>2026-02-23T09:16:56.674Z</time>
      </trkpt>
      <trkpt lat="31.836340000000003" lon="35.0095">
        <ele>364</ele>
        <time>2026-02-23T09:16:57.674Z</time>
      </trkpt>
      <trkpt lat="31.83639" lon="35.009420000000006">
        <ele>364</ele>
        <time>2026-02-23T09:16:58.674Z</time>
      </trkpt>
      <trkpt lat="31.83649" lon="35.009130000000006">
        <ele>370</ele>
        <time>2026-02-23T09:16:59.674Z</time>
      </trkpt>
      <trkpt lat="31.836520000000004" lon="35.00902">
        <ele>370</ele>
        <time>2026-02-23T09:17:00.674Z</time>
      </trkpt>
      <trkpt lat="31.836520000000004" lon="35.00902">
        <ele>0</ele>
        <time>2026-02-23T09:17:01.674Z</time>
      </trkpt>
      <trkpt lat="31.836520000000004" lon="35.00902">
        <ele>0</ele>
        <time>2026-02-23T09:17:02.674Z</time>
      </trkpt>
      <trkpt lat="31.836520000000004" lon="35.00902">
        <ele>0</ele>
        <time>2026-02-23T09:17:03.674Z</time>
      </trkpt>
      <trkpt lat="31.836520000000004" lon="35.00902">
        <ele>0</ele>
        <time>2026-02-23T09:17:04.674Z</time>
      </trkpt>
      <trkpt lat="31.836520000000004" lon="35.00902">
        <ele>0</ele>
        <time>2026-02-23T09:17:05.674Z</time>
      </trkpt>
      <trkpt lat="31.836520000000004" lon="35.00902">
        <ele>0</ele>
        <time>2026-02-23T09:17:06.674Z</time>
      </trkpt>
      <trkpt lat="31.836520000000004" lon="35.00902">
        <ele>370</ele>
        <time>2026-02-23T09:17:07.674Z</time>
      </trkpt>
      <trkpt lat="31.836560000000002" lon="35.00882">
        <ele>370</ele>
        <time>2026-02-23T09:17:08.674Z</time>
      </trkpt>
      <trkpt lat="31.836940000000002" lon="35.00817">
        <ele>344</ele>
        <time>2026-02-23T09:17:09.674Z</time>
      </trkpt>
      <trkpt lat="31.836940000000002" lon="35.00817">
        <ele>0</ele>
        <time>2026-02-23T09:17:10.674Z</time>
      </trkpt>
      <trkpt lat="31.836940000000002" lon="35.00817">
        <ele>0</ele>
        <time>2026-02-23T09:17:11.674Z</time>
      </trkpt>
      <trkpt lat="31.836940000000002" lon="35.00817">
        <ele>0</ele>
        <time>2026-02-23T09:17:12.674Z</time>
      </trkpt>
      <trkpt lat="31.836940000000002" lon="35.00817">
        <ele>0</ele>
        <time>2026-02-23T09:17:13.674Z</time>
      </trkpt>
      <trkpt lat="31.836940000000002" lon="35.00817">
        <ele>0</ele>
        <time>2026-02-23T09:17:14.674Z</time>
      </trkpt>
      <trkpt lat="31.83694679898514" lon="35.008174969262996">
        <ele>344</ele>
        <time>2026-02-23T09:17:15.674Z</time>
      </trkpt>
      <trkpt lat="31.837005072088814" lon="35.0080429543076">
        <ele>344</ele>
        <time>2026-02-23T09:17:16.674Z</time>
      </trkpt>
      <trkpt lat="31.837005072088814" lon="35.0080429543076">
        <ele>0</ele>
        <time>2026-02-23T09:17:17.674Z</time>
      </trkpt>
      <trkpt lat="31.837005072088814" lon="35.0080429543076">
        <ele>0</ele>
        <time>2026-02-23T09:17:18.674Z</time>
      </trkpt>
      <trkpt lat="31.837005072088814" lon="35.0080429543076">
        <ele>0</ele>
        <time>2026-02-23T09:17:19.674Z</time>
      </trkpt>
      <trkpt lat="31.837005072088814" lon="35.0080429543076">
        <ele>0</ele>
        <time>2026-02-23T09:17:20.674Z</time>
      </trkpt>
      <trkpt lat="31.837005072088814" lon="35.0080429543076">
        <ele>0</ele>
        <time>2026-02-23T09:17:21.674Z</time>
      </trkpt>
      <trkpt lat="31.837005072088814" lon="35.0080429543076">
        <ele>344</ele>
        <time>2026-02-23T09:17:22.674Z</time>
      </trkpt>
      <trkpt lat="31.837046765474582" lon="35.007854826152794">
        <ele>344</ele>
        <time>2026-02-23T09:17:23.674Z</time>
      </trkpt>
      <trkpt lat="31.837046765474582" lon="35.007854826152794">
        <ele>0</ele>
        <time>2026-02-23T09:17:24.674Z</time>
      </trkpt>
      <trkpt lat="31.837046765474582" lon="35.007854826152794">
        <ele>0</ele>
        <time>2026-02-23T09:17:25.674Z</time>
      </trkpt>
      <trkpt lat="31.837046765474582" lon="35.007854826152794">
        <ele>0</ele>
        <time>2026-02-23T09:17:26.674Z</time>
      </trkpt>
      <trkpt lat="31.837046765474582" lon="35.007854826152794">
        <ele>0</ele>
        <time>2026-02-23T09:17:27.674Z</time>
      </trkpt>
      <trkpt lat="31.837046765474582" lon="35.007854826152794">
        <ele>0</ele>
        <time>2026-02-23T09:17:28.674Z</time>
      </trkpt>
      <trkpt lat="31.837046765474582" lon="35.007854826152794">
        <ele>344</ele>
        <time>2026-02-23T09:17:29.674Z</time>
      </trkpt>
      <trkpt lat="31.837073568355763" lon="35.0076550130203">
        <ele>344</ele>
        <time>2026-02-23T09:17:30.674Z</time>
      </trkpt>
      <trkpt lat="31.837073568355763" lon="35.0076550130203">
        <ele>0</ele>
        <time>2026-02-23T09:17:31.674Z</time>
      </trkpt>
      <trkpt lat="31.837073568355763" lon="35.0076550130203">
        <ele>0</ele>
        <time>2026-02-23T09:17:32.674Z</time>
      </trkpt>
      <trkpt lat="31.837073568355763" lon="35.0076550130203">
        <ele>0</ele>
        <time>2026-02-23T09:17:33.674Z</time>
      </trkpt>
      <trkpt lat="31.837073568355763" lon="35.0076550130203">
        <ele>0</ele>
        <time>2026-02-23T09:17:34.674Z</time>
      </trkpt>
      <trkpt lat="31.837073568355763" lon="35.0076550130203">
        <ele>0</ele>
        <time>2026-02-23T09:17:35.674Z</time>
      </trkpt>
      <trkpt lat="31.837073568355763" lon="35.0076550130203">
        <ele>344</ele>
        <time>2026-02-23T09:17:36.674Z</time>
      </trkpt>
      <trkpt lat="31.83710037122914" lon="35.0075323207453">
        <ele>340.5</ele>
        <time>2026-02-23T09:17:37.674Z</time>
      </trkpt>
      <trkpt lat="31.83710037122914" lon="35.0075323207453">
        <ele>0</ele>
        <time>2026-02-23T09:17:38.674Z</time>
      </trkpt>
      <trkpt lat="31.83710037122914" lon="35.0075323207453">
        <ele>0</ele>
        <time>2026-02-23T09:17:39.674Z</time>
      </trkpt>
      <trkpt lat="31.83710037122914" lon="35.0075323207453">
        <ele>0</ele>
        <time>2026-02-23T09:17:40.674Z</time>
      </trkpt>
      <trkpt lat="31.83710037122914" lon="35.0075323207453">
        <ele>0</ele>
        <time>2026-02-23T09:17:41.674Z</time>
      </trkpt>
      <trkpt lat="31.83710037122914" lon="35.0075323207453">
        <ele>0</ele>
        <time>2026-02-23T09:17:42.674Z</time>
      </trkpt>
      <trkpt lat="31.83710037122914" lon="35.0075323207453">
        <ele>340.5</ele>
        <time>2026-02-23T09:17:43.674Z</time>
      </trkpt>
      <trkpt lat="31.837035845780164" lon="35.0073792475267">
        <ele>337</ele>
        <time>2026-02-23T09:17:44.674Z</time>
      </trkpt>
      <trkpt lat="31.837035845780164" lon="35.0073792475267">
        <ele>0</ele>
        <time>2026-02-23T09:17:45.674Z</time>
      </trkpt>
      <trkpt lat="31.837035845780164" lon="35.0073792475267">
        <ele>0</ele>
        <time>2026-02-23T09:17:46.674Z</time>
      </trkpt>
      <trkpt lat="31.837035845780164" lon="35.0073792475267">
        <ele>0</ele>
        <time>2026-02-23T09:17:47.674Z</time>
      </trkpt>
      <trkpt lat="31.837035845780164" lon="35.0073792475267">
        <ele>0</ele>
        <time>2026-02-23T09:17:48.674Z</time>
      </trkpt>
      <trkpt lat="31.837035845780164" lon="35.0073792475267">
        <ele>0</ele>
        <time>2026-02-23T09:17:49.674Z</time>
      </trkpt>
      <trkpt lat="31.837035845780164" lon="35.0073792475267">
        <ele>337</ele>
        <time>2026-02-23T09:17:50.674Z</time>
      </trkpt>
      <trkpt lat="31.836982239988146" lon="35.00732315962907">
        <ele>337</ele>
        <time>2026-02-23T09:17:51.674Z</time>
      </trkpt>
      <trkpt lat="31.836982239988146" lon="35.00732315962907">
        <ele>0</ele>
        <time>2026-02-23T09:17:52.674Z</time>
      </trkpt>
      <trkpt lat="31.836982239988146" lon="35.00732315962907">
        <ele>0</ele>
        <time>2026-02-23T09:17:53.674Z</time>
      </trkpt>
      <trkpt lat="31.836982239988146" lon="35.00732315962907">
        <ele>0</ele>
        <time>2026-02-23T09:17:54.674Z</time>
      </trkpt>
      <trkpt lat="31.836982239988146" lon="35.00732315962907">
        <ele>0</ele>
        <time>2026-02-23T09:17:55.674Z</time>
      </trkpt>
      <trkpt lat="31.836982239988146" lon="35.00732315962907">
        <ele>0</ele>
        <time>2026-02-23T09:17:56.674Z</time>
      </trkpt>
      <trkpt lat="31.836982239988146" lon="35.00732315962907">
        <ele>337</ele>
        <time>2026-02-23T09:17:57.674Z</time>
      </trkpt>
      <trkpt lat="31.836866093998523" lon="35.007324328126884">
        <ele>343.5</ele>
        <time>2026-02-23T09:17:58.674Z</time>
      </trkpt>
      <trkpt lat="31.836866093998523" lon="35.007324328126884">
        <ele>0</ele>
        <time>2026-02-23T09:17:59.674Z</time>
      </trkpt>
      <trkpt lat="31.836866093998523" lon="35.007324328126884">
        <ele>0</ele>
        <time>2026-02-23T09:18:00.674Z</time>
      </trkpt>
      <trkpt lat="31.836866093998523" lon="35.007324328126884">
        <ele>0</ele>
        <time>2026-02-23T09:18:01.674Z</time>
      </trkpt>
      <trkpt lat="31.836866093998523" lon="35.007324328126884">
        <ele>0</ele>
        <time>2026-02-23T09:18:02.674Z</time>
      </trkpt>
      <trkpt lat="31.836866093998523" lon="35.007324328126884">
        <ele>0</ele>
        <time>2026-02-23T09:18:03.674Z</time>
      </trkpt>
      <trkpt lat="31.836866093998523" lon="35.007324328126884">
        <ele>343.5</ele>
        <time>2026-02-23T09:18:04.674Z</time>
      </trkpt>
      <trkpt lat="31.836731560635968" lon="35.00734942467915">
        <ele>343.5</ele>
        <time>2026-02-23T09:18:05.674Z</time>
      </trkpt>
      <trkpt lat="31.836731560635968" lon="35.00734942467915">
        <ele>0</ele>
        <time>2026-02-23T09:18:06.674Z</time>
      </trkpt>
      <trkpt lat="31.836731560635968" lon="35.00734942467915">
        <ele>0</ele>
        <time>2026-02-23T09:18:07.674Z</time>
      </trkpt>
      <trkpt lat="31.836731560635968" lon="35.00734942467915">
        <ele>0</ele>
        <time>2026-02-23T09:18:08.674Z</time>
      </trkpt>
      <trkpt lat="31.836731560635968" lon="35.00734942467915">
        <ele>0</ele>
        <time>2026-02-23T09:18:09.674Z</time>
      </trkpt>
      <trkpt lat="31.836731560635968" lon="35.00734942467915">
        <ele>0</ele>
        <time>2026-02-23T09:18:10.674Z</time>
      </trkpt>
      <trkpt lat="31.836731560635968" lon="35.00734942467915">
        <ele>343.5</ele>
        <time>2026-02-23T09:18:11.674Z</time>
      </trkpt>
      <trkpt lat="31.836642217337328" lon="35.0074078495723">
        <ele>357.5</ele>
        <time>2026-02-23T09:18:12.674Z</time>
      </trkpt>
      <trkpt lat="31.836642217337328" lon="35.0074078495723">
        <ele>0</ele>
        <time>2026-02-23T09:18:13.674Z</time>
      </trkpt>
      <trkpt lat="31.836642217337328" lon="35.0074078495723">
        <ele>0</ele>
        <time>2026-02-23T09:18:14.674Z</time>
      </trkpt>
      <trkpt lat="31.836642217337328" lon="35.0074078495723">
        <ele>0</ele>
        <time>2026-02-23T09:18:15.674Z</time>
      </trkpt>
      <trkpt lat="31.836642217337328" lon="35.0074078495723">
        <ele>0</ele>
        <time>2026-02-23T09:18:16.674Z</time>
      </trkpt>
      <trkpt lat="31.836642217337328" lon="35.0074078495723">
        <ele>0</ele>
        <time>2026-02-23T09:18:17.674Z</time>
      </trkpt>
      <trkpt lat="31.836642217337328" lon="35.0074078495723">
        <ele>357.5</ele>
        <time>2026-02-23T09:18:18.674Z</time>
      </trkpt>
      <trkpt lat="31.836512173048362" lon="35.00750600339262">
        <ele>357.5</ele>
        <time>2026-02-23T09:18:19.674Z</time>
      </trkpt>
      <trkpt lat="31.836512173048362" lon="35.00750600339262">
        <ele>0</ele>
        <time>2026-02-23T09:18:20.674Z</time>
      </trkpt>
      <trkpt lat="31.836512173048362" lon="35.00750600339262">
        <ele>0</ele>
        <time>2026-02-23T09:18:21.674Z</time>
      </trkpt>
      <trkpt lat="31.836512173048362" lon="35.00750600339262">
        <ele>0</ele>
        <time>2026-02-23T09:18:22.674Z</time>
      </trkpt>
      <trkpt lat="31.836512173048362" lon="35.00750600339262">
        <ele>0</ele>
        <time>2026-02-23T09:18:23.674Z</time>
      </trkpt>
      <trkpt lat="31.836512173048362" lon="35.00750600339262">
        <ele>0</ele>
        <time>2026-02-23T09:18:24.674Z</time>
      </trkpt>
      <trkpt lat="31.836512173048362" lon="35.00750600339262">
        <ele>357.5</ele>
        <time>2026-02-23T09:18:25.674Z</time>
      </trkpt>
      <trkpt lat="31.836450625305517" lon="35.007676604079336">
        <ele>365</ele>
        <time>2026-02-23T09:18:26.674Z</time>
      </trkpt>
      <trkpt lat="31.836450625305517" lon="35.007676604079336">
        <ele>0</ele>
        <time>2026-02-23T09:18:27.674Z</time>
      </trkpt>
      <trkpt lat="31.836450625305517" lon="35.007676604079336">
        <ele>0</ele>
        <time>2026-02-23T09:18:28.674Z</time>
      </trkpt>
      <trkpt lat="31.836450625305517" lon="35.007676604079336">
        <ele>0</ele>
        <time>2026-02-23T09:18:29.674Z</time>
      </trkpt>
      <trkpt lat="31.836450625305517" lon="35.007676604079336">
        <ele>0</ele>
        <time>2026-02-23T09:18:30.674Z</time>
      </trkpt>
      <trkpt lat="31.836450625305517" lon="35.007676604079336">
        <ele>0</ele>
        <time>2026-02-23T09:18:31.674Z</time>
      </trkpt>
      <trkpt lat="31.836450625305517" lon="35.007676604079336">
        <ele>365</ele>
        <time>2026-02-23T09:18:32.674Z</time>
      </trkpt>
      <trkpt lat="31.836479146026306" lon="35.00802963119639">
        <ele>365</ele>
        <time>2026-02-23T09:18:33.674Z</time>
      </trkpt>
      <trkpt lat="31.836479146026306" lon="35.00802963119639">
        <ele>0</ele>
        <time>2026-02-23T09:18:34.674Z</time>
      </trkpt>
      <trkpt lat="31.836479146026306" lon="35.00802963119639">
        <ele>0</ele>
        <time>2026-02-23T09:18:35.674Z</time>
      </trkpt>
      <trkpt lat="31.836479146026306" lon="35.00802963119639">
        <ele>0</ele>
        <time>2026-02-23T09:18:36.674Z</time>
      </trkpt>
      <trkpt lat="31.836479146026306" lon="35.00802963119639">
        <ele>0</ele>
        <time>2026-02-23T09:18:37.674Z</time>
      </trkpt>
      <trkpt lat="31.836479146026306" lon="35.00802963119639">
        <ele>0</ele>
        <time>2026-02-23T09:18:38.674Z</time>
      </trkpt>
      <trkpt lat="31.836479146026306" lon="35.00802963119639">
        <ele>365</ele>
        <time>2026-02-23T09:18:39.674Z</time>
      </trkpt>
      <trkpt lat="31.836360308337206" lon="35.00812355187074">
        <ele>365</ele>
        <time>2026-02-23T09:18:40.674Z</time>
      </trkpt>
      <trkpt lat="31.836360308337206" lon="35.00812355187074">
        <ele>0</ele>
        <time>2026-02-23T09:18:41.674Z</time>
      </trkpt>
      <trkpt lat="31.836360308337206" lon="35.00812355187074">
        <ele>0</ele>
        <time>2026-02-23T09:18:42.674Z</time>
      </trkpt>
      <trkpt lat="31.836360308337206" lon="35.00812355187074">
        <ele>0</ele>
        <time>2026-02-23T09:18:43.674Z</time>
      </trkpt>
      <trkpt lat="31.836360308337206" lon="35.00812355187074">
        <ele>0</ele>
        <time>2026-02-23T09:18:44.674Z</time>
      </trkpt>
      <trkpt lat="31.836360308337206" lon="35.00812355187074">
        <ele>0</ele>
        <time>2026-02-23T09:18:45.674Z</time>
      </trkpt>
      <trkpt lat="31.836360308337206" lon="35.00812355187074">
        <ele>365</ele>
        <time>2026-02-23T09:18:46.674Z</time>
      </trkpt>
      <trkpt lat="31.836126027873746" lon="35.00818350123836">
        <ele>365</ele>
        <time>2026-02-23T09:18:47.674Z</time>
      </trkpt>
      <trkpt lat="31.836126027873746" lon="35.00818350123836">
        <ele>0</ele>
        <time>2026-02-23T09:18:48.674Z</time>
      </trkpt>
      <trkpt lat="31.836126027873746" lon="35.00818350123836">
        <ele>0</ele>
        <time>2026-02-23T09:18:49.674Z</time>
      </trkpt>
      <trkpt lat="31.836126027873746" lon="35.00818350123836">
        <ele>0</ele>
        <time>2026-02-23T09:18:50.674Z</time>
      </trkpt>
      <trkpt lat="31.836126027873746" lon="35.00818350123836">
        <ele>0</ele>
        <time>2026-02-23T09:18:51.674Z</time>
      </trkpt>
      <trkpt lat="31.836126027873746" lon="35.00818350123836">
        <ele>0</ele>
        <time>2026-02-23T09:18:52.674Z</time>
      </trkpt>
      <trkpt lat="31.836126027873746" lon="35.00818350123836">
        <ele>365</ele>
        <time>2026-02-23T09:18:53.674Z</time>
      </trkpt>
      <trkpt lat="31.83594607291137" lon="35.008465263261314">
        <ele>367</ele>
        <time>2026-02-23T09:18:54.674Z</time>
      </trkpt>
      <trkpt lat="31.83594607291137" lon="35.008465263261314">
        <ele>0</ele>
        <time>2026-02-23T09:18:55.674Z</time>
      </trkpt>
      <trkpt lat="31.83594607291137" lon="35.008465263261314">
        <ele>0</ele>
        <time>2026-02-23T09:18:56.674Z</time>
      </trkpt>
      <trkpt lat="31.83594607291137" lon="35.008465263261314">
        <ele>0</ele>
        <time>2026-02-23T09:18:57.674Z</time>
      </trkpt>
      <trkpt lat="31.83594607291137" lon="35.008465263261314">
        <ele>0</ele>
        <time>2026-02-23T09:18:58.674Z</time>
      </trkpt>
      <trkpt lat="31.83594607291137" lon="35.008465263261314">
        <ele>0</ele>
        <time>2026-02-23T09:18:59.674Z</time>
      </trkpt>
      <trkpt lat="31.83594607291137" lon="35.008465263261314">
        <ele>367</ele>
        <time>2026-02-23T09:19:00.674Z</time>
      </trkpt>
      <trkpt lat="31.8358255368438" lon="35.008647109673745">
        <ele>371</ele>
        <time>2026-02-23T09:19:01.674Z</time>
      </trkpt>
      <trkpt lat="31.8358255368438" lon="35.008647109673745">
        <ele>0</ele>
        <time>2026-02-23T09:19:02.674Z</time>
      </trkpt>
      <trkpt lat="31.8358255368438" lon="35.008647109673745">
        <ele>0</ele>
        <time>2026-02-23T09:19:03.674Z</time>
      </trkpt>
      <trkpt lat="31.8358255368438" lon="35.008647109673745">
        <ele>0</ele>
        <time>2026-02-23T09:19:04.674Z</time>
      </trkpt>
      <trkpt lat="31.8358255368438" lon="35.008647109673745">
        <ele>0</ele>
        <time>2026-02-23T09:19:05.674Z</time>
      </trkpt>
      <trkpt lat="31.8358255368438" lon="35.008647109673745">
        <ele>0</ele>
        <time>2026-02-23T09:19:06.674Z</time>
      </trkpt>
      <trkpt lat="31.8358255368438" lon="35.008647109673745">
        <ele>371</ele>
        <time>2026-02-23T09:19:07.674Z</time>
      </trkpt>
      <trkpt lat="31.835735559113203" lon="35.00909672992452">
        <ele>371</ele>
        <time>2026-02-23T09:19:08.674Z</time>
      </trkpt>
      <trkpt lat="31.835735559113203" lon="35.00909672992452">
        <ele>0</ele>
        <time>2026-02-23T09:19:09.674Z</time>
      </trkpt>
      <trkpt lat="31.835735559113203" lon="35.00909672992452">
        <ele>0</ele>
        <time>2026-02-23T09:19:10.674Z</time>
      </trkpt>
      <trkpt lat="31.835735559113203" lon="35.00909672992452">
        <ele>0</ele>
        <time>2026-02-23T09:19:11.674Z</time>
      </trkpt>
      <trkpt lat="31.835735559113203" lon="35.00909672992452">
        <ele>0</ele>
        <time>2026-02-23T09:19:12.674Z</time>
      </trkpt>
      <trkpt lat="31.835735559113203" lon="35.00909672992452">
        <ele>0</ele>
        <time>2026-02-23T09:19:13.674Z</time>
      </trkpt>
      <trkpt lat="31.835735559113203" lon="35.00909672992452">
        <ele>371</ele>
        <time>2026-02-23T09:19:14.674Z</time>
      </trkpt>
      <trkpt lat="31.83569481445184" lon="35.009308551020695">
        <ele>373</ele>
        <time>2026-02-23T09:19:15.674Z</time>
      </trkpt>
      <trkpt lat="31.83569481445184" lon="35.009308551020695">
        <ele>0</ele>
        <time>2026-02-23T09:19:16.674Z</time>
      </trkpt>
      <trkpt lat="31.83569481445184" lon="35.009308551020695">
        <ele>0</ele>
        <time>2026-02-23T09:19:17.674Z</time>
      </trkpt>
      <trkpt lat="31.83569481445184" lon="35.009308551020695">
        <ele>0</ele>
        <time>2026-02-23T09:19:18.674Z</time>
      </trkpt>
      <trkpt lat="31.83569481445184" lon="35.009308551020695">
        <ele>0</ele>
        <time>2026-02-23T09:19:19.674Z</time>
      </trkpt>
      <trkpt lat="31.83569481445184" lon="35.009308551020695">
        <ele>0</ele>
        <time>2026-02-23T09:19:20.674Z</time>
      </trkpt>
      <trkpt lat="31.83569481445184" lon="35.009308551020695">
        <ele>373</ele>
        <time>2026-02-23T09:19:21.674Z</time>
      </trkpt>
      <trkpt lat="31.83587137452554" lon="35.009764221264334">
        <ele>373</ele>
        <time>2026-02-23T09:19:22.674Z</time>
      </trkpt>
      <trkpt lat="31.83587137452554" lon="35.009764221264334">
        <ele>0</ele>
        <time>2026-02-23T09:19:23.674Z</time>
      </trkpt>
      <trkpt lat="31.83587137452554" lon="35.009764221264334">
        <ele>0</ele>
        <time>2026-02-23T09:19:24.674Z</time>
      </trkpt>
      <trkpt lat="31.83587137452554" lon="35.009764221264334">
        <ele>0</ele>
        <time>2026-02-23T09:19:25.674Z</time>
      </trkpt>
      <trkpt lat="31.83587137452554" lon="35.009764221264334">
        <ele>0</ele>
        <time>2026-02-23T09:19:26.674Z</time>
      </trkpt>
      <trkpt lat="31.83587137452554" lon="35.009764221264334">
        <ele>0</ele>
        <time>2026-02-23T09:19:27.674Z</time>
      </trkpt>
      <trkpt lat="31.83587137452554" lon="35.009764221264334">
        <ele>373</ele>
        <time>2026-02-23T09:19:28.674Z</time>
      </trkpt>
      <trkpt lat="31.83585609530209" lon="35.01027578919346">
        <ele>366</ele>
        <time>2026-02-23T09:19:29.674Z</time>
      </trkpt>
      <trkpt lat="31.83585609530209" lon="35.01027578919346">
        <ele>0</ele>
        <time>2026-02-23T09:19:30.674Z</time>
      </trkpt>
      <trkpt lat="31.83585609530209" lon="35.01027578919346">
        <ele>0</ele>
        <time>2026-02-23T09:19:31.674Z</time>
      </trkpt>
      <trkpt lat="31.83585609530209" lon="35.01027578919346">
        <ele>0</ele>
        <time>2026-02-23T09:19:32.674Z</time>
      </trkpt>
      <trkpt lat="31.83585609530209" lon="35.01027578919346">
        <ele>0</ele>
        <time>2026-02-23T09:19:33.674Z</time>
      </trkpt>
      <trkpt lat="31.83585609530209" lon="35.01027578919346">
        <ele>366</ele>
        <time>2026-02-23T09:19:34.674Z</time>
      </trkpt>
      <trkpt lat="31.83579283805659" lon="35.010506627043895">
        <ele>366</ele>
        <time>2026-02-23T09:19:35.674Z</time>
      </trkpt>
      <trkpt lat="31.83579283805659" lon="35.010506627043895">
        <ele>0</ele>
        <time>2026-02-23T09:19:36.674Z</time>
      </trkpt>
      <trkpt lat="31.83579283805659" lon="35.010506627043895">
        <ele>0</ele>
        <time>2026-02-23T09:19:37.674Z</time>
      </trkpt>
      <trkpt lat="31.83579283805659" lon="35.010506627043895">
        <ele>0</ele>
        <time>2026-02-23T09:19:38.674Z</time>
      </trkpt>
      <trkpt lat="31.83579283805659" lon="35.010506627043895">
        <ele>0</ele>
        <time>2026-02-23T09:19:39.674Z</time>
      </trkpt>
      <trkpt lat="31.83579283805659" lon="35.010506627043895">
        <ele>366</ele>
        <time>2026-02-23T09:19:40.674Z</time>
      </trkpt>
      <trkpt lat="31.835809982311744" lon="35.010779058143186">
        <ele>366</ele>
        <time>2026-02-23T09:19:41.674Z</time>
      </trkpt>
      <trkpt lat="31.835809982311744" lon="35.010779058143186">
        <ele>0</ele>
        <time>2026-02-23T09:19:42.674Z</time>
      </trkpt>
      <trkpt lat="31.835809982311744" lon="35.010779058143186">
        <ele>0</ele>
        <time>2026-02-23T09:19:43.674Z</time>
      </trkpt>
      <trkpt lat="31.835809982311744" lon="35.010779058143186">
        <ele>0</ele>
        <time>2026-02-23T09:19:44.674Z</time>
      </trkpt>
      <trkpt lat="31.835809982311744" lon="35.010779058143186">
        <ele>0</ele>
        <time>2026-02-23T09:19:45.674Z</time>
      </trkpt>
      <trkpt lat="31.835809982311744" lon="35.010779058143186">
        <ele>366</ele>
        <time>2026-02-23T09:19:46.674Z</time>
      </trkpt>
      <trkpt lat="31.836011427077892" lon="35.011273470138576">
        <ele>362</ele>
        <time>2026-02-23T09:19:47.674Z</time>
      </trkpt>
      <trkpt lat="31.836011427077892" lon="35.011273470138576">
        <ele>0</ele>
        <time>2026-02-23T09:19:48.674Z</time>
      </trkpt>
      <trkpt lat="31.836011427077892" lon="35.011273470138576">
        <ele>0</ele>
        <time>2026-02-23T09:19:49.674Z</time>
      </trkpt>
      <trkpt lat="31.836011427077892" lon="35.011273470138576">
        <ele>0</ele>
        <time>2026-02-23T09:19:50.674Z</time>
      </trkpt>
      <trkpt lat="31.836011427077892" lon="35.011273470138576">
        <ele>0</ele>
        <time>2026-02-23T09:19:51.674Z</time>
      </trkpt>
      <trkpt lat="31.836011427077892" lon="35.011273470138576">
        <ele>362</ele>
        <time>2026-02-23T09:19:52.674Z</time>
      </trkpt>
      <trkpt lat="31.836200013269135" lon="35.01176788213385">
        <ele>363</ele>
        <time>2026-02-23T09:19:53.674Z</time>
      </trkpt>
      <trkpt lat="31.836200013269135" lon="35.01176788213385">
        <ele>0</ele>
        <time>2026-02-23T09:19:54.674Z</time>
      </trkpt>
      <trkpt lat="31.836200013269135" lon="35.01176788213385">
        <ele>0</ele>
        <time>2026-02-23T09:19:55.674Z</time>
      </trkpt>
      <trkpt lat="31.836200013269135" lon="35.01176788213385">
        <ele>0</ele>
        <time>2026-02-23T09:19:56.674Z</time>
      </trkpt>
      <trkpt lat="31.836200013269135" lon="35.01176788213385">
        <ele>0</ele>
        <time>2026-02-23T09:19:57.674Z</time>
      </trkpt>
      <trkpt lat="31.836200013269135" lon="35.01176788213385">
        <ele>363</ele>
        <time>2026-02-23T09:19:58.674Z</time>
      </trkpt>
      <trkpt lat="31.836238587669826" lon="35.01213112359957">
        <ele>368</ele>
        <time>2026-02-23T09:19:59.674Z</time>
      </trkpt>
      <trkpt lat="31.836238587669826" lon="35.01213112359957">
        <ele>0</ele>
        <time>2026-02-23T09:20:00.674Z</time>
      </trkpt>
      <trkpt lat="31.836238587669826" lon="35.01213112359957">
        <ele>0</ele>
        <time>2026-02-23T09:20:01.674Z</time>
      </trkpt>
      <trkpt lat="31.836238587669826" lon="35.01213112359957">
        <ele>0</ele>
        <time>2026-02-23T09:20:02.674Z</time>
      </trkpt>
      <trkpt lat="31.836238587669826" lon="35.01213112359957">
        <ele>0</ele>
        <time>2026-02-23T09:20:03.674Z</time>
      </trkpt>
      <trkpt lat="31.836238587669826" lon="35.01213112359957">
        <ele>368</ele>
        <time>2026-02-23T09:20:04.674Z</time>
      </trkpt>
      <trkpt lat="31.8363585968129" lon="35.012827336407724">
        <ele>372.5</ele>
        <time>2026-02-23T09:20:05.674Z</time>
      </trkpt>
      <trkpt lat="31.8363585968129" lon="35.012827336407724">
        <ele>0</ele>
        <time>2026-02-23T09:20:06.674Z</time>
      </trkpt>
      <trkpt lat="31.8363585968129" lon="35.012827336407724">
        <ele>0</ele>
        <time>2026-02-23T09:20:07.674Z</time>
      </trkpt>
      <trkpt lat="31.8363585968129" lon="35.012827336407724">
        <ele>0</ele>
        <time>2026-02-23T09:20:08.674Z</time>
      </trkpt>
      <trkpt lat="31.8363585968129" lon="35.012827336407724">
        <ele>0</ele>
        <time>2026-02-23T09:20:09.674Z</time>
      </trkpt>
      <trkpt lat="31.8363585968129" lon="35.012827336407724">
        <ele>372.5</ele>
        <time>2026-02-23T09:20:10.674Z</time>
      </trkpt>
      <trkpt lat="31.83640145718381" lon="35.013215802975054">
        <ele>379</ele>
        <time>2026-02-23T09:20:11.674Z</time>
      </trkpt>
      <trkpt lat="31.83640145718381" lon="35.013215802975054">
        <ele>0</ele>
        <time>2026-02-23T09:20:12.674Z</time>
      </trkpt>
      <trkpt lat="31.83640145718381" lon="35.013215802975054">
        <ele>0</ele>
        <time>2026-02-23T09:20:13.674Z</time>
      </trkpt>
      <trkpt lat="31.83640145718381" lon="35.013215802975054">
        <ele>0</ele>
        <time>2026-02-23T09:20:14.674Z</time>
      </trkpt>
      <trkpt lat="31.83640145718381" lon="35.013215802975054">
        <ele>0</ele>
        <time>2026-02-23T09:20:15.674Z</time>
      </trkpt>
      <trkpt lat="31.83640145718381" lon="35.013215802975054">
        <ele>379</ele>
        <time>2026-02-23T09:20:16.674Z</time>
      </trkpt>
      <trkpt lat="31.83642717339613" lon="35.01370012493044">
        <ele>381</ele>
        <time>2026-02-23T09:20:17.674Z</time>
      </trkpt>
      <trkpt lat="31.83642717339613" lon="35.01370012493044">
        <ele>0</ele>
        <time>2026-02-23T09:20:18.674Z</time>
      </trkpt>
      <trkpt lat="31.83642717339613" lon="35.01370012493044">
        <ele>0</ele>
        <time>2026-02-23T09:20:19.674Z</time>
      </trkpt>
      <trkpt lat="31.83642717339613" lon="35.01370012493044">
        <ele>0</ele>
        <time>2026-02-23T09:20:20.674Z</time>
      </trkpt>
      <trkpt lat="31.83642717339613" lon="35.01370012493044">
        <ele>0</ele>
        <time>2026-02-23T09:20:21.674Z</time>
      </trkpt>
      <trkpt lat="31.83642717339613" lon="35.01370012493044">
        <ele>381</ele>
        <time>2026-02-23T09:20:22.674Z</time>
      </trkpt>
      <trkpt lat="31.83637574095934" lon="35.01398339208433">
        <ele>381</ele>
        <time>2026-02-23T09:20:23.674Z</time>
      </trkpt>
      <trkpt lat="31.83637574095934" lon="35.01398339208433">
        <ele>0</ele>
        <time>2026-02-23T09:20:24.674Z</time>
      </trkpt>
      <trkpt lat="31.83637574095934" lon="35.01398339208433">
        <ele>0</ele>
        <time>2026-02-23T09:20:25.674Z</time>
      </trkpt>
      <trkpt lat="31.83637574095934" lon="35.01398339208433">
        <ele>0</ele>
        <time>2026-02-23T09:20:26.674Z</time>
      </trkpt>
      <trkpt lat="31.83637574095934" lon="35.01398339208433">
        <ele>0</ele>
        <time>2026-02-23T09:20:27.674Z</time>
      </trkpt>
      <trkpt lat="31.83637574095934" lon="35.01398339208433">
        <ele>381</ele>
        <time>2026-02-23T09:20:28.674Z</time>
      </trkpt>
      <trkpt lat="31.836397171143673" lon="35.014245733141934">
        <ele>381</ele>
        <time>2026-02-23T09:20:29.674Z</time>
      </trkpt>
      <trkpt lat="31.836397171143673" lon="35.014245733141934">
        <ele>0</ele>
        <time>2026-02-23T09:20:30.674Z</time>
      </trkpt>
      <trkpt lat="31.836397171143673" lon="35.014245733141934">
        <ele>0</ele>
        <time>2026-02-23T09:20:31.674Z</time>
      </trkpt>
      <trkpt lat="31.836397171143673" lon="35.014245733141934">
        <ele>0</ele>
        <time>2026-02-23T09:20:32.674Z</time>
      </trkpt>
      <trkpt lat="31.836397171143673" lon="35.014245733141934">
        <ele>0</ele>
        <time>2026-02-23T09:20:33.674Z</time>
      </trkpt>
      <trkpt lat="31.836397171143673" lon="35.014245733141934">
        <ele>381</ele>
        <time>2026-02-23T09:20:34.674Z</time>
      </trkpt>
      <trkpt lat="31.836585756545887" lon="35.01461401962928">
        <ele>381</ele>
        <time>2026-02-23T09:20:35.674Z</time>
      </trkpt>
      <trkpt lat="31.836585756545887" lon="35.01461401962928">
        <ele>0</ele>
        <time>2026-02-23T09:20:36.674Z</time>
      </trkpt>
      <trkpt lat="31.836585756545887" lon="35.01461401962928">
        <ele>0</ele>
        <time>2026-02-23T09:20:37.674Z</time>
      </trkpt>
      <trkpt lat="31.836585756545887" lon="35.01461401962928">
        <ele>0</ele>
        <time>2026-02-23T09:20:38.674Z</time>
      </trkpt>
      <trkpt lat="31.836585756545887" lon="35.01461401962928">
        <ele>0</ele>
        <time>2026-02-23T09:20:39.674Z</time>
      </trkpt>
      <trkpt lat="31.836585756545887" lon="35.01461401962928">
        <ele>381</ele>
        <time>2026-02-23T09:20:40.674Z</time>
      </trkpt>
      <trkpt lat="31.83667147705613" lon="35.015007531216554">
        <ele>381</ele>
        <time>2026-02-23T09:20:41.674Z</time>
      </trkpt>
      <trkpt lat="31.83667147705613" lon="35.015007531216554">
        <ele>0</ele>
        <time>2026-02-23T09:20:42.674Z</time>
      </trkpt>
      <trkpt lat="31.83667147705613" lon="35.015007531216554">
        <ele>0</ele>
        <time>2026-02-23T09:20:43.674Z</time>
      </trkpt>
      <trkpt lat="31.83667147705613" lon="35.015007531216554">
        <ele>0</ele>
        <time>2026-02-23T09:20:44.674Z</time>
      </trkpt>
      <trkpt lat="31.83667147705613" lon="35.015007531216554">
        <ele>0</ele>
        <time>2026-02-23T09:20:45.674Z</time>
      </trkpt>
      <trkpt lat="31.83667147705613" lon="35.015007531216554">
        <ele>381</ele>
        <time>2026-02-23T09:20:46.674Z</time>
      </trkpt>
      <trkpt lat="31.836714337281734" lon="35.015355637620644">
        <ele>381</ele>
        <time>2026-02-23T09:20:47.674Z</time>
      </trkpt>
      <trkpt lat="31.836714337281734" lon="35.015355637620644">
        <ele>0</ele>
        <time>2026-02-23T09:20:48.674Z</time>
      </trkpt>
      <trkpt lat="31.836714337281734" lon="35.015355637620644">
        <ele>0</ele>
        <time>2026-02-23T09:20:49.674Z</time>
      </trkpt>
      <trkpt lat="31.836714337281734" lon="35.015355637620644">
        <ele>0</ele>
        <time>2026-02-23T09:20:50.674Z</time>
      </trkpt>
      <trkpt lat="31.836714337281734" lon="35.015355637620644">
        <ele>0</ele>
        <time>2026-02-23T09:20:51.674Z</time>
      </trkpt>
      <trkpt lat="31.836714337281734" lon="35.015355637620644">
        <ele>381</ele>
        <time>2026-02-23T09:20:52.674Z</time>
      </trkpt>
      <trkpt lat="31.836667191032802" lon="35.01562302369993">
        <ele>381</ele>
        <time>2026-02-23T09:20:53.674Z</time>
      </trkpt>
      <trkpt lat="31.836667191032802" lon="35.01562302369993">
        <ele>0</ele>
        <time>2026-02-23T09:20:54.674Z</time>
      </trkpt>
      <trkpt lat="31.836667191032802" lon="35.01562302369993">
        <ele>0</ele>
        <time>2026-02-23T09:20:55.674Z</time>
      </trkpt>
      <trkpt lat="31.836667191032802" lon="35.01562302369993">
        <ele>0</ele>
        <time>2026-02-23T09:20:56.674Z</time>
      </trkpt>
      <trkpt lat="31.836667191032802" lon="35.01562302369993">
        <ele>0</ele>
        <time>2026-02-23T09:20:57.674Z</time>
      </trkpt>
      <trkpt lat="31.836667191032802" lon="35.01562302369993">
        <ele>381</ele>
        <time>2026-02-23T09:20:58.674Z</time>
      </trkpt>
      <trkpt lat="31.836942313289313" lon="35.01591239317838">
        <ele>376</ele>
        <time>2026-02-23T09:20:59.674Z</time>
      </trkpt>
      <trkpt lat="31.836942313289313" lon="35.01591239317838">
        <ele>0</ele>
        <time>2026-02-23T09:21:00.674Z</time>
      </trkpt>
      <trkpt lat="31.836942313289313" lon="35.01591239317838">
        <ele>0</ele>
        <time>2026-02-23T09:21:01.674Z</time>
      </trkpt>
      <trkpt lat="31.836942313289313" lon="35.01591239317838">
        <ele>0</ele>
        <time>2026-02-23T09:21:02.674Z</time>
      </trkpt>
      <trkpt lat="31.836942313289313" lon="35.01591239317838">
        <ele>0</ele>
        <time>2026-02-23T09:21:03.674Z</time>
      </trkpt>
      <trkpt lat="31.836942313289313" lon="35.01591239317838">
        <ele>376</ele>
        <time>2026-02-23T09:21:04.674Z</time>
      </trkpt>
      <trkpt lat="31.837186615589076" lon="35.016028428646365">
        <ele>376</ele>
        <time>2026-02-23T09:21:05.674Z</time>
      </trkpt>
      <trkpt lat="31.837186615589076" lon="35.016028428646365">
        <ele>0</ele>
        <time>2026-02-23T09:21:06.674Z</time>
      </trkpt>
      <trkpt lat="31.837186615589076" lon="35.016028428646365">
        <ele>0</ele>
        <time>2026-02-23T09:21:07.674Z</time>
      </trkpt>
      <trkpt lat="31.837186615589076" lon="35.016028428646365">
        <ele>0</ele>
        <time>2026-02-23T09:21:08.674Z</time>
      </trkpt>
      <trkpt lat="31.837186615589076" lon="35.016028428646365">
        <ele>0</ele>
        <time>2026-02-23T09:21:09.674Z</time>
      </trkpt>
      <trkpt lat="31.837186615589076" lon="35.016028428646365">
        <ele>376</ele>
        <time>2026-02-23T09:21:10.674Z</time>
      </trkpt>
      <trkpt lat="31.83752949491948" lon="35.01593257325999">
        <ele>376</ele>
        <time>2026-02-23T09:21:11.674Z</time>
      </trkpt>
      <trkpt lat="31.83752949491948" lon="35.01593257325999">
        <ele>0</ele>
        <time>2026-02-23T09:21:12.674Z</time>
      </trkpt>
      <trkpt lat="31.83752949491948" lon="35.01593257325999">
        <ele>0</ele>
        <time>2026-02-23T09:21:13.674Z</time>
      </trkpt>
      <trkpt lat="31.83752949491948" lon="35.01593257325999">
        <ele>0</ele>
        <time>2026-02-23T09:21:14.674Z</time>
      </trkpt>
      <trkpt lat="31.83752949491948" lon="35.01593257325999">
        <ele>0</ele>
        <time>2026-02-23T09:21:15.674Z</time>
      </trkpt>
      <trkpt lat="31.83752949491948" lon="35.01593257325999">
        <ele>376</ele>
        <time>2026-02-23T09:21:16.674Z</time>
      </trkpt>
      <trkpt lat="31.837910946676672" lon="35.01563996207909">
        <ele>373</ele>
        <time>2026-02-23T09:21:17.674Z</time>
      </trkpt>
      <trkpt lat="31.837910946676672" lon="35.01563996207909">
        <ele>0</ele>
        <time>2026-02-23T09:21:18.674Z</time>
      </trkpt>
      <trkpt lat="31.837910946676672" lon="35.01563996207909">
        <ele>0</ele>
        <time>2026-02-23T09:21:19.674Z</time>
      </trkpt>
      <trkpt lat="31.837910946676672" lon="35.01563996207909">
        <ele>0</ele>
        <time>2026-02-23T09:21:20.674Z</time>
      </trkpt>
      <trkpt lat="31.837910946676672" lon="35.01563996207909">
        <ele>0</ele>
        <time>2026-02-23T09:21:21.674Z</time>
      </trkpt>
      <trkpt lat="31.837910946676672" lon="35.01563996207909">
        <ele>373</ele>
        <time>2026-02-23T09:21:22.674Z</time>
      </trkpt>
      <trkpt lat="31.838546071787746" lon="35.01656580075067">
        <ele>365.5</ele>
        <time>2026-02-23T09:21:23.674Z</time>
      </trkpt>
      <trkpt lat="31.838546071787746" lon="35.01656580075067">
        <ele>0</ele>
        <time>2026-02-23T09:21:24.674Z</time>
      </trkpt>
      <trkpt lat="31.838546071787746" lon="35.01656580075067">
        <ele>0</ele>
        <time>2026-02-23T09:21:25.674Z</time>
      </trkpt>
      <trkpt lat="31.838546071787746" lon="35.01656580075067">
        <ele>0</ele>
        <time>2026-02-23T09:21:26.674Z</time>
      </trkpt>
      <trkpt lat="31.838546071787746" lon="35.01656580075067">
        <ele>0</ele>
        <time>2026-02-23T09:21:27.674Z</time>
      </trkpt>
      <trkpt lat="31.838546071787746" lon="35.01656580075067">
        <ele>365.5</ele>
        <time>2026-02-23T09:21:28.674Z</time>
      </trkpt>
      <trkpt lat="31.83735591526103" lon="35.017871528056986">
        <ele>377</ele>
        <time>2026-02-23T09:21:29.674Z</time>
      </trkpt>
      <trkpt lat="31.83735591526103" lon="35.017871528056986">
        <ele>0</ele>
        <time>2026-02-23T09:21:30.674Z</time>
      </trkpt>
      <trkpt lat="31.83735591526103" lon="35.017871528056986">
        <ele>0</ele>
        <time>2026-02-23T09:21:31.674Z</time>
      </trkpt>
      <trkpt lat="31.83735591526103" lon="35.017871528056986">
        <ele>0</ele>
        <time>2026-02-23T09:21:32.674Z</time>
      </trkpt>
      <trkpt lat="31.83735591526103" lon="35.017871528056986">
        <ele>0</ele>
        <time>2026-02-23T09:21:33.674Z</time>
      </trkpt>
      <trkpt lat="31.83735591526103" lon="35.017871528056986">
        <ele>377</ele>
        <time>2026-02-23T09:21:34.674Z</time>
      </trkpt>
      <trkpt lat="31.836512396970576" lon="35.01943568055958">
        <ele>366.5</ele>
        <time>2026-02-23T09:21:35.674Z</time>
      </trkpt>
      <trkpt lat="31.836512396970576" lon="35.01943568055958">
        <ele>0</ele>
        <time>2026-02-23T09:21:36.674Z</time>
      </trkpt>
      <trkpt lat="31.836512396970576" lon="35.01943568055958">
        <ele>0</ele>
        <time>2026-02-23T09:21:37.674Z</time>
      </trkpt>
      <trkpt lat="31.836512396970576" lon="35.01943568055958">
        <ele>0</ele>
        <time>2026-02-23T09:21:38.674Z</time>
      </trkpt>
      <trkpt lat="31.836512396970576" lon="35.01943568055958">
        <ele>0</ele>
        <time>2026-02-23T09:21:39.674Z</time>
      </trkpt>
      <trkpt lat="31.836512396970576" lon="35.01943568055958">
        <ele>366.5</ele>
        <time>2026-02-23T09:21:40.674Z</time>
      </trkpt>
      <trkpt lat="31.83641995614127" lon="35.020782211844676">
        <ele>358</ele>
        <time>2026-02-23T09:21:41.674Z</time>
      </trkpt>
      <trkpt lat="31.83641995614127" lon="35.020782211844676">
        <ele>0</ele>
        <time>2026-02-23T09:21:42.674Z</time>
      </trkpt>
      <trkpt lat="31.83641995614127" lon="35.020782211844676">
        <ele>0</ele>
        <time>2026-02-23T09:21:43.674Z</time>
      </trkpt>
      <trkpt lat="31.83641995614127" lon="35.020782211844676">
        <ele>0</ele>
        <time>2026-02-23T09:21:44.674Z</time>
      </trkpt>
      <trkpt lat="31.83641995614127" lon="35.020782211844676">
        <ele>0</ele>
        <time>2026-02-23T09:21:45.674Z</time>
      </trkpt>
      <trkpt lat="31.836360000000003" lon="35.020770000000006">
        <ele>358</ele>
        <time>2026-02-23T09:21:46.674Z</time>
      </trkpt>
      <trkpt lat="31.836350000000003" lon="35.02087">
        <ele>354</ele>
        <time>2026-02-23T09:21:47.674Z</time>
      </trkpt>
      <trkpt lat="31.836370000000002" lon="35.02105">
        <ele>354</ele>
        <time>2026-02-23T09:21:48.674Z</time>
      </trkpt>
      <trkpt lat="31.836510000000004" lon="35.02109">
        <ele>354</ele>
        <time>2026-02-23T09:21:49.674Z</time>
      </trkpt>
      <trkpt lat="31.83659" lon="35.02107">
        <ele>354</ele>
        <time>2026-02-23T09:21:50.674Z</time>
      </trkpt>
      <trkpt lat="31.838230000000003" lon="35.020030000000006">
        <ele>336</ele>
        <time>2026-02-23T09:21:51.674Z</time>
      </trkpt>
      <trkpt lat="31.83845" lon="35.019920000000006">
        <ele>340.5</ele>
        <time>2026-02-23T09:21:52.674Z</time>
      </trkpt>
      <trkpt lat="31.83845" lon="35.019920000000006">
        <ele>0</ele>
        <time>2026-02-23T09:21:53.674Z</time>
      </trkpt>
      <trkpt lat="31.83845" lon="35.019920000000006">
        <ele>0</ele>
        <time>2026-02-23T09:21:54.674Z</time>
      </trkpt>
      <trkpt lat="31.83845" lon="35.019920000000006">
        <ele>0</ele>
        <time>2026-02-23T09:21:55.674Z</time>
      </trkpt>
      <trkpt lat="31.83845" lon="35.019920000000006">
        <ele>0</ele>
        <time>2026-02-23T09:21:56.674Z</time>
      </trkpt>
      <trkpt lat="31.83845" lon="35.019920000000006">
        <ele>340.5</ele>
        <time>2026-02-23T09:21:57.674Z</time>
      </trkpt>
      <trkpt lat="31.838710000000003" lon="35.019830000000006">
        <ele>334</ele>
        <time>2026-02-23T09:21:58.674Z</time>
      </trkpt>
      <trkpt lat="31.838810000000002" lon="35.019830000000006">
        <ele>334</ele>
        <time>2026-02-23T09:21:59.674Z</time>
      </trkpt>
      <trkpt lat="31.838850000000004" lon="35.019870000000004">
        <ele>334</ele>
        <time>2026-02-23T09:22:00.674Z</time>
      </trkpt>
      <trkpt lat="31.838870000000004" lon="35.01995">
        <ele>334</ele>
        <time>2026-02-23T09:22:01.674Z</time>
      </trkpt>
      <trkpt lat="31.838870000000004" lon="35.02006">
        <ele>326</ele>
        <time>2026-02-23T09:22:02.674Z</time>
      </trkpt>
      <trkpt lat="31.838810000000002" lon="35.020570000000006">
        <ele>326</ele>
        <time>2026-02-23T09:22:03.674Z</time>
      </trkpt>
      <trkpt lat="31.838810000000002" lon="35.020570000000006">
        <ele>0</ele>
        <time>2026-02-23T09:22:04.674Z</time>
      </trkpt>
      <trkpt lat="31.838810000000002" lon="35.020570000000006">
        <ele>0</ele>
        <time>2026-02-23T09:22:05.674Z</time>
      </trkpt>
      <trkpt lat="31.838810000000002" lon="35.020570000000006">
        <ele>0</ele>
        <time>2026-02-23T09:22:06.674Z</time>
      </trkpt>
      <trkpt lat="31.838810000000002" lon="35.020570000000006">
        <ele>0</ele>
        <time>2026-02-23T09:22:07.674Z</time>
      </trkpt>
      <trkpt lat="31.838810000000002" lon="35.020570000000006">
        <ele>326</ele>
        <time>2026-02-23T09:22:08.674Z</time>
      </trkpt>
      <trkpt lat="31.83875" lon="35.02075">
        <ele>326</ele>
        <time>2026-02-23T09:22:09.674Z</time>
      </trkpt>
      <trkpt lat="31.838630000000002" lon="35.020950000000006">
        <ele>316</ele>
        <time>2026-02-23T09:22:10.674Z</time>
      </trkpt>
      <trkpt lat="31.838610000000003" lon="35.02103">
        <ele>316</ele>
        <time>2026-02-23T09:22:11.674Z</time>
      </trkpt>
      <trkpt lat="31.838620000000002" lon="35.02109">
        <ele>316</ele>
        <time>2026-02-23T09:22:12.674Z</time>
      </trkpt>
      <trkpt lat="31.83866" lon="35.021190000000004">
        <ele>316</ele>
        <time>2026-02-23T09:22:13.674Z</time>
      </trkpt>
      <trkpt lat="31.83875" lon="35.02131">
        <ele>316</ele>
        <time>2026-02-23T09:22:14.674Z</time>
      </trkpt>
      <trkpt lat="31.838790000000003" lon="35.021390000000004">
        <ele>316</ele>
        <time>2026-02-23T09:22:15.674Z</time>
      </trkpt>
      <trkpt lat="31.83893" lon="35.021910000000005">
        <ele>305</ele>
        <time>2026-02-23T09:22:16.674Z</time>
      </trkpt>
      <trkpt lat="31.839010000000002" lon="35.022110000000005">
        <ele>305</ele>
        <time>2026-02-23T09:22:17.674Z</time>
      </trkpt>
      <trkpt lat="31.839010000000002" lon="35.022110000000005">
        <ele>0</ele>
        <time>2026-02-23T09:22:18.674Z</time>
      </trkpt>
      <trkpt lat="31.839010000000002" lon="35.022110000000005">
        <ele>0</ele>
        <time>2026-02-23T09:22:19.674Z</time>
      </trkpt>
      <trkpt lat="31.839010000000002" lon="35.022110000000005">
        <ele>0</ele>
        <time>2026-02-23T09:22:20.674Z</time>
      </trkpt>
      <trkpt lat="31.839010000000002" lon="35.022110000000005">
        <ele>0</ele>
        <time>2026-02-23T09:22:21.674Z</time>
      </trkpt>
      <trkpt lat="31.839010000000002" lon="35.022110000000005">
        <ele>305</ele>
        <time>2026-02-23T09:22:22.674Z</time>
      </trkpt>
      <trkpt lat="31.839070000000003" lon="35.02219">
        <ele>305</ele>
        <time>2026-02-23T09:22:23.674Z</time>
      </trkpt>
      <trkpt lat="31.839240000000004" lon="35.02234">
        <ele>305</ele>
        <time>2026-02-23T09:22:24.674Z</time>
      </trkpt>
      <trkpt lat="31.839150000000004" lon="35.02221">
        <ele>305</ele>
        <time>2026-02-23T09:22:25.674Z</time>
      </trkpt>
      <trkpt lat="31.839190000000002" lon="35.022000000000006">
        <ele>305</ele>
        <time>2026-02-23T09:22:26.674Z</time>
      </trkpt>
      <trkpt lat="31.8393" lon="35.02183">
        <ele>299</ele>
        <time>2026-02-23T09:22:27.674Z</time>
      </trkpt>
      <trkpt lat="31.839450000000003" lon="35.0217">
        <ele>299</ele>
        <time>2026-02-23T09:22:28.674Z</time>
      </trkpt>
      <trkpt lat="31.839570000000002" lon="35.021550000000005">
        <ele>309</ele>
        <time>2026-02-23T09:22:29.674Z</time>
      </trkpt>
      <trkpt lat="31.839710000000004" lon="35.021350000000005">
        <ele>309</ele>
        <time>2026-02-23T09:22:30.674Z</time>
      </trkpt>
      <trkpt lat="31.839890000000004" lon="35.021040000000006">
        <ele>309</ele>
        <time>2026-02-23T09:22:31.674Z</time>
      </trkpt>
      <trkpt lat="31.83997" lon="35.02103">
        <ele>309</ele>
        <time>2026-02-23T09:22:32.674Z</time>
      </trkpt>
      <trkpt lat="31.840000000000003" lon="35.02105">
        <ele>309</ele>
        <time>2026-02-23T09:22:33.674Z</time>
      </trkpt>
      <trkpt lat="31.84042" lon="35.0212">
        <ele>302</ele>
        <time>2026-02-23T09:22:34.674Z</time>
      </trkpt>
      <trkpt lat="31.84053" lon="35.021170000000005">
        <ele>302</ele>
        <time>2026-02-23T09:22:35.674Z</time>
      </trkpt>
      <trkpt lat="31.840600000000002" lon="35.02107">
        <ele>302</ele>
        <time>2026-02-23T09:22:36.674Z</time>
      </trkpt>
      <trkpt lat="31.84061" lon="35.021040000000006">
        <ele>302</ele>
        <time>2026-02-23T09:22:37.674Z</time>
      </trkpt>
      <trkpt lat="31.84061" lon="35.021040000000006">
        <ele>0</ele>
        <time>2026-02-23T09:22:38.674Z</time>
      </trkpt>
      <trkpt lat="31.84061" lon="35.021040000000006">
        <ele>0</ele>
        <time>2026-02-23T09:22:39.674Z</time>
      </trkpt>
      <trkpt lat="31.84061" lon="35.021040000000006">
        <ele>0</ele>
        <time>2026-02-23T09:22:40.674Z</time>
      </trkpt>
      <trkpt lat="31.84061" lon="35.021040000000006">
        <ele>302</ele>
        <time>2026-02-23T09:22:41.674Z</time>
      </trkpt>
      <trkpt lat="31.840650000000004" lon="35.02082">
        <ele>302</ele>
        <time>2026-02-23T09:22:42.674Z</time>
      </trkpt>
      <trkpt lat="31.840880000000002" lon="35.020320000000005">
        <ele>305</ele>
        <time>2026-02-23T09:22:43.674Z</time>
      </trkpt>
      <trkpt lat="31.841240000000003" lon="35.01993">
        <ele>306</ele>
        <time>2026-02-23T09:22:44.674Z</time>
      </trkpt>
      <trkpt lat="31.84137" lon="35.019890000000004">
        <ele>306</ele>
        <time>2026-02-23T09:22:45.674Z</time>
      </trkpt>
      <trkpt lat="31.84137" lon="35.019890000000004">
        <ele>0</ele>
        <time>2026-02-23T09:22:46.674Z</time>
      </trkpt>
      <trkpt lat="31.84137" lon="35.019890000000004">
        <ele>0</ele>
        <time>2026-02-23T09:22:47.674Z</time>
      </trkpt>
      <trkpt lat="31.84137" lon="35.019890000000004">
        <ele>0</ele>
        <time>2026-02-23T09:22:48.674Z</time>
      </trkpt>
      <trkpt lat="31.84137" lon="35.019890000000004">
        <ele>306</ele>
        <time>2026-02-23T09:22:49.674Z</time>
      </trkpt>
      <trkpt lat="31.841510000000003" lon="35.019870000000004">
        <ele>306</ele>
        <time>2026-02-23T09:22:50.674Z</time>
      </trkpt>
      <trkpt lat="31.841790000000003" lon="35.019470000000005">
        <ele>294</ele>
        <time>2026-02-23T09:22:51.674Z</time>
      </trkpt>
      <trkpt lat="31.841870000000004" lon="35.019330000000004">
        <ele>294</ele>
        <time>2026-02-23T09:22:52.674Z</time>
      </trkpt>
      <trkpt lat="31.84231" lon="35.019040000000004">
        <ele>299</ele>
        <time>2026-02-23T09:22:53.674Z</time>
      </trkpt>
      <trkpt lat="31.8425" lon="35.018950000000004">
        <ele>299</ele>
        <time>2026-02-23T09:22:54.674Z</time>
      </trkpt>
      <trkpt lat="31.842670000000002" lon="35.018980000000006">
        <ele>284</ele>
        <time>2026-02-23T09:22:55.674Z</time>
      </trkpt>
      <trkpt lat="31.842830000000003" lon="35.01896">
        <ele>284</ele>
        <time>2026-02-23T09:22:56.674Z</time>
      </trkpt>
      <trkpt lat="31.842910000000003" lon="35.0189">
        <ele>284</ele>
        <time>2026-02-23T09:22:57.674Z</time>
      </trkpt>
      <trkpt lat="31.842910000000003" lon="35.0189">
        <ele>0</ele>
        <time>2026-02-23T09:22:58.674Z</time>
      </trkpt>
      <trkpt lat="31.842910000000003" lon="35.0189">
        <ele>0</ele>
        <time>2026-02-23T09:22:59.674Z</time>
      </trkpt>
      <trkpt lat="31.842910000000003" lon="35.0189">
        <ele>0</ele>
        <time>2026-02-23T09:23:00.674Z</time>
      </trkpt>
      <trkpt lat="31.842910000000003" lon="35.0189">
        <ele>284</ele>
        <time>2026-02-23T09:23:01.674Z</time>
      </trkpt>
      <trkpt lat="31.842990000000004" lon="35.018840000000004">
        <ele>284</ele>
        <time>2026-02-23T09:23:02.674Z</time>
      </trkpt>
      <trkpt lat="31.843080000000004" lon="35.018640000000005">
        <ele>284</ele>
        <time>2026-02-23T09:23:03.674Z</time>
      </trkpt>
      <trkpt lat="31.843140000000002" lon="35.01816">
        <ele>280</ele>
        <time>2026-02-23T09:23:04.674Z</time>
      </trkpt>
      <trkpt lat="31.843230000000002" lon="35.017630000000004">
        <ele>280</ele>
        <time>2026-02-23T09:23:05.674Z</time>
      </trkpt>
      <trkpt lat="31.843490000000003" lon="35.01693">
        <ele>271</ele>
        <time>2026-02-23T09:23:06.674Z</time>
      </trkpt>
      <trkpt lat="31.84353" lon="35.01677">
        <ele>271</ele>
        <time>2026-02-23T09:23:07.674Z</time>
      </trkpt>
      <trkpt lat="31.843670000000003" lon="35.01653">
        <ele>275</ele>
        <time>2026-02-23T09:23:08.674Z</time>
      </trkpt>
      <trkpt lat="31.843670000000003" lon="35.01653">
        <ele>0</ele>
        <time>2026-02-23T09:23:09.674Z</time>
      </trkpt>
      <trkpt lat="31.843670000000003" lon="35.01653">
        <ele>0</ele>
        <time>2026-02-23T09:23:10.674Z</time>
      </trkpt>
      <trkpt lat="31.843670000000003" lon="35.01653">
        <ele>0</ele>
        <time>2026-02-23T09:23:11.674Z</time>
      </trkpt>
      <trkpt lat="31.843670000000003" lon="35.01653">
        <ele>275</ele>
        <time>2026-02-23T09:23:12.674Z</time>
      </trkpt>
      <trkpt lat="31.84353" lon="35.01677">
        <ele>271</ele>
        <time>2026-02-23T09:23:13.674Z</time>
      </trkpt>
      <trkpt lat="31.843490000000003" lon="35.01693">
        <ele>271</ele>
        <time>2026-02-23T09:23:14.674Z</time>
      </trkpt>
      <trkpt lat="31.843660000000003" lon="35.017">
        <ele>271</ele>
        <time>2026-02-23T09:23:15.674Z</time>
      </trkpt>
      <trkpt lat="31.844170000000002" lon="35.01775">
        <ele>268</ele>
        <time>2026-02-23T09:23:16.674Z</time>
      </trkpt>
      <trkpt lat="31.84428" lon="35.017860000000006">
        <ele>268</ele>
        <time>2026-02-23T09:23:17.674Z</time>
      </trkpt>
      <trkpt lat="31.84436" lon="35.017970000000005">
        <ele>260</ele>
        <time>2026-02-23T09:23:18.674Z</time>
      </trkpt>
      <trkpt lat="31.84455" lon="35.01812">
        <ele>260</ele>
        <time>2026-02-23T09:23:19.674Z</time>
      </trkpt>
      <trkpt lat="31.84466" lon="35.01825">
        <ele>260</ele>
        <time>2026-02-23T09:23:20.674Z</time>
      </trkpt>
      <trkpt lat="31.844620000000003" lon="35.01814">
        <ele>260</ele>
        <time>2026-02-23T09:23:21.674Z</time>
      </trkpt>
      <trkpt lat="31.844630000000002" lon="35.017880000000005">
        <ele>260</ele>
        <time>2026-02-23T09:23:22.674Z</time>
      </trkpt>
      <trkpt lat="31.84465" lon="35.01767">
        <ele>260</ele>
        <time>2026-02-23T09:23:23.674Z</time>
      </trkpt>
      <trkpt lat="31.84475" lon="35.01735">
        <ele>268</ele>
        <time>2026-02-23T09:23:24.674Z</time>
      </trkpt>
      <trkpt lat="31.845200000000002" lon="35.01644">
        <ele>274</ele>
        <time>2026-02-23T09:23:25.674Z</time>
      </trkpt>
      <trkpt lat="31.84541" lon="35.016090000000005">
        <ele>274</ele>
        <time>2026-02-23T09:23:26.674Z</time>
      </trkpt>
      <trkpt lat="31.845440000000004" lon="35.01587">
        <ele>274</ele>
        <time>2026-02-23T09:23:27.674Z</time>
      </trkpt>
      <trkpt lat="31.845450000000003" lon="35.015710000000006">
        <ele>278</ele>
        <time>2026-02-23T09:23:28.674Z</time>
      </trkpt>
      <trkpt lat="31.845450000000003" lon="35.015710000000006">
        <ele>0</ele>
        <time>2026-02-23T09:23:29.674Z</time>
      </trkpt>
      <trkpt lat="31.845450000000003" lon="35.015710000000006">
        <ele>0</ele>
        <time>2026-02-23T09:23:30.674Z</time>
      </trkpt>
      <trkpt lat="31.845450000000003" lon="35.015710000000006">
        <ele>0</ele>
        <time>2026-02-23T09:23:31.674Z</time>
      </trkpt>
      <trkpt lat="31.845450000000003" lon="35.015710000000006">
        <ele>278</ele>
        <time>2026-02-23T09:23:32.674Z</time>
      </trkpt>
      <trkpt lat="31.845450000000003" lon="35.01559">
        <ele>282</ele>
        <time>2026-02-23T09:23:33.674Z</time>
      </trkpt>
      <trkpt lat="31.845480000000002" lon="35.01547">
        <ele>282</ele>
        <time>2026-02-23T09:23:34.674Z</time>
      </trkpt>
      <trkpt lat="31.845550000000003" lon="35.015390000000004">
        <ele>282</ele>
        <time>2026-02-23T09:23:35.674Z</time>
      </trkpt>
      <trkpt lat="31.8454" lon="35.015080000000005">
        <ele>282</ele>
        <time>2026-02-23T09:23:36.674Z</time>
      </trkpt>
      <trkpt lat="31.845440000000004" lon="35.014860000000006">
        <ele>290</ele>
        <time>2026-02-23T09:23:37.674Z</time>
      </trkpt>
      <trkpt lat="31.84541" lon="35.01451">
        <ele>290</ele>
        <time>2026-02-23T09:23:38.674Z</time>
      </trkpt>
      <trkpt lat="31.845480000000002" lon="35.014030000000005">
        <ele>295</ele>
        <time>2026-02-23T09:23:39.674Z</time>
      </trkpt>
      <trkpt lat="31.845550000000003" lon="35.01379">
        <ele>295</ele>
        <time>2026-02-23T09:23:40.674Z</time>
      </trkpt>
      <trkpt lat="31.845560000000003" lon="35.013600000000004">
        <ele>295</ele>
        <time>2026-02-23T09:23:41.674Z</time>
      </trkpt>
      <trkpt lat="31.845560000000003" lon="35.013380000000005">
        <ele>295</ele>
        <time>2026-02-23T09:23:42.674Z</time>
      </trkpt>
      <trkpt lat="31.845520000000004" lon="35.013310000000004">
        <ele>287</ele>
        <time>2026-02-23T09:23:43.674Z</time>
      </trkpt>
      <trkpt lat="31.845380000000002" lon="35.01287">
        <ele>287</ele>
        <time>2026-02-23T09:23:44.674Z</time>
      </trkpt>
      <trkpt lat="31.845290000000002" lon="35.01239">
        <ele>281</ele>
        <time>2026-02-23T09:23:45.674Z</time>
      </trkpt>
      <trkpt lat="31.845200000000002" lon="35.01218">
        <ele>281</ele>
        <time>2026-02-23T09:23:46.674Z</time>
      </trkpt>
      <trkpt lat="31.845150000000004" lon="35.01211">
        <ele>281</ele>
        <time>2026-02-23T09:23:47.674Z</time>
      </trkpt>
      <trkpt lat="31.845150000000004" lon="35.01211">
        <ele>0</ele>
        <time>2026-02-23T09:23:48.674Z</time>
      </trkpt>
      <trkpt lat="31.845150000000004" lon="35.01211">
        <ele>0</ele>
        <time>2026-02-23T09:23:49.674Z</time>
      </trkpt>
      <trkpt lat="31.845150000000004" lon="35.01211">
        <ele>0</ele>
        <time>2026-02-23T09:23:50.674Z</time>
      </trkpt>
      <trkpt lat="31.845150000000004" lon="35.01211">
        <ele>281</ele>
        <time>2026-02-23T09:23:51.674Z</time>
      </trkpt>
      <trkpt lat="31.845010000000002" lon="35.01196">
        <ele>297</ele>
        <time>2026-02-23T09:23:52.674Z</time>
      </trkpt>
      <trkpt lat="31.844920000000002" lon="35.01192">
        <ele>297</ele>
        <time>2026-02-23T09:23:53.674Z</time>
      </trkpt>
      <trkpt lat="31.844640000000002" lon="35.01184">
        <ele>297</ele>
        <time>2026-02-23T09:23:54.674Z</time>
      </trkpt>
      <trkpt lat="31.84456" lon="35.011790000000005">
        <ele>297</ele>
        <time>2026-02-23T09:23:55.674Z</time>
      </trkpt>
      <trkpt lat="31.844420000000003" lon="35.01164">
        <ele>302</ele>
        <time>2026-02-23T09:23:56.674Z</time>
      </trkpt>
      <trkpt lat="31.844330000000003" lon="35.01145">
        <ele>302</ele>
        <time>2026-02-23T09:23:57.674Z</time>
      </trkpt>
      <trkpt lat="31.844320000000003" lon="35.01131">
        <ele>302</ele>
        <time>2026-02-23T09:23:58.674Z</time>
      </trkpt>
      <trkpt lat="31.844340000000003" lon="35.01117">
        <ele>308</ele>
        <time>2026-02-23T09:23:59.674Z</time>
      </trkpt>
      <trkpt lat="31.844340000000003" lon="35.01117">
        <ele>0</ele>
        <time>2026-02-23T09:24:00.674Z</time>
      </trkpt>
      <trkpt lat="31.844340000000003" lon="35.01117">
        <ele>0</ele>
        <time>2026-02-23T09:24:01.674Z</time>
      </trkpt>
      <trkpt lat="31.844340000000003" lon="35.01117">
        <ele>0</ele>
        <time>2026-02-23T09:24:02.674Z</time>
      </trkpt>
      <trkpt lat="31.844340000000003" lon="35.01117">
        <ele>308</ele>
        <time>2026-02-23T09:24:03.674Z</time>
      </trkpt>
      <trkpt lat="31.844520000000003" lon="35.010510000000004">
        <ele>314</ele>
        <time>2026-02-23T09:24:04.674Z</time>
      </trkpt>
      <trkpt lat="31.844620000000003" lon="35.00997">
        <ele>316</ele>
        <time>2026-02-23T09:24:05.674Z</time>
      </trkpt>
      <trkpt lat="31.844610000000003" lon="35.00988">
        <ele>316</ele>
        <time>2026-02-23T09:24:06.674Z</time>
      </trkpt>
      <trkpt lat="31.84456" lon="35.00974">
        <ele>316</ele>
        <time>2026-02-23T09:24:07.674Z</time>
      </trkpt>
      <trkpt lat="31.845140000000004" lon="35.009460000000004">
        <ele>301</ele>
        <time>2026-02-23T09:24:08.674Z</time>
      </trkpt>
      <trkpt lat="31.84522" lon="35.009350000000005">
        <ele>301</ele>
        <time>2026-02-23T09:24:09.674Z</time>
      </trkpt>
      <trkpt lat="31.84522" lon="35.009350000000005">
        <ele>0</ele>
        <time>2026-02-23T09:24:10.674Z</time>
      </trkpt>
      <trkpt lat="31.84522" lon="35.009350000000005">
        <ele>0</ele>
        <time>2026-02-23T09:24:11.674Z</time>
      </trkpt>
      <trkpt lat="31.84522" lon="35.009350000000005">
        <ele>0</ele>
        <time>2026-02-23T09:24:12.674Z</time>
      </trkpt>
      <trkpt lat="31.84522" lon="35.009350000000005">
        <ele>301</ele>
        <time>2026-02-23T09:24:13.674Z</time>
      </trkpt>
      <trkpt lat="31.84531" lon="35.009220000000006">
        <ele>301</ele>
        <time>2026-02-23T09:24:14.674Z</time>
      </trkpt>
      <trkpt lat="31.845330000000004" lon="35.008970000000005">
        <ele>310</ele>
        <time>2026-02-23T09:24:15.674Z</time>
      </trkpt>
      <trkpt lat="31.845240000000004" lon="35.00874">
        <ele>310</ele>
        <time>2026-02-23T09:24:16.674Z</time>
      </trkpt>
      <trkpt lat="31.84522" lon="35.00836">
        <ele>310</ele>
        <time>2026-02-23T09:24:17.674Z</time>
      </trkpt>
      <trkpt lat="31.845250000000004" lon="35.00824">
        <ele>315</ele>
        <time>2026-02-23T09:24:18.674Z</time>
      </trkpt>
      <trkpt lat="31.845330000000004" lon="35.00806">
        <ele>315</ele>
        <time>2026-02-23T09:24:19.674Z</time>
      </trkpt>
      <trkpt lat="31.845370000000003" lon="35.00788">
        <ele>315</ele>
        <time>2026-02-23T09:24:20.674Z</time>
      </trkpt>
      <trkpt lat="31.845370000000003" lon="35.00773">
        <ele>315</ele>
        <time>2026-02-23T09:24:21.674Z</time>
      </trkpt>
      <trkpt lat="31.845330000000004" lon="35.00726">
        <ele>312</ele>
        <time>2026-02-23T09:24:22.674Z</time>
      </trkpt>
      <trkpt lat="31.845330000000004" lon="35.00726">
        <ele>0</ele>
        <time>2026-02-23T09:24:23.674Z</time>
      </trkpt>
      <trkpt lat="31.845330000000004" lon="35.00726">
        <ele>0</ele>
        <time>2026-02-23T09:24:24.674Z</time>
      </trkpt>
      <trkpt lat="31.845330000000004" lon="35.00726">
        <ele>0</ele>
        <time>2026-02-23T09:24:25.674Z</time>
      </trkpt>
      <trkpt lat="31.845330000000004" lon="35.00726">
        <ele>312</ele>
        <time>2026-02-23T09:24:26.674Z</time>
      </trkpt>
      <trkpt lat="31.845360000000003" lon="35.007000000000005">
        <ele>312</ele>
        <time>2026-02-23T09:24:27.674Z</time>
      </trkpt>
      <trkpt lat="31.845360000000003" lon="35.006800000000005">
        <ele>312</ele>
        <time>2026-02-23T09:24:28.674Z</time>
      </trkpt>
      <trkpt lat="31.845340000000004" lon="35.00665">
        <ele>312</ele>
        <time>2026-02-23T09:24:29.674Z</time>
      </trkpt>
      <trkpt lat="31.84521" lon="35.00638">
        <ele>312</ele>
        <time>2026-02-23T09:24:30.674Z</time>
      </trkpt>
      <trkpt lat="31.845000000000002" lon="35.006080000000004">
        <ele>322</ele>
        <time>2026-02-23T09:24:31.674Z</time>
      </trkpt>
      <trkpt lat="31.84493" lon="35.00605">
        <ele>322</ele>
        <time>2026-02-23T09:24:32.674Z</time>
      </trkpt>
      <trkpt lat="31.844820000000002" lon="35.00605">
        <ele>322</ele>
        <time>2026-02-23T09:24:33.674Z</time>
      </trkpt>
      <trkpt lat="31.84465" lon="35.005970000000005">
        <ele>322</ele>
        <time>2026-02-23T09:24:34.674Z</time>
      </trkpt>
      <trkpt lat="31.844400000000004" lon="35.005790000000005">
        <ele>319.5</ele>
        <time>2026-02-23T09:24:35.674Z</time>
      </trkpt>
      <trkpt lat="31.844400000000004" lon="35.005790000000005">
        <ele>0</ele>
        <time>2026-02-23T09:24:36.674Z</time>
      </trkpt>
      <trkpt lat="31.844400000000004" lon="35.005790000000005">
        <ele>0</ele>
        <time>2026-02-23T09:24:37.674Z</time>
      </trkpt>
      <trkpt lat="31.844400000000004" lon="35.005790000000005">
        <ele>0</ele>
        <time>2026-02-23T09:24:38.674Z</time>
      </trkpt>
      <trkpt lat="31.844400000000004" lon="35.005790000000005">
        <ele>319.5</ele>
        <time>2026-02-23T09:24:39.674Z</time>
      </trkpt>
      <trkpt lat="31.844070000000002" lon="35.005570000000006">
        <ele>317</ele>
        <time>2026-02-23T09:24:40.674Z</time>
      </trkpt>
      <trkpt lat="31.8438" lon="35.005320000000005">
        <ele>317</ele>
        <time>2026-02-23T09:24:41.674Z</time>
      </trkpt>
      <trkpt lat="31.843700000000002" lon="35.00518">
        <ele>317</ele>
        <time>2026-02-23T09:24:42.674Z</time>
      </trkpt>
      <trkpt lat="31.84363" lon="35.005">
        <ele>317</ele>
        <time>2026-02-23T09:24:43.674Z</time>
      </trkpt>
      <trkpt lat="31.843570000000003" lon="35.00479">
        <ele>312</ele>
        <time>2026-02-23T09:24:44.674Z</time>
      </trkpt>
      <trkpt lat="31.84352" lon="35.00451">
        <ele>312</ele>
        <time>2026-02-23T09:24:45.674Z</time>
      </trkpt>
      <trkpt lat="31.84352" lon="35.00437">
        <ele>312</ele>
        <time>2026-02-23T09:24:46.674Z</time>
      </trkpt>
      <trkpt lat="31.843550000000004" lon="35.00424">
        <ele>312</ele>
        <time>2026-02-23T09:24:47.674Z</time>
      </trkpt>
      <trkpt lat="31.843680000000003" lon="35.0039">
        <ele>309.5</ele>
        <time>2026-02-23T09:24:48.674Z</time>
      </trkpt>
      <trkpt lat="31.843680000000003" lon="35.0039">
        <ele>0</ele>
        <time>2026-02-23T09:24:49.674Z</time>
      </trkpt>
      <trkpt lat="31.843680000000003" lon="35.0039">
        <ele>0</ele>
        <time>2026-02-23T09:24:50.674Z</time>
      </trkpt>
      <trkpt lat="31.843680000000003" lon="35.0039">
        <ele>0</ele>
        <time>2026-02-23T09:24:51.674Z</time>
      </trkpt>
      <trkpt lat="31.843680000000003" lon="35.0039">
        <ele>309.5</ele>
        <time>2026-02-23T09:24:52.674Z</time>
      </trkpt>
      <trkpt lat="31.843750000000004" lon="35.003690000000006">
        <ele>307</ele>
        <time>2026-02-23T09:24:53.674Z</time>
      </trkpt>
      <trkpt lat="31.843960000000003" lon="35.00347">
        <ele>307</ele>
        <time>2026-02-23T09:24:54.674Z</time>
      </trkpt>
      <trkpt lat="31.844020000000004" lon="35.00332">
        <ele>304</ele>
        <time>2026-02-23T09:24:55.674Z</time>
      </trkpt>
      <trkpt lat="31.844010000000004" lon="35.003240000000005">
        <ele>304</ele>
        <time>2026-02-23T09:24:56.674Z</time>
      </trkpt>
      <trkpt lat="31.843980000000002" lon="35.003150000000005">
        <ele>304</ele>
        <time>2026-02-23T09:24:57.674Z</time>
      </trkpt>
      <trkpt lat="31.8439" lon="35.00307">
        <ele>304</ele>
        <time>2026-02-23T09:24:58.674Z</time>
      </trkpt>
      <trkpt lat="31.84382" lon="35.00303">
        <ele>304</ele>
        <time>2026-02-23T09:24:59.674Z</time>
      </trkpt>
      <trkpt lat="31.843660000000003" lon="35.00305">
        <ele>304</ele>
        <time>2026-02-23T09:25:00.674Z</time>
      </trkpt>
      <trkpt lat="31.843470000000003" lon="35.003170000000004">
        <ele>304</ele>
        <time>2026-02-23T09:25:01.674Z</time>
      </trkpt>
      <trkpt lat="31.84334" lon="35.00323">
        <ele>298</ele>
        <time>2026-02-23T09:25:02.674Z</time>
      </trkpt>
      <trkpt lat="31.843270000000004" lon="35.003220000000006">
        <ele>298</ele>
        <time>2026-02-23T09:25:03.674Z</time>
      </trkpt>
      <trkpt lat="31.843210000000003" lon="35.00316">
        <ele>298</ele>
        <time>2026-02-23T09:25:04.674Z</time>
      </trkpt>
      <trkpt lat="31.843190000000003" lon="35.003080000000004">
        <ele>298</ele>
        <time>2026-02-23T09:25:05.674Z</time>
      </trkpt>
      <trkpt lat="31.843210000000003" lon="35.003">
        <ele>298</ele>
        <time>2026-02-23T09:25:06.674Z</time>
      </trkpt>
      <trkpt lat="31.843260000000004" lon="35.00289">
        <ele>298</ele>
        <time>2026-02-23T09:25:07.674Z</time>
      </trkpt>
      <trkpt lat="31.843310000000002" lon="35.002700000000004">
        <ele>298</ele>
        <time>2026-02-23T09:25:08.674Z</time>
      </trkpt>
      <trkpt lat="31.843290000000003" lon="35.00251">
        <ele>298</ele>
        <time>2026-02-23T09:25:09.674Z</time>
      </trkpt>
      <trkpt lat="31.843100000000003" lon="35.002230000000004">
        <ele>292</ele>
        <time>2026-02-23T09:25:10.674Z</time>
      </trkpt>
      <trkpt lat="31.842950000000002" lon="35.00204">
        <ele>292</ele>
        <time>2026-02-23T09:25:11.674Z</time>
      </trkpt>
      <trkpt lat="31.84287" lon="35.00191">
        <ele>292</ele>
        <time>2026-02-23T09:25:12.674Z</time>
      </trkpt>
      <trkpt lat="31.842740000000003" lon="35.001650000000005">
        <ele>279</ele>
        <time>2026-02-23T09:25:13.674Z</time>
      </trkpt>
      <trkpt lat="31.84269" lon="35.00159">
        <ele>279</ele>
        <time>2026-02-23T09:25:14.674Z</time>
      </trkpt>
      <trkpt lat="31.842670000000002" lon="35.001580000000004">
        <ele>278.5</ele>
        <time>2026-02-23T09:25:15.674Z</time>
      </trkpt>
      <trkpt lat="31.842670000000002" lon="35.001580000000004">
        <ele>0</ele>
        <time>2026-02-23T09:25:16.674Z</time>
      </trkpt>
      <trkpt lat="31.842670000000002" lon="35.001580000000004">
        <ele>0</ele>
        <time>2026-02-23T09:25:17.674Z</time>
      </trkpt>
      <trkpt lat="31.842670000000002" lon="35.001580000000004">
        <ele>0</ele>
        <time>2026-02-23T09:25:18.674Z</time>
      </trkpt>
      <trkpt lat="31.842670000000002" lon="35.001580000000004">
        <ele>278.5</ele>
        <time>2026-02-23T09:25:19.674Z</time>
      </trkpt>
      <trkpt lat="31.842510000000004" lon="35.001540000000006">
        <ele>278</ele>
        <time>2026-02-23T09:25:20.674Z</time>
      </trkpt>
      <trkpt lat="31.842370000000003" lon="35.001560000000005">
        <ele>278</ele>
        <time>2026-02-23T09:25:21.674Z</time>
      </trkpt>
      <trkpt lat="31.84231" lon="35.0016">
        <ele>278</ele>
        <time>2026-02-23T09:25:22.674Z</time>
      </trkpt>
      <trkpt lat="31.842280000000002" lon="35.001630000000006">
        <ele>278</ele>
        <time>2026-02-23T09:25:23.674Z</time>
      </trkpt>
      <trkpt lat="31.842260000000003" lon="35.0018">
        <ele>288</ele>
        <time>2026-02-23T09:25:24.674Z</time>
      </trkpt>
      <trkpt lat="31.842350000000003" lon="35.00217">
        <ele>288</ele>
        <time>2026-02-23T09:25:25.674Z</time>
      </trkpt>
      <trkpt lat="31.842330000000004" lon="35.00224">
        <ele>288</ele>
        <time>2026-02-23T09:25:26.674Z</time>
      </trkpt>
      <trkpt lat="31.8423" lon="35.00227">
        <ele>288</ele>
        <time>2026-02-23T09:25:27.674Z</time>
      </trkpt>
      <trkpt lat="31.842010000000002" lon="35.002120000000005">
        <ele>288</ele>
        <time>2026-02-23T09:25:28.674Z</time>
      </trkpt>
      <trkpt lat="31.84174" lon="35.002460000000006">
        <ele>278</ele>
        <time>2026-02-23T09:25:29.674Z</time>
      </trkpt>
      <trkpt lat="31.841500000000003" lon="35.00271">
        <ele>284</ele>
        <time>2026-02-23T09:25:30.674Z</time>
      </trkpt>
      <trkpt lat="31.84146" lon="35.00278">
        <ele>284</ele>
        <time>2026-02-23T09:25:31.674Z</time>
      </trkpt>
      <trkpt lat="31.841350000000002" lon="35.0028">
        <ele>284</ele>
        <time>2026-02-23T09:25:32.674Z</time>
      </trkpt>
      <trkpt lat="31.841230000000003" lon="35.002770000000005">
        <ele>284</ele>
        <time>2026-02-23T09:25:33.674Z</time>
      </trkpt>
      <trkpt lat="31.841230000000003" lon="35.002770000000005">
        <ele>0</ele>
        <time>2026-02-23T09:25:34.674Z</time>
      </trkpt>
      <trkpt lat="31.841230000000003" lon="35.002770000000005">
        <ele>0</ele>
        <time>2026-02-23T09:25:35.674Z</time>
      </trkpt>
      <trkpt lat="31.841230000000003" lon="35.002770000000005">
        <ele>0</ele>
        <time>2026-02-23T09:25:36.674Z</time>
      </trkpt>
      <trkpt lat="31.841230000000003" lon="35.002770000000005">
        <ele>284</ele>
        <time>2026-02-23T09:25:37.674Z</time>
      </trkpt>
      <trkpt lat="31.841110000000004" lon="35.00274">
        <ele>284</ele>
        <time>2026-02-23T09:25:38.674Z</time>
      </trkpt>
      <trkpt lat="31.841" lon="35.0026">
        <ele>284</ele>
        <time>2026-02-23T09:25:39.674Z</time>
      </trkpt>
      <trkpt lat="31.841020000000004" lon="35.0024">
        <ele>278</ele>
        <time>2026-02-23T09:25:40.674Z</time>
      </trkpt>
      <trkpt lat="31.841060000000002" lon="35.002320000000005">
        <ele>278</ele>
        <time>2026-02-23T09:25:41.674Z</time>
      </trkpt>
      <trkpt lat="31.841160000000002" lon="35.00222">
        <ele>278</ele>
        <time>2026-02-23T09:25:42.674Z</time>
      </trkpt>
      <trkpt lat="31.841450000000002" lon="35.002010000000006">
        <ele>278</ele>
        <time>2026-02-23T09:25:43.674Z</time>
      </trkpt>
      <trkpt lat="31.841510000000003" lon="35.001940000000005">
        <ele>278</ele>
        <time>2026-02-23T09:25:44.674Z</time>
      </trkpt>
      <trkpt lat="31.841540000000002" lon="35.00186">
        <ele>278</ele>
        <time>2026-02-23T09:25:45.674Z</time>
      </trkpt>
      <trkpt lat="31.84155" lon="35.00179">
        <ele>278</ele>
        <time>2026-02-23T09:25:46.674Z</time>
      </trkpt>
      <trkpt lat="31.84155" lon="35.001630000000006">
        <ele>271</ele>
        <time>2026-02-23T09:25:47.674Z</time>
      </trkpt>
      <trkpt lat="31.841480000000004" lon="35.001310000000004">
        <ele>271</ele>
        <time>2026-02-23T09:25:48.674Z</time>
      </trkpt>
      <trkpt lat="31.841480000000004" lon="35.00121">
        <ele>271</ele>
        <time>2026-02-23T09:25:49.674Z</time>
      </trkpt>
      <trkpt lat="31.841510000000003" lon="35.001070000000006">
        <ele>271</ele>
        <time>2026-02-23T09:25:50.674Z</time>
      </trkpt>
      <trkpt lat="31.84155" lon="35.001000000000005">
        <ele>271</ele>
        <time>2026-02-23T09:25:51.674Z</time>
      </trkpt>
      <trkpt lat="31.841620000000002" lon="35.000910000000005">
        <ele>271</ele>
        <time>2026-02-23T09:25:52.674Z</time>
      </trkpt>
      <trkpt lat="31.84185" lon="35.00068">
        <ele>266</ele>
        <time>2026-02-23T09:25:53.674Z</time>
      </trkpt>
      <trkpt lat="31.84221" lon="35.000420000000005">
        <ele>266</ele>
        <time>2026-02-23T09:25:54.674Z</time>
      </trkpt>
      <trkpt lat="31.84232" lon="35.000400000000006">
        <ele>266</ele>
        <time>2026-02-23T09:25:55.674Z</time>
      </trkpt>
      <trkpt lat="31.842730000000003" lon="35.000400000000006">
        <ele>268</ele>
        <time>2026-02-23T09:25:56.674Z</time>
      </trkpt>
      <trkpt lat="31.842850000000002" lon="35.00036">
        <ele>268</ele>
        <time>2026-02-23T09:25:57.674Z</time>
      </trkpt>
      <trkpt lat="31.842950000000002" lon="35.00029">
        <ele>268</ele>
        <time>2026-02-23T09:25:58.674Z</time>
      </trkpt>
      <trkpt lat="31.842990000000004" lon="35.000220000000006">
        <ele>268</ele>
        <time>2026-02-23T09:25:59.674Z</time>
      </trkpt>
      <trkpt lat="31.843090000000004" lon="34.999950000000005">
        <ele>268</ele>
        <time>2026-02-23T09:26:00.674Z</time>
      </trkpt>
      <trkpt lat="31.843280000000004" lon="34.999230000000004">
        <ele>268</ele>
        <time>2026-02-23T09:26:01.674Z</time>
      </trkpt>
      <trkpt lat="31.843360000000004" lon="34.99882">
        <ele>263</ele>
        <time>2026-02-23T09:26:02.674Z</time>
      </trkpt>
      <trkpt lat="31.84344" lon="34.99869">
        <ele>263</ele>
        <time>2026-02-23T09:26:03.674Z</time>
      </trkpt>
      <trkpt lat="31.843490000000003" lon="34.99864">
        <ele>264</ele>
        <time>2026-02-23T09:26:04.674Z</time>
      </trkpt>
      <trkpt lat="31.843670000000003" lon="34.998540000000006">
        <ele>264</ele>
        <time>2026-02-23T09:26:05.674Z</time>
      </trkpt>
      <trkpt lat="31.844130000000003" lon="34.99835">
        <ele>264</ele>
        <time>2026-02-23T09:26:06.674Z</time>
      </trkpt>
      <trkpt lat="31.844330000000003" lon="34.99823">
        <ele>260</ele>
        <time>2026-02-23T09:26:07.674Z</time>
      </trkpt>
      <trkpt lat="31.844600000000003" lon="34.997910000000005">
        <ele>260</ele>
        <time>2026-02-23T09:26:08.674Z</time>
      </trkpt>
      <trkpt lat="31.844640000000002" lon="34.997800000000005">
        <ele>260</ele>
        <time>2026-02-23T09:26:09.674Z</time>
      </trkpt>
      <trkpt lat="31.844640000000002" lon="34.997800000000005">
        <ele>0</ele>
        <time>2026-02-23T09:26:10.674Z</time>
      </trkpt>
      <trkpt lat="31.844640000000002" lon="34.997800000000005">
        <ele>0</ele>
        <time>2026-02-23T09:26:11.674Z</time>
      </trkpt>
      <trkpt lat="31.844640000000002" lon="34.997800000000005">
        <ele>260</ele>
        <time>2026-02-23T09:26:12.674Z</time>
      </trkpt>
      <trkpt lat="31.844720000000002" lon="34.997550000000004">
        <ele>260</ele>
        <time>2026-02-23T09:26:13.674Z</time>
      </trkpt>
      <trkpt lat="31.844730000000002" lon="34.99738">
        <ele>249</ele>
        <time>2026-02-23T09:26:14.674Z</time>
      </trkpt>
      <trkpt lat="31.844680000000004" lon="34.99721">
        <ele>249</ele>
        <time>2026-02-23T09:26:15.674Z</time>
      </trkpt>
      <trkpt lat="31.844620000000003" lon="34.9971">
        <ele>249</ele>
        <time>2026-02-23T09:26:16.674Z</time>
      </trkpt>
      <trkpt lat="31.844510000000003" lon="34.996990000000004">
        <ele>249</ele>
        <time>2026-02-23T09:26:17.674Z</time>
      </trkpt>
      <trkpt lat="31.844250000000002" lon="34.99681">
        <ele>245</ele>
        <time>2026-02-23T09:26:18.674Z</time>
      </trkpt>
      <trkpt lat="31.844250000000002" lon="34.99681">
        <ele>0</ele>
        <time>2026-02-23T09:26:19.674Z</time>
      </trkpt>
      <trkpt lat="31.844250000000002" lon="34.99681">
        <ele>0</ele>
        <time>2026-02-23T09:26:20.674Z</time>
      </trkpt>
      <trkpt lat="31.844250000000002" lon="34.99681">
        <ele>245</ele>
        <time>2026-02-23T09:26:21.674Z</time>
      </trkpt>
      <trkpt lat="31.844040000000003" lon="34.99667">
        <ele>241</ele>
        <time>2026-02-23T09:26:22.674Z</time>
      </trkpt>
      <trkpt lat="31.84344" lon="34.99636">
        <ele>229</ele>
        <time>2026-02-23T09:26:23.674Z</time>
      </trkpt>
      <trkpt lat="31.843140000000002" lon="34.99617">
        <ele>229</ele>
        <time>2026-02-23T09:26:24.674Z</time>
      </trkpt>
      <trkpt lat="31.84297" lon="34.995990000000006">
        <ele>229</ele>
        <time>2026-02-23T09:26:25.674Z</time>
      </trkpt>
      <trkpt lat="31.84288" lon="34.995830000000005">
        <ele>222</ele>
        <time>2026-02-23T09:26:26.674Z</time>
      </trkpt>
      <trkpt lat="31.842800000000004" lon="34.9955">
        <ele>222</ele>
        <time>2026-02-23T09:26:27.674Z</time>
      </trkpt>
      <trkpt lat="31.842670000000002" lon="34.99485">
        <ele>220.5</ele>
        <time>2026-02-23T09:26:28.674Z</time>
      </trkpt>
      <trkpt lat="31.842670000000002" lon="34.99485">
        <ele>0</ele>
        <time>2026-02-23T09:26:29.674Z</time>
      </trkpt>
      <trkpt lat="31.842670000000002" lon="34.99485">
        <ele>0</ele>
        <time>2026-02-23T09:26:30.674Z</time>
      </trkpt>
      <trkpt lat="31.842670000000002" lon="34.99485">
        <ele>220.5</ele>
        <time>2026-02-23T09:26:31.674Z</time>
      </trkpt>
      <trkpt lat="31.842630000000003" lon="34.994670000000006">
        <ele>219</ele>
        <time>2026-02-23T09:26:32.674Z</time>
      </trkpt>
      <trkpt lat="31.8426" lon="34.99429">
        <ele>228</ele>
        <time>2026-02-23T09:26:33.674Z</time>
      </trkpt>
      <trkpt lat="31.842630000000003" lon="34.994080000000004">
        <ele>232</ele>
        <time>2026-02-23T09:26:34.674Z</time>
      </trkpt>
      <trkpt lat="31.84277" lon="34.99373">
        <ele>218</ele>
        <time>2026-02-23T09:26:35.674Z</time>
      </trkpt>
      <trkpt lat="31.842699709973658" lon="34.99367959534402">
        <ele>218</ele>
        <time>2026-02-23T09:26:36.674Z</time>
      </trkpt>
      <trkpt lat="31.842622156110565" lon="34.99359582818002">
        <ele>225</ele>
        <time>2026-02-23T09:26:37.674Z</time>
      </trkpt>
      <trkpt lat="31.842622156110565" lon="34.99359582818002">
        <ele>225</ele>
        <time>2026-02-23T09:26:38.674Z</time>
      </trkpt>
      <trkpt lat="31.842123853938176" lon="34.99358226561344">
        <ele>232</ele>
        <time>2026-02-23T09:26:39.674Z</time>
      </trkpt>
      <trkpt lat="31.842123853938176" lon="34.99358226561344">
        <ele>232</ele>
        <time>2026-02-23T09:26:40.674Z</time>
      </trkpt>
      <trkpt lat="31.841288300759132" lon="34.99321518213458">
        <ele>247</ele>
        <time>2026-02-23T09:26:41.674Z</time>
      </trkpt>
    </trkseg>
  </trk>
</gpx>