<?xml version="1.0" encoding="UTF-8"?>
<gpx creator="Patrick Hooper" version="1.1" xmlns="http://www.topografix.com/GPX/1/1" xmlns:xsi="http://www.w3.org/2001/XMLSchema-instance" xsi:schemaLocation="http://www.topografix.com/GPX/1/1 http://www.topografix.com/GPX/1/1/gpx.xsd http://www.garmin.com/xmlschemas/GpxExtensions/v3 http://www.garmin.com/xmlschemas/GpxExtensionsv3.xsd http://www.garmin.com/xmlschemas/TrackPointExtension/v1 http://www.garmin.com/xmlschemas/TrackPointExtensionv1.xsd">
  <metadata>
    <name>Activity</name>
  </metadata>
  <trk>
    <name>a</name>
    <trkseg>
      <trkpt lat="31.841230000000003" lon="34.993170000000006">
        <ele>0</ele>
        <time>2026-02-28T17:15:14.619Z</time>
      </trkpt>
      <trkpt lat="31.841230000000003" lon="34.993170000000006">
        <ele>0</ele>
        <time>2026-02-28T17:15:15.619Z</time>
      </trkpt>
      <trkpt lat="31.841230000000003" lon="34.993170000000006">
        <ele>0</ele>
        <time>2026-02-28T17:15:16.619Z</time>
      </trkpt>
      <trkpt lat="31.841230000000003" lon="34.993170000000006">
        <ele>0</ele>
        <time>2026-02-28T17:15:17.619Z</time>
      </trkpt>
      <trkpt lat="31.841230000000003" lon="34.993170000000006">
        <ele>0</ele>
        <time>2026-02-28T17:15:18.619Z</time>
      </trkpt>
      <trkpt lat="31.841230000000003" lon="34.993170000000006">
        <ele>0</ele>
        <time>2026-02-28T17:15:19.619Z</time>
      </trkpt>
      <trkpt lat="31.841230000000003" lon="34.993170000000006">
        <ele>0</ele>
        <time>2026-02-28T17:15:20.619Z</time>
      </trkpt>
      <trkpt lat="31.841230000000003" lon="34.993170000000006">
        <ele>0</ele>
        <time>2026-02-28T17:15:21.619Z</time>
      </trkpt>
      <trkpt lat="31.841230000000003" lon="34.993170000000006">
        <ele>0</ele>
        <time>2026-02-28T17:15:22.619Z</time>
      </trkpt>
      <trkpt lat="31.841230000000003" lon="34.993170000000006">
        <ele>0</ele>
        <time>2026-02-28T17:15:23.619Z</time>
      </trkpt>
      <trkpt lat="31.841230000000003" lon="34.993170000000006">
        <ele>0</ele>
        <time>2026-02-28T17:15:24.619Z</time>
      </trkpt>
      <trkpt lat="31.841230000000003" lon="34.993170000000006">
        <ele>0</ele>
        <time>2026-02-28T17:15:25.619Z</time>
      </trkpt>
      <trkpt lat="31.841230000000003" lon="34.993170000000006">
        <ele>0</ele>
        <time>2026-02-28T17:15:26.619Z</time>
      </trkpt>
      <trkpt lat="31.841230000000003" lon="34.993170000000006">
        <ele>247</ele>
        <time>2026-02-28T17:15:27.619Z</time>
      </trkpt>
      <trkpt lat="31.840940000000003" lon="34.992830000000005">
        <ele>251.5</ele>
        <time>2026-02-28T17:15:28.619Z</time>
      </trkpt>
      <trkpt lat="31.840940000000003" lon="34.992830000000005">
        <ele>0</ele>
        <time>2026-02-28T17:15:29.619Z</time>
      </trkpt>
      <trkpt lat="31.840940000000003" lon="34.992830000000005">
        <ele>0</ele>
        <time>2026-02-28T17:15:30.619Z</time>
      </trkpt>
      <trkpt lat="31.840940000000003" lon="34.992830000000005">
        <ele>0</ele>
        <time>2026-02-28T17:15:31.619Z</time>
      </trkpt>
      <trkpt lat="31.840940000000003" lon="34.992830000000005">
        <ele>0</ele>
        <time>2026-02-28T17:15:32.619Z</time>
      </trkpt>
      <trkpt lat="31.840940000000003" lon="34.992830000000005">
        <ele>0</ele>
        <time>2026-02-28T17:15:33.619Z</time>
      </trkpt>
      <trkpt lat="31.840940000000003" lon="34.992830000000005">
        <ele>0</ele>
        <time>2026-02-28T17:15:34.619Z</time>
      </trkpt>
      <trkpt lat="31.840940000000003" lon="34.992830000000005">
        <ele>0</ele>
        <time>2026-02-28T17:15:35.619Z</time>
      </trkpt>
      <trkpt lat="31.840940000000003" lon="34.992830000000005">
        <ele>0</ele>
        <time>2026-02-28T17:15:36.619Z</time>
      </trkpt>
      <trkpt lat="31.840940000000003" lon="34.992830000000005">
        <ele>0</ele>
        <time>2026-02-28T17:15:37.619Z</time>
      </trkpt>
      <trkpt lat="31.840940000000003" lon="34.992830000000005">
        <ele>0</ele>
        <time>2026-02-28T17:15:38.619Z</time>
      </trkpt>
      <trkpt lat="31.840940000000003" lon="34.992830000000005">
        <ele>0</ele>
        <time>2026-02-28T17:15:39.619Z</time>
      </trkpt>
      <trkpt lat="31.840940000000003" lon="34.992830000000005">
        <ele>251.5</ele>
        <time>2026-02-28T17:15:40.619Z</time>
      </trkpt>
      <trkpt lat="31.840870000000002" lon="34.992760000000004">
        <ele>256</ele>
        <time>2026-02-28T17:15:41.619Z</time>
      </trkpt>
      <trkpt lat="31.840650000000004" lon="34.992610000000006">
        <ele>256</ele>
        <time>2026-02-28T17:15:42.619Z</time>
      </trkpt>
      <trkpt lat="31.84044" lon="34.992540000000005">
        <ele>256</ele>
        <time>2026-02-28T17:15:43.619Z</time>
      </trkpt>
      <trkpt lat="31.840360000000004" lon="34.992540000000005">
        <ele>256</ele>
        <time>2026-02-28T17:15:44.619Z</time>
      </trkpt>
      <trkpt lat="31.840360000000004" lon="34.992540000000005">
        <ele>0</ele>
        <time>2026-02-28T17:15:45.619Z</time>
      </trkpt>
      <trkpt lat="31.840360000000004" lon="34.992540000000005">
        <ele>0</ele>
        <time>2026-02-28T17:15:46.619Z</time>
      </trkpt>
      <trkpt lat="31.840360000000004" lon="34.992540000000005">
        <ele>0</ele>
        <time>2026-02-28T17:15:47.619Z</time>
      </trkpt>
      <trkpt lat="31.840360000000004" lon="34.992540000000005">
        <ele>0</ele>
        <time>2026-02-28T17:15:48.619Z</time>
      </trkpt>
      <trkpt lat="31.840360000000004" lon="34.992540000000005">
        <ele>0</ele>
        <time>2026-02-28T17:15:49.619Z</time>
      </trkpt>
      <trkpt lat="31.840360000000004" lon="34.992540000000005">
        <ele>0</ele>
        <time>2026-02-28T17:15:50.619Z</time>
      </trkpt>
      <trkpt lat="31.840360000000004" lon="34.992540000000005">
        <ele>0</ele>
        <time>2026-02-28T17:15:51.619Z</time>
      </trkpt>
      <trkpt lat="31.840360000000004" lon="34.992540000000005">
        <ele>0</ele>
        <time>2026-02-28T17:15:52.619Z</time>
      </trkpt>
      <trkpt lat="31.840360000000004" lon="34.992540000000005">
        <ele>0</ele>
        <time>2026-02-28T17:15:53.619Z</time>
      </trkpt>
      <trkpt lat="31.840360000000004" lon="34.992540000000005">
        <ele>0</ele>
        <time>2026-02-28T17:15:54.619Z</time>
      </trkpt>
      <trkpt lat="31.840360000000004" lon="34.992540000000005">
        <ele>0</ele>
        <time>2026-02-28T17:15:55.619Z</time>
      </trkpt>
      <trkpt lat="31.840360000000004" lon="34.992540000000005">
        <ele>256</ele>
        <time>2026-02-28T17:15:56.619Z</time>
      </trkpt>
      <trkpt lat="31.840260000000004" lon="34.992540000000005">
        <ele>256</ele>
        <time>2026-02-28T17:15:57.619Z</time>
      </trkpt>
      <trkpt lat="31.840260000000004" lon="34.992540000000005">
        <ele>0</ele>
        <time>2026-02-28T17:15:58.619Z</time>
      </trkpt>
      <trkpt lat="31.840260000000004" lon="34.992540000000005">
        <ele>258.5</ele>
        <time>2026-02-28T17:15:59.619Z</time>
      </trkpt>
      <trkpt lat="31.839740000000003" lon="34.99271">
        <ele>261</ele>
        <time>2026-02-28T17:16:00.619Z</time>
      </trkpt>
      <trkpt lat="31.839740000000003" lon="34.99271">
        <ele>0</ele>
        <time>2026-02-28T17:16:01.619Z</time>
      </trkpt>
      <trkpt lat="31.839740000000003" lon="34.99271">
        <ele>0</ele>
        <time>2026-02-28T17:16:02.619Z</time>
      </trkpt>
      <trkpt lat="31.839740000000003" lon="34.99271">
        <ele>0</ele>
        <time>2026-02-28T17:16:03.619Z</time>
      </trkpt>
      <trkpt lat="31.839740000000003" lon="34.99271">
        <ele>0</ele>
        <time>2026-02-28T17:16:04.619Z</time>
      </trkpt>
      <trkpt lat="31.839740000000003" lon="34.99271">
        <ele>261</ele>
        <time>2026-02-28T17:16:05.619Z</time>
      </trkpt>
      <trkpt lat="31.8395" lon="34.992810000000006">
        <ele>261</ele>
        <time>2026-02-28T17:16:06.619Z</time>
      </trkpt>
      <trkpt lat="31.83921" lon="34.992810000000006">
        <ele>267</ele>
        <time>2026-02-28T17:16:07.619Z</time>
      </trkpt>
      <trkpt lat="31.83921" lon="34.992810000000006">
        <ele>0</ele>
        <time>2026-02-28T17:16:08.619Z</time>
      </trkpt>
      <trkpt lat="31.83921" lon="34.992810000000006">
        <ele>0</ele>
        <time>2026-02-28T17:16:09.619Z</time>
      </trkpt>
      <trkpt lat="31.83921" lon="34.992810000000006">
        <ele>0</ele>
        <time>2026-02-28T17:16:10.619Z</time>
      </trkpt>
      <trkpt lat="31.83921" lon="34.992810000000006">
        <ele>0</ele>
        <time>2026-02-28T17:16:11.619Z</time>
      </trkpt>
      <trkpt lat="31.83921" lon="34.992810000000006">
        <ele>0</ele>
        <time>2026-02-28T17:16:12.619Z</time>
      </trkpt>
      <trkpt lat="31.83921" lon="34.992810000000006">
        <ele>0</ele>
        <time>2026-02-28T17:16:13.619Z</time>
      </trkpt>
      <trkpt lat="31.83921" lon="34.992810000000006">
        <ele>0</ele>
        <time>2026-02-28T17:16:14.619Z</time>
      </trkpt>
      <trkpt lat="31.83921" lon="34.992810000000006">
        <ele>0</ele>
        <time>2026-02-28T17:16:15.619Z</time>
      </trkpt>
      <trkpt lat="31.83921" lon="34.992810000000006">
        <ele>0</ele>
        <time>2026-02-28T17:16:16.619Z</time>
      </trkpt>
      <trkpt lat="31.83921" lon="34.992810000000006">
        <ele>0</ele>
        <time>2026-02-28T17:16:17.619Z</time>
      </trkpt>
      <trkpt lat="31.83921" lon="34.992810000000006">
        <ele>0</ele>
        <time>2026-02-28T17:16:18.619Z</time>
      </trkpt>
      <trkpt lat="31.83921" lon="34.992810000000006">
        <ele>267</ele>
        <time>2026-02-28T17:16:19.619Z</time>
      </trkpt>
      <trkpt lat="31.839070000000003" lon="34.99277">
        <ele>267</ele>
        <time>2026-02-28T17:16:20.619Z</time>
      </trkpt>
      <trkpt lat="31.838870000000004" lon="34.992670000000004">
        <ele>267</ele>
        <time>2026-02-28T17:16:21.619Z</time>
      </trkpt>
      <trkpt lat="31.838630000000002" lon="34.99259">
        <ele>267</ele>
        <time>2026-02-28T17:16:22.619Z</time>
      </trkpt>
      <trkpt lat="31.838630000000002" lon="34.99259">
        <ele>0</ele>
        <time>2026-02-28T17:16:23.619Z</time>
      </trkpt>
      <trkpt lat="31.838630000000002" lon="34.99259">
        <ele>0</ele>
        <time>2026-02-28T17:16:24.619Z</time>
      </trkpt>
      <trkpt lat="31.838440000000002" lon="34.99257">
        <ele>269</ele>
        <time>2026-02-28T17:16:25.619Z</time>
      </trkpt>
      <trkpt lat="31.838440000000002" lon="34.99257">
        <ele>0</ele>
        <time>2026-02-28T17:16:26.619Z</time>
      </trkpt>
      <trkpt lat="31.838440000000002" lon="34.99257">
        <ele>0</ele>
        <time>2026-02-28T17:16:27.619Z</time>
      </trkpt>
      <trkpt lat="31.838440000000002" lon="34.99257">
        <ele>0</ele>
        <time>2026-02-28T17:16:28.619Z</time>
      </trkpt>
      <trkpt lat="31.838440000000002" lon="34.99257">
        <ele>0</ele>
        <time>2026-02-28T17:16:29.619Z</time>
      </trkpt>
      <trkpt lat="31.838440000000002" lon="34.99257">
        <ele>0</ele>
        <time>2026-02-28T17:16:30.619Z</time>
      </trkpt>
      <trkpt lat="31.838440000000002" lon="34.99257">
        <ele>0</ele>
        <time>2026-02-28T17:16:31.619Z</time>
      </trkpt>
      <trkpt lat="31.838440000000002" lon="34.99257">
        <ele>0</ele>
        <time>2026-02-28T17:16:32.619Z</time>
      </trkpt>
      <trkpt lat="31.838440000000002" lon="34.99257">
        <ele>0</ele>
        <time>2026-02-28T17:16:33.619Z</time>
      </trkpt>
      <trkpt lat="31.838440000000002" lon="34.99257">
        <ele>0</ele>
        <time>2026-02-28T17:16:34.619Z</time>
      </trkpt>
      <trkpt lat="31.838440000000002" lon="34.99257">
        <ele>0</ele>
        <time>2026-02-28T17:16:35.619Z</time>
      </trkpt>
      <trkpt lat="31.838440000000002" lon="34.99257">
        <ele>0</ele>
        <time>2026-02-28T17:16:36.619Z</time>
      </trkpt>
      <trkpt lat="31.838440000000002" lon="34.99257">
        <ele>269</ele>
        <time>2026-02-28T17:16:37.619Z</time>
      </trkpt>
      <trkpt lat="31.838340000000002" lon="34.992560000000005">
        <ele>271</ele>
        <time>2026-02-28T17:16:38.619Z</time>
      </trkpt>
      <trkpt lat="31.837970000000002" lon="34.9926">
        <ele>271</ele>
        <time>2026-02-28T17:16:39.619Z</time>
      </trkpt>
      <trkpt lat="31.837970000000002" lon="34.9926">
        <ele>0</ele>
        <time>2026-02-28T17:16:40.619Z</time>
      </trkpt>
      <trkpt lat="31.837970000000002" lon="34.9926">
        <ele>0</ele>
        <time>2026-02-28T17:16:41.619Z</time>
      </trkpt>
      <trkpt lat="31.837970000000002" lon="34.9926">
        <ele>0</ele>
        <time>2026-02-28T17:16:42.619Z</time>
      </trkpt>
      <trkpt lat="31.837970000000002" lon="34.9926">
        <ele>0</ele>
        <time>2026-02-28T17:16:43.619Z</time>
      </trkpt>
      <trkpt lat="31.837970000000002" lon="34.9926">
        <ele>0</ele>
        <time>2026-02-28T17:16:44.619Z</time>
      </trkpt>
      <trkpt lat="31.837970000000002" lon="34.9926">
        <ele>0</ele>
        <time>2026-02-28T17:16:45.619Z</time>
      </trkpt>
      <trkpt lat="31.837970000000002" lon="34.9926">
        <ele>0</ele>
        <time>2026-02-28T17:16:46.619Z</time>
      </trkpt>
      <trkpt lat="31.837970000000002" lon="34.9926">
        <ele>0</ele>
        <time>2026-02-28T17:16:47.619Z</time>
      </trkpt>
      <trkpt lat="31.837970000000002" lon="34.9926">
        <ele>0</ele>
        <time>2026-02-28T17:16:48.619Z</time>
      </trkpt>
      <trkpt lat="31.837970000000002" lon="34.9926">
        <ele>0</ele>
        <time>2026-02-28T17:16:49.619Z</time>
      </trkpt>
      <trkpt lat="31.837970000000002" lon="34.9926">
        <ele>0</ele>
        <time>2026-02-28T17:16:50.619Z</time>
      </trkpt>
      <trkpt lat="31.837970000000002" lon="34.9926">
        <ele>271</ele>
        <time>2026-02-28T17:16:51.619Z</time>
      </trkpt>
      <trkpt lat="31.837500000000002" lon="34.99269">
        <ele>271.5</ele>
        <time>2026-02-28T17:16:52.619Z</time>
      </trkpt>
      <trkpt lat="31.837500000000002" lon="34.99269">
        <ele>0</ele>
        <time>2026-02-28T17:16:53.619Z</time>
      </trkpt>
      <trkpt lat="31.837500000000002" lon="34.99269">
        <ele>0</ele>
        <time>2026-02-28T17:16:54.619Z</time>
      </trkpt>
      <trkpt lat="31.837500000000002" lon="34.99269">
        <ele>0</ele>
        <time>2026-02-28T17:16:55.619Z</time>
      </trkpt>
      <trkpt lat="31.837500000000002" lon="34.99269">
        <ele>0</ele>
        <time>2026-02-28T17:16:56.619Z</time>
      </trkpt>
      <trkpt lat="31.837500000000002" lon="34.99269">
        <ele>0</ele>
        <time>2026-02-28T17:16:57.619Z</time>
      </trkpt>
      <trkpt lat="31.837500000000002" lon="34.99269">
        <ele>0</ele>
        <time>2026-02-28T17:16:58.619Z</time>
      </trkpt>
      <trkpt lat="31.837500000000002" lon="34.99269">
        <ele>0</ele>
        <time>2026-02-28T17:16:59.619Z</time>
      </trkpt>
      <trkpt lat="31.837500000000002" lon="34.99269">
        <ele>0</ele>
        <time>2026-02-28T17:17:00.619Z</time>
      </trkpt>
      <trkpt lat="31.837500000000002" lon="34.99269">
        <ele>0</ele>
        <time>2026-02-28T17:17:01.619Z</time>
      </trkpt>
      <trkpt lat="31.837500000000002" lon="34.99269">
        <ele>0</ele>
        <time>2026-02-28T17:17:02.619Z</time>
      </trkpt>
      <trkpt lat="31.837500000000002" lon="34.99269">
        <ele>0</ele>
        <time>2026-02-28T17:17:03.619Z</time>
      </trkpt>
      <trkpt lat="31.837500000000002" lon="34.99269">
        <ele>271.5</ele>
        <time>2026-02-28T17:17:04.619Z</time>
      </trkpt>
      <trkpt lat="31.837030000000002" lon="34.99277">
        <ele>272</ele>
        <time>2026-02-28T17:17:05.619Z</time>
      </trkpt>
      <trkpt lat="31.837030000000002" lon="34.99277">
        <ele>0</ele>
        <time>2026-02-28T17:17:06.619Z</time>
      </trkpt>
      <trkpt lat="31.837030000000002" lon="34.99277">
        <ele>0</ele>
        <time>2026-02-28T17:17:07.619Z</time>
      </trkpt>
      <trkpt lat="31.837030000000002" lon="34.99277">
        <ele>0</ele>
        <time>2026-02-28T17:17:08.619Z</time>
      </trkpt>
      <trkpt lat="31.837030000000002" lon="34.99277">
        <ele>0</ele>
        <time>2026-02-28T17:17:09.619Z</time>
      </trkpt>
      <trkpt lat="31.837030000000002" lon="34.99277">
        <ele>0</ele>
        <time>2026-02-28T17:17:10.619Z</time>
      </trkpt>
      <trkpt lat="31.837030000000002" lon="34.99277">
        <ele>0</ele>
        <time>2026-02-28T17:17:11.619Z</time>
      </trkpt>
      <trkpt lat="31.837030000000002" lon="34.99277">
        <ele>0</ele>
        <time>2026-02-28T17:17:12.619Z</time>
      </trkpt>
      <trkpt lat="31.837030000000002" lon="34.99277">
        <ele>0</ele>
        <time>2026-02-28T17:17:13.619Z</time>
      </trkpt>
      <trkpt lat="31.837030000000002" lon="34.99277">
        <ele>0</ele>
        <time>2026-02-28T17:17:14.619Z</time>
      </trkpt>
      <trkpt lat="31.837030000000002" lon="34.99277">
        <ele>0</ele>
        <time>2026-02-28T17:17:15.619Z</time>
      </trkpt>
      <trkpt lat="31.837030000000002" lon="34.99277">
        <ele>0</ele>
        <time>2026-02-28T17:17:16.619Z</time>
      </trkpt>
      <trkpt lat="31.837030000000002" lon="34.99277">
        <ele>272</ele>
        <time>2026-02-28T17:17:17.619Z</time>
      </trkpt>
      <trkpt lat="31.837030000000002" lon="34.99277">
        <ele>0</ele>
        <time>2026-02-28T17:17:18.619Z</time>
      </trkpt>
      <trkpt lat="31.837030000000002" lon="34.99277">
        <ele>272</ele>
        <time>2026-02-28T17:17:19.619Z</time>
      </trkpt>
      <trkpt lat="31.83676761702671" lon="34.992804069479774">
        <ele>274</ele>
        <time>2026-02-28T17:17:20.619Z</time>
      </trkpt>
      <trkpt lat="31.83676761702671" lon="34.992804069479774">
        <ele>0</ele>
        <time>2026-02-28T17:17:21.619Z</time>
      </trkpt>
      <trkpt lat="31.83676761702671" lon="34.992804069479774">
        <ele>274</ele>
        <time>2026-02-28T17:17:22.619Z</time>
      </trkpt>
      <trkpt lat="31.836830000000003" lon="34.992200000000004">
        <ele>271</ele>
        <time>2026-02-28T17:17:23.619Z</time>
      </trkpt>
      <trkpt lat="31.836830000000003" lon="34.992200000000004">
        <ele>0</ele>
        <time>2026-02-28T17:17:24.619Z</time>
      </trkpt>
      <trkpt lat="31.836830000000003" lon="34.992200000000004">
        <ele>271</ele>
        <time>2026-02-28T17:17:25.619Z</time>
      </trkpt>
      <trkpt lat="31.836943465276093" lon="34.99193791456048">
        <ele>271</ele>
        <time>2026-02-28T17:17:26.619Z</time>
      </trkpt>
      <trkpt lat="31.836943465276093" lon="34.99193791456048">
        <ele>0</ele>
        <time>2026-02-28T17:17:27.619Z</time>
      </trkpt>
      <trkpt lat="31.836943465276093" lon="34.99193791456048">
        <ele>271</ele>
        <time>2026-02-28T17:17:28.619Z</time>
      </trkpt>
      <trkpt lat="31.837080000000004" lon="34.991350000000004">
        <ele>267</ele>
        <time>2026-02-28T17:17:29.619Z</time>
      </trkpt>
      <trkpt lat="31.837080000000004" lon="34.991350000000004">
        <ele>0</ele>
        <time>2026-02-28T17:17:30.619Z</time>
      </trkpt>
      <trkpt lat="31.837080000000004" lon="34.991350000000004">
        <ele>267</ele>
        <time>2026-02-28T17:17:31.619Z</time>
      </trkpt>
      <trkpt lat="31.837088006002432" lon="34.99134353785422">
        <ele>267</ele>
        <time>2026-02-28T17:17:32.619Z</time>
      </trkpt>
      <trkpt lat="31.837088006002432" lon="34.99134353785422">
        <ele>0</ele>
        <time>2026-02-28T17:17:33.619Z</time>
      </trkpt>
      <trkpt lat="31.837088006002432" lon="34.99134353785422">
        <ele>267</ele>
        <time>2026-02-28T17:17:34.619Z</time>
      </trkpt>
      <trkpt lat="31.837277398626625" lon="34.99111360628663">
        <ele>267</ele>
        <time>2026-02-28T17:17:35.619Z</time>
      </trkpt>
      <trkpt lat="31.837277398626625" lon="34.99111360628663">
        <ele>0</ele>
        <time>2026-02-28T17:17:36.619Z</time>
      </trkpt>
      <trkpt lat="31.837277398626625" lon="34.99111360628663">
        <ele>267</ele>
        <time>2026-02-28T17:17:37.619Z</time>
      </trkpt>
      <trkpt lat="31.837446655445532" lon="34.990923862091165">
        <ele>264.5</ele>
        <time>2026-02-28T17:17:38.619Z</time>
      </trkpt>
      <trkpt lat="31.837446655445532" lon="34.990923862091165">
        <ele>0</ele>
        <time>2026-02-28T17:17:39.619Z</time>
      </trkpt>
      <trkpt lat="31.837446655445532" lon="34.990923862091165">
        <ele>264.5</ele>
        <time>2026-02-28T17:17:40.619Z</time>
      </trkpt>
      <trkpt lat="31.837607852126794" lon="34.99075309231637">
        <ele>264.5</ele>
        <time>2026-02-28T17:17:41.619Z</time>
      </trkpt>
      <trkpt lat="31.837607852126794" lon="34.99075309231637">
        <ele>0</ele>
        <time>2026-02-28T17:17:42.619Z</time>
      </trkpt>
      <trkpt lat="31.837607852126794" lon="34.99075309231637">
        <ele>264.5</ele>
        <time>2026-02-28T17:17:43.619Z</time>
      </trkpt>
      <trkpt lat="31.837850000000003" lon="34.990320000000004">
        <ele>262</ele>
        <time>2026-02-28T17:17:44.619Z</time>
      </trkpt>
      <trkpt lat="31.837850000000003" lon="34.990320000000004">
        <ele>0</ele>
        <time>2026-02-28T17:17:45.619Z</time>
      </trkpt>
      <trkpt lat="31.837850000000003" lon="34.990320000000004">
        <ele>0</ele>
        <time>2026-02-28T17:17:46.619Z</time>
      </trkpt>
      <trkpt lat="31.837850000000003" lon="34.990320000000004">
        <ele>0</ele>
        <time>2026-02-28T17:17:47.619Z</time>
      </trkpt>
      <trkpt lat="31.837850000000003" lon="34.990320000000004">
        <ele>0</ele>
        <time>2026-02-28T17:17:48.619Z</time>
      </trkpt>
      <trkpt lat="31.837850000000003" lon="34.990320000000004">
        <ele>0</ele>
        <time>2026-02-28T17:17:49.619Z</time>
      </trkpt>
      <trkpt lat="31.837850000000003" lon="34.990320000000004">
        <ele>262</ele>
        <time>2026-02-28T17:17:50.619Z</time>
      </trkpt>
      <trkpt lat="31.837840000000003" lon="34.99011">
        <ele>262</ele>
        <time>2026-02-28T17:17:51.619Z</time>
      </trkpt>
      <trkpt lat="31.83781" lon="34.990010000000005">
        <ele>262</ele>
        <time>2026-02-28T17:17:52.619Z</time>
      </trkpt>
      <trkpt lat="31.83771" lon="34.98986">
        <ele>264</ele>
        <time>2026-02-28T17:17:53.619Z</time>
      </trkpt>
      <trkpt lat="31.83771" lon="34.98986">
        <ele>0</ele>
        <time>2026-02-28T17:17:54.619Z</time>
      </trkpt>
      <trkpt lat="31.83771" lon="34.98986">
        <ele>0</ele>
        <time>2026-02-28T17:17:55.619Z</time>
      </trkpt>
      <trkpt lat="31.83771" lon="34.98986">
        <ele>0</ele>
        <time>2026-02-28T17:17:56.619Z</time>
      </trkpt>
      <trkpt lat="31.83771" lon="34.98986">
        <ele>0</ele>
        <time>2026-02-28T17:17:57.619Z</time>
      </trkpt>
      <trkpt lat="31.83771" lon="34.98986">
        <ele>0</ele>
        <time>2026-02-28T17:17:58.619Z</time>
      </trkpt>
      <trkpt lat="31.83771" lon="34.98986">
        <ele>0</ele>
        <time>2026-02-28T17:17:59.619Z</time>
      </trkpt>
      <trkpt lat="31.83771" lon="34.98986">
        <ele>0</ele>
        <time>2026-02-28T17:18:00.619Z</time>
      </trkpt>
      <trkpt lat="31.83771" lon="34.98986">
        <ele>0</ele>
        <time>2026-02-28T17:18:01.619Z</time>
      </trkpt>
      <trkpt lat="31.83771" lon="34.98986">
        <ele>0</ele>
        <time>2026-02-28T17:18:02.619Z</time>
      </trkpt>
      <trkpt lat="31.83771" lon="34.98986">
        <ele>0</ele>
        <time>2026-02-28T17:18:03.619Z</time>
      </trkpt>
      <trkpt lat="31.83771" lon="34.98986">
        <ele>0</ele>
        <time>2026-02-28T17:18:04.619Z</time>
      </trkpt>
      <trkpt lat="31.83771" lon="34.98986">
        <ele>264</ele>
        <time>2026-02-28T17:18:05.619Z</time>
      </trkpt>
      <trkpt lat="31.837540000000004" lon="34.989670000000004">
        <ele>271</ele>
        <time>2026-02-28T17:18:06.619Z</time>
      </trkpt>
      <trkpt lat="31.837540000000004" lon="34.989670000000004">
        <ele>0</ele>
        <time>2026-02-28T17:18:07.619Z</time>
      </trkpt>
      <trkpt lat="31.837540000000004" lon="34.989670000000004">
        <ele>0</ele>
        <time>2026-02-28T17:18:08.619Z</time>
      </trkpt>
      <trkpt lat="31.837360000000004" lon="34.98951">
        <ele>271</ele>
        <time>2026-02-28T17:18:09.619Z</time>
      </trkpt>
      <trkpt lat="31.837360000000004" lon="34.98951">
        <ele>0</ele>
        <time>2026-02-28T17:18:10.619Z</time>
      </trkpt>
      <trkpt lat="31.837360000000004" lon="34.98951">
        <ele>0</ele>
        <time>2026-02-28T17:18:11.619Z</time>
      </trkpt>
      <trkpt lat="31.837360000000004" lon="34.98951">
        <ele>0</ele>
        <time>2026-02-28T17:18:12.619Z</time>
      </trkpt>
      <trkpt lat="31.837360000000004" lon="34.98951">
        <ele>0</ele>
        <time>2026-02-28T17:18:13.619Z</time>
      </trkpt>
      <trkpt lat="31.837360000000004" lon="34.98951">
        <ele>0</ele>
        <time>2026-02-28T17:18:14.619Z</time>
      </trkpt>
      <trkpt lat="31.837360000000004" lon="34.98951">
        <ele>0</ele>
        <time>2026-02-28T17:18:15.619Z</time>
      </trkpt>
      <trkpt lat="31.837360000000004" lon="34.98951">
        <ele>0</ele>
        <time>2026-02-28T17:18:16.619Z</time>
      </trkpt>
      <trkpt lat="31.837360000000004" lon="34.98951">
        <ele>0</ele>
        <time>2026-02-28T17:18:17.619Z</time>
      </trkpt>
      <trkpt lat="31.837360000000004" lon="34.98951">
        <ele>0</ele>
        <time>2026-02-28T17:18:18.619Z</time>
      </trkpt>
      <trkpt lat="31.837360000000004" lon="34.98951">
        <ele>0</ele>
        <time>2026-02-28T17:18:19.619Z</time>
      </trkpt>
      <trkpt lat="31.837360000000004" lon="34.98951">
        <ele>0</ele>
        <time>2026-02-28T17:18:20.619Z</time>
      </trkpt>
      <trkpt lat="31.837360000000004" lon="34.98951">
        <ele>271</ele>
        <time>2026-02-28T17:18:21.619Z</time>
      </trkpt>
      <trkpt lat="31.837070000000004" lon="34.989270000000005">
        <ele>271</ele>
        <time>2026-02-28T17:18:22.619Z</time>
      </trkpt>
      <trkpt lat="31.836900000000004" lon="34.98919">
        <ele>271</ele>
        <time>2026-02-28T17:18:23.619Z</time>
      </trkpt>
      <trkpt lat="31.836840000000002" lon="34.98919">
        <ele>271</ele>
        <time>2026-02-28T17:18:24.619Z</time>
      </trkpt>
      <trkpt lat="31.836840000000002" lon="34.98919">
        <ele>0</ele>
        <time>2026-02-28T17:18:25.619Z</time>
      </trkpt>
      <trkpt lat="31.836840000000002" lon="34.98919">
        <ele>0</ele>
        <time>2026-02-28T17:18:26.619Z</time>
      </trkpt>
      <trkpt lat="31.836840000000002" lon="34.98919">
        <ele>0</ele>
        <time>2026-02-28T17:18:27.619Z</time>
      </trkpt>
      <trkpt lat="31.836840000000002" lon="34.98919">
        <ele>0</ele>
        <time>2026-02-28T17:18:28.619Z</time>
      </trkpt>
      <trkpt lat="31.836840000000002" lon="34.98919">
        <ele>0</ele>
        <time>2026-02-28T17:18:29.619Z</time>
      </trkpt>
      <trkpt lat="31.836840000000002" lon="34.98919">
        <ele>271</ele>
        <time>2026-02-28T17:18:30.619Z</time>
      </trkpt>
      <trkpt lat="31.83662454798842" lon="34.98926360038405">
        <ele>277</ele>
        <time>2026-02-28T17:18:31.619Z</time>
      </trkpt>
      <trkpt lat="31.83662454798842" lon="34.98926360038405">
        <ele>0</ele>
        <time>2026-02-28T17:18:32.619Z</time>
      </trkpt>
      <trkpt lat="31.83662454798842" lon="34.98926360038405">
        <ele>277</ele>
        <time>2026-02-28T17:18:33.619Z</time>
      </trkpt>
      <trkpt lat="31.836406930083058" lon="34.98934898527148">
        <ele>277</ele>
        <time>2026-02-28T17:18:34.619Z</time>
      </trkpt>
      <trkpt lat="31.836406930083058" lon="34.98934898527148">
        <ele>0</ele>
        <time>2026-02-28T17:18:35.619Z</time>
      </trkpt>
      <trkpt lat="31.836406930083058" lon="34.98934898527148">
        <ele>277</ele>
        <time>2026-02-28T17:18:36.619Z</time>
      </trkpt>
      <trkpt lat="31.836076472282173" lon="34.9893774469017">
        <ele>277</ele>
        <time>2026-02-28T17:18:37.619Z</time>
      </trkpt>
      <trkpt lat="31.836076472282173" lon="34.9893774469017">
        <ele>0</ele>
        <time>2026-02-28T17:18:38.619Z</time>
      </trkpt>
      <trkpt lat="31.836076472282173" lon="34.9893774469017">
        <ele>277</ele>
        <time>2026-02-28T17:18:39.619Z</time>
      </trkpt>
      <trkpt lat="31.83568959335227" lon="34.9894153957398">
        <ele>276.5</ele>
        <time>2026-02-28T17:18:40.619Z</time>
      </trkpt>
      <trkpt lat="31.83568959335227" lon="34.9894153957398">
        <ele>0</ele>
        <time>2026-02-28T17:18:41.619Z</time>
      </trkpt>
      <trkpt lat="31.83568959335227" lon="34.9894153957398">
        <ele>276.5</ele>
        <time>2026-02-28T17:18:42.619Z</time>
      </trkpt>
      <trkpt lat="31.835544513335563" lon="34.989434370160524">
        <ele>276.5</ele>
        <time>2026-02-28T17:18:43.619Z</time>
      </trkpt>
      <trkpt lat="31.835544513335563" lon="34.989434370160524">
        <ele>0</ele>
        <time>2026-02-28T17:18:44.619Z</time>
      </trkpt>
      <trkpt lat="31.835544513335563" lon="34.989434370160524">
        <ele>276.5</ele>
        <time>2026-02-28T17:18:45.619Z</time>
      </trkpt>
      <trkpt lat="31.835367193005496" lon="34.98948180620815">
        <ele>276.5</ele>
        <time>2026-02-28T17:18:46.619Z</time>
      </trkpt>
      <trkpt lat="31.835367193005496" lon="34.98948180620815">
        <ele>0</ele>
        <time>2026-02-28T17:18:47.619Z</time>
      </trkpt>
      <trkpt lat="31.835367193005496" lon="34.98948180620815">
        <ele>276.5</ele>
        <time>2026-02-28T17:18:48.619Z</time>
      </trkpt>
      <trkpt lat="31.835012551336945" lon="34.9894628317989">
        <ele>274</ele>
        <time>2026-02-28T17:18:49.619Z</time>
      </trkpt>
      <trkpt lat="31.835012551336945" lon="34.9894628317989">
        <ele>0</ele>
        <time>2026-02-28T17:18:50.619Z</time>
      </trkpt>
      <trkpt lat="31.835012551336945" lon="34.9894628317989">
        <ele>274</ele>
        <time>2026-02-28T17:18:51.619Z</time>
      </trkpt>
      <trkpt lat="31.83465790829169" lon="34.98958616552608">
        <ele>272</ele>
        <time>2026-02-28T17:18:52.619Z</time>
      </trkpt>
      <trkpt lat="31.83465790829169" lon="34.98958616552608">
        <ele>0</ele>
        <time>2026-02-28T17:18:53.619Z</time>
      </trkpt>
      <trkpt lat="31.83465790829169" lon="34.98958616552608">
        <ele>272</ele>
        <time>2026-02-28T17:18:54.619Z</time>
      </trkpt>
      <trkpt lat="31.83438386499752" lon="34.98968103761845">
        <ele>268</ele>
        <time>2026-02-28T17:18:55.619Z</time>
      </trkpt>
      <trkpt lat="31.83438386499752" lon="34.98968103761845">
        <ele>0</ele>
        <time>2026-02-28T17:18:56.619Z</time>
      </trkpt>
      <trkpt lat="31.83438386499752" lon="34.98968103761845">
        <ele>268</ele>
        <time>2026-02-28T17:18:57.619Z</time>
      </trkpt>
      <trkpt lat="31.834270000000004" lon="34.98996">
        <ele>271.5</ele>
        <time>2026-02-28T17:18:58.619Z</time>
      </trkpt>
      <trkpt lat="31.834270000000004" lon="34.98996">
        <ele>0</ele>
        <time>2026-02-28T17:18:59.619Z</time>
      </trkpt>
      <trkpt lat="31.834270000000004" lon="34.98996">
        <ele>271.5</ele>
        <time>2026-02-28T17:19:00.619Z</time>
      </trkpt>
      <trkpt lat="31.8340775803608" lon="34.9901459108969">
        <ele>271.5</ele>
        <time>2026-02-28T17:19:01.619Z</time>
      </trkpt>
      <trkpt lat="31.8340775803608" lon="34.9901459108969">
        <ele>0</ele>
        <time>2026-02-28T17:19:02.619Z</time>
      </trkpt>
      <trkpt lat="31.8340775803608" lon="34.9901459108969">
        <ele>271.5</ele>
        <time>2026-02-28T17:19:03.619Z</time>
      </trkpt>
      <trkpt lat="31.833910000000003" lon="34.990260000000006">
        <ele>271</ele>
        <time>2026-02-28T17:19:04.619Z</time>
      </trkpt>
      <trkpt lat="31.833910000000003" lon="34.990260000000006">
        <ele>0</ele>
        <time>2026-02-28T17:19:05.619Z</time>
      </trkpt>
      <trkpt lat="31.833910000000003" lon="34.990260000000006">
        <ele>0</ele>
        <time>2026-02-28T17:19:06.619Z</time>
      </trkpt>
      <trkpt lat="31.833910000000003" lon="34.990260000000006">
        <ele>0</ele>
        <time>2026-02-28T17:19:07.619Z</time>
      </trkpt>
      <trkpt lat="31.833910000000003" lon="34.990260000000006">
        <ele>0</ele>
        <time>2026-02-28T17:19:08.619Z</time>
      </trkpt>
      <trkpt lat="31.833910000000003" lon="34.990260000000006">
        <ele>271</ele>
        <time>2026-02-28T17:19:09.619Z</time>
      </trkpt>
      <trkpt lat="31.83367" lon="34.990480000000005">
        <ele>271</ele>
        <time>2026-02-28T17:19:10.619Z</time>
      </trkpt>
      <trkpt lat="31.833560000000002" lon="34.9906">
        <ele>278</ele>
        <time>2026-02-28T17:19:11.619Z</time>
      </trkpt>
      <trkpt lat="31.833560000000002" lon="34.9906">
        <ele>0</ele>
        <time>2026-02-28T17:19:12.619Z</time>
      </trkpt>
      <trkpt lat="31.833560000000002" lon="34.9906">
        <ele>0</ele>
        <time>2026-02-28T17:19:13.619Z</time>
      </trkpt>
      <trkpt lat="31.833560000000002" lon="34.9906">
        <ele>0</ele>
        <time>2026-02-28T17:19:14.619Z</time>
      </trkpt>
      <trkpt lat="31.833560000000002" lon="34.9906">
        <ele>0</ele>
        <time>2026-02-28T17:19:15.619Z</time>
      </trkpt>
      <trkpt lat="31.833560000000002" lon="34.9906">
        <ele>0</ele>
        <time>2026-02-28T17:19:16.619Z</time>
      </trkpt>
      <trkpt lat="31.833560000000002" lon="34.9906">
        <ele>0</ele>
        <time>2026-02-28T17:19:17.619Z</time>
      </trkpt>
      <trkpt lat="31.833560000000002" lon="34.9906">
        <ele>0</ele>
        <time>2026-02-28T17:19:18.619Z</time>
      </trkpt>
      <trkpt lat="31.833560000000002" lon="34.9906">
        <ele>0</ele>
        <time>2026-02-28T17:19:19.619Z</time>
      </trkpt>
      <trkpt lat="31.833560000000002" lon="34.9906">
        <ele>0</ele>
        <time>2026-02-28T17:19:20.619Z</time>
      </trkpt>
      <trkpt lat="31.833560000000002" lon="34.9906">
        <ele>0</ele>
        <time>2026-02-28T17:19:21.619Z</time>
      </trkpt>
      <trkpt lat="31.833560000000002" lon="34.9906">
        <ele>0</ele>
        <time>2026-02-28T17:19:22.619Z</time>
      </trkpt>
      <trkpt lat="31.833560000000002" lon="34.9906">
        <ele>278</ele>
        <time>2026-02-28T17:19:23.619Z</time>
      </trkpt>
      <trkpt lat="31.8333" lon="34.9909">
        <ele>285</ele>
        <time>2026-02-28T17:19:24.619Z</time>
      </trkpt>
      <trkpt lat="31.833140000000004" lon="34.991">
        <ele>285</ele>
        <time>2026-02-28T17:19:25.619Z</time>
      </trkpt>
      <trkpt lat="31.833140000000004" lon="34.991">
        <ele>0</ele>
        <time>2026-02-28T17:19:26.619Z</time>
      </trkpt>
      <trkpt lat="31.833140000000004" lon="34.991">
        <ele>0</ele>
        <time>2026-02-28T17:19:27.619Z</time>
      </trkpt>
      <trkpt lat="31.833140000000004" lon="34.991">
        <ele>0</ele>
        <time>2026-02-28T17:19:28.619Z</time>
      </trkpt>
      <trkpt lat="31.833140000000004" lon="34.991">
        <ele>0</ele>
        <time>2026-02-28T17:19:29.619Z</time>
      </trkpt>
      <trkpt lat="31.833140000000004" lon="34.991">
        <ele>0</ele>
        <time>2026-02-28T17:19:30.619Z</time>
      </trkpt>
      <trkpt lat="31.833140000000004" lon="34.991">
        <ele>0</ele>
        <time>2026-02-28T17:19:31.619Z</time>
      </trkpt>
      <trkpt lat="31.833140000000004" lon="34.991">
        <ele>0</ele>
        <time>2026-02-28T17:19:32.619Z</time>
      </trkpt>
      <trkpt lat="31.833140000000004" lon="34.991">
        <ele>0</ele>
        <time>2026-02-28T17:19:33.619Z</time>
      </trkpt>
      <trkpt lat="31.833140000000004" lon="34.991">
        <ele>0</ele>
        <time>2026-02-28T17:19:34.619Z</time>
      </trkpt>
      <trkpt lat="31.833140000000004" lon="34.991">
        <ele>0</ele>
        <time>2026-02-28T17:19:35.619Z</time>
      </trkpt>
      <trkpt lat="31.833140000000004" lon="34.991">
        <ele>0</ele>
        <time>2026-02-28T17:19:36.619Z</time>
      </trkpt>
      <trkpt lat="31.833140000000004" lon="34.991">
        <ele>285</ele>
        <time>2026-02-28T17:19:37.619Z</time>
      </trkpt>
      <trkpt lat="31.833140000000004" lon="34.991">
        <ele>0</ele>
        <time>2026-02-28T17:19:38.619Z</time>
      </trkpt>
      <trkpt lat="31.833140000000004" lon="34.991">
        <ele>0</ele>
        <time>2026-02-28T17:19:39.619Z</time>
      </trkpt>
      <trkpt lat="31.832990000000002" lon="34.991110000000006">
        <ele>285</ele>
        <time>2026-02-28T17:19:40.619Z</time>
      </trkpt>
      <trkpt lat="31.832610000000003" lon="34.99121">
        <ele>286</ele>
        <time>2026-02-28T17:19:41.619Z</time>
      </trkpt>
      <trkpt lat="31.832380000000004" lon="34.99123">
        <ele>286</ele>
        <time>2026-02-28T17:19:42.619Z</time>
      </trkpt>
      <trkpt lat="31.832380000000004" lon="34.99123">
        <ele>0</ele>
        <time>2026-02-28T17:19:43.619Z</time>
      </trkpt>
      <trkpt lat="31.832380000000004" lon="34.99123">
        <ele>0</ele>
        <time>2026-02-28T17:19:44.619Z</time>
      </trkpt>
      <trkpt lat="31.832380000000004" lon="34.99123">
        <ele>0</ele>
        <time>2026-02-28T17:19:45.619Z</time>
      </trkpt>
      <trkpt lat="31.832380000000004" lon="34.99123">
        <ele>0</ele>
        <time>2026-02-28T17:19:46.619Z</time>
      </trkpt>
      <trkpt lat="31.832380000000004" lon="34.99123">
        <ele>0</ele>
        <time>2026-02-28T17:19:47.619Z</time>
      </trkpt>
      <trkpt lat="31.832380000000004" lon="34.99123">
        <ele>0</ele>
        <time>2026-02-28T17:19:48.619Z</time>
      </trkpt>
      <trkpt lat="31.832380000000004" lon="34.99123">
        <ele>0</ele>
        <time>2026-02-28T17:19:49.619Z</time>
      </trkpt>
      <trkpt lat="31.832380000000004" lon="34.99123">
        <ele>0</ele>
        <time>2026-02-28T17:19:50.619Z</time>
      </trkpt>
      <trkpt lat="31.832380000000004" lon="34.99123">
        <ele>0</ele>
        <time>2026-02-28T17:19:51.619Z</time>
      </trkpt>
      <trkpt lat="31.832380000000004" lon="34.99123">
        <ele>0</ele>
        <time>2026-02-28T17:19:52.619Z</time>
      </trkpt>
      <trkpt lat="31.832380000000004" lon="34.99123">
        <ele>0</ele>
        <time>2026-02-28T17:19:53.619Z</time>
      </trkpt>
      <trkpt lat="31.832380000000004" lon="34.99123">
        <ele>286</ele>
        <time>2026-02-28T17:19:54.619Z</time>
      </trkpt>
      <trkpt lat="31.832150000000002" lon="34.991260000000004">
        <ele>286</ele>
        <time>2026-02-28T17:19:55.619Z</time>
      </trkpt>
      <trkpt lat="31.831740000000003" lon="34.991400000000006">
        <ele>280</ele>
        <time>2026-02-28T17:19:56.619Z</time>
      </trkpt>
      <trkpt lat="31.831740000000003" lon="34.991400000000006">
        <ele>0</ele>
        <time>2026-02-28T17:19:57.619Z</time>
      </trkpt>
      <trkpt lat="31.831740000000003" lon="34.991400000000006">
        <ele>0</ele>
        <time>2026-02-28T17:19:58.619Z</time>
      </trkpt>
      <trkpt lat="31.831740000000003" lon="34.991400000000006">
        <ele>0</ele>
        <time>2026-02-28T17:19:59.619Z</time>
      </trkpt>
      <trkpt lat="31.831740000000003" lon="34.991400000000006">
        <ele>0</ele>
        <time>2026-02-28T17:20:00.619Z</time>
      </trkpt>
      <trkpt lat="31.831740000000003" lon="34.991400000000006">
        <ele>0</ele>
        <time>2026-02-28T17:20:01.619Z</time>
      </trkpt>
      <trkpt lat="31.831740000000003" lon="34.991400000000006">
        <ele>0</ele>
        <time>2026-02-28T17:20:02.619Z</time>
      </trkpt>
      <trkpt lat="31.831740000000003" lon="34.991400000000006">
        <ele>0</ele>
        <time>2026-02-28T17:20:03.619Z</time>
      </trkpt>
      <trkpt lat="31.831740000000003" lon="34.991400000000006">
        <ele>0</ele>
        <time>2026-02-28T17:20:04.619Z</time>
      </trkpt>
      <trkpt lat="31.831740000000003" lon="34.991400000000006">
        <ele>0</ele>
        <time>2026-02-28T17:20:05.619Z</time>
      </trkpt>
      <trkpt lat="31.831740000000003" lon="34.991400000000006">
        <ele>0</ele>
        <time>2026-02-28T17:20:06.619Z</time>
      </trkpt>
      <trkpt lat="31.831740000000003" lon="34.991400000000006">
        <ele>0</ele>
        <time>2026-02-28T17:20:07.619Z</time>
      </trkpt>
      <trkpt lat="31.831740000000003" lon="34.991400000000006">
        <ele>280</ele>
        <time>2026-02-28T17:20:08.619Z</time>
      </trkpt>
      <trkpt lat="31.831490000000002" lon="34.991550000000004">
        <ele>280</ele>
        <time>2026-02-28T17:20:09.619Z</time>
      </trkpt>
      <trkpt lat="31.831380000000003" lon="34.99185">
        <ele>286.5</ele>
        <time>2026-02-28T17:20:10.619Z</time>
      </trkpt>
      <trkpt lat="31.831380000000003" lon="34.99185">
        <ele>0</ele>
        <time>2026-02-28T17:20:11.619Z</time>
      </trkpt>
      <trkpt lat="31.831380000000003" lon="34.99185">
        <ele>0</ele>
        <time>2026-02-28T17:20:12.619Z</time>
      </trkpt>
      <trkpt lat="31.831380000000003" lon="34.99185">
        <ele>0</ele>
        <time>2026-02-28T17:20:13.619Z</time>
      </trkpt>
      <trkpt lat="31.831380000000003" lon="34.99185">
        <ele>0</ele>
        <time>2026-02-28T17:20:14.619Z</time>
      </trkpt>
      <trkpt lat="31.831380000000003" lon="34.99185">
        <ele>0</ele>
        <time>2026-02-28T17:20:15.619Z</time>
      </trkpt>
      <trkpt lat="31.831380000000003" lon="34.99185">
        <ele>0</ele>
        <time>2026-02-28T17:20:16.619Z</time>
      </trkpt>
      <trkpt lat="31.831380000000003" lon="34.99185">
        <ele>0</ele>
        <time>2026-02-28T17:20:17.619Z</time>
      </trkpt>
      <trkpt lat="31.831380000000003" lon="34.99185">
        <ele>0</ele>
        <time>2026-02-28T17:20:18.619Z</time>
      </trkpt>
      <trkpt lat="31.831380000000003" lon="34.99185">
        <ele>0</ele>
        <time>2026-02-28T17:20:19.619Z</time>
      </trkpt>
      <trkpt lat="31.831380000000003" lon="34.99185">
        <ele>0</ele>
        <time>2026-02-28T17:20:20.619Z</time>
      </trkpt>
      <trkpt lat="31.831380000000003" lon="34.99185">
        <ele>0</ele>
        <time>2026-02-28T17:20:21.619Z</time>
      </trkpt>
      <trkpt lat="31.831380000000003" lon="34.99185">
        <ele>0</ele>
        <time>2026-02-28T17:20:22.619Z</time>
      </trkpt>
      <trkpt lat="31.831380000000003" lon="34.99185">
        <ele>0</ele>
        <time>2026-02-28T17:20:23.619Z</time>
      </trkpt>
      <trkpt lat="31.831380000000003" lon="34.99185">
        <ele>286.5</ele>
        <time>2026-02-28T17:20:24.619Z</time>
      </trkpt>
      <trkpt lat="31.831300000000002" lon="34.99206">
        <ele>293</ele>
        <time>2026-02-28T17:20:25.619Z</time>
      </trkpt>
      <trkpt lat="31.831070000000004" lon="34.992430000000006">
        <ele>288</ele>
        <time>2026-02-28T17:20:26.619Z</time>
      </trkpt>
      <trkpt lat="31.831070000000004" lon="34.992430000000006">
        <ele>0</ele>
        <time>2026-02-28T17:20:27.619Z</time>
      </trkpt>
      <trkpt lat="31.831070000000004" lon="34.992430000000006">
        <ele>0</ele>
        <time>2026-02-28T17:20:28.619Z</time>
      </trkpt>
      <trkpt lat="31.831070000000004" lon="34.992430000000006">
        <ele>0</ele>
        <time>2026-02-28T17:20:29.619Z</time>
      </trkpt>
      <trkpt lat="31.831070000000004" lon="34.992430000000006">
        <ele>0</ele>
        <time>2026-02-28T17:20:30.619Z</time>
      </trkpt>
      <trkpt lat="31.831070000000004" lon="34.992430000000006">
        <ele>0</ele>
        <time>2026-02-28T17:20:31.619Z</time>
      </trkpt>
      <trkpt lat="31.831070000000004" lon="34.992430000000006">
        <ele>0</ele>
        <time>2026-02-28T17:20:32.619Z</time>
      </trkpt>
      <trkpt lat="31.831070000000004" lon="34.992430000000006">
        <ele>0</ele>
        <time>2026-02-28T17:20:33.619Z</time>
      </trkpt>
      <trkpt lat="31.831070000000004" lon="34.992430000000006">
        <ele>0</ele>
        <time>2026-02-28T17:20:34.619Z</time>
      </trkpt>
      <trkpt lat="31.831070000000004" lon="34.992430000000006">
        <ele>0</ele>
        <time>2026-02-28T17:20:35.619Z</time>
      </trkpt>
      <trkpt lat="31.831070000000004" lon="34.992430000000006">
        <ele>0</ele>
        <time>2026-02-28T17:20:36.619Z</time>
      </trkpt>
      <trkpt lat="31.831070000000004" lon="34.992430000000006">
        <ele>0</ele>
        <time>2026-02-28T17:20:37.619Z</time>
      </trkpt>
      <trkpt lat="31.831070000000004" lon="34.992430000000006">
        <ele>288</ele>
        <time>2026-02-28T17:20:38.619Z</time>
      </trkpt>
      <trkpt lat="31.830710000000003" lon="34.992990000000006">
        <ele>288</ele>
        <time>2026-02-28T17:20:39.619Z</time>
      </trkpt>
      <trkpt lat="31.830710000000003" lon="34.992990000000006">
        <ele>0</ele>
        <time>2026-02-28T17:20:40.619Z</time>
      </trkpt>
      <trkpt lat="31.830710000000003" lon="34.992990000000006">
        <ele>0</ele>
        <time>2026-02-28T17:20:41.619Z</time>
      </trkpt>
      <trkpt lat="31.830710000000003" lon="34.992990000000006">
        <ele>0</ele>
        <time>2026-02-28T17:20:42.619Z</time>
      </trkpt>
      <trkpt lat="31.830710000000003" lon="34.992990000000006">
        <ele>0</ele>
        <time>2026-02-28T17:20:43.619Z</time>
      </trkpt>
      <trkpt lat="31.830710000000003" lon="34.992990000000006">
        <ele>0</ele>
        <time>2026-02-28T17:20:44.619Z</time>
      </trkpt>
      <trkpt lat="31.830710000000003" lon="34.992990000000006">
        <ele>0</ele>
        <time>2026-02-28T17:20:45.619Z</time>
      </trkpt>
      <trkpt lat="31.830710000000003" lon="34.992990000000006">
        <ele>0</ele>
        <time>2026-02-28T17:20:46.619Z</time>
      </trkpt>
      <trkpt lat="31.830710000000003" lon="34.992990000000006">
        <ele>0</ele>
        <time>2026-02-28T17:20:47.619Z</time>
      </trkpt>
      <trkpt lat="31.830710000000003" lon="34.992990000000006">
        <ele>0</ele>
        <time>2026-02-28T17:20:48.619Z</time>
      </trkpt>
      <trkpt lat="31.830710000000003" lon="34.992990000000006">
        <ele>0</ele>
        <time>2026-02-28T17:20:49.619Z</time>
      </trkpt>
      <trkpt lat="31.830710000000003" lon="34.992990000000006">
        <ele>0</ele>
        <time>2026-02-28T17:20:50.619Z</time>
      </trkpt>
      <trkpt lat="31.830710000000003" lon="34.992990000000006">
        <ele>288</ele>
        <time>2026-02-28T17:20:51.619Z</time>
      </trkpt>
      <trkpt lat="31.83066" lon="34.99306">
        <ele>283</ele>
        <time>2026-02-28T17:20:52.619Z</time>
      </trkpt>
      <trkpt lat="31.830550000000002" lon="34.99342">
        <ele>277</ele>
        <time>2026-02-28T17:20:53.619Z</time>
      </trkpt>
      <trkpt lat="31.830410000000004" lon="34.993610000000004">
        <ele>277</ele>
        <time>2026-02-28T17:20:54.619Z</time>
      </trkpt>
      <trkpt lat="31.830410000000004" lon="34.993610000000004">
        <ele>0</ele>
        <time>2026-02-28T17:20:55.619Z</time>
      </trkpt>
      <trkpt lat="31.830410000000004" lon="34.993610000000004">
        <ele>0</ele>
        <time>2026-02-28T17:20:56.619Z</time>
      </trkpt>
      <trkpt lat="31.830410000000004" lon="34.993610000000004">
        <ele>0</ele>
        <time>2026-02-28T17:20:57.619Z</time>
      </trkpt>
      <trkpt lat="31.830410000000004" lon="34.993610000000004">
        <ele>0</ele>
        <time>2026-02-28T17:20:58.619Z</time>
      </trkpt>
      <trkpt lat="31.830410000000004" lon="34.993610000000004">
        <ele>0</ele>
        <time>2026-02-28T17:20:59.619Z</time>
      </trkpt>
      <trkpt lat="31.830410000000004" lon="34.993610000000004">
        <ele>0</ele>
        <time>2026-02-28T17:21:00.619Z</time>
      </trkpt>
      <trkpt lat="31.830410000000004" lon="34.993610000000004">
        <ele>0</ele>
        <time>2026-02-28T17:21:01.619Z</time>
      </trkpt>
      <trkpt lat="31.830410000000004" lon="34.993610000000004">
        <ele>0</ele>
        <time>2026-02-28T17:21:02.619Z</time>
      </trkpt>
      <trkpt lat="31.830410000000004" lon="34.993610000000004">
        <ele>0</ele>
        <time>2026-02-28T17:21:03.619Z</time>
      </trkpt>
      <trkpt lat="31.830410000000004" lon="34.993610000000004">
        <ele>0</ele>
        <time>2026-02-28T17:21:04.619Z</time>
      </trkpt>
      <trkpt lat="31.830410000000004" lon="34.993610000000004">
        <ele>0</ele>
        <time>2026-02-28T17:21:05.619Z</time>
      </trkpt>
      <trkpt lat="31.830410000000004" lon="34.993610000000004">
        <ele>0</ele>
        <time>2026-02-28T17:21:06.619Z</time>
      </trkpt>
      <trkpt lat="31.830410000000004" lon="34.993610000000004">
        <ele>0</ele>
        <time>2026-02-28T17:21:07.619Z</time>
      </trkpt>
      <trkpt lat="31.830410000000004" lon="34.993610000000004">
        <ele>277</ele>
        <time>2026-02-28T17:21:08.619Z</time>
      </trkpt>
      <trkpt lat="31.83021" lon="34.993860000000005">
        <ele>277</ele>
        <time>2026-02-28T17:21:09.619Z</time>
      </trkpt>
      <trkpt lat="31.830130000000004" lon="34.994">
        <ele>258</ele>
        <time>2026-02-28T17:21:10.619Z</time>
      </trkpt>
      <trkpt lat="31.830130000000004" lon="34.994">
        <ele>0</ele>
        <time>2026-02-28T17:21:11.619Z</time>
      </trkpt>
      <trkpt lat="31.830130000000004" lon="34.994">
        <ele>0</ele>
        <time>2026-02-28T17:21:12.619Z</time>
      </trkpt>
      <trkpt lat="31.830130000000004" lon="34.994">
        <ele>0</ele>
        <time>2026-02-28T17:21:13.619Z</time>
      </trkpt>
      <trkpt lat="31.830130000000004" lon="34.994">
        <ele>0</ele>
        <time>2026-02-28T17:21:14.619Z</time>
      </trkpt>
      <trkpt lat="31.830130000000004" lon="34.994">
        <ele>0</ele>
        <time>2026-02-28T17:21:15.619Z</time>
      </trkpt>
      <trkpt lat="31.830130000000004" lon="34.994">
        <ele>0</ele>
        <time>2026-02-28T17:21:16.619Z</time>
      </trkpt>
      <trkpt lat="31.830130000000004" lon="34.994">
        <ele>0</ele>
        <time>2026-02-28T17:21:17.619Z</time>
      </trkpt>
      <trkpt lat="31.830130000000004" lon="34.994">
        <ele>0</ele>
        <time>2026-02-28T17:21:18.619Z</time>
      </trkpt>
      <trkpt lat="31.830130000000004" lon="34.994">
        <ele>0</ele>
        <time>2026-02-28T17:21:19.619Z</time>
      </trkpt>
      <trkpt lat="31.830130000000004" lon="34.994">
        <ele>0</ele>
        <time>2026-02-28T17:21:20.619Z</time>
      </trkpt>
      <trkpt lat="31.830130000000004" lon="34.994">
        <ele>0</ele>
        <time>2026-02-28T17:21:21.619Z</time>
      </trkpt>
      <trkpt lat="31.830130000000004" lon="34.994">
        <ele>258</ele>
        <time>2026-02-28T17:21:22.619Z</time>
      </trkpt>
      <trkpt lat="31.830090000000002" lon="34.99465">
        <ele>256</ele>
        <time>2026-02-28T17:21:23.619Z</time>
      </trkpt>
      <trkpt lat="31.8301" lon="34.99476">
        <ele>260</ele>
        <time>2026-02-28T17:21:24.619Z</time>
      </trkpt>
      <trkpt lat="31.8301" lon="34.99476">
        <ele>0</ele>
        <time>2026-02-28T17:21:25.619Z</time>
      </trkpt>
      <trkpt lat="31.8301" lon="34.99476">
        <ele>0</ele>
        <time>2026-02-28T17:21:26.619Z</time>
      </trkpt>
      <trkpt lat="31.8301" lon="34.99476">
        <ele>0</ele>
        <time>2026-02-28T17:21:27.619Z</time>
      </trkpt>
      <trkpt lat="31.8301" lon="34.99476">
        <ele>0</ele>
        <time>2026-02-28T17:21:28.619Z</time>
      </trkpt>
      <trkpt lat="31.8301" lon="34.99476">
        <ele>0</ele>
        <time>2026-02-28T17:21:29.619Z</time>
      </trkpt>
      <trkpt lat="31.8301" lon="34.99476">
        <ele>0</ele>
        <time>2026-02-28T17:21:30.619Z</time>
      </trkpt>
      <trkpt lat="31.8301" lon="34.99476">
        <ele>0</ele>
        <time>2026-02-28T17:21:31.619Z</time>
      </trkpt>
      <trkpt lat="31.8301" lon="34.99476">
        <ele>0</ele>
        <time>2026-02-28T17:21:32.619Z</time>
      </trkpt>
      <trkpt lat="31.8301" lon="34.99476">
        <ele>0</ele>
        <time>2026-02-28T17:21:33.619Z</time>
      </trkpt>
      <trkpt lat="31.8301" lon="34.99476">
        <ele>0</ele>
        <time>2026-02-28T17:21:34.619Z</time>
      </trkpt>
      <trkpt lat="31.8301" lon="34.99476">
        <ele>0</ele>
        <time>2026-02-28T17:21:35.619Z</time>
      </trkpt>
      <trkpt lat="31.8301" lon="34.99476">
        <ele>260</ele>
        <time>2026-02-28T17:21:36.619Z</time>
      </trkpt>
      <trkpt lat="31.830150000000003" lon="34.99521">
        <ele>264</ele>
        <time>2026-02-28T17:21:37.619Z</time>
      </trkpt>
      <trkpt lat="31.830470000000002" lon="34.995380000000004">
        <ele>268.5</ele>
        <time>2026-02-28T17:21:38.619Z</time>
      </trkpt>
      <trkpt lat="31.830470000000002" lon="34.995380000000004">
        <ele>0</ele>
        <time>2026-02-28T17:21:39.619Z</time>
      </trkpt>
      <trkpt lat="31.830470000000002" lon="34.995380000000004">
        <ele>0</ele>
        <time>2026-02-28T17:21:40.619Z</time>
      </trkpt>
      <trkpt lat="31.830470000000002" lon="34.995380000000004">
        <ele>0</ele>
        <time>2026-02-28T17:21:41.619Z</time>
      </trkpt>
      <trkpt lat="31.830470000000002" lon="34.995380000000004">
        <ele>0</ele>
        <time>2026-02-28T17:21:42.619Z</time>
      </trkpt>
      <trkpt lat="31.830470000000002" lon="34.995380000000004">
        <ele>0</ele>
        <time>2026-02-28T17:21:43.619Z</time>
      </trkpt>
      <trkpt lat="31.830470000000002" lon="34.995380000000004">
        <ele>0</ele>
        <time>2026-02-28T17:21:44.619Z</time>
      </trkpt>
      <trkpt lat="31.830470000000002" lon="34.995380000000004">
        <ele>0</ele>
        <time>2026-02-28T17:21:45.619Z</time>
      </trkpt>
      <trkpt lat="31.830470000000002" lon="34.995380000000004">
        <ele>0</ele>
        <time>2026-02-28T17:21:46.619Z</time>
      </trkpt>
      <trkpt lat="31.830470000000002" lon="34.995380000000004">
        <ele>0</ele>
        <time>2026-02-28T17:21:47.619Z</time>
      </trkpt>
      <trkpt lat="31.830470000000002" lon="34.995380000000004">
        <ele>0</ele>
        <time>2026-02-28T17:21:48.619Z</time>
      </trkpt>
      <trkpt lat="31.830470000000002" lon="34.995380000000004">
        <ele>0</ele>
        <time>2026-02-28T17:21:49.619Z</time>
      </trkpt>
      <trkpt lat="31.830470000000002" lon="34.995380000000004">
        <ele>0</ele>
        <time>2026-02-28T17:21:50.619Z</time>
      </trkpt>
      <trkpt lat="31.830470000000002" lon="34.995380000000004">
        <ele>0</ele>
        <time>2026-02-28T17:21:51.619Z</time>
      </trkpt>
      <trkpt lat="31.830470000000002" lon="34.995380000000004">
        <ele>268.5</ele>
        <time>2026-02-28T17:21:52.619Z</time>
      </trkpt>
      <trkpt lat="31.831000000000003" lon="34.99564">
        <ele>273</ele>
        <time>2026-02-28T17:21:53.619Z</time>
      </trkpt>
      <trkpt lat="31.831200000000003" lon="34.99578">
        <ele>273</ele>
        <time>2026-02-28T17:21:54.619Z</time>
      </trkpt>
      <trkpt lat="31.831200000000003" lon="34.99578">
        <ele>0</ele>
        <time>2026-02-28T17:21:55.619Z</time>
      </trkpt>
      <trkpt lat="31.831200000000003" lon="34.99578">
        <ele>0</ele>
        <time>2026-02-28T17:21:56.619Z</time>
      </trkpt>
      <trkpt lat="31.831200000000003" lon="34.99578">
        <ele>0</ele>
        <time>2026-02-28T17:21:57.619Z</time>
      </trkpt>
      <trkpt lat="31.831200000000003" lon="34.99578">
        <ele>0</ele>
        <time>2026-02-28T17:21:58.619Z</time>
      </trkpt>
      <trkpt lat="31.831200000000003" lon="34.99578">
        <ele>0</ele>
        <time>2026-02-28T17:21:59.619Z</time>
      </trkpt>
      <trkpt lat="31.831200000000003" lon="34.99578">
        <ele>0</ele>
        <time>2026-02-28T17:22:00.619Z</time>
      </trkpt>
      <trkpt lat="31.831200000000003" lon="34.99578">
        <ele>0</ele>
        <time>2026-02-28T17:22:01.619Z</time>
      </trkpt>
      <trkpt lat="31.831200000000003" lon="34.99578">
        <ele>0</ele>
        <time>2026-02-28T17:22:02.619Z</time>
      </trkpt>
      <trkpt lat="31.831200000000003" lon="34.99578">
        <ele>0</ele>
        <time>2026-02-28T17:22:03.619Z</time>
      </trkpt>
      <trkpt lat="31.831200000000003" lon="34.99578">
        <ele>0</ele>
        <time>2026-02-28T17:22:04.619Z</time>
      </trkpt>
      <trkpt lat="31.831200000000003" lon="34.99578">
        <ele>273</ele>
        <time>2026-02-28T17:22:05.619Z</time>
      </trkpt>
      <trkpt lat="31.831250000000004" lon="34.995810000000006">
        <ele>273</ele>
        <time>2026-02-28T17:22:06.619Z</time>
      </trkpt>
      <trkpt lat="31.83132" lon="34.995900000000006">
        <ele>276</ele>
        <time>2026-02-28T17:22:07.619Z</time>
      </trkpt>
      <trkpt lat="31.831660000000003" lon="34.996100000000006">
        <ele>276</ele>
        <time>2026-02-28T17:22:08.619Z</time>
      </trkpt>
      <trkpt lat="31.83218" lon="34.996300000000005">
        <ele>277.5</ele>
        <time>2026-02-28T17:22:09.619Z</time>
      </trkpt>
      <trkpt lat="31.83218" lon="34.996300000000005">
        <ele>0</ele>
        <time>2026-02-28T17:22:10.619Z</time>
      </trkpt>
      <trkpt lat="31.83218" lon="34.996300000000005">
        <ele>0</ele>
        <time>2026-02-28T17:22:11.619Z</time>
      </trkpt>
      <trkpt lat="31.83218" lon="34.996300000000005">
        <ele>0</ele>
        <time>2026-02-28T17:22:12.619Z</time>
      </trkpt>
      <trkpt lat="31.83218" lon="34.996300000000005">
        <ele>0</ele>
        <time>2026-02-28T17:22:13.619Z</time>
      </trkpt>
      <trkpt lat="31.83218" lon="34.996300000000005">
        <ele>0</ele>
        <time>2026-02-28T17:22:14.619Z</time>
      </trkpt>
      <trkpt lat="31.83218" lon="34.996300000000005">
        <ele>0</ele>
        <time>2026-02-28T17:22:15.619Z</time>
      </trkpt>
      <trkpt lat="31.83218" lon="34.996300000000005">
        <ele>0</ele>
        <time>2026-02-28T17:22:16.619Z</time>
      </trkpt>
      <trkpt lat="31.83218" lon="34.996300000000005">
        <ele>0</ele>
        <time>2026-02-28T17:22:17.619Z</time>
      </trkpt>
      <trkpt lat="31.83218" lon="34.996300000000005">
        <ele>0</ele>
        <time>2026-02-28T17:22:18.619Z</time>
      </trkpt>
      <trkpt lat="31.83218" lon="34.996300000000005">
        <ele>0</ele>
        <time>2026-02-28T17:22:19.619Z</time>
      </trkpt>
      <trkpt lat="31.83218" lon="34.996300000000005">
        <ele>277.5</ele>
        <time>2026-02-28T17:22:20.619Z</time>
      </trkpt>
      <trkpt lat="31.832380000000004" lon="34.996340000000004">
        <ele>279</ele>
        <time>2026-02-28T17:22:21.619Z</time>
      </trkpt>
      <trkpt lat="31.832850000000004" lon="34.99647">
        <ele>279</ele>
        <time>2026-02-28T17:22:22.619Z</time>
      </trkpt>
      <trkpt lat="31.832850000000004" lon="34.99647">
        <ele>0</ele>
        <time>2026-02-28T17:22:23.619Z</time>
      </trkpt>
      <trkpt lat="31.832850000000004" lon="34.99647">
        <ele>0</ele>
        <time>2026-02-28T17:22:24.619Z</time>
      </trkpt>
      <trkpt lat="31.832850000000004" lon="34.99647">
        <ele>0</ele>
        <time>2026-02-28T17:22:25.619Z</time>
      </trkpt>
      <trkpt lat="31.832850000000004" lon="34.99647">
        <ele>0</ele>
        <time>2026-02-28T17:22:26.619Z</time>
      </trkpt>
      <trkpt lat="31.832850000000004" lon="34.99647">
        <ele>0</ele>
        <time>2026-02-28T17:22:27.619Z</time>
      </trkpt>
      <trkpt lat="31.832850000000004" lon="34.99647">
        <ele>0</ele>
        <time>2026-02-28T17:22:28.619Z</time>
      </trkpt>
      <trkpt lat="31.832850000000004" lon="34.99647">
        <ele>0</ele>
        <time>2026-02-28T17:22:29.619Z</time>
      </trkpt>
      <trkpt lat="31.832850000000004" lon="34.99647">
        <ele>0</ele>
        <time>2026-02-28T17:22:30.619Z</time>
      </trkpt>
      <trkpt lat="31.832850000000004" lon="34.99647">
        <ele>0</ele>
        <time>2026-02-28T17:22:31.619Z</time>
      </trkpt>
      <trkpt lat="31.832850000000004" lon="34.99647">
        <ele>0</ele>
        <time>2026-02-28T17:22:32.619Z</time>
      </trkpt>
      <trkpt lat="31.832850000000004" lon="34.99647">
        <ele>279</ele>
        <time>2026-02-28T17:22:33.619Z</time>
      </trkpt>
      <trkpt lat="31.832850000000004" lon="34.99647">
        <ele>0</ele>
        <time>2026-02-28T17:22:34.619Z</time>
      </trkpt>
      <trkpt lat="31.832850000000004" lon="34.99647">
        <ele>0</ele>
        <time>2026-02-28T17:22:35.619Z</time>
      </trkpt>
      <trkpt lat="31.833040000000004" lon="34.99653">
        <ele>279</ele>
        <time>2026-02-28T17:22:36.619Z</time>
      </trkpt>
      <trkpt lat="31.83368" lon="34.99681">
        <ele>284.5</ele>
        <time>2026-02-28T17:22:37.619Z</time>
      </trkpt>
      <trkpt lat="31.83368" lon="34.99681">
        <ele>0</ele>
        <time>2026-02-28T17:22:38.619Z</time>
      </trkpt>
      <trkpt lat="31.83368" lon="34.99681">
        <ele>0</ele>
        <time>2026-02-28T17:22:39.619Z</time>
      </trkpt>
      <trkpt lat="31.83368" lon="34.99681">
        <ele>0</ele>
        <time>2026-02-28T17:22:40.619Z</time>
      </trkpt>
      <trkpt lat="31.83368" lon="34.99681">
        <ele>0</ele>
        <time>2026-02-28T17:22:41.619Z</time>
      </trkpt>
      <trkpt lat="31.83368" lon="34.99681">
        <ele>0</ele>
        <time>2026-02-28T17:22:42.619Z</time>
      </trkpt>
      <trkpt lat="31.83368" lon="34.99681">
        <ele>0</ele>
        <time>2026-02-28T17:22:43.619Z</time>
      </trkpt>
      <trkpt lat="31.83368" lon="34.99681">
        <ele>0</ele>
        <time>2026-02-28T17:22:44.619Z</time>
      </trkpt>
      <trkpt lat="31.83368" lon="34.99681">
        <ele>0</ele>
        <time>2026-02-28T17:22:45.619Z</time>
      </trkpt>
      <trkpt lat="31.83368" lon="34.99681">
        <ele>0</ele>
        <time>2026-02-28T17:22:46.619Z</time>
      </trkpt>
      <trkpt lat="31.83368" lon="34.99681">
        <ele>0</ele>
        <time>2026-02-28T17:22:47.619Z</time>
      </trkpt>
      <trkpt lat="31.83368" lon="34.99681">
        <ele>284.5</ele>
        <time>2026-02-28T17:22:48.619Z</time>
      </trkpt>
      <trkpt lat="31.834130000000002" lon="34.99701">
        <ele>290</ele>
        <time>2026-02-28T17:22:49.619Z</time>
      </trkpt>
      <trkpt lat="31.834290000000003" lon="34.99701">
        <ele>293</ele>
        <time>2026-02-28T17:22:50.619Z</time>
      </trkpt>
      <trkpt lat="31.834290000000003" lon="34.99701">
        <ele>0</ele>
        <time>2026-02-28T17:22:51.619Z</time>
      </trkpt>
      <trkpt lat="31.834290000000003" lon="34.99701">
        <ele>0</ele>
        <time>2026-02-28T17:22:52.619Z</time>
      </trkpt>
      <trkpt lat="31.834290000000003" lon="34.99701">
        <ele>0</ele>
        <time>2026-02-28T17:22:53.619Z</time>
      </trkpt>
      <trkpt lat="31.834290000000003" lon="34.99701">
        <ele>0</ele>
        <time>2026-02-28T17:22:54.619Z</time>
      </trkpt>
      <trkpt lat="31.834290000000003" lon="34.99701">
        <ele>0</ele>
        <time>2026-02-28T17:22:55.619Z</time>
      </trkpt>
      <trkpt lat="31.834290000000003" lon="34.99701">
        <ele>0</ele>
        <time>2026-02-28T17:22:56.619Z</time>
      </trkpt>
      <trkpt lat="31.834290000000003" lon="34.99701">
        <ele>0</ele>
        <time>2026-02-28T17:22:57.619Z</time>
      </trkpt>
      <trkpt lat="31.834290000000003" lon="34.99701">
        <ele>0</ele>
        <time>2026-02-28T17:22:58.619Z</time>
      </trkpt>
      <trkpt lat="31.834290000000003" lon="34.99701">
        <ele>0</ele>
        <time>2026-02-28T17:22:59.619Z</time>
      </trkpt>
      <trkpt lat="31.834290000000003" lon="34.99701">
        <ele>0</ele>
        <time>2026-02-28T17:23:00.619Z</time>
      </trkpt>
      <trkpt lat="31.834290000000003" lon="34.99701">
        <ele>293</ele>
        <time>2026-02-28T17:23:01.619Z</time>
      </trkpt>
      <trkpt lat="31.834440000000004" lon="34.99701">
        <ele>296</ele>
        <time>2026-02-28T17:23:02.619Z</time>
      </trkpt>
      <trkpt lat="31.83471" lon="34.997170000000004">
        <ele>300</ele>
        <time>2026-02-28T17:23:03.619Z</time>
      </trkpt>
      <trkpt lat="31.83471" lon="34.997170000000004">
        <ele>0</ele>
        <time>2026-02-28T17:23:04.619Z</time>
      </trkpt>
      <trkpt lat="31.83471" lon="34.997170000000004">
        <ele>0</ele>
        <time>2026-02-28T17:23:05.619Z</time>
      </trkpt>
      <trkpt lat="31.83471" lon="34.997170000000004">
        <ele>0</ele>
        <time>2026-02-28T17:23:06.619Z</time>
      </trkpt>
      <trkpt lat="31.83471" lon="34.997170000000004">
        <ele>0</ele>
        <time>2026-02-28T17:23:07.619Z</time>
      </trkpt>
      <trkpt lat="31.83471" lon="34.997170000000004">
        <ele>0</ele>
        <time>2026-02-28T17:23:08.619Z</time>
      </trkpt>
      <trkpt lat="31.83471" lon="34.997170000000004">
        <ele>0</ele>
        <time>2026-02-28T17:23:09.619Z</time>
      </trkpt>
      <trkpt lat="31.83471" lon="34.997170000000004">
        <ele>0</ele>
        <time>2026-02-28T17:23:10.619Z</time>
      </trkpt>
      <trkpt lat="31.83471" lon="34.997170000000004">
        <ele>0</ele>
        <time>2026-02-28T17:23:11.619Z</time>
      </trkpt>
      <trkpt lat="31.83471" lon="34.997170000000004">
        <ele>0</ele>
        <time>2026-02-28T17:23:12.619Z</time>
      </trkpt>
      <trkpt lat="31.83471" lon="34.997170000000004">
        <ele>0</ele>
        <time>2026-02-28T17:23:13.619Z</time>
      </trkpt>
      <trkpt lat="31.83471" lon="34.997170000000004">
        <ele>300</ele>
        <time>2026-02-28T17:23:14.619Z</time>
      </trkpt>
      <trkpt lat="31.835250000000002" lon="34.9975">
        <ele>307</ele>
        <time>2026-02-28T17:23:15.619Z</time>
      </trkpt>
      <trkpt lat="31.835250000000002" lon="34.9975">
        <ele>0</ele>
        <time>2026-02-28T17:23:16.619Z</time>
      </trkpt>
      <trkpt lat="31.835250000000002" lon="34.9975">
        <ele>0</ele>
        <time>2026-02-28T17:23:17.619Z</time>
      </trkpt>
      <trkpt lat="31.835250000000002" lon="34.9975">
        <ele>0</ele>
        <time>2026-02-28T17:23:18.619Z</time>
      </trkpt>
      <trkpt lat="31.835250000000002" lon="34.9975">
        <ele>0</ele>
        <time>2026-02-28T17:23:19.619Z</time>
      </trkpt>
      <trkpt lat="31.835250000000002" lon="34.9975">
        <ele>0</ele>
        <time>2026-02-28T17:23:20.619Z</time>
      </trkpt>
      <trkpt lat="31.835250000000002" lon="34.9975">
        <ele>0</ele>
        <time>2026-02-28T17:23:21.619Z</time>
      </trkpt>
      <trkpt lat="31.835250000000002" lon="34.9975">
        <ele>0</ele>
        <time>2026-02-28T17:23:22.619Z</time>
      </trkpt>
      <trkpt lat="31.835250000000002" lon="34.9975">
        <ele>0</ele>
        <time>2026-02-28T17:23:23.619Z</time>
      </trkpt>
      <trkpt lat="31.835250000000002" lon="34.9975">
        <ele>0</ele>
        <time>2026-02-28T17:23:24.619Z</time>
      </trkpt>
      <trkpt lat="31.835250000000002" lon="34.9975">
        <ele>0</ele>
        <time>2026-02-28T17:23:25.619Z</time>
      </trkpt>
      <trkpt lat="31.835250000000002" lon="34.9975">
        <ele>307</ele>
        <time>2026-02-28T17:23:26.619Z</time>
      </trkpt>
      <trkpt lat="31.835310000000003" lon="34.99754">
        <ele>310</ele>
        <time>2026-02-28T17:23:27.619Z</time>
      </trkpt>
      <trkpt lat="31.835510000000003" lon="34.99723">
        <ele>304</ele>
        <time>2026-02-28T17:23:28.619Z</time>
      </trkpt>
      <trkpt lat="31.835510000000003" lon="34.99723">
        <ele>0</ele>
        <time>2026-02-28T17:23:29.619Z</time>
      </trkpt>
      <trkpt lat="31.835510000000003" lon="34.99723">
        <ele>0</ele>
        <time>2026-02-28T17:23:30.619Z</time>
      </trkpt>
      <trkpt lat="31.83575" lon="34.99673">
        <ele>304</ele>
        <time>2026-02-28T17:23:31.619Z</time>
      </trkpt>
      <trkpt lat="31.835710000000002" lon="34.996680000000005">
        <ele>305.5</ele>
        <time>2026-02-28T17:23:32.619Z</time>
      </trkpt>
      <trkpt lat="31.835710000000002" lon="34.996680000000005">
        <ele>0</ele>
        <time>2026-02-28T17:23:33.619Z</time>
      </trkpt>
      <trkpt lat="31.835710000000002" lon="34.996680000000005">
        <ele>0</ele>
        <time>2026-02-28T17:23:34.619Z</time>
      </trkpt>
      <trkpt lat="31.835710000000002" lon="34.996680000000005">
        <ele>0</ele>
        <time>2026-02-28T17:23:35.619Z</time>
      </trkpt>
      <trkpt lat="31.835710000000002" lon="34.996680000000005">
        <ele>0</ele>
        <time>2026-02-28T17:23:36.619Z</time>
      </trkpt>
      <trkpt lat="31.835710000000002" lon="34.996680000000005">
        <ele>0</ele>
        <time>2026-02-28T17:23:37.619Z</time>
      </trkpt>
      <trkpt lat="31.835710000000002" lon="34.996680000000005">
        <ele>0</ele>
        <time>2026-02-28T17:23:38.619Z</time>
      </trkpt>
      <trkpt lat="31.835710000000002" lon="34.996680000000005">
        <ele>0</ele>
        <time>2026-02-28T17:23:39.619Z</time>
      </trkpt>
      <trkpt lat="31.835710000000002" lon="34.996680000000005">
        <ele>0</ele>
        <time>2026-02-28T17:23:40.619Z</time>
      </trkpt>
      <trkpt lat="31.835710000000002" lon="34.996680000000005">
        <ele>0</ele>
        <time>2026-02-28T17:23:41.619Z</time>
      </trkpt>
      <trkpt lat="31.835710000000002" lon="34.996680000000005">
        <ele>0</ele>
        <time>2026-02-28T17:23:42.619Z</time>
      </trkpt>
      <trkpt lat="31.835710000000002" lon="34.996680000000005">
        <ele>305.5</ele>
        <time>2026-02-28T17:23:43.619Z</time>
      </trkpt>
      <trkpt lat="31.83602" lon="34.99712">
        <ele>317</ele>
        <time>2026-02-28T17:23:44.619Z</time>
      </trkpt>
      <trkpt lat="31.836100000000002" lon="34.9973">
        <ele>317</ele>
        <time>2026-02-28T17:23:45.619Z</time>
      </trkpt>
      <trkpt lat="31.836100000000002" lon="34.99732">
        <ele>317</ele>
        <time>2026-02-28T17:23:46.619Z</time>
      </trkpt>
      <trkpt lat="31.836100000000002" lon="34.99732">
        <ele>0</ele>
        <time>2026-02-28T17:23:47.619Z</time>
      </trkpt>
      <trkpt lat="31.836100000000002" lon="34.99732">
        <ele>0</ele>
        <time>2026-02-28T17:23:48.619Z</time>
      </trkpt>
      <trkpt lat="31.836100000000002" lon="34.99732">
        <ele>0</ele>
        <time>2026-02-28T17:23:49.619Z</time>
      </trkpt>
      <trkpt lat="31.836100000000002" lon="34.99732">
        <ele>0</ele>
        <time>2026-02-28T17:23:50.619Z</time>
      </trkpt>
      <trkpt lat="31.836100000000002" lon="34.99732">
        <ele>0</ele>
        <time>2026-02-28T17:23:51.619Z</time>
      </trkpt>
      <trkpt lat="31.836100000000002" lon="34.99732">
        <ele>0</ele>
        <time>2026-02-28T17:23:52.619Z</time>
      </trkpt>
      <trkpt lat="31.836100000000002" lon="34.99732">
        <ele>0</ele>
        <time>2026-02-28T17:23:53.619Z</time>
      </trkpt>
      <trkpt lat="31.836100000000002" lon="34.99732">
        <ele>0</ele>
        <time>2026-02-28T17:23:54.619Z</time>
      </trkpt>
      <trkpt lat="31.836100000000002" lon="34.99732">
        <ele>0</ele>
        <time>2026-02-28T17:23:55.619Z</time>
      </trkpt>
      <trkpt lat="31.836100000000002" lon="34.99732">
        <ele>0</ele>
        <time>2026-02-28T17:23:56.619Z</time>
      </trkpt>
      <trkpt lat="31.836100000000002" lon="34.99732">
        <ele>317</ele>
        <time>2026-02-28T17:23:57.619Z</time>
      </trkpt>
      <trkpt lat="31.836070000000003" lon="34.99741">
        <ele>317</ele>
        <time>2026-02-28T17:23:58.619Z</time>
      </trkpt>
      <trkpt lat="31.835900000000002" lon="34.99786">
        <ele>313.5</ele>
        <time>2026-02-28T17:23:59.619Z</time>
      </trkpt>
      <trkpt lat="31.835900000000002" lon="34.99786">
        <ele>0</ele>
        <time>2026-02-28T17:24:00.619Z</time>
      </trkpt>
      <trkpt lat="31.835900000000002" lon="34.99786">
        <ele>0</ele>
        <time>2026-02-28T17:24:01.619Z</time>
      </trkpt>
      <trkpt lat="31.835900000000002" lon="34.99786">
        <ele>0</ele>
        <time>2026-02-28T17:24:02.619Z</time>
      </trkpt>
      <trkpt lat="31.835900000000002" lon="34.99786">
        <ele>0</ele>
        <time>2026-02-28T17:24:03.619Z</time>
      </trkpt>
      <trkpt lat="31.835900000000002" lon="34.99786">
        <ele>0</ele>
        <time>2026-02-28T17:24:04.619Z</time>
      </trkpt>
      <trkpt lat="31.835900000000002" lon="34.99786">
        <ele>0</ele>
        <time>2026-02-28T17:24:05.619Z</time>
      </trkpt>
      <trkpt lat="31.835900000000002" lon="34.99786">
        <ele>0</ele>
        <time>2026-02-28T17:24:06.619Z</time>
      </trkpt>
      <trkpt lat="31.835900000000002" lon="34.99786">
        <ele>0</ele>
        <time>2026-02-28T17:24:07.619Z</time>
      </trkpt>
      <trkpt lat="31.835900000000002" lon="34.99786">
        <ele>0</ele>
        <time>2026-02-28T17:24:08.619Z</time>
      </trkpt>
      <trkpt lat="31.835900000000002" lon="34.99786">
        <ele>0</ele>
        <time>2026-02-28T17:24:09.619Z</time>
      </trkpt>
      <trkpt lat="31.835900000000002" lon="34.99786">
        <ele>313.5</ele>
        <time>2026-02-28T17:24:10.619Z</time>
      </trkpt>
      <trkpt lat="31.835790000000003" lon="34.99813">
        <ele>310</ele>
        <time>2026-02-28T17:24:11.619Z</time>
      </trkpt>
      <trkpt lat="31.835720000000002" lon="34.998250000000006">
        <ele>310</ele>
        <time>2026-02-28T17:24:12.619Z</time>
      </trkpt>
      <trkpt lat="31.835720000000002" lon="34.998250000000006">
        <ele>0</ele>
        <time>2026-02-28T17:24:13.619Z</time>
      </trkpt>
      <trkpt lat="31.835720000000002" lon="34.998250000000006">
        <ele>0</ele>
        <time>2026-02-28T17:24:14.619Z</time>
      </trkpt>
      <trkpt lat="31.835680000000004" lon="34.99828">
        <ele>310</ele>
        <time>2026-02-28T17:24:15.619Z</time>
      </trkpt>
      <trkpt lat="31.835680000000004" lon="34.99828">
        <ele>0</ele>
        <time>2026-02-28T17:24:16.619Z</time>
      </trkpt>
      <trkpt lat="31.835680000000004" lon="34.99828">
        <ele>0</ele>
        <time>2026-02-28T17:24:17.619Z</time>
      </trkpt>
      <trkpt lat="31.835680000000004" lon="34.99828">
        <ele>0</ele>
        <time>2026-02-28T17:24:18.619Z</time>
      </trkpt>
      <trkpt lat="31.835680000000004" lon="34.99828">
        <ele>0</ele>
        <time>2026-02-28T17:24:19.619Z</time>
      </trkpt>
      <trkpt lat="31.835680000000004" lon="34.99828">
        <ele>0</ele>
        <time>2026-02-28T17:24:20.619Z</time>
      </trkpt>
      <trkpt lat="31.835680000000004" lon="34.99828">
        <ele>0</ele>
        <time>2026-02-28T17:24:21.619Z</time>
      </trkpt>
      <trkpt lat="31.835680000000004" lon="34.99828">
        <ele>0</ele>
        <time>2026-02-28T17:24:22.619Z</time>
      </trkpt>
      <trkpt lat="31.835680000000004" lon="34.99828">
        <ele>0</ele>
        <time>2026-02-28T17:24:23.619Z</time>
      </trkpt>
      <trkpt lat="31.835680000000004" lon="34.99828">
        <ele>0</ele>
        <time>2026-02-28T17:24:24.619Z</time>
      </trkpt>
      <trkpt lat="31.835680000000004" lon="34.99828">
        <ele>0</ele>
        <time>2026-02-28T17:24:25.619Z</time>
      </trkpt>
      <trkpt lat="31.835680000000004" lon="34.99828">
        <ele>310</ele>
        <time>2026-02-28T17:24:26.619Z</time>
      </trkpt>
      <trkpt lat="31.835610000000003" lon="34.99832">
        <ele>310</ele>
        <time>2026-02-28T17:24:27.619Z</time>
      </trkpt>
      <trkpt lat="31.835520000000002" lon="34.998310000000004">
        <ele>310</ele>
        <time>2026-02-28T17:24:28.619Z</time>
      </trkpt>
      <trkpt lat="31.835420000000003" lon="34.998250000000006">
        <ele>310</ele>
        <time>2026-02-28T17:24:29.619Z</time>
      </trkpt>
      <trkpt lat="31.835420000000003" lon="34.998250000000006">
        <ele>0</ele>
        <time>2026-02-28T17:24:30.619Z</time>
      </trkpt>
      <trkpt lat="31.835420000000003" lon="34.998250000000006">
        <ele>0</ele>
        <time>2026-02-28T17:24:31.619Z</time>
      </trkpt>
      <trkpt lat="31.835420000000003" lon="34.998250000000006">
        <ele>0</ele>
        <time>2026-02-28T17:24:32.619Z</time>
      </trkpt>
      <trkpt lat="31.835420000000003" lon="34.998250000000006">
        <ele>0</ele>
        <time>2026-02-28T17:24:33.619Z</time>
      </trkpt>
      <trkpt lat="31.835420000000003" lon="34.998250000000006">
        <ele>0</ele>
        <time>2026-02-28T17:24:34.619Z</time>
      </trkpt>
      <trkpt lat="31.835420000000003" lon="34.998250000000006">
        <ele>0</ele>
        <time>2026-02-28T17:24:35.619Z</time>
      </trkpt>
      <trkpt lat="31.835420000000003" lon="34.998250000000006">
        <ele>0</ele>
        <time>2026-02-28T17:24:36.619Z</time>
      </trkpt>
      <trkpt lat="31.835420000000003" lon="34.998250000000006">
        <ele>0</ele>
        <time>2026-02-28T17:24:37.619Z</time>
      </trkpt>
      <trkpt lat="31.835420000000003" lon="34.998250000000006">
        <ele>0</ele>
        <time>2026-02-28T17:24:38.619Z</time>
      </trkpt>
      <trkpt lat="31.835420000000003" lon="34.998250000000006">
        <ele>0</ele>
        <time>2026-02-28T17:24:39.619Z</time>
      </trkpt>
      <trkpt lat="31.835420000000003" lon="34.998250000000006">
        <ele>310</ele>
        <time>2026-02-28T17:24:40.619Z</time>
      </trkpt>
      <trkpt lat="31.835230000000003" lon="34.99812">
        <ele>310</ele>
        <time>2026-02-28T17:24:41.619Z</time>
      </trkpt>
      <trkpt lat="31.83507" lon="34.99795">
        <ele>308</ele>
        <time>2026-02-28T17:24:42.619Z</time>
      </trkpt>
      <trkpt lat="31.83507" lon="34.99795">
        <ele>0</ele>
        <time>2026-02-28T17:24:43.619Z</time>
      </trkpt>
      <trkpt lat="31.83507" lon="34.99795">
        <ele>0</ele>
        <time>2026-02-28T17:24:44.619Z</time>
      </trkpt>
      <trkpt lat="31.83507" lon="34.99795">
        <ele>0</ele>
        <time>2026-02-28T17:24:45.619Z</time>
      </trkpt>
      <trkpt lat="31.83507" lon="34.99795">
        <ele>0</ele>
        <time>2026-02-28T17:24:46.619Z</time>
      </trkpt>
      <trkpt lat="31.83507" lon="34.99795">
        <ele>0</ele>
        <time>2026-02-28T17:24:47.619Z</time>
      </trkpt>
      <trkpt lat="31.83507" lon="34.99795">
        <ele>0</ele>
        <time>2026-02-28T17:24:48.619Z</time>
      </trkpt>
      <trkpt lat="31.83507" lon="34.99795">
        <ele>0</ele>
        <time>2026-02-28T17:24:49.619Z</time>
      </trkpt>
      <trkpt lat="31.83507" lon="34.99795">
        <ele>0</ele>
        <time>2026-02-28T17:24:50.619Z</time>
      </trkpt>
      <trkpt lat="31.83507" lon="34.99795">
        <ele>0</ele>
        <time>2026-02-28T17:24:51.619Z</time>
      </trkpt>
      <trkpt lat="31.83507" lon="34.99795">
        <ele>0</ele>
        <time>2026-02-28T17:24:52.619Z</time>
      </trkpt>
      <trkpt lat="31.83507" lon="34.99795">
        <ele>308</ele>
        <time>2026-02-28T17:24:53.619Z</time>
      </trkpt>
      <trkpt lat="31.834870000000002" lon="34.99776">
        <ele>306</ele>
        <time>2026-02-28T17:24:54.619Z</time>
      </trkpt>
      <trkpt lat="31.83481" lon="34.997730000000004">
        <ele>306</ele>
        <time>2026-02-28T17:24:55.619Z</time>
      </trkpt>
      <trkpt lat="31.834730000000004" lon="34.997730000000004">
        <ele>306</ele>
        <time>2026-02-28T17:24:56.619Z</time>
      </trkpt>
      <trkpt lat="31.834730000000004" lon="34.997730000000004">
        <ele>0</ele>
        <time>2026-02-28T17:24:57.619Z</time>
      </trkpt>
      <trkpt lat="31.834730000000004" lon="34.997730000000004">
        <ele>0</ele>
        <time>2026-02-28T17:24:58.619Z</time>
      </trkpt>
      <trkpt lat="31.834730000000004" lon="34.997730000000004">
        <ele>0</ele>
        <time>2026-02-28T17:24:59.619Z</time>
      </trkpt>
      <trkpt lat="31.834730000000004" lon="34.997730000000004">
        <ele>0</ele>
        <time>2026-02-28T17:25:00.619Z</time>
      </trkpt>
      <trkpt lat="31.834730000000004" lon="34.997730000000004">
        <ele>0</ele>
        <time>2026-02-28T17:25:01.619Z</time>
      </trkpt>
      <trkpt lat="31.834730000000004" lon="34.997730000000004">
        <ele>0</ele>
        <time>2026-02-28T17:25:02.619Z</time>
      </trkpt>
      <trkpt lat="31.834730000000004" lon="34.997730000000004">
        <ele>0</ele>
        <time>2026-02-28T17:25:03.619Z</time>
      </trkpt>
      <trkpt lat="31.834730000000004" lon="34.997730000000004">
        <ele>0</ele>
        <time>2026-02-28T17:25:04.619Z</time>
      </trkpt>
      <trkpt lat="31.834730000000004" lon="34.997730000000004">
        <ele>0</ele>
        <time>2026-02-28T17:25:05.619Z</time>
      </trkpt>
      <trkpt lat="31.834730000000004" lon="34.997730000000004">
        <ele>0</ele>
        <time>2026-02-28T17:25:06.619Z</time>
      </trkpt>
      <trkpt lat="31.834730000000004" lon="34.997730000000004">
        <ele>306</ele>
        <time>2026-02-28T17:25:07.619Z</time>
      </trkpt>
      <trkpt lat="31.834730000000004" lon="34.997730000000004">
        <ele>0</ele>
        <time>2026-02-28T17:25:08.619Z</time>
      </trkpt>
      <trkpt lat="31.834730000000004" lon="34.997730000000004">
        <ele>0</ele>
        <time>2026-02-28T17:25:09.619Z</time>
      </trkpt>
      <trkpt lat="31.83434" lon="34.997710000000005">
        <ele>306</ele>
        <time>2026-02-28T17:25:10.619Z</time>
      </trkpt>
      <trkpt lat="31.834200000000003" lon="34.997730000000004">
        <ele>304</ele>
        <time>2026-02-28T17:25:11.619Z</time>
      </trkpt>
      <trkpt lat="31.834200000000003" lon="34.997730000000004">
        <ele>0</ele>
        <time>2026-02-28T17:25:12.619Z</time>
      </trkpt>
      <trkpt lat="31.834200000000003" lon="34.997730000000004">
        <ele>0</ele>
        <time>2026-02-28T17:25:13.619Z</time>
      </trkpt>
      <trkpt lat="31.834200000000003" lon="34.997730000000004">
        <ele>0</ele>
        <time>2026-02-28T17:25:14.619Z</time>
      </trkpt>
      <trkpt lat="31.834200000000003" lon="34.997730000000004">
        <ele>0</ele>
        <time>2026-02-28T17:25:15.619Z</time>
      </trkpt>
      <trkpt lat="31.834200000000003" lon="34.997730000000004">
        <ele>0</ele>
        <time>2026-02-28T17:25:16.619Z</time>
      </trkpt>
      <trkpt lat="31.834200000000003" lon="34.997730000000004">
        <ele>0</ele>
        <time>2026-02-28T17:25:17.619Z</time>
      </trkpt>
      <trkpt lat="31.834200000000003" lon="34.997730000000004">
        <ele>0</ele>
        <time>2026-02-28T17:25:18.619Z</time>
      </trkpt>
      <trkpt lat="31.834200000000003" lon="34.997730000000004">
        <ele>0</ele>
        <time>2026-02-28T17:25:19.619Z</time>
      </trkpt>
      <trkpt lat="31.834200000000003" lon="34.997730000000004">
        <ele>0</ele>
        <time>2026-02-28T17:25:20.619Z</time>
      </trkpt>
      <trkpt lat="31.834200000000003" lon="34.997730000000004">
        <ele>0</ele>
        <time>2026-02-28T17:25:21.619Z</time>
      </trkpt>
      <trkpt lat="31.834200000000003" lon="34.997730000000004">
        <ele>304</ele>
        <time>2026-02-28T17:25:22.619Z</time>
      </trkpt>
      <trkpt lat="31.833630000000003" lon="34.99777">
        <ele>304</ele>
        <time>2026-02-28T17:25:23.619Z</time>
      </trkpt>
      <trkpt lat="31.833510000000004" lon="34.99775">
        <ele>304</ele>
        <time>2026-02-28T17:25:24.619Z</time>
      </trkpt>
      <trkpt lat="31.833510000000004" lon="34.99775">
        <ele>0</ele>
        <time>2026-02-28T17:25:25.619Z</time>
      </trkpt>
      <trkpt lat="31.833510000000004" lon="34.99775">
        <ele>0</ele>
        <time>2026-02-28T17:25:26.619Z</time>
      </trkpt>
      <trkpt lat="31.833510000000004" lon="34.99775">
        <ele>0</ele>
        <time>2026-02-28T17:25:27.619Z</time>
      </trkpt>
      <trkpt lat="31.833510000000004" lon="34.99775">
        <ele>0</ele>
        <time>2026-02-28T17:25:28.619Z</time>
      </trkpt>
      <trkpt lat="31.833510000000004" lon="34.99775">
        <ele>0</ele>
        <time>2026-02-28T17:25:29.619Z</time>
      </trkpt>
      <trkpt lat="31.833510000000004" lon="34.99775">
        <ele>0</ele>
        <time>2026-02-28T17:25:30.619Z</time>
      </trkpt>
      <trkpt lat="31.833510000000004" lon="34.99775">
        <ele>0</ele>
        <time>2026-02-28T17:25:31.619Z</time>
      </trkpt>
      <trkpt lat="31.833510000000004" lon="34.99775">
        <ele>0</ele>
        <time>2026-02-28T17:25:32.619Z</time>
      </trkpt>
      <trkpt lat="31.833510000000004" lon="34.99775">
        <ele>0</ele>
        <time>2026-02-28T17:25:33.619Z</time>
      </trkpt>
      <trkpt lat="31.833510000000004" lon="34.99775">
        <ele>0</ele>
        <time>2026-02-28T17:25:34.619Z</time>
      </trkpt>
      <trkpt lat="31.833510000000004" lon="34.99775">
        <ele>304</ele>
        <time>2026-02-28T17:25:35.619Z</time>
      </trkpt>
      <trkpt lat="31.833380000000002" lon="34.99772">
        <ele>304</ele>
        <time>2026-02-28T17:25:36.619Z</time>
      </trkpt>
      <trkpt lat="31.83329" lon="34.99766">
        <ele>304</ele>
        <time>2026-02-28T17:25:37.619Z</time>
      </trkpt>
      <trkpt lat="31.833160000000003" lon="34.997420000000005">
        <ele>289</ele>
        <time>2026-02-28T17:25:38.619Z</time>
      </trkpt>
      <trkpt lat="31.833160000000003" lon="34.997420000000005">
        <ele>0</ele>
        <time>2026-02-28T17:25:39.619Z</time>
      </trkpt>
      <trkpt lat="31.833160000000003" lon="34.997420000000005">
        <ele>0</ele>
        <time>2026-02-28T17:25:40.619Z</time>
      </trkpt>
      <trkpt lat="31.833160000000003" lon="34.997420000000005">
        <ele>0</ele>
        <time>2026-02-28T17:25:41.619Z</time>
      </trkpt>
      <trkpt lat="31.833160000000003" lon="34.997420000000005">
        <ele>0</ele>
        <time>2026-02-28T17:25:42.619Z</time>
      </trkpt>
      <trkpt lat="31.833160000000003" lon="34.997420000000005">
        <ele>0</ele>
        <time>2026-02-28T17:25:43.619Z</time>
      </trkpt>
      <trkpt lat="31.833160000000003" lon="34.997420000000005">
        <ele>0</ele>
        <time>2026-02-28T17:25:44.619Z</time>
      </trkpt>
      <trkpt lat="31.833160000000003" lon="34.997420000000005">
        <ele>0</ele>
        <time>2026-02-28T17:25:45.619Z</time>
      </trkpt>
      <trkpt lat="31.833160000000003" lon="34.997420000000005">
        <ele>0</ele>
        <time>2026-02-28T17:25:46.619Z</time>
      </trkpt>
      <trkpt lat="31.833160000000003" lon="34.997420000000005">
        <ele>0</ele>
        <time>2026-02-28T17:25:47.619Z</time>
      </trkpt>
      <trkpt lat="31.833160000000003" lon="34.997420000000005">
        <ele>0</ele>
        <time>2026-02-28T17:25:48.619Z</time>
      </trkpt>
      <trkpt lat="31.833160000000003" lon="34.997420000000005">
        <ele>289</ele>
        <time>2026-02-28T17:25:49.619Z</time>
      </trkpt>
      <trkpt lat="31.8331" lon="34.997350000000004">
        <ele>289</ele>
        <time>2026-02-28T17:25:50.619Z</time>
      </trkpt>
      <trkpt lat="31.832780000000003" lon="34.997170000000004">
        <ele>289</ele>
        <time>2026-02-28T17:25:51.619Z</time>
      </trkpt>
      <trkpt lat="31.832780000000003" lon="34.997170000000004">
        <ele>0</ele>
        <time>2026-02-28T17:25:52.619Z</time>
      </trkpt>
      <trkpt lat="31.832780000000003" lon="34.997170000000004">
        <ele>0</ele>
        <time>2026-02-28T17:25:53.619Z</time>
      </trkpt>
      <trkpt lat="31.832680000000003" lon="34.997080000000004">
        <ele>291.5</ele>
        <time>2026-02-28T17:25:54.619Z</time>
      </trkpt>
      <trkpt lat="31.832680000000003" lon="34.997080000000004">
        <ele>0</ele>
        <time>2026-02-28T17:25:55.619Z</time>
      </trkpt>
      <trkpt lat="31.832680000000003" lon="34.997080000000004">
        <ele>0</ele>
        <time>2026-02-28T17:25:56.619Z</time>
      </trkpt>
      <trkpt lat="31.832680000000003" lon="34.997080000000004">
        <ele>0</ele>
        <time>2026-02-28T17:25:57.619Z</time>
      </trkpt>
      <trkpt lat="31.832680000000003" lon="34.997080000000004">
        <ele>0</ele>
        <time>2026-02-28T17:25:58.619Z</time>
      </trkpt>
      <trkpt lat="31.832680000000003" lon="34.997080000000004">
        <ele>0</ele>
        <time>2026-02-28T17:25:59.619Z</time>
      </trkpt>
      <trkpt lat="31.832680000000003" lon="34.997080000000004">
        <ele>0</ele>
        <time>2026-02-28T17:26:00.619Z</time>
      </trkpt>
      <trkpt lat="31.832680000000003" lon="34.997080000000004">
        <ele>0</ele>
        <time>2026-02-28T17:26:01.619Z</time>
      </trkpt>
      <trkpt lat="31.832680000000003" lon="34.997080000000004">
        <ele>0</ele>
        <time>2026-02-28T17:26:02.619Z</time>
      </trkpt>
      <trkpt lat="31.832680000000003" lon="34.997080000000004">
        <ele>0</ele>
        <time>2026-02-28T17:26:03.619Z</time>
      </trkpt>
      <trkpt lat="31.832680000000003" lon="34.997080000000004">
        <ele>0</ele>
        <time>2026-02-28T17:26:04.619Z</time>
      </trkpt>
      <trkpt lat="31.832680000000003" lon="34.997080000000004">
        <ele>291.5</ele>
        <time>2026-02-28T17:26:05.619Z</time>
      </trkpt>
      <trkpt lat="31.832520000000002" lon="34.99694">
        <ele>294</ele>
        <time>2026-02-28T17:26:06.619Z</time>
      </trkpt>
      <trkpt lat="31.83245" lon="34.99691">
        <ele>294</ele>
        <time>2026-02-28T17:26:07.619Z</time>
      </trkpt>
      <trkpt lat="31.832200000000004" lon="34.996880000000004">
        <ele>294</ele>
        <time>2026-02-28T17:26:08.619Z</time>
      </trkpt>
      <trkpt lat="31.832200000000004" lon="34.996880000000004">
        <ele>0</ele>
        <time>2026-02-28T17:26:09.619Z</time>
      </trkpt>
      <trkpt lat="31.832200000000004" lon="34.996880000000004">
        <ele>0</ele>
        <time>2026-02-28T17:26:10.619Z</time>
      </trkpt>
      <trkpt lat="31.832200000000004" lon="34.996880000000004">
        <ele>0</ele>
        <time>2026-02-28T17:26:11.619Z</time>
      </trkpt>
      <trkpt lat="31.832200000000004" lon="34.996880000000004">
        <ele>0</ele>
        <time>2026-02-28T17:26:12.619Z</time>
      </trkpt>
      <trkpt lat="31.832200000000004" lon="34.996880000000004">
        <ele>0</ele>
        <time>2026-02-28T17:26:13.619Z</time>
      </trkpt>
      <trkpt lat="31.832200000000004" lon="34.996880000000004">
        <ele>0</ele>
        <time>2026-02-28T17:26:14.619Z</time>
      </trkpt>
      <trkpt lat="31.832200000000004" lon="34.996880000000004">
        <ele>0</ele>
        <time>2026-02-28T17:26:15.619Z</time>
      </trkpt>
      <trkpt lat="31.832200000000004" lon="34.996880000000004">
        <ele>0</ele>
        <time>2026-02-28T17:26:16.619Z</time>
      </trkpt>
      <trkpt lat="31.832200000000004" lon="34.996880000000004">
        <ele>0</ele>
        <time>2026-02-28T17:26:17.619Z</time>
      </trkpt>
      <trkpt lat="31.832200000000004" lon="34.996880000000004">
        <ele>0</ele>
        <time>2026-02-28T17:26:18.619Z</time>
      </trkpt>
      <trkpt lat="31.832200000000004" lon="34.996880000000004">
        <ele>294</ele>
        <time>2026-02-28T17:26:19.619Z</time>
      </trkpt>
      <trkpt lat="31.831920000000004" lon="34.99683">
        <ele>294</ele>
        <time>2026-02-28T17:26:20.619Z</time>
      </trkpt>
      <trkpt lat="31.831730000000004" lon="34.996770000000005">
        <ele>295.5</ele>
        <time>2026-02-28T17:26:21.619Z</time>
      </trkpt>
      <trkpt lat="31.831730000000004" lon="34.996770000000005">
        <ele>0</ele>
        <time>2026-02-28T17:26:22.619Z</time>
      </trkpt>
      <trkpt lat="31.831730000000004" lon="34.996770000000005">
        <ele>0</ele>
        <time>2026-02-28T17:26:23.619Z</time>
      </trkpt>
      <trkpt lat="31.831730000000004" lon="34.996770000000005">
        <ele>0</ele>
        <time>2026-02-28T17:26:24.619Z</time>
      </trkpt>
      <trkpt lat="31.831730000000004" lon="34.996770000000005">
        <ele>0</ele>
        <time>2026-02-28T17:26:25.619Z</time>
      </trkpt>
      <trkpt lat="31.831730000000004" lon="34.996770000000005">
        <ele>0</ele>
        <time>2026-02-28T17:26:26.619Z</time>
      </trkpt>
      <trkpt lat="31.831730000000004" lon="34.996770000000005">
        <ele>0</ele>
        <time>2026-02-28T17:26:27.619Z</time>
      </trkpt>
      <trkpt lat="31.831730000000004" lon="34.996770000000005">
        <ele>0</ele>
        <time>2026-02-28T17:26:28.619Z</time>
      </trkpt>
      <trkpt lat="31.831730000000004" lon="34.996770000000005">
        <ele>0</ele>
        <time>2026-02-28T17:26:29.619Z</time>
      </trkpt>
      <trkpt lat="31.831730000000004" lon="34.996770000000005">
        <ele>0</ele>
        <time>2026-02-28T17:26:30.619Z</time>
      </trkpt>
      <trkpt lat="31.831730000000004" lon="34.996770000000005">
        <ele>0</ele>
        <time>2026-02-28T17:26:31.619Z</time>
      </trkpt>
      <trkpt lat="31.831730000000004" lon="34.996770000000005">
        <ele>295.5</ele>
        <time>2026-02-28T17:26:32.619Z</time>
      </trkpt>
      <trkpt lat="31.831440000000004" lon="34.99667">
        <ele>297</ele>
        <time>2026-02-28T17:26:33.619Z</time>
      </trkpt>
      <trkpt lat="31.83113" lon="34.99654">
        <ele>286.5</ele>
        <time>2026-02-28T17:26:34.619Z</time>
      </trkpt>
      <trkpt lat="31.83113" lon="34.99654">
        <ele>0</ele>
        <time>2026-02-28T17:26:35.619Z</time>
      </trkpt>
      <trkpt lat="31.83113" lon="34.99654">
        <ele>0</ele>
        <time>2026-02-28T17:26:36.619Z</time>
      </trkpt>
      <trkpt lat="31.83113" lon="34.99654">
        <ele>0</ele>
        <time>2026-02-28T17:26:37.619Z</time>
      </trkpt>
      <trkpt lat="31.83113" lon="34.99654">
        <ele>0</ele>
        <time>2026-02-28T17:26:38.619Z</time>
      </trkpt>
      <trkpt lat="31.83113" lon="34.99654">
        <ele>0</ele>
        <time>2026-02-28T17:26:39.619Z</time>
      </trkpt>
      <trkpt lat="31.83113" lon="34.99654">
        <ele>0</ele>
        <time>2026-02-28T17:26:40.619Z</time>
      </trkpt>
      <trkpt lat="31.83113" lon="34.99654">
        <ele>0</ele>
        <time>2026-02-28T17:26:41.619Z</time>
      </trkpt>
      <trkpt lat="31.83113" lon="34.99654">
        <ele>0</ele>
        <time>2026-02-28T17:26:42.619Z</time>
      </trkpt>
      <trkpt lat="31.83113" lon="34.99654">
        <ele>0</ele>
        <time>2026-02-28T17:26:43.619Z</time>
      </trkpt>
      <trkpt lat="31.83113" lon="34.99654">
        <ele>0</ele>
        <time>2026-02-28T17:26:44.619Z</time>
      </trkpt>
      <trkpt lat="31.83113" lon="34.99654">
        <ele>286.5</ele>
        <time>2026-02-28T17:26:45.619Z</time>
      </trkpt>
      <trkpt lat="31.83066" lon="34.9964">
        <ele>278</ele>
        <time>2026-02-28T17:26:46.619Z</time>
      </trkpt>
      <trkpt lat="31.83066" lon="34.9964">
        <ele>0</ele>
        <time>2026-02-28T17:26:47.619Z</time>
      </trkpt>
      <trkpt lat="31.83066" lon="34.9964">
        <ele>0</ele>
        <time>2026-02-28T17:26:48.619Z</time>
      </trkpt>
      <trkpt lat="31.83066" lon="34.9964">
        <ele>0</ele>
        <time>2026-02-28T17:26:49.619Z</time>
      </trkpt>
      <trkpt lat="31.83066" lon="34.9964">
        <ele>0</ele>
        <time>2026-02-28T17:26:50.619Z</time>
      </trkpt>
      <trkpt lat="31.83066" lon="34.9964">
        <ele>0</ele>
        <time>2026-02-28T17:26:51.619Z</time>
      </trkpt>
      <trkpt lat="31.83066" lon="34.9964">
        <ele>0</ele>
        <time>2026-02-28T17:26:52.619Z</time>
      </trkpt>
      <trkpt lat="31.83066" lon="34.9964">
        <ele>0</ele>
        <time>2026-02-28T17:26:53.619Z</time>
      </trkpt>
      <trkpt lat="31.83066" lon="34.9964">
        <ele>0</ele>
        <time>2026-02-28T17:26:54.619Z</time>
      </trkpt>
      <trkpt lat="31.83066" lon="34.9964">
        <ele>0</ele>
        <time>2026-02-28T17:26:55.619Z</time>
      </trkpt>
      <trkpt lat="31.83066" lon="34.9964">
        <ele>0</ele>
        <time>2026-02-28T17:26:56.619Z</time>
      </trkpt>
      <trkpt lat="31.83066" lon="34.9964">
        <ele>278</ele>
        <time>2026-02-28T17:26:57.619Z</time>
      </trkpt>
      <trkpt lat="31.83066" lon="34.9964">
        <ele>0</ele>
        <time>2026-02-28T17:26:58.619Z</time>
      </trkpt>
      <trkpt lat="31.83066" lon="34.9964">
        <ele>0</ele>
        <time>2026-02-28T17:26:59.619Z</time>
      </trkpt>
      <trkpt lat="31.830410000000004" lon="34.996410000000004">
        <ele>278</ele>
        <time>2026-02-28T17:27:00.619Z</time>
      </trkpt>
      <trkpt lat="31.830090000000002" lon="34.99649">
        <ele>278</ele>
        <time>2026-02-28T17:27:01.619Z</time>
      </trkpt>
      <trkpt lat="31.830090000000002" lon="34.99649">
        <ele>0</ele>
        <time>2026-02-28T17:27:02.619Z</time>
      </trkpt>
      <trkpt lat="31.830090000000002" lon="34.99649">
        <ele>0</ele>
        <time>2026-02-28T17:27:03.619Z</time>
      </trkpt>
      <trkpt lat="31.830090000000002" lon="34.99649">
        <ele>0</ele>
        <time>2026-02-28T17:27:04.619Z</time>
      </trkpt>
      <trkpt lat="31.830090000000002" lon="34.99649">
        <ele>0</ele>
        <time>2026-02-28T17:27:05.619Z</time>
      </trkpt>
      <trkpt lat="31.830090000000002" lon="34.99649">
        <ele>0</ele>
        <time>2026-02-28T17:27:06.619Z</time>
      </trkpt>
      <trkpt lat="31.830090000000002" lon="34.99649">
        <ele>0</ele>
        <time>2026-02-28T17:27:07.619Z</time>
      </trkpt>
      <trkpt lat="31.830090000000002" lon="34.99649">
        <ele>0</ele>
        <time>2026-02-28T17:27:08.619Z</time>
      </trkpt>
      <trkpt lat="31.830090000000002" lon="34.99649">
        <ele>0</ele>
        <time>2026-02-28T17:27:09.619Z</time>
      </trkpt>
      <trkpt lat="31.830090000000002" lon="34.99649">
        <ele>0</ele>
        <time>2026-02-28T17:27:10.619Z</time>
      </trkpt>
      <trkpt lat="31.830090000000002" lon="34.99649">
        <ele>0</ele>
        <time>2026-02-28T17:27:11.619Z</time>
      </trkpt>
      <trkpt lat="31.830090000000002" lon="34.99649">
        <ele>278</ele>
        <time>2026-02-28T17:27:12.619Z</time>
      </trkpt>
      <trkpt lat="31.829940000000004" lon="34.996520000000004">
        <ele>278</ele>
        <time>2026-02-28T17:27:13.619Z</time>
      </trkpt>
      <trkpt lat="31.82974" lon="34.996610000000004">
        <ele>278</ele>
        <time>2026-02-28T17:27:14.619Z</time>
      </trkpt>
      <trkpt lat="31.82963" lon="34.99667">
        <ele>288.5</ele>
        <time>2026-02-28T17:27:15.619Z</time>
      </trkpt>
      <trkpt lat="31.82963" lon="34.99667">
        <ele>0</ele>
        <time>2026-02-28T17:27:16.619Z</time>
      </trkpt>
      <trkpt lat="31.82963" lon="34.99667">
        <ele>0</ele>
        <time>2026-02-28T17:27:17.619Z</time>
      </trkpt>
      <trkpt lat="31.82963" lon="34.99667">
        <ele>0</ele>
        <time>2026-02-28T17:27:18.619Z</time>
      </trkpt>
      <trkpt lat="31.82963" lon="34.99667">
        <ele>0</ele>
        <time>2026-02-28T17:27:19.619Z</time>
      </trkpt>
      <trkpt lat="31.82963" lon="34.99667">
        <ele>0</ele>
        <time>2026-02-28T17:27:20.619Z</time>
      </trkpt>
      <trkpt lat="31.82963" lon="34.99667">
        <ele>0</ele>
        <time>2026-02-28T17:27:21.619Z</time>
      </trkpt>
      <trkpt lat="31.82963" lon="34.99667">
        <ele>0</ele>
        <time>2026-02-28T17:27:22.619Z</time>
      </trkpt>
      <trkpt lat="31.82963" lon="34.99667">
        <ele>0</ele>
        <time>2026-02-28T17:27:23.619Z</time>
      </trkpt>
      <trkpt lat="31.82963" lon="34.99667">
        <ele>0</ele>
        <time>2026-02-28T17:27:24.619Z</time>
      </trkpt>
      <trkpt lat="31.82963" lon="34.99667">
        <ele>0</ele>
        <time>2026-02-28T17:27:25.619Z</time>
      </trkpt>
      <trkpt lat="31.82963" lon="34.99667">
        <ele>288.5</ele>
        <time>2026-02-28T17:27:26.619Z</time>
      </trkpt>
      <trkpt lat="31.82945" lon="34.99678">
        <ele>299</ele>
        <time>2026-02-28T17:27:27.619Z</time>
      </trkpt>
      <trkpt lat="31.829280000000004" lon="34.996860000000005">
        <ele>296</ele>
        <time>2026-02-28T17:27:28.619Z</time>
      </trkpt>
      <trkpt lat="31.829210000000003" lon="34.996880000000004">
        <ele>296</ele>
        <time>2026-02-28T17:27:29.619Z</time>
      </trkpt>
      <trkpt lat="31.829110000000004" lon="34.99689">
        <ele>296</ele>
        <time>2026-02-28T17:27:30.619Z</time>
      </trkpt>
      <trkpt lat="31.829110000000004" lon="34.99689">
        <ele>0</ele>
        <time>2026-02-28T17:27:31.619Z</time>
      </trkpt>
      <trkpt lat="31.829110000000004" lon="34.99689">
        <ele>0</ele>
        <time>2026-02-28T17:27:32.619Z</time>
      </trkpt>
      <trkpt lat="31.829110000000004" lon="34.99689">
        <ele>0</ele>
        <time>2026-02-28T17:27:33.619Z</time>
      </trkpt>
      <trkpt lat="31.829110000000004" lon="34.99689">
        <ele>0</ele>
        <time>2026-02-28T17:27:34.619Z</time>
      </trkpt>
      <trkpt lat="31.829110000000004" lon="34.99689">
        <ele>0</ele>
        <time>2026-02-28T17:27:35.619Z</time>
      </trkpt>
      <trkpt lat="31.829110000000004" lon="34.99689">
        <ele>0</ele>
        <time>2026-02-28T17:27:36.619Z</time>
      </trkpt>
      <trkpt lat="31.829110000000004" lon="34.99689">
        <ele>0</ele>
        <time>2026-02-28T17:27:37.619Z</time>
      </trkpt>
      <trkpt lat="31.829110000000004" lon="34.99689">
        <ele>0</ele>
        <time>2026-02-28T17:27:38.619Z</time>
      </trkpt>
      <trkpt lat="31.829110000000004" lon="34.99689">
        <ele>0</ele>
        <time>2026-02-28T17:27:39.619Z</time>
      </trkpt>
      <trkpt lat="31.829110000000004" lon="34.99689">
        <ele>0</ele>
        <time>2026-02-28T17:27:40.619Z</time>
      </trkpt>
      <trkpt lat="31.829110000000004" lon="34.99689">
        <ele>296</ele>
        <time>2026-02-28T17:27:41.619Z</time>
      </trkpt>
      <trkpt lat="31.829110000000004" lon="34.99689">
        <ele>0</ele>
        <time>2026-02-28T17:27:42.619Z</time>
      </trkpt>
      <trkpt lat="31.829110000000004" lon="34.99689">
        <ele>0</ele>
        <time>2026-02-28T17:27:43.619Z</time>
      </trkpt>
      <trkpt lat="31.829000000000004" lon="34.99689">
        <ele>296</ele>
        <time>2026-02-28T17:27:44.619Z</time>
      </trkpt>
      <trkpt lat="31.828860000000002" lon="34.996930000000006">
        <ele>296</ele>
        <time>2026-02-28T17:27:45.619Z</time>
      </trkpt>
      <trkpt lat="31.828730000000004" lon="34.997060000000005">
        <ele>296</ele>
        <time>2026-02-28T17:27:46.619Z</time>
      </trkpt>
      <trkpt lat="31.828730000000004" lon="34.997060000000005">
        <ele>0</ele>
        <time>2026-02-28T17:27:47.619Z</time>
      </trkpt>
      <trkpt lat="31.828730000000004" lon="34.997060000000005">
        <ele>0</ele>
        <time>2026-02-28T17:27:48.619Z</time>
      </trkpt>
      <trkpt lat="31.828730000000004" lon="34.997060000000005">
        <ele>0</ele>
        <time>2026-02-28T17:27:49.619Z</time>
      </trkpt>
      <trkpt lat="31.828730000000004" lon="34.997060000000005">
        <ele>0</ele>
        <time>2026-02-28T17:27:50.619Z</time>
      </trkpt>
      <trkpt lat="31.828730000000004" lon="34.997060000000005">
        <ele>0</ele>
        <time>2026-02-28T17:27:51.619Z</time>
      </trkpt>
      <trkpt lat="31.828730000000004" lon="34.997060000000005">
        <ele>0</ele>
        <time>2026-02-28T17:27:52.619Z</time>
      </trkpt>
      <trkpt lat="31.828730000000004" lon="34.997060000000005">
        <ele>0</ele>
        <time>2026-02-28T17:27:53.619Z</time>
      </trkpt>
      <trkpt lat="31.828730000000004" lon="34.997060000000005">
        <ele>0</ele>
        <time>2026-02-28T17:27:54.619Z</time>
      </trkpt>
      <trkpt lat="31.828730000000004" lon="34.997060000000005">
        <ele>0</ele>
        <time>2026-02-28T17:27:55.619Z</time>
      </trkpt>
      <trkpt lat="31.828730000000004" lon="34.997060000000005">
        <ele>0</ele>
        <time>2026-02-28T17:27:56.619Z</time>
      </trkpt>
      <trkpt lat="31.828730000000004" lon="34.997060000000005">
        <ele>296</ele>
        <time>2026-02-28T17:27:57.619Z</time>
      </trkpt>
      <trkpt lat="31.828390000000002" lon="34.99748">
        <ele>287</ele>
        <time>2026-02-28T17:27:58.619Z</time>
      </trkpt>
      <trkpt lat="31.828390000000002" lon="34.99748">
        <ele>0</ele>
        <time>2026-02-28T17:27:59.619Z</time>
      </trkpt>
      <trkpt lat="31.828390000000002" lon="34.99748">
        <ele>0</ele>
        <time>2026-02-28T17:28:00.619Z</time>
      </trkpt>
      <trkpt lat="31.828390000000002" lon="34.99748">
        <ele>0</ele>
        <time>2026-02-28T17:28:01.619Z</time>
      </trkpt>
      <trkpt lat="31.828390000000002" lon="34.99748">
        <ele>0</ele>
        <time>2026-02-28T17:28:02.619Z</time>
      </trkpt>
      <trkpt lat="31.828390000000002" lon="34.99748">
        <ele>0</ele>
        <time>2026-02-28T17:28:03.619Z</time>
      </trkpt>
      <trkpt lat="31.828390000000002" lon="34.99748">
        <ele>0</ele>
        <time>2026-02-28T17:28:04.619Z</time>
      </trkpt>
      <trkpt lat="31.828390000000002" lon="34.99748">
        <ele>0</ele>
        <time>2026-02-28T17:28:05.619Z</time>
      </trkpt>
      <trkpt lat="31.828390000000002" lon="34.99748">
        <ele>0</ele>
        <time>2026-02-28T17:28:06.619Z</time>
      </trkpt>
      <trkpt lat="31.828390000000002" lon="34.99748">
        <ele>0</ele>
        <time>2026-02-28T17:28:07.619Z</time>
      </trkpt>
      <trkpt lat="31.828390000000002" lon="34.99748">
        <ele>0</ele>
        <time>2026-02-28T17:28:08.619Z</time>
      </trkpt>
      <trkpt lat="31.828390000000002" lon="34.99748">
        <ele>287</ele>
        <time>2026-02-28T17:28:09.619Z</time>
      </trkpt>
      <trkpt lat="31.828280000000003" lon="34.99768">
        <ele>291</ele>
        <time>2026-02-28T17:28:10.619Z</time>
      </trkpt>
      <trkpt lat="31.82822" lon="34.99788">
        <ele>291</ele>
        <time>2026-02-28T17:28:11.619Z</time>
      </trkpt>
      <trkpt lat="31.828200000000002" lon="34.99803">
        <ele>291</ele>
        <time>2026-02-28T17:28:12.619Z</time>
      </trkpt>
      <trkpt lat="31.828200000000002" lon="34.99803">
        <ele>0</ele>
        <time>2026-02-28T17:28:13.619Z</time>
      </trkpt>
      <trkpt lat="31.828200000000002" lon="34.99803">
        <ele>0</ele>
        <time>2026-02-28T17:28:14.619Z</time>
      </trkpt>
      <trkpt lat="31.828200000000002" lon="34.99803">
        <ele>0</ele>
        <time>2026-02-28T17:28:15.619Z</time>
      </trkpt>
      <trkpt lat="31.828200000000002" lon="34.99803">
        <ele>0</ele>
        <time>2026-02-28T17:28:16.619Z</time>
      </trkpt>
      <trkpt lat="31.828200000000002" lon="34.99803">
        <ele>0</ele>
        <time>2026-02-28T17:28:17.619Z</time>
      </trkpt>
      <trkpt lat="31.828200000000002" lon="34.99803">
        <ele>0</ele>
        <time>2026-02-28T17:28:18.619Z</time>
      </trkpt>
      <trkpt lat="31.828200000000002" lon="34.99803">
        <ele>0</ele>
        <time>2026-02-28T17:28:19.619Z</time>
      </trkpt>
      <trkpt lat="31.828200000000002" lon="34.99803">
        <ele>0</ele>
        <time>2026-02-28T17:28:20.619Z</time>
      </trkpt>
      <trkpt lat="31.828200000000002" lon="34.99803">
        <ele>0</ele>
        <time>2026-02-28T17:28:21.619Z</time>
      </trkpt>
      <trkpt lat="31.828200000000002" lon="34.99803">
        <ele>0</ele>
        <time>2026-02-28T17:28:22.619Z</time>
      </trkpt>
      <trkpt lat="31.828200000000002" lon="34.99803">
        <ele>291</ele>
        <time>2026-02-28T17:28:23.619Z</time>
      </trkpt>
      <trkpt lat="31.828200000000002" lon="34.99813">
        <ele>291</ele>
        <time>2026-02-28T17:28:24.619Z</time>
      </trkpt>
      <trkpt lat="31.82822" lon="34.998250000000006">
        <ele>291</ele>
        <time>2026-02-28T17:28:25.619Z</time>
      </trkpt>
      <trkpt lat="31.82822" lon="34.998250000000006">
        <ele>0</ele>
        <time>2026-02-28T17:28:26.619Z</time>
      </trkpt>
      <trkpt lat="31.82822" lon="34.998250000000006">
        <ele>0</ele>
        <time>2026-02-28T17:28:27.619Z</time>
      </trkpt>
      <trkpt lat="31.82833" lon="34.99851">
        <ele>280</ele>
        <time>2026-02-28T17:28:28.619Z</time>
      </trkpt>
      <trkpt lat="31.82833" lon="34.99851">
        <ele>0</ele>
        <time>2026-02-28T17:28:29.619Z</time>
      </trkpt>
      <trkpt lat="31.82833" lon="34.99851">
        <ele>0</ele>
        <time>2026-02-28T17:28:30.619Z</time>
      </trkpt>
      <trkpt lat="31.82833" lon="34.99851">
        <ele>0</ele>
        <time>2026-02-28T17:28:31.619Z</time>
      </trkpt>
      <trkpt lat="31.82833" lon="34.99851">
        <ele>0</ele>
        <time>2026-02-28T17:28:32.619Z</time>
      </trkpt>
      <trkpt lat="31.82833" lon="34.99851">
        <ele>0</ele>
        <time>2026-02-28T17:28:33.619Z</time>
      </trkpt>
      <trkpt lat="31.82833" lon="34.99851">
        <ele>0</ele>
        <time>2026-02-28T17:28:34.619Z</time>
      </trkpt>
      <trkpt lat="31.82833" lon="34.99851">
        <ele>0</ele>
        <time>2026-02-28T17:28:35.619Z</time>
      </trkpt>
      <trkpt lat="31.82833" lon="34.99851">
        <ele>0</ele>
        <time>2026-02-28T17:28:36.619Z</time>
      </trkpt>
      <trkpt lat="31.82833" lon="34.99851">
        <ele>0</ele>
        <time>2026-02-28T17:28:37.619Z</time>
      </trkpt>
      <trkpt lat="31.82833" lon="34.99851">
        <ele>0</ele>
        <time>2026-02-28T17:28:38.619Z</time>
      </trkpt>
      <trkpt lat="31.82833" lon="34.99851">
        <ele>280</ele>
        <time>2026-02-28T17:28:39.619Z</time>
      </trkpt>
      <trkpt lat="31.828620000000004" lon="34.998960000000004">
        <ele>297</ele>
        <time>2026-02-28T17:28:40.619Z</time>
      </trkpt>
      <trkpt lat="31.828670000000002" lon="34.999">
        <ele>297</ele>
        <time>2026-02-28T17:28:41.619Z</time>
      </trkpt>
      <trkpt lat="31.828670000000002" lon="34.999">
        <ele>0</ele>
        <time>2026-02-28T17:28:42.619Z</time>
      </trkpt>
      <trkpt lat="31.828670000000002" lon="34.999">
        <ele>0</ele>
        <time>2026-02-28T17:28:43.619Z</time>
      </trkpt>
      <trkpt lat="31.828670000000002" lon="34.999">
        <ele>0</ele>
        <time>2026-02-28T17:28:44.619Z</time>
      </trkpt>
      <trkpt lat="31.828670000000002" lon="34.999">
        <ele>0</ele>
        <time>2026-02-28T17:28:45.619Z</time>
      </trkpt>
      <trkpt lat="31.828670000000002" lon="34.999">
        <ele>0</ele>
        <time>2026-02-28T17:28:46.619Z</time>
      </trkpt>
      <trkpt lat="31.828670000000002" lon="34.999">
        <ele>0</ele>
        <time>2026-02-28T17:28:47.619Z</time>
      </trkpt>
      <trkpt lat="31.828670000000002" lon="34.999">
        <ele>0</ele>
        <time>2026-02-28T17:28:48.619Z</time>
      </trkpt>
      <trkpt lat="31.828670000000002" lon="34.999">
        <ele>0</ele>
        <time>2026-02-28T17:28:49.619Z</time>
      </trkpt>
      <trkpt lat="31.828670000000002" lon="34.999">
        <ele>0</ele>
        <time>2026-02-28T17:28:50.619Z</time>
      </trkpt>
      <trkpt lat="31.828670000000002" lon="34.999">
        <ele>0</ele>
        <time>2026-02-28T17:28:51.619Z</time>
      </trkpt>
      <trkpt lat="31.828670000000002" lon="34.999">
        <ele>297</ele>
        <time>2026-02-28T17:28:52.619Z</time>
      </trkpt>
      <trkpt lat="31.82898" lon="34.99915">
        <ele>297</ele>
        <time>2026-02-28T17:28:53.619Z</time>
      </trkpt>
      <trkpt lat="31.829120000000003" lon="34.99927">
        <ele>279</ele>
        <time>2026-02-28T17:28:54.619Z</time>
      </trkpt>
      <trkpt lat="31.829190000000004" lon="34.99936">
        <ele>289</ele>
        <time>2026-02-28T17:28:55.619Z</time>
      </trkpt>
      <trkpt lat="31.829190000000004" lon="34.99936">
        <ele>0</ele>
        <time>2026-02-28T17:28:56.619Z</time>
      </trkpt>
      <trkpt lat="31.829190000000004" lon="34.99936">
        <ele>0</ele>
        <time>2026-02-28T17:28:57.619Z</time>
      </trkpt>
      <trkpt lat="31.829190000000004" lon="34.99936">
        <ele>0</ele>
        <time>2026-02-28T17:28:58.619Z</time>
      </trkpt>
      <trkpt lat="31.829190000000004" lon="34.99936">
        <ele>0</ele>
        <time>2026-02-28T17:28:59.619Z</time>
      </trkpt>
      <trkpt lat="31.829190000000004" lon="34.99936">
        <ele>0</ele>
        <time>2026-02-28T17:29:00.619Z</time>
      </trkpt>
      <trkpt lat="31.829190000000004" lon="34.99936">
        <ele>0</ele>
        <time>2026-02-28T17:29:01.619Z</time>
      </trkpt>
      <trkpt lat="31.829190000000004" lon="34.99936">
        <ele>0</ele>
        <time>2026-02-28T17:29:02.619Z</time>
      </trkpt>
      <trkpt lat="31.829190000000004" lon="34.99936">
        <ele>0</ele>
        <time>2026-02-28T17:29:03.619Z</time>
      </trkpt>
      <trkpt lat="31.829190000000004" lon="34.99936">
        <ele>0</ele>
        <time>2026-02-28T17:29:04.619Z</time>
      </trkpt>
      <trkpt lat="31.829190000000004" lon="34.99936">
        <ele>0</ele>
        <time>2026-02-28T17:29:05.619Z</time>
      </trkpt>
      <trkpt lat="31.829190000000004" lon="34.99936">
        <ele>289</ele>
        <time>2026-02-28T17:29:06.619Z</time>
      </trkpt>
      <trkpt lat="31.829430000000002" lon="34.999700000000004">
        <ele>289</ele>
        <time>2026-02-28T17:29:07.619Z</time>
      </trkpt>
      <trkpt lat="31.829430000000002" lon="34.999700000000004">
        <ele>0</ele>
        <time>2026-02-28T17:29:08.619Z</time>
      </trkpt>
      <trkpt lat="31.829430000000002" lon="34.999700000000004">
        <ele>0</ele>
        <time>2026-02-28T17:29:09.619Z</time>
      </trkpt>
      <trkpt lat="31.829430000000002" lon="34.999700000000004">
        <ele>0</ele>
        <time>2026-02-28T17:29:10.619Z</time>
      </trkpt>
      <trkpt lat="31.829430000000002" lon="34.999700000000004">
        <ele>0</ele>
        <time>2026-02-28T17:29:11.619Z</time>
      </trkpt>
      <trkpt lat="31.829430000000002" lon="34.999700000000004">
        <ele>0</ele>
        <time>2026-02-28T17:29:12.619Z</time>
      </trkpt>
      <trkpt lat="31.829430000000002" lon="34.999700000000004">
        <ele>0</ele>
        <time>2026-02-28T17:29:13.619Z</time>
      </trkpt>
      <trkpt lat="31.829430000000002" lon="34.999700000000004">
        <ele>0</ele>
        <time>2026-02-28T17:29:14.619Z</time>
      </trkpt>
      <trkpt lat="31.829430000000002" lon="34.999700000000004">
        <ele>0</ele>
        <time>2026-02-28T17:29:15.619Z</time>
      </trkpt>
      <trkpt lat="31.829430000000002" lon="34.999700000000004">
        <ele>0</ele>
        <time>2026-02-28T17:29:16.619Z</time>
      </trkpt>
      <trkpt lat="31.829430000000002" lon="34.999700000000004">
        <ele>0</ele>
        <time>2026-02-28T17:29:17.619Z</time>
      </trkpt>
      <trkpt lat="31.829430000000002" lon="34.999700000000004">
        <ele>289</ele>
        <time>2026-02-28T17:29:18.619Z</time>
      </trkpt>
      <trkpt lat="31.829580000000004" lon="34.99992">
        <ele>299</ele>
        <time>2026-02-28T17:29:19.619Z</time>
      </trkpt>
      <trkpt lat="31.829810000000002" lon="35.00019">
        <ele>299</ele>
        <time>2026-02-28T17:29:20.619Z</time>
      </trkpt>
      <trkpt lat="31.829810000000002" lon="35.00019">
        <ele>0</ele>
        <time>2026-02-28T17:29:21.619Z</time>
      </trkpt>
      <trkpt lat="31.829810000000002" lon="35.00019">
        <ele>0</ele>
        <time>2026-02-28T17:29:22.619Z</time>
      </trkpt>
      <trkpt lat="31.829960000000003" lon="35.00045">
        <ele>299</ele>
        <time>2026-02-28T17:29:23.619Z</time>
      </trkpt>
      <trkpt lat="31.829960000000003" lon="35.00045">
        <ele>0</ele>
        <time>2026-02-28T17:29:24.619Z</time>
      </trkpt>
      <trkpt lat="31.829960000000003" lon="35.00045">
        <ele>0</ele>
        <time>2026-02-28T17:29:25.619Z</time>
      </trkpt>
      <trkpt lat="31.829960000000003" lon="35.00045">
        <ele>0</ele>
        <time>2026-02-28T17:29:26.619Z</time>
      </trkpt>
      <trkpt lat="31.829960000000003" lon="35.00045">
        <ele>0</ele>
        <time>2026-02-28T17:29:27.619Z</time>
      </trkpt>
      <trkpt lat="31.829960000000003" lon="35.00045">
        <ele>0</ele>
        <time>2026-02-28T17:29:28.619Z</time>
      </trkpt>
      <trkpt lat="31.829960000000003" lon="35.00045">
        <ele>0</ele>
        <time>2026-02-28T17:29:29.619Z</time>
      </trkpt>
      <trkpt lat="31.829960000000003" lon="35.00045">
        <ele>0</ele>
        <time>2026-02-28T17:29:30.619Z</time>
      </trkpt>
      <trkpt lat="31.829960000000003" lon="35.00045">
        <ele>0</ele>
        <time>2026-02-28T17:29:31.619Z</time>
      </trkpt>
      <trkpt lat="31.829960000000003" lon="35.00045">
        <ele>0</ele>
        <time>2026-02-28T17:29:32.619Z</time>
      </trkpt>
      <trkpt lat="31.829960000000003" lon="35.00045">
        <ele>0</ele>
        <time>2026-02-28T17:29:33.619Z</time>
      </trkpt>
      <trkpt lat="31.829960000000003" lon="35.00045">
        <ele>299</ele>
        <time>2026-02-28T17:29:34.619Z</time>
      </trkpt>
      <trkpt lat="31.8301" lon="35.00063">
        <ele>299</ele>
        <time>2026-02-28T17:29:35.619Z</time>
      </trkpt>
      <trkpt lat="31.830410000000004" lon="35.0009">
        <ele>300.5</ele>
        <time>2026-02-28T17:29:36.619Z</time>
      </trkpt>
      <trkpt lat="31.830410000000004" lon="35.0009">
        <ele>0</ele>
        <time>2026-02-28T17:29:37.619Z</time>
      </trkpt>
      <trkpt lat="31.830410000000004" lon="35.0009">
        <ele>0</ele>
        <time>2026-02-28T17:29:38.619Z</time>
      </trkpt>
      <trkpt lat="31.830410000000004" lon="35.0009">
        <ele>0</ele>
        <time>2026-02-28T17:29:39.619Z</time>
      </trkpt>
      <trkpt lat="31.830410000000004" lon="35.0009">
        <ele>0</ele>
        <time>2026-02-28T17:29:40.619Z</time>
      </trkpt>
      <trkpt lat="31.830410000000004" lon="35.0009">
        <ele>0</ele>
        <time>2026-02-28T17:29:41.619Z</time>
      </trkpt>
      <trkpt lat="31.830410000000004" lon="35.0009">
        <ele>0</ele>
        <time>2026-02-28T17:29:42.619Z</time>
      </trkpt>
      <trkpt lat="31.830410000000004" lon="35.0009">
        <ele>0</ele>
        <time>2026-02-28T17:29:43.619Z</time>
      </trkpt>
      <trkpt lat="31.830410000000004" lon="35.0009">
        <ele>0</ele>
        <time>2026-02-28T17:29:44.619Z</time>
      </trkpt>
      <trkpt lat="31.830410000000004" lon="35.0009">
        <ele>0</ele>
        <time>2026-02-28T17:29:45.619Z</time>
      </trkpt>
      <trkpt lat="31.830410000000004" lon="35.0009">
        <ele>0</ele>
        <time>2026-02-28T17:29:46.619Z</time>
      </trkpt>
      <trkpt lat="31.830410000000004" lon="35.0009">
        <ele>300.5</ele>
        <time>2026-02-28T17:29:47.619Z</time>
      </trkpt>
      <trkpt lat="31.830900000000003" lon="35.00126">
        <ele>307.5</ele>
        <time>2026-02-28T17:29:48.619Z</time>
      </trkpt>
      <trkpt lat="31.830900000000003" lon="35.00126">
        <ele>0</ele>
        <time>2026-02-28T17:29:49.619Z</time>
      </trkpt>
      <trkpt lat="31.830900000000003" lon="35.00126">
        <ele>0</ele>
        <time>2026-02-28T17:29:50.619Z</time>
      </trkpt>
      <trkpt lat="31.830900000000003" lon="35.00126">
        <ele>0</ele>
        <time>2026-02-28T17:29:51.619Z</time>
      </trkpt>
      <trkpt lat="31.830900000000003" lon="35.00126">
        <ele>0</ele>
        <time>2026-02-28T17:29:52.619Z</time>
      </trkpt>
      <trkpt lat="31.830900000000003" lon="35.00126">
        <ele>0</ele>
        <time>2026-02-28T17:29:53.619Z</time>
      </trkpt>
      <trkpt lat="31.830900000000003" lon="35.00126">
        <ele>0</ele>
        <time>2026-02-28T17:29:54.619Z</time>
      </trkpt>
      <trkpt lat="31.830900000000003" lon="35.00126">
        <ele>0</ele>
        <time>2026-02-28T17:29:55.619Z</time>
      </trkpt>
      <trkpt lat="31.830900000000003" lon="35.00126">
        <ele>0</ele>
        <time>2026-02-28T17:29:56.619Z</time>
      </trkpt>
      <trkpt lat="31.830900000000003" lon="35.00126">
        <ele>0</ele>
        <time>2026-02-28T17:29:57.619Z</time>
      </trkpt>
      <trkpt lat="31.830900000000003" lon="35.00126">
        <ele>0</ele>
        <time>2026-02-28T17:29:58.619Z</time>
      </trkpt>
      <trkpt lat="31.830900000000003" lon="35.00126">
        <ele>307.5</ele>
        <time>2026-02-28T17:29:59.619Z</time>
      </trkpt>
      <trkpt lat="31.831260000000004" lon="35.00155">
        <ele>313</ele>
        <time>2026-02-28T17:30:00.619Z</time>
      </trkpt>
      <trkpt lat="31.83151" lon="35.00164">
        <ele>313</ele>
        <time>2026-02-28T17:30:01.619Z</time>
      </trkpt>
      <trkpt lat="31.83151" lon="35.00164">
        <ele>0</ele>
        <time>2026-02-28T17:30:02.619Z</time>
      </trkpt>
      <trkpt lat="31.83151" lon="35.00164">
        <ele>0</ele>
        <time>2026-02-28T17:30:03.619Z</time>
      </trkpt>
      <trkpt lat="31.83151" lon="35.00164">
        <ele>0</ele>
        <time>2026-02-28T17:30:04.619Z</time>
      </trkpt>
      <trkpt lat="31.83151" lon="35.00164">
        <ele>0</ele>
        <time>2026-02-28T17:30:05.619Z</time>
      </trkpt>
      <trkpt lat="31.83151" lon="35.00164">
        <ele>0</ele>
        <time>2026-02-28T17:30:06.619Z</time>
      </trkpt>
      <trkpt lat="31.83151" lon="35.00164">
        <ele>0</ele>
        <time>2026-02-28T17:30:07.619Z</time>
      </trkpt>
      <trkpt lat="31.83151" lon="35.00164">
        <ele>0</ele>
        <time>2026-02-28T17:30:08.619Z</time>
      </trkpt>
      <trkpt lat="31.83151" lon="35.00164">
        <ele>0</ele>
        <time>2026-02-28T17:30:09.619Z</time>
      </trkpt>
      <trkpt lat="31.83151" lon="35.00164">
        <ele>0</ele>
        <time>2026-02-28T17:30:10.619Z</time>
      </trkpt>
      <trkpt lat="31.83151" lon="35.00164">
        <ele>0</ele>
        <time>2026-02-28T17:30:11.619Z</time>
      </trkpt>
      <trkpt lat="31.83151" lon="35.00164">
        <ele>313</ele>
        <time>2026-02-28T17:30:12.619Z</time>
      </trkpt>
      <trkpt lat="31.83199" lon="35.001990000000006">
        <ele>307</ele>
        <time>2026-02-28T17:30:13.619Z</time>
      </trkpt>
      <trkpt lat="31.832110000000004" lon="35.00215">
        <ele>307</ele>
        <time>2026-02-28T17:30:14.619Z</time>
      </trkpt>
      <trkpt lat="31.832130000000003" lon="35.002250000000004">
        <ele>307</ele>
        <time>2026-02-28T17:30:15.619Z</time>
      </trkpt>
      <trkpt lat="31.832130000000003" lon="35.002250000000004">
        <ele>0</ele>
        <time>2026-02-28T17:30:16.619Z</time>
      </trkpt>
      <trkpt lat="31.832130000000003" lon="35.002250000000004">
        <ele>0</ele>
        <time>2026-02-28T17:30:17.619Z</time>
      </trkpt>
      <trkpt lat="31.832130000000003" lon="35.002250000000004">
        <ele>0</ele>
        <time>2026-02-28T17:30:18.619Z</time>
      </trkpt>
      <trkpt lat="31.832130000000003" lon="35.002250000000004">
        <ele>0</ele>
        <time>2026-02-28T17:30:19.619Z</time>
      </trkpt>
      <trkpt lat="31.832130000000003" lon="35.002250000000004">
        <ele>0</ele>
        <time>2026-02-28T17:30:20.619Z</time>
      </trkpt>
      <trkpt lat="31.832130000000003" lon="35.002250000000004">
        <ele>0</ele>
        <time>2026-02-28T17:30:21.619Z</time>
      </trkpt>
      <trkpt lat="31.832130000000003" lon="35.002250000000004">
        <ele>0</ele>
        <time>2026-02-28T17:30:22.619Z</time>
      </trkpt>
      <trkpt lat="31.832130000000003" lon="35.002250000000004">
        <ele>0</ele>
        <time>2026-02-28T17:30:23.619Z</time>
      </trkpt>
      <trkpt lat="31.832130000000003" lon="35.002250000000004">
        <ele>0</ele>
        <time>2026-02-28T17:30:24.619Z</time>
      </trkpt>
      <trkpt lat="31.832130000000003" lon="35.002250000000004">
        <ele>0</ele>
        <time>2026-02-28T17:30:25.619Z</time>
      </trkpt>
      <trkpt lat="31.832130000000003" lon="35.002250000000004">
        <ele>307</ele>
        <time>2026-02-28T17:30:26.619Z</time>
      </trkpt>
      <trkpt lat="31.832130000000003" lon="35.002250000000004">
        <ele>0</ele>
        <time>2026-02-28T17:30:27.619Z</time>
      </trkpt>
      <trkpt lat="31.832130000000003" lon="35.002250000000004">
        <ele>0</ele>
        <time>2026-02-28T17:30:28.619Z</time>
      </trkpt>
      <trkpt lat="31.832110000000004" lon="35.00231">
        <ele>307</ele>
        <time>2026-02-28T17:30:29.619Z</time>
      </trkpt>
      <trkpt lat="31.83209" lon="35.002340000000004">
        <ele>307</ele>
        <time>2026-02-28T17:30:30.619Z</time>
      </trkpt>
      <trkpt lat="31.831810000000004" lon="35.002520000000004">
        <ele>294</ele>
        <time>2026-02-28T17:30:31.619Z</time>
      </trkpt>
      <trkpt lat="31.831760000000003" lon="35.002610000000004">
        <ele>283</ele>
        <time>2026-02-28T17:30:32.619Z</time>
      </trkpt>
      <trkpt lat="31.831760000000003" lon="35.002610000000004">
        <ele>0</ele>
        <time>2026-02-28T17:30:33.619Z</time>
      </trkpt>
      <trkpt lat="31.831760000000003" lon="35.002610000000004">
        <ele>0</ele>
        <time>2026-02-28T17:30:34.619Z</time>
      </trkpt>
      <trkpt lat="31.831760000000003" lon="35.002610000000004">
        <ele>0</ele>
        <time>2026-02-28T17:30:35.619Z</time>
      </trkpt>
      <trkpt lat="31.831760000000003" lon="35.002610000000004">
        <ele>0</ele>
        <time>2026-02-28T17:30:36.619Z</time>
      </trkpt>
      <trkpt lat="31.831760000000003" lon="35.002610000000004">
        <ele>0</ele>
        <time>2026-02-28T17:30:37.619Z</time>
      </trkpt>
      <trkpt lat="31.831760000000003" lon="35.002610000000004">
        <ele>0</ele>
        <time>2026-02-28T17:30:38.619Z</time>
      </trkpt>
      <trkpt lat="31.831760000000003" lon="35.002610000000004">
        <ele>0</ele>
        <time>2026-02-28T17:30:39.619Z</time>
      </trkpt>
      <trkpt lat="31.831760000000003" lon="35.002610000000004">
        <ele>0</ele>
        <time>2026-02-28T17:30:40.619Z</time>
      </trkpt>
      <trkpt lat="31.831760000000003" lon="35.002610000000004">
        <ele>0</ele>
        <time>2026-02-28T17:30:41.619Z</time>
      </trkpt>
      <trkpt lat="31.831760000000003" lon="35.002610000000004">
        <ele>0</ele>
        <time>2026-02-28T17:30:42.619Z</time>
      </trkpt>
      <trkpt lat="31.831760000000003" lon="35.002610000000004">
        <ele>283</ele>
        <time>2026-02-28T17:30:43.619Z</time>
      </trkpt>
      <trkpt lat="31.831750000000003" lon="35.00267">
        <ele>283</ele>
        <time>2026-02-28T17:30:44.619Z</time>
      </trkpt>
      <trkpt lat="31.831760000000003" lon="35.002790000000005">
        <ele>283</ele>
        <time>2026-02-28T17:30:45.619Z</time>
      </trkpt>
      <trkpt lat="31.831810000000004" lon="35.002900000000004">
        <ele>294</ele>
        <time>2026-02-28T17:30:46.619Z</time>
      </trkpt>
      <trkpt lat="31.831810000000004" lon="35.002900000000004">
        <ele>0</ele>
        <time>2026-02-28T17:30:47.619Z</time>
      </trkpt>
      <trkpt lat="31.831810000000004" lon="35.002900000000004">
        <ele>0</ele>
        <time>2026-02-28T17:30:48.619Z</time>
      </trkpt>
      <trkpt lat="31.831810000000004" lon="35.002900000000004">
        <ele>0</ele>
        <time>2026-02-28T17:30:49.619Z</time>
      </trkpt>
      <trkpt lat="31.831810000000004" lon="35.002900000000004">
        <ele>0</ele>
        <time>2026-02-28T17:30:50.619Z</time>
      </trkpt>
      <trkpt lat="31.831810000000004" lon="35.002900000000004">
        <ele>0</ele>
        <time>2026-02-28T17:30:51.619Z</time>
      </trkpt>
      <trkpt lat="31.831810000000004" lon="35.002900000000004">
        <ele>0</ele>
        <time>2026-02-28T17:30:52.619Z</time>
      </trkpt>
      <trkpt lat="31.831810000000004" lon="35.002900000000004">
        <ele>0</ele>
        <time>2026-02-28T17:30:53.619Z</time>
      </trkpt>
      <trkpt lat="31.831810000000004" lon="35.002900000000004">
        <ele>0</ele>
        <time>2026-02-28T17:30:54.619Z</time>
      </trkpt>
      <trkpt lat="31.831810000000004" lon="35.002900000000004">
        <ele>0</ele>
        <time>2026-02-28T17:30:55.619Z</time>
      </trkpt>
      <trkpt lat="31.831810000000004" lon="35.002900000000004">
        <ele>0</ele>
        <time>2026-02-28T17:30:56.619Z</time>
      </trkpt>
      <trkpt lat="31.831810000000004" lon="35.002900000000004">
        <ele>294</ele>
        <time>2026-02-28T17:30:57.619Z</time>
      </trkpt>
      <trkpt lat="31.831870000000002" lon="35.00294">
        <ele>294</ele>
        <time>2026-02-28T17:30:58.619Z</time>
      </trkpt>
      <trkpt lat="31.832050000000002" lon="35.00296">
        <ele>294</ele>
        <time>2026-02-28T17:30:59.619Z</time>
      </trkpt>
      <trkpt lat="31.832050000000002" lon="35.00296">
        <ele>0</ele>
        <time>2026-02-28T17:31:00.619Z</time>
      </trkpt>
      <trkpt lat="31.832050000000002" lon="35.00296">
        <ele>0</ele>
        <time>2026-02-28T17:31:01.619Z</time>
      </trkpt>
      <trkpt lat="31.832120000000003" lon="35.002990000000004">
        <ele>294</ele>
        <time>2026-02-28T17:31:02.619Z</time>
      </trkpt>
      <trkpt lat="31.83217" lon="35.00305">
        <ele>294</ele>
        <time>2026-02-28T17:31:03.619Z</time>
      </trkpt>
      <trkpt lat="31.832200000000004" lon="35.003130000000006">
        <ele>294</ele>
        <time>2026-02-28T17:31:04.619Z</time>
      </trkpt>
      <trkpt lat="31.832100000000004" lon="35.0032">
        <ele>288.5</ele>
        <time>2026-02-28T17:31:05.619Z</time>
      </trkpt>
      <trkpt lat="31.832100000000004" lon="35.0032">
        <ele>0</ele>
        <time>2026-02-28T17:31:06.619Z</time>
      </trkpt>
      <trkpt lat="31.832100000000004" lon="35.0032">
        <ele>0</ele>
        <time>2026-02-28T17:31:07.619Z</time>
      </trkpt>
      <trkpt lat="31.832100000000004" lon="35.0032">
        <ele>0</ele>
        <time>2026-02-28T17:31:08.619Z</time>
      </trkpt>
      <trkpt lat="31.832100000000004" lon="35.0032">
        <ele>0</ele>
        <time>2026-02-28T17:31:09.619Z</time>
      </trkpt>
      <trkpt lat="31.832100000000004" lon="35.0032">
        <ele>0</ele>
        <time>2026-02-28T17:31:10.619Z</time>
      </trkpt>
      <trkpt lat="31.832100000000004" lon="35.0032">
        <ele>0</ele>
        <time>2026-02-28T17:31:11.619Z</time>
      </trkpt>
      <trkpt lat="31.832100000000004" lon="35.0032">
        <ele>0</ele>
        <time>2026-02-28T17:31:12.619Z</time>
      </trkpt>
      <trkpt lat="31.832100000000004" lon="35.0032">
        <ele>0</ele>
        <time>2026-02-28T17:31:13.619Z</time>
      </trkpt>
      <trkpt lat="31.832100000000004" lon="35.0032">
        <ele>0</ele>
        <time>2026-02-28T17:31:14.619Z</time>
      </trkpt>
      <trkpt lat="31.832100000000004" lon="35.0032">
        <ele>0</ele>
        <time>2026-02-28T17:31:15.619Z</time>
      </trkpt>
      <trkpt lat="31.832100000000004" lon="35.0032">
        <ele>288.5</ele>
        <time>2026-02-28T17:31:16.619Z</time>
      </trkpt>
      <trkpt lat="31.831840000000003" lon="35.003370000000004">
        <ele>283</ele>
        <time>2026-02-28T17:31:17.619Z</time>
      </trkpt>
      <trkpt lat="31.831740000000003" lon="35.00339">
        <ele>272</ele>
        <time>2026-02-28T17:31:18.619Z</time>
      </trkpt>
      <trkpt lat="31.831740000000003" lon="35.00339">
        <ele>0</ele>
        <time>2026-02-28T17:31:19.619Z</time>
      </trkpt>
      <trkpt lat="31.831740000000003" lon="35.00339">
        <ele>0</ele>
        <time>2026-02-28T17:31:20.619Z</time>
      </trkpt>
      <trkpt lat="31.831740000000003" lon="35.00339">
        <ele>0</ele>
        <time>2026-02-28T17:31:21.619Z</time>
      </trkpt>
      <trkpt lat="31.831740000000003" lon="35.00339">
        <ele>0</ele>
        <time>2026-02-28T17:31:22.619Z</time>
      </trkpt>
      <trkpt lat="31.831740000000003" lon="35.00339">
        <ele>0</ele>
        <time>2026-02-28T17:31:23.619Z</time>
      </trkpt>
      <trkpt lat="31.831740000000003" lon="35.00339">
        <ele>0</ele>
        <time>2026-02-28T17:31:24.619Z</time>
      </trkpt>
      <trkpt lat="31.831740000000003" lon="35.00339">
        <ele>0</ele>
        <time>2026-02-28T17:31:25.619Z</time>
      </trkpt>
      <trkpt lat="31.831740000000003" lon="35.00339">
        <ele>0</ele>
        <time>2026-02-28T17:31:26.619Z</time>
      </trkpt>
      <trkpt lat="31.831740000000003" lon="35.00339">
        <ele>0</ele>
        <time>2026-02-28T17:31:27.619Z</time>
      </trkpt>
      <trkpt lat="31.831740000000003" lon="35.00339">
        <ele>0</ele>
        <time>2026-02-28T17:31:28.619Z</time>
      </trkpt>
      <trkpt lat="31.831740000000003" lon="35.00339">
        <ele>272</ele>
        <time>2026-02-28T17:31:29.619Z</time>
      </trkpt>
      <trkpt lat="31.831580000000002" lon="35.00332">
        <ele>283</ele>
        <time>2026-02-28T17:31:30.619Z</time>
      </trkpt>
      <trkpt lat="31.83151" lon="35.003170000000004">
        <ele>283</ele>
        <time>2026-02-28T17:31:31.619Z</time>
      </trkpt>
      <trkpt lat="31.83151" lon="35.003170000000004">
        <ele>0</ele>
        <time>2026-02-28T17:31:32.619Z</time>
      </trkpt>
      <trkpt lat="31.83151" lon="35.003170000000004">
        <ele>0</ele>
        <time>2026-02-28T17:31:33.619Z</time>
      </trkpt>
      <trkpt lat="31.83151" lon="35.003170000000004">
        <ele>0</ele>
        <time>2026-02-28T17:31:34.619Z</time>
      </trkpt>
      <trkpt lat="31.83151" lon="35.003170000000004">
        <ele>0</ele>
        <time>2026-02-28T17:31:35.619Z</time>
      </trkpt>
      <trkpt lat="31.83151" lon="35.003170000000004">
        <ele>0</ele>
        <time>2026-02-28T17:31:36.619Z</time>
      </trkpt>
      <trkpt lat="31.83151" lon="35.003170000000004">
        <ele>0</ele>
        <time>2026-02-28T17:31:37.619Z</time>
      </trkpt>
      <trkpt lat="31.83151" lon="35.003170000000004">
        <ele>0</ele>
        <time>2026-02-28T17:31:38.619Z</time>
      </trkpt>
      <trkpt lat="31.83151" lon="35.003170000000004">
        <ele>0</ele>
        <time>2026-02-28T17:31:39.619Z</time>
      </trkpt>
      <trkpt lat="31.83151" lon="35.003170000000004">
        <ele>0</ele>
        <time>2026-02-28T17:31:40.619Z</time>
      </trkpt>
      <trkpt lat="31.83151" lon="35.003170000000004">
        <ele>0</ele>
        <time>2026-02-28T17:31:41.619Z</time>
      </trkpt>
      <trkpt lat="31.83151" lon="35.003170000000004">
        <ele>283</ele>
        <time>2026-02-28T17:31:42.619Z</time>
      </trkpt>
      <trkpt lat="31.831460000000003" lon="35.00305">
        <ele>283</ele>
        <time>2026-02-28T17:31:43.619Z</time>
      </trkpt>
      <trkpt lat="31.831460000000003" lon="35.00305">
        <ele>0</ele>
        <time>2026-02-28T17:31:44.619Z</time>
      </trkpt>
      <trkpt lat="31.831460000000003" lon="35.00305">
        <ele>0</ele>
        <time>2026-02-28T17:31:45.619Z</time>
      </trkpt>
      <trkpt lat="31.831470000000003" lon="35.00283">
        <ele>283</ele>
        <time>2026-02-28T17:31:46.619Z</time>
      </trkpt>
      <trkpt lat="31.831470000000003" lon="35.00283">
        <ele>0</ele>
        <time>2026-02-28T17:31:47.619Z</time>
      </trkpt>
      <trkpt lat="31.831470000000003" lon="35.00283">
        <ele>0</ele>
        <time>2026-02-28T17:31:48.619Z</time>
      </trkpt>
      <trkpt lat="31.831470000000003" lon="35.00283">
        <ele>0</ele>
        <time>2026-02-28T17:31:49.619Z</time>
      </trkpt>
      <trkpt lat="31.831470000000003" lon="35.00283">
        <ele>0</ele>
        <time>2026-02-28T17:31:50.619Z</time>
      </trkpt>
      <trkpt lat="31.831470000000003" lon="35.00283">
        <ele>0</ele>
        <time>2026-02-28T17:31:51.619Z</time>
      </trkpt>
      <trkpt lat="31.831470000000003" lon="35.00283">
        <ele>0</ele>
        <time>2026-02-28T17:31:52.619Z</time>
      </trkpt>
      <trkpt lat="31.831470000000003" lon="35.00283">
        <ele>0</ele>
        <time>2026-02-28T17:31:53.619Z</time>
      </trkpt>
      <trkpt lat="31.831470000000003" lon="35.00283">
        <ele>0</ele>
        <time>2026-02-28T17:31:54.619Z</time>
      </trkpt>
      <trkpt lat="31.831470000000003" lon="35.00283">
        <ele>0</ele>
        <time>2026-02-28T17:31:55.619Z</time>
      </trkpt>
      <trkpt lat="31.831470000000003" lon="35.00283">
        <ele>0</ele>
        <time>2026-02-28T17:31:56.619Z</time>
      </trkpt>
      <trkpt lat="31.831470000000003" lon="35.00283">
        <ele>283</ele>
        <time>2026-02-28T17:31:57.619Z</time>
      </trkpt>
      <trkpt lat="31.831480000000003" lon="35.00265">
        <ele>283</ele>
        <time>2026-02-28T17:31:58.619Z</time>
      </trkpt>
      <trkpt lat="31.831400000000002" lon="35.00256">
        <ele>283</ele>
        <time>2026-02-28T17:31:59.619Z</time>
      </trkpt>
      <trkpt lat="31.83132" lon="35.002500000000005">
        <ele>290</ele>
        <time>2026-02-28T17:32:00.619Z</time>
      </trkpt>
      <trkpt lat="31.83132" lon="35.002500000000005">
        <ele>0</ele>
        <time>2026-02-28T17:32:01.619Z</time>
      </trkpt>
      <trkpt lat="31.83132" lon="35.002500000000005">
        <ele>0</ele>
        <time>2026-02-28T17:32:02.619Z</time>
      </trkpt>
      <trkpt lat="31.83132" lon="35.002500000000005">
        <ele>0</ele>
        <time>2026-02-28T17:32:03.619Z</time>
      </trkpt>
      <trkpt lat="31.83132" lon="35.002500000000005">
        <ele>0</ele>
        <time>2026-02-28T17:32:04.619Z</time>
      </trkpt>
      <trkpt lat="31.83132" lon="35.002500000000005">
        <ele>0</ele>
        <time>2026-02-28T17:32:05.619Z</time>
      </trkpt>
      <trkpt lat="31.83132" lon="35.002500000000005">
        <ele>0</ele>
        <time>2026-02-28T17:32:06.619Z</time>
      </trkpt>
      <trkpt lat="31.83132" lon="35.002500000000005">
        <ele>0</ele>
        <time>2026-02-28T17:32:07.619Z</time>
      </trkpt>
      <trkpt lat="31.83132" lon="35.002500000000005">
        <ele>0</ele>
        <time>2026-02-28T17:32:08.619Z</time>
      </trkpt>
      <trkpt lat="31.83132" lon="35.002500000000005">
        <ele>0</ele>
        <time>2026-02-28T17:32:09.619Z</time>
      </trkpt>
      <trkpt lat="31.83132" lon="35.002500000000005">
        <ele>0</ele>
        <time>2026-02-28T17:32:10.619Z</time>
      </trkpt>
      <trkpt lat="31.83132" lon="35.002500000000005">
        <ele>290</ele>
        <time>2026-02-28T17:32:11.619Z</time>
      </trkpt>
      <trkpt lat="31.831160000000004" lon="35.00238">
        <ele>297</ele>
        <time>2026-02-28T17:32:12.619Z</time>
      </trkpt>
      <trkpt lat="31.831080000000004" lon="35.00224">
        <ele>290.5</ele>
        <time>2026-02-28T17:32:13.619Z</time>
      </trkpt>
      <trkpt lat="31.831080000000004" lon="35.00224">
        <ele>0</ele>
        <time>2026-02-28T17:32:14.619Z</time>
      </trkpt>
      <trkpt lat="31.831080000000004" lon="35.00224">
        <ele>0</ele>
        <time>2026-02-28T17:32:15.619Z</time>
      </trkpt>
      <trkpt lat="31.831080000000004" lon="35.00224">
        <ele>0</ele>
        <time>2026-02-28T17:32:16.619Z</time>
      </trkpt>
      <trkpt lat="31.831080000000004" lon="35.00224">
        <ele>0</ele>
        <time>2026-02-28T17:32:17.619Z</time>
      </trkpt>
      <trkpt lat="31.831080000000004" lon="35.00224">
        <ele>0</ele>
        <time>2026-02-28T17:32:18.619Z</time>
      </trkpt>
      <trkpt lat="31.831080000000004" lon="35.00224">
        <ele>0</ele>
        <time>2026-02-28T17:32:19.619Z</time>
      </trkpt>
      <trkpt lat="31.831080000000004" lon="35.00224">
        <ele>0</ele>
        <time>2026-02-28T17:32:20.619Z</time>
      </trkpt>
      <trkpt lat="31.831080000000004" lon="35.00224">
        <ele>0</ele>
        <time>2026-02-28T17:32:21.619Z</time>
      </trkpt>
      <trkpt lat="31.831080000000004" lon="35.00224">
        <ele>0</ele>
        <time>2026-02-28T17:32:22.619Z</time>
      </trkpt>
      <trkpt lat="31.831080000000004" lon="35.00224">
        <ele>0</ele>
        <time>2026-02-28T17:32:23.619Z</time>
      </trkpt>
      <trkpt lat="31.831080000000004" lon="35.00224">
        <ele>290.5</ele>
        <time>2026-02-28T17:32:24.619Z</time>
      </trkpt>
      <trkpt lat="31.830830000000002" lon="35.001810000000006">
        <ele>293</ele>
        <time>2026-02-28T17:32:25.619Z</time>
      </trkpt>
      <trkpt lat="31.830830000000002" lon="35.001810000000006">
        <ele>0</ele>
        <time>2026-02-28T17:32:26.619Z</time>
      </trkpt>
      <trkpt lat="31.830830000000002" lon="35.001810000000006">
        <ele>0</ele>
        <time>2026-02-28T17:32:27.619Z</time>
      </trkpt>
      <trkpt lat="31.830830000000002" lon="35.001810000000006">
        <ele>0</ele>
        <time>2026-02-28T17:32:28.619Z</time>
      </trkpt>
      <trkpt lat="31.830830000000002" lon="35.001810000000006">
        <ele>0</ele>
        <time>2026-02-28T17:32:29.619Z</time>
      </trkpt>
      <trkpt lat="31.830830000000002" lon="35.001810000000006">
        <ele>0</ele>
        <time>2026-02-28T17:32:30.619Z</time>
      </trkpt>
      <trkpt lat="31.830830000000002" lon="35.001810000000006">
        <ele>0</ele>
        <time>2026-02-28T17:32:31.619Z</time>
      </trkpt>
      <trkpt lat="31.830830000000002" lon="35.001810000000006">
        <ele>0</ele>
        <time>2026-02-28T17:32:32.619Z</time>
      </trkpt>
      <trkpt lat="31.830830000000002" lon="35.001810000000006">
        <ele>0</ele>
        <time>2026-02-28T17:32:33.619Z</time>
      </trkpt>
      <trkpt lat="31.830830000000002" lon="35.001810000000006">
        <ele>0</ele>
        <time>2026-02-28T17:32:34.619Z</time>
      </trkpt>
      <trkpt lat="31.830830000000002" lon="35.001810000000006">
        <ele>0</ele>
        <time>2026-02-28T17:32:35.619Z</time>
      </trkpt>
      <trkpt lat="31.830830000000002" lon="35.001810000000006">
        <ele>293</ele>
        <time>2026-02-28T17:32:36.619Z</time>
      </trkpt>
      <trkpt lat="31.830650000000002" lon="35.00155">
        <ele>302</ele>
        <time>2026-02-28T17:32:37.619Z</time>
      </trkpt>
      <trkpt lat="31.830530000000003" lon="35.001400000000004">
        <ele>302</ele>
        <time>2026-02-28T17:32:38.619Z</time>
      </trkpt>
      <trkpt lat="31.830530000000003" lon="35.001400000000004">
        <ele>0</ele>
        <time>2026-02-28T17:32:39.619Z</time>
      </trkpt>
      <trkpt lat="31.830530000000003" lon="35.001400000000004">
        <ele>0</ele>
        <time>2026-02-28T17:32:40.619Z</time>
      </trkpt>
      <trkpt lat="31.830530000000003" lon="35.001400000000004">
        <ele>0</ele>
        <time>2026-02-28T17:32:41.619Z</time>
      </trkpt>
      <trkpt lat="31.830530000000003" lon="35.001400000000004">
        <ele>0</ele>
        <time>2026-02-28T17:32:42.619Z</time>
      </trkpt>
      <trkpt lat="31.830530000000003" lon="35.001400000000004">
        <ele>0</ele>
        <time>2026-02-28T17:32:43.619Z</time>
      </trkpt>
      <trkpt lat="31.830530000000003" lon="35.001400000000004">
        <ele>0</ele>
        <time>2026-02-28T17:32:44.619Z</time>
      </trkpt>
      <trkpt lat="31.830530000000003" lon="35.001400000000004">
        <ele>0</ele>
        <time>2026-02-28T17:32:45.619Z</time>
      </trkpt>
      <trkpt lat="31.830530000000003" lon="35.001400000000004">
        <ele>0</ele>
        <time>2026-02-28T17:32:46.619Z</time>
      </trkpt>
      <trkpt lat="31.830530000000003" lon="35.001400000000004">
        <ele>0</ele>
        <time>2026-02-28T17:32:47.619Z</time>
      </trkpt>
      <trkpt lat="31.830530000000003" lon="35.001400000000004">
        <ele>0</ele>
        <time>2026-02-28T17:32:48.619Z</time>
      </trkpt>
      <trkpt lat="31.830530000000003" lon="35.001400000000004">
        <ele>302</ele>
        <time>2026-02-28T17:32:49.619Z</time>
      </trkpt>
      <trkpt lat="31.830530000000003" lon="35.001400000000004">
        <ele>0</ele>
        <time>2026-02-28T17:32:50.619Z</time>
      </trkpt>
      <trkpt lat="31.830530000000003" lon="35.001400000000004">
        <ele>0</ele>
        <time>2026-02-28T17:32:51.619Z</time>
      </trkpt>
      <trkpt lat="31.830510000000004" lon="35.00137">
        <ele>302</ele>
        <time>2026-02-28T17:32:52.619Z</time>
      </trkpt>
      <trkpt lat="31.830360000000002" lon="35.001310000000004">
        <ele>302</ele>
        <time>2026-02-28T17:32:53.619Z</time>
      </trkpt>
      <trkpt lat="31.83019" lon="35.001290000000004">
        <ele>302</ele>
        <time>2026-02-28T17:32:54.619Z</time>
      </trkpt>
      <trkpt lat="31.830130000000004" lon="35.001250000000006">
        <ele>293</ele>
        <time>2026-02-28T17:32:55.619Z</time>
      </trkpt>
      <trkpt lat="31.830130000000004" lon="35.001250000000006">
        <ele>0</ele>
        <time>2026-02-28T17:32:56.619Z</time>
      </trkpt>
      <trkpt lat="31.830130000000004" lon="35.001250000000006">
        <ele>0</ele>
        <time>2026-02-28T17:32:57.619Z</time>
      </trkpt>
      <trkpt lat="31.830130000000004" lon="35.001250000000006">
        <ele>0</ele>
        <time>2026-02-28T17:32:58.619Z</time>
      </trkpt>
      <trkpt lat="31.830130000000004" lon="35.001250000000006">
        <ele>0</ele>
        <time>2026-02-28T17:32:59.619Z</time>
      </trkpt>
      <trkpt lat="31.830130000000004" lon="35.001250000000006">
        <ele>0</ele>
        <time>2026-02-28T17:33:00.619Z</time>
      </trkpt>
      <trkpt lat="31.830130000000004" lon="35.001250000000006">
        <ele>0</ele>
        <time>2026-02-28T17:33:01.619Z</time>
      </trkpt>
      <trkpt lat="31.830130000000004" lon="35.001250000000006">
        <ele>0</ele>
        <time>2026-02-28T17:33:02.619Z</time>
      </trkpt>
      <trkpt lat="31.830130000000004" lon="35.001250000000006">
        <ele>0</ele>
        <time>2026-02-28T17:33:03.619Z</time>
      </trkpt>
      <trkpt lat="31.830130000000004" lon="35.001250000000006">
        <ele>0</ele>
        <time>2026-02-28T17:33:04.619Z</time>
      </trkpt>
      <trkpt lat="31.830130000000004" lon="35.001250000000006">
        <ele>0</ele>
        <time>2026-02-28T17:33:05.619Z</time>
      </trkpt>
      <trkpt lat="31.830130000000004" lon="35.001250000000006">
        <ele>293</ele>
        <time>2026-02-28T17:33:06.619Z</time>
      </trkpt>
      <trkpt lat="31.829870000000003" lon="35.00097">
        <ele>284</ele>
        <time>2026-02-28T17:33:07.619Z</time>
      </trkpt>
      <trkpt lat="31.829850000000004" lon="35.000930000000004">
        <ele>291.5</ele>
        <time>2026-02-28T17:33:08.619Z</time>
      </trkpt>
      <trkpt lat="31.829850000000004" lon="35.000930000000004">
        <ele>0</ele>
        <time>2026-02-28T17:33:09.619Z</time>
      </trkpt>
      <trkpt lat="31.829850000000004" lon="35.000930000000004">
        <ele>0</ele>
        <time>2026-02-28T17:33:10.619Z</time>
      </trkpt>
      <trkpt lat="31.829850000000004" lon="35.000930000000004">
        <ele>0</ele>
        <time>2026-02-28T17:33:11.619Z</time>
      </trkpt>
      <trkpt lat="31.829850000000004" lon="35.000930000000004">
        <ele>0</ele>
        <time>2026-02-28T17:33:12.619Z</time>
      </trkpt>
      <trkpt lat="31.829850000000004" lon="35.000930000000004">
        <ele>0</ele>
        <time>2026-02-28T17:33:13.619Z</time>
      </trkpt>
      <trkpt lat="31.829850000000004" lon="35.000930000000004">
        <ele>0</ele>
        <time>2026-02-28T17:33:14.619Z</time>
      </trkpt>
      <trkpt lat="31.829850000000004" lon="35.000930000000004">
        <ele>0</ele>
        <time>2026-02-28T17:33:15.619Z</time>
      </trkpt>
      <trkpt lat="31.829850000000004" lon="35.000930000000004">
        <ele>0</ele>
        <time>2026-02-28T17:33:16.619Z</time>
      </trkpt>
      <trkpt lat="31.829850000000004" lon="35.000930000000004">
        <ele>0</ele>
        <time>2026-02-28T17:33:17.619Z</time>
      </trkpt>
      <trkpt lat="31.829850000000004" lon="35.000930000000004">
        <ele>0</ele>
        <time>2026-02-28T17:33:18.619Z</time>
      </trkpt>
      <trkpt lat="31.829850000000004" lon="35.000930000000004">
        <ele>291.5</ele>
        <time>2026-02-28T17:33:19.619Z</time>
      </trkpt>
      <trkpt lat="31.829660000000004" lon="35.00047">
        <ele>299</ele>
        <time>2026-02-28T17:33:20.619Z</time>
      </trkpt>
      <trkpt lat="31.829660000000004" lon="35.00047">
        <ele>0</ele>
        <time>2026-02-28T17:33:21.619Z</time>
      </trkpt>
      <trkpt lat="31.829660000000004" lon="35.00047">
        <ele>0</ele>
        <time>2026-02-28T17:33:22.619Z</time>
      </trkpt>
      <trkpt lat="31.829660000000004" lon="35.00047">
        <ele>0</ele>
        <time>2026-02-28T17:33:23.619Z</time>
      </trkpt>
      <trkpt lat="31.829660000000004" lon="35.00047">
        <ele>0</ele>
        <time>2026-02-28T17:33:24.619Z</time>
      </trkpt>
      <trkpt lat="31.829660000000004" lon="35.00047">
        <ele>0</ele>
        <time>2026-02-28T17:33:25.619Z</time>
      </trkpt>
      <trkpt lat="31.829660000000004" lon="35.00047">
        <ele>0</ele>
        <time>2026-02-28T17:33:26.619Z</time>
      </trkpt>
      <trkpt lat="31.829660000000004" lon="35.00047">
        <ele>0</ele>
        <time>2026-02-28T17:33:27.619Z</time>
      </trkpt>
      <trkpt lat="31.829660000000004" lon="35.00047">
        <ele>0</ele>
        <time>2026-02-28T17:33:28.619Z</time>
      </trkpt>
      <trkpt lat="31.829660000000004" lon="35.00047">
        <ele>0</ele>
        <time>2026-02-28T17:33:29.619Z</time>
      </trkpt>
      <trkpt lat="31.829660000000004" lon="35.00047">
        <ele>0</ele>
        <time>2026-02-28T17:33:30.619Z</time>
      </trkpt>
      <trkpt lat="31.829660000000004" lon="35.00047">
        <ele>299</ele>
        <time>2026-02-28T17:33:31.619Z</time>
      </trkpt>
      <trkpt lat="31.829620000000002" lon="35.0003">
        <ele>299</ele>
        <time>2026-02-28T17:33:32.619Z</time>
      </trkpt>
      <trkpt lat="31.829380000000004" lon="35.00012">
        <ele>289</ele>
        <time>2026-02-28T17:33:33.619Z</time>
      </trkpt>
      <trkpt lat="31.829380000000004" lon="35.00012">
        <ele>0</ele>
        <time>2026-02-28T17:33:34.619Z</time>
      </trkpt>
      <trkpt lat="31.829380000000004" lon="35.00012">
        <ele>0</ele>
        <time>2026-02-28T17:33:35.619Z</time>
      </trkpt>
      <trkpt lat="31.829380000000004" lon="35.00012">
        <ele>0</ele>
        <time>2026-02-28T17:33:36.619Z</time>
      </trkpt>
      <trkpt lat="31.829380000000004" lon="35.00012">
        <ele>0</ele>
        <time>2026-02-28T17:33:37.619Z</time>
      </trkpt>
      <trkpt lat="31.829380000000004" lon="35.00012">
        <ele>0</ele>
        <time>2026-02-28T17:33:38.619Z</time>
      </trkpt>
      <trkpt lat="31.829380000000004" lon="35.00012">
        <ele>0</ele>
        <time>2026-02-28T17:33:39.619Z</time>
      </trkpt>
      <trkpt lat="31.829380000000004" lon="35.00012">
        <ele>0</ele>
        <time>2026-02-28T17:33:40.619Z</time>
      </trkpt>
      <trkpt lat="31.829380000000004" lon="35.00012">
        <ele>0</ele>
        <time>2026-02-28T17:33:41.619Z</time>
      </trkpt>
      <trkpt lat="31.829380000000004" lon="35.00012">
        <ele>0</ele>
        <time>2026-02-28T17:33:42.619Z</time>
      </trkpt>
      <trkpt lat="31.829380000000004" lon="35.00012">
        <ele>0</ele>
        <time>2026-02-28T17:33:43.619Z</time>
      </trkpt>
      <trkpt lat="31.829380000000004" lon="35.00012">
        <ele>289</ele>
        <time>2026-02-28T17:33:44.619Z</time>
      </trkpt>
      <trkpt lat="31.829380000000004" lon="35.00012">
        <ele>0</ele>
        <time>2026-02-28T17:33:45.619Z</time>
      </trkpt>
      <trkpt lat="31.829380000000004" lon="35.00012">
        <ele>0</ele>
        <time>2026-02-28T17:33:46.619Z</time>
      </trkpt>
      <trkpt lat="31.829030000000003" lon="34.999880000000005">
        <ele>279</ele>
        <time>2026-02-28T17:33:47.619Z</time>
      </trkpt>
      <trkpt lat="31.8289" lon="34.99982">
        <ele>279</ele>
        <time>2026-02-28T17:33:48.619Z</time>
      </trkpt>
      <trkpt lat="31.8289" lon="34.99982">
        <ele>0</ele>
        <time>2026-02-28T17:33:49.619Z</time>
      </trkpt>
      <trkpt lat="31.8289" lon="34.99982">
        <ele>0</ele>
        <time>2026-02-28T17:33:50.619Z</time>
      </trkpt>
      <trkpt lat="31.8289" lon="34.99982">
        <ele>0</ele>
        <time>2026-02-28T17:33:51.619Z</time>
      </trkpt>
      <trkpt lat="31.8289" lon="34.99982">
        <ele>0</ele>
        <time>2026-02-28T17:33:52.619Z</time>
      </trkpt>
      <trkpt lat="31.8289" lon="34.99982">
        <ele>0</ele>
        <time>2026-02-28T17:33:53.619Z</time>
      </trkpt>
      <trkpt lat="31.8289" lon="34.99982">
        <ele>0</ele>
        <time>2026-02-28T17:33:54.619Z</time>
      </trkpt>
      <trkpt lat="31.8289" lon="34.99982">
        <ele>0</ele>
        <time>2026-02-28T17:33:55.619Z</time>
      </trkpt>
      <trkpt lat="31.8289" lon="34.99982">
        <ele>0</ele>
        <time>2026-02-28T17:33:56.619Z</time>
      </trkpt>
      <trkpt lat="31.8289" lon="34.99982">
        <ele>0</ele>
        <time>2026-02-28T17:33:57.619Z</time>
      </trkpt>
      <trkpt lat="31.8289" lon="34.99982">
        <ele>0</ele>
        <time>2026-02-28T17:33:58.619Z</time>
      </trkpt>
      <trkpt lat="31.8289" lon="34.99982">
        <ele>279</ele>
        <time>2026-02-28T17:33:59.619Z</time>
      </trkpt>
      <trkpt lat="31.828850000000003" lon="34.9998">
        <ele>279</ele>
        <time>2026-02-28T17:34:00.619Z</time>
      </trkpt>
      <trkpt lat="31.828300000000002" lon="34.9998">
        <ele>265</ele>
        <time>2026-02-28T17:34:01.619Z</time>
      </trkpt>
      <trkpt lat="31.82822" lon="34.999750000000006">
        <ele>265</ele>
        <time>2026-02-28T17:34:02.619Z</time>
      </trkpt>
      <trkpt lat="31.82822" lon="34.999750000000006">
        <ele>0</ele>
        <time>2026-02-28T17:34:03.619Z</time>
      </trkpt>
      <trkpt lat="31.82822" lon="34.999750000000006">
        <ele>0</ele>
        <time>2026-02-28T17:34:04.619Z</time>
      </trkpt>
      <trkpt lat="31.82822" lon="34.999750000000006">
        <ele>0</ele>
        <time>2026-02-28T17:34:05.619Z</time>
      </trkpt>
      <trkpt lat="31.82822" lon="34.999750000000006">
        <ele>0</ele>
        <time>2026-02-28T17:34:06.619Z</time>
      </trkpt>
      <trkpt lat="31.82822" lon="34.999750000000006">
        <ele>0</ele>
        <time>2026-02-28T17:34:07.619Z</time>
      </trkpt>
      <trkpt lat="31.82822" lon="34.999750000000006">
        <ele>0</ele>
        <time>2026-02-28T17:34:08.619Z</time>
      </trkpt>
      <trkpt lat="31.82822" lon="34.999750000000006">
        <ele>0</ele>
        <time>2026-02-28T17:34:09.619Z</time>
      </trkpt>
      <trkpt lat="31.82822" lon="34.999750000000006">
        <ele>0</ele>
        <time>2026-02-28T17:34:10.619Z</time>
      </trkpt>
      <trkpt lat="31.82822" lon="34.999750000000006">
        <ele>0</ele>
        <time>2026-02-28T17:34:11.619Z</time>
      </trkpt>
      <trkpt lat="31.82822" lon="34.999750000000006">
        <ele>0</ele>
        <time>2026-02-28T17:34:12.619Z</time>
      </trkpt>
      <trkpt lat="31.82822" lon="34.999750000000006">
        <ele>265</ele>
        <time>2026-02-28T17:34:13.619Z</time>
      </trkpt>
      <trkpt lat="31.827920000000002" lon="34.999480000000005">
        <ele>265</ele>
        <time>2026-02-28T17:34:14.619Z</time>
      </trkpt>
      <trkpt lat="31.82786" lon="34.99947">
        <ele>265</ele>
        <time>2026-02-28T17:34:15.619Z</time>
      </trkpt>
      <trkpt lat="31.82786" lon="34.99947">
        <ele>0</ele>
        <time>2026-02-28T17:34:16.619Z</time>
      </trkpt>
      <trkpt lat="31.82786" lon="34.99947">
        <ele>0</ele>
        <time>2026-02-28T17:34:17.619Z</time>
      </trkpt>
      <trkpt lat="31.82786" lon="34.99947">
        <ele>0</ele>
        <time>2026-02-28T17:34:18.619Z</time>
      </trkpt>
      <trkpt lat="31.82786" lon="34.99947">
        <ele>0</ele>
        <time>2026-02-28T17:34:19.619Z</time>
      </trkpt>
      <trkpt lat="31.82786" lon="34.99947">
        <ele>0</ele>
        <time>2026-02-28T17:34:20.619Z</time>
      </trkpt>
      <trkpt lat="31.82786" lon="34.99947">
        <ele>0</ele>
        <time>2026-02-28T17:34:21.619Z</time>
      </trkpt>
      <trkpt lat="31.82786" lon="34.99947">
        <ele>0</ele>
        <time>2026-02-28T17:34:22.619Z</time>
      </trkpt>
      <trkpt lat="31.82786" lon="34.99947">
        <ele>0</ele>
        <time>2026-02-28T17:34:23.619Z</time>
      </trkpt>
      <trkpt lat="31.82786" lon="34.99947">
        <ele>0</ele>
        <time>2026-02-28T17:34:24.619Z</time>
      </trkpt>
      <trkpt lat="31.82786" lon="34.99947">
        <ele>0</ele>
        <time>2026-02-28T17:34:25.619Z</time>
      </trkpt>
      <trkpt lat="31.82786" lon="34.99947">
        <ele>265</ele>
        <time>2026-02-28T17:34:26.619Z</time>
      </trkpt>
      <trkpt lat="31.827820000000003" lon="34.999460000000006">
        <ele>265</ele>
        <time>2026-02-28T17:34:27.619Z</time>
      </trkpt>
      <trkpt lat="31.82749" lon="34.999570000000006">
        <ele>261.5</ele>
        <time>2026-02-28T17:34:28.619Z</time>
      </trkpt>
      <trkpt lat="31.82749" lon="34.999570000000006">
        <ele>0</ele>
        <time>2026-02-28T17:34:29.619Z</time>
      </trkpt>
      <trkpt lat="31.82749" lon="34.999570000000006">
        <ele>0</ele>
        <time>2026-02-28T17:34:30.619Z</time>
      </trkpt>
      <trkpt lat="31.82749" lon="34.999570000000006">
        <ele>0</ele>
        <time>2026-02-28T17:34:31.619Z</time>
      </trkpt>
      <trkpt lat="31.82749" lon="34.999570000000006">
        <ele>0</ele>
        <time>2026-02-28T17:34:32.619Z</time>
      </trkpt>
      <trkpt lat="31.82749" lon="34.999570000000006">
        <ele>0</ele>
        <time>2026-02-28T17:34:33.619Z</time>
      </trkpt>
      <trkpt lat="31.82749" lon="34.999570000000006">
        <ele>0</ele>
        <time>2026-02-28T17:34:34.619Z</time>
      </trkpt>
      <trkpt lat="31.82749" lon="34.999570000000006">
        <ele>0</ele>
        <time>2026-02-28T17:34:35.619Z</time>
      </trkpt>
      <trkpt lat="31.82749" lon="34.999570000000006">
        <ele>0</ele>
        <time>2026-02-28T17:34:36.619Z</time>
      </trkpt>
      <trkpt lat="31.82749" lon="34.999570000000006">
        <ele>0</ele>
        <time>2026-02-28T17:34:37.619Z</time>
      </trkpt>
      <trkpt lat="31.82749" lon="34.999570000000006">
        <ele>0</ele>
        <time>2026-02-28T17:34:38.619Z</time>
      </trkpt>
      <trkpt lat="31.82749" lon="34.999570000000006">
        <ele>261.5</ele>
        <time>2026-02-28T17:34:39.619Z</time>
      </trkpt>
      <trkpt lat="31.82749" lon="34.999570000000006">
        <ele>0</ele>
        <time>2026-02-28T17:34:40.619Z</time>
      </trkpt>
      <trkpt lat="31.82749" lon="34.999570000000006">
        <ele>0</ele>
        <time>2026-02-28T17:34:41.619Z</time>
      </trkpt>
      <trkpt lat="31.8273" lon="34.99964">
        <ele>258</ele>
        <time>2026-02-28T17:34:42.619Z</time>
      </trkpt>
      <trkpt lat="31.827150000000003" lon="34.999660000000006">
        <ele>258</ele>
        <time>2026-02-28T17:34:43.619Z</time>
      </trkpt>
      <trkpt lat="31.827140000000004" lon="34.999700000000004">
        <ele>258</ele>
        <time>2026-02-28T17:34:44.619Z</time>
      </trkpt>
      <trkpt lat="31.827090000000002" lon="34.99972">
        <ele>258</ele>
        <time>2026-02-28T17:34:45.619Z</time>
      </trkpt>
      <trkpt lat="31.827090000000002" lon="34.99972">
        <ele>0</ele>
        <time>2026-02-28T17:34:46.619Z</time>
      </trkpt>
      <trkpt lat="31.827090000000002" lon="34.99972">
        <ele>0</ele>
        <time>2026-02-28T17:34:47.619Z</time>
      </trkpt>
      <trkpt lat="31.827090000000002" lon="34.99972">
        <ele>0</ele>
        <time>2026-02-28T17:34:48.619Z</time>
      </trkpt>
      <trkpt lat="31.827090000000002" lon="34.99972">
        <ele>0</ele>
        <time>2026-02-28T17:34:49.619Z</time>
      </trkpt>
      <trkpt lat="31.827090000000002" lon="34.99972">
        <ele>0</ele>
        <time>2026-02-28T17:34:50.619Z</time>
      </trkpt>
      <trkpt lat="31.827090000000002" lon="34.99972">
        <ele>0</ele>
        <time>2026-02-28T17:34:51.619Z</time>
      </trkpt>
      <trkpt lat="31.827090000000002" lon="34.99972">
        <ele>0</ele>
        <time>2026-02-28T17:34:52.619Z</time>
      </trkpt>
      <trkpt lat="31.827090000000002" lon="34.99972">
        <ele>0</ele>
        <time>2026-02-28T17:34:53.619Z</time>
      </trkpt>
      <trkpt lat="31.827090000000002" lon="34.99972">
        <ele>0</ele>
        <time>2026-02-28T17:34:54.619Z</time>
      </trkpt>
      <trkpt lat="31.827090000000002" lon="34.99972">
        <ele>0</ele>
        <time>2026-02-28T17:34:55.619Z</time>
      </trkpt>
      <trkpt lat="31.827090000000002" lon="34.99972">
        <ele>258</ele>
        <time>2026-02-28T17:34:56.619Z</time>
      </trkpt>
      <trkpt lat="31.827140000000004" lon="34.999700000000004">
        <ele>258</ele>
        <time>2026-02-28T17:34:57.619Z</time>
      </trkpt>
      <trkpt lat="31.827150000000003" lon="34.999660000000006">
        <ele>258</ele>
        <time>2026-02-28T17:34:58.619Z</time>
      </trkpt>
      <trkpt lat="31.827150000000003" lon="34.9996">
        <ele>258</ele>
        <time>2026-02-28T17:34:59.619Z</time>
      </trkpt>
      <trkpt lat="31.827060000000003" lon="34.99938">
        <ele>258</ele>
        <time>2026-02-28T17:35:00.619Z</time>
      </trkpt>
      <trkpt lat="31.827040000000004" lon="34.999300000000005">
        <ele>258</ele>
        <time>2026-02-28T17:35:01.619Z</time>
      </trkpt>
      <trkpt lat="31.827040000000004" lon="34.999300000000005">
        <ele>0</ele>
        <time>2026-02-28T17:35:02.619Z</time>
      </trkpt>
      <trkpt lat="31.827040000000004" lon="34.999300000000005">
        <ele>0</ele>
        <time>2026-02-28T17:35:03.619Z</time>
      </trkpt>
      <trkpt lat="31.827050000000003" lon="34.99924">
        <ele>262</ele>
        <time>2026-02-28T17:35:04.619Z</time>
      </trkpt>
      <trkpt lat="31.827050000000003" lon="34.99924">
        <ele>0</ele>
        <time>2026-02-28T17:35:05.619Z</time>
      </trkpt>
      <trkpt lat="31.827050000000003" lon="34.99924">
        <ele>0</ele>
        <time>2026-02-28T17:35:06.619Z</time>
      </trkpt>
      <trkpt lat="31.827050000000003" lon="34.99924">
        <ele>0</ele>
        <time>2026-02-28T17:35:07.619Z</time>
      </trkpt>
      <trkpt lat="31.827050000000003" lon="34.99924">
        <ele>0</ele>
        <time>2026-02-28T17:35:08.619Z</time>
      </trkpt>
      <trkpt lat="31.827050000000003" lon="34.99924">
        <ele>0</ele>
        <time>2026-02-28T17:35:09.619Z</time>
      </trkpt>
      <trkpt lat="31.827050000000003" lon="34.99924">
        <ele>0</ele>
        <time>2026-02-28T17:35:10.619Z</time>
      </trkpt>
      <trkpt lat="31.827050000000003" lon="34.99924">
        <ele>0</ele>
        <time>2026-02-28T17:35:11.619Z</time>
      </trkpt>
      <trkpt lat="31.827050000000003" lon="34.99924">
        <ele>0</ele>
        <time>2026-02-28T17:35:12.619Z</time>
      </trkpt>
      <trkpt lat="31.827050000000003" lon="34.99924">
        <ele>0</ele>
        <time>2026-02-28T17:35:13.619Z</time>
      </trkpt>
      <trkpt lat="31.827050000000003" lon="34.99924">
        <ele>0</ele>
        <time>2026-02-28T17:35:14.619Z</time>
      </trkpt>
      <trkpt lat="31.827050000000003" lon="34.99924">
        <ele>262</ele>
        <time>2026-02-28T17:35:15.619Z</time>
      </trkpt>
      <trkpt lat="31.827080000000002" lon="34.99907">
        <ele>266</ele>
        <time>2026-02-28T17:35:16.619Z</time>
      </trkpt>
      <trkpt lat="31.827080000000002" lon="34.9988">
        <ele>266</ele>
        <time>2026-02-28T17:35:17.619Z</time>
      </trkpt>
      <trkpt lat="31.827090000000002" lon="34.99869">
        <ele>266</ele>
        <time>2026-02-28T17:35:18.619Z</time>
      </trkpt>
      <trkpt lat="31.827090000000002" lon="34.99869">
        <ele>0</ele>
        <time>2026-02-28T17:35:19.619Z</time>
      </trkpt>
      <trkpt lat="31.827090000000002" lon="34.99869">
        <ele>0</ele>
        <time>2026-02-28T17:35:20.619Z</time>
      </trkpt>
      <trkpt lat="31.827090000000002" lon="34.99869">
        <ele>0</ele>
        <time>2026-02-28T17:35:21.619Z</time>
      </trkpt>
      <trkpt lat="31.827090000000002" lon="34.99869">
        <ele>0</ele>
        <time>2026-02-28T17:35:22.619Z</time>
      </trkpt>
      <trkpt lat="31.827090000000002" lon="34.99869">
        <ele>0</ele>
        <time>2026-02-28T17:35:23.619Z</time>
      </trkpt>
      <trkpt lat="31.827090000000002" lon="34.99869">
        <ele>0</ele>
        <time>2026-02-28T17:35:24.619Z</time>
      </trkpt>
      <trkpt lat="31.827090000000002" lon="34.99869">
        <ele>0</ele>
        <time>2026-02-28T17:35:25.619Z</time>
      </trkpt>
      <trkpt lat="31.827090000000002" lon="34.99869">
        <ele>0</ele>
        <time>2026-02-28T17:35:26.619Z</time>
      </trkpt>
      <trkpt lat="31.827090000000002" lon="34.99869">
        <ele>0</ele>
        <time>2026-02-28T17:35:27.619Z</time>
      </trkpt>
      <trkpt lat="31.827090000000002" lon="34.99869">
        <ele>0</ele>
        <time>2026-02-28T17:35:28.619Z</time>
      </trkpt>
      <trkpt lat="31.827090000000002" lon="34.99869">
        <ele>266</ele>
        <time>2026-02-28T17:35:29.619Z</time>
      </trkpt>
      <trkpt lat="31.82711" lon="34.99853">
        <ele>266</ele>
        <time>2026-02-28T17:35:30.619Z</time>
      </trkpt>
      <trkpt lat="31.827120000000004" lon="34.998310000000004">
        <ele>269</ele>
        <time>2026-02-28T17:35:31.619Z</time>
      </trkpt>
      <trkpt lat="31.82711" lon="34.998200000000004">
        <ele>269</ele>
        <time>2026-02-28T17:35:32.619Z</time>
      </trkpt>
      <trkpt lat="31.827050000000003" lon="34.99792">
        <ele>269</ele>
        <time>2026-02-28T17:35:33.619Z</time>
      </trkpt>
      <trkpt lat="31.827050000000003" lon="34.99792">
        <ele>0</ele>
        <time>2026-02-28T17:35:34.619Z</time>
      </trkpt>
      <trkpt lat="31.827050000000003" lon="34.99792">
        <ele>0</ele>
        <time>2026-02-28T17:35:35.619Z</time>
      </trkpt>
      <trkpt lat="31.827050000000003" lon="34.99792">
        <ele>0</ele>
        <time>2026-02-28T17:35:36.619Z</time>
      </trkpt>
      <trkpt lat="31.827050000000003" lon="34.99792">
        <ele>0</ele>
        <time>2026-02-28T17:35:37.619Z</time>
      </trkpt>
      <trkpt lat="31.827050000000003" lon="34.99792">
        <ele>0</ele>
        <time>2026-02-28T17:35:38.619Z</time>
      </trkpt>
      <trkpt lat="31.827050000000003" lon="34.99792">
        <ele>0</ele>
        <time>2026-02-28T17:35:39.619Z</time>
      </trkpt>
      <trkpt lat="31.827050000000003" lon="34.99792">
        <ele>0</ele>
        <time>2026-02-28T17:35:40.619Z</time>
      </trkpt>
      <trkpt lat="31.827050000000003" lon="34.99792">
        <ele>0</ele>
        <time>2026-02-28T17:35:41.619Z</time>
      </trkpt>
      <trkpt lat="31.827050000000003" lon="34.99792">
        <ele>0</ele>
        <time>2026-02-28T17:35:42.619Z</time>
      </trkpt>
      <trkpt lat="31.827050000000003" lon="34.99792">
        <ele>0</ele>
        <time>2026-02-28T17:35:43.619Z</time>
      </trkpt>
      <trkpt lat="31.827050000000003" lon="34.99792">
        <ele>269</ele>
        <time>2026-02-28T17:35:44.619Z</time>
      </trkpt>
      <trkpt lat="31.82701" lon="34.99765">
        <ele>269</ele>
        <time>2026-02-28T17:35:45.619Z</time>
      </trkpt>
      <trkpt lat="31.82701" lon="34.99765">
        <ele>0</ele>
        <time>2026-02-28T17:35:46.619Z</time>
      </trkpt>
      <trkpt lat="31.82701" lon="34.99765">
        <ele>0</ele>
        <time>2026-02-28T17:35:47.619Z</time>
      </trkpt>
      <trkpt lat="31.82701" lon="34.997440000000005">
        <ele>267</ele>
        <time>2026-02-28T17:35:48.619Z</time>
      </trkpt>
      <trkpt lat="31.82701" lon="34.997440000000005">
        <ele>0</ele>
        <time>2026-02-28T17:35:49.619Z</time>
      </trkpt>
      <trkpt lat="31.82701" lon="34.997440000000005">
        <ele>0</ele>
        <time>2026-02-28T17:35:50.619Z</time>
      </trkpt>
      <trkpt lat="31.82701" lon="34.997440000000005">
        <ele>0</ele>
        <time>2026-02-28T17:35:51.619Z</time>
      </trkpt>
      <trkpt lat="31.82701" lon="34.997440000000005">
        <ele>0</ele>
        <time>2026-02-28T17:35:52.619Z</time>
      </trkpt>
      <trkpt lat="31.82701" lon="34.997440000000005">
        <ele>0</ele>
        <time>2026-02-28T17:35:53.619Z</time>
      </trkpt>
      <trkpt lat="31.82701" lon="34.997440000000005">
        <ele>0</ele>
        <time>2026-02-28T17:35:54.619Z</time>
      </trkpt>
      <trkpt lat="31.82701" lon="34.997440000000005">
        <ele>0</ele>
        <time>2026-02-28T17:35:55.619Z</time>
      </trkpt>
      <trkpt lat="31.82701" lon="34.997440000000005">
        <ele>0</ele>
        <time>2026-02-28T17:35:56.619Z</time>
      </trkpt>
      <trkpt lat="31.82701" lon="34.997440000000005">
        <ele>0</ele>
        <time>2026-02-28T17:35:57.619Z</time>
      </trkpt>
      <trkpt lat="31.82701" lon="34.997440000000005">
        <ele>0</ele>
        <time>2026-02-28T17:35:58.619Z</time>
      </trkpt>
      <trkpt lat="31.82701" lon="34.997440000000005">
        <ele>267</ele>
        <time>2026-02-28T17:35:59.619Z</time>
      </trkpt>
      <trkpt lat="31.827080000000002" lon="34.99694">
        <ele>265</ele>
        <time>2026-02-28T17:36:00.619Z</time>
      </trkpt>
      <trkpt lat="31.827060000000003" lon="34.99687">
        <ele>265</ele>
        <time>2026-02-28T17:36:01.619Z</time>
      </trkpt>
      <trkpt lat="31.827060000000003" lon="34.99687">
        <ele>0</ele>
        <time>2026-02-28T17:36:02.619Z</time>
      </trkpt>
      <trkpt lat="31.827060000000003" lon="34.99687">
        <ele>0</ele>
        <time>2026-02-28T17:36:03.619Z</time>
      </trkpt>
      <trkpt lat="31.827060000000003" lon="34.99687">
        <ele>0</ele>
        <time>2026-02-28T17:36:04.619Z</time>
      </trkpt>
      <trkpt lat="31.827060000000003" lon="34.99687">
        <ele>0</ele>
        <time>2026-02-28T17:36:05.619Z</time>
      </trkpt>
      <trkpt lat="31.827060000000003" lon="34.99687">
        <ele>0</ele>
        <time>2026-02-28T17:36:06.619Z</time>
      </trkpt>
      <trkpt lat="31.827060000000003" lon="34.99687">
        <ele>0</ele>
        <time>2026-02-28T17:36:07.619Z</time>
      </trkpt>
      <trkpt lat="31.827060000000003" lon="34.99687">
        <ele>0</ele>
        <time>2026-02-28T17:36:08.619Z</time>
      </trkpt>
      <trkpt lat="31.827060000000003" lon="34.99687">
        <ele>0</ele>
        <time>2026-02-28T17:36:09.619Z</time>
      </trkpt>
      <trkpt lat="31.827060000000003" lon="34.99687">
        <ele>0</ele>
        <time>2026-02-28T17:36:10.619Z</time>
      </trkpt>
      <trkpt lat="31.827060000000003" lon="34.99687">
        <ele>0</ele>
        <time>2026-02-28T17:36:11.619Z</time>
      </trkpt>
      <trkpt lat="31.827060000000003" lon="34.99687">
        <ele>265</ele>
        <time>2026-02-28T17:36:12.619Z</time>
      </trkpt>
      <trkpt lat="31.82701" lon="34.996700000000004">
        <ele>265</ele>
        <time>2026-02-28T17:36:13.619Z</time>
      </trkpt>
      <trkpt lat="31.826800000000002" lon="34.996410000000004">
        <ele>252.5</ele>
        <time>2026-02-28T17:36:14.619Z</time>
      </trkpt>
      <trkpt lat="31.826800000000002" lon="34.996410000000004">
        <ele>0</ele>
        <time>2026-02-28T17:36:15.619Z</time>
      </trkpt>
      <trkpt lat="31.826800000000002" lon="34.996410000000004">
        <ele>0</ele>
        <time>2026-02-28T17:36:16.619Z</time>
      </trkpt>
      <trkpt lat="31.826800000000002" lon="34.996410000000004">
        <ele>0</ele>
        <time>2026-02-28T17:36:17.619Z</time>
      </trkpt>
      <trkpt lat="31.826800000000002" lon="34.996410000000004">
        <ele>0</ele>
        <time>2026-02-28T17:36:18.619Z</time>
      </trkpt>
      <trkpt lat="31.826800000000002" lon="34.996410000000004">
        <ele>0</ele>
        <time>2026-02-28T17:36:19.619Z</time>
      </trkpt>
      <trkpt lat="31.826800000000002" lon="34.996410000000004">
        <ele>0</ele>
        <time>2026-02-28T17:36:20.619Z</time>
      </trkpt>
      <trkpt lat="31.826800000000002" lon="34.996410000000004">
        <ele>0</ele>
        <time>2026-02-28T17:36:21.619Z</time>
      </trkpt>
      <trkpt lat="31.826800000000002" lon="34.996410000000004">
        <ele>0</ele>
        <time>2026-02-28T17:36:22.619Z</time>
      </trkpt>
      <trkpt lat="31.826800000000002" lon="34.996410000000004">
        <ele>0</ele>
        <time>2026-02-28T17:36:23.619Z</time>
      </trkpt>
      <trkpt lat="31.826800000000002" lon="34.996410000000004">
        <ele>0</ele>
        <time>2026-02-28T17:36:24.619Z</time>
      </trkpt>
      <trkpt lat="31.826800000000002" lon="34.996410000000004">
        <ele>252.5</ele>
        <time>2026-02-28T17:36:25.619Z</time>
      </trkpt>
      <trkpt lat="31.82672" lon="34.99627">
        <ele>244</ele>
        <time>2026-02-28T17:36:26.619Z</time>
      </trkpt>
      <trkpt lat="31.826680000000003" lon="34.99609">
        <ele>242.5</ele>
        <time>2026-02-28T17:36:27.619Z</time>
      </trkpt>
      <trkpt lat="31.826680000000003" lon="34.99609">
        <ele>0</ele>
        <time>2026-02-28T17:36:28.619Z</time>
      </trkpt>
      <trkpt lat="31.826680000000003" lon="34.99609">
        <ele>0</ele>
        <time>2026-02-28T17:36:29.619Z</time>
      </trkpt>
      <trkpt lat="31.826680000000003" lon="34.99609">
        <ele>0</ele>
        <time>2026-02-28T17:36:30.619Z</time>
      </trkpt>
      <trkpt lat="31.826680000000003" lon="34.99609">
        <ele>0</ele>
        <time>2026-02-28T17:36:31.619Z</time>
      </trkpt>
      <trkpt lat="31.826680000000003" lon="34.99609">
        <ele>0</ele>
        <time>2026-02-28T17:36:32.619Z</time>
      </trkpt>
      <trkpt lat="31.826680000000003" lon="34.99609">
        <ele>0</ele>
        <time>2026-02-28T17:36:33.619Z</time>
      </trkpt>
      <trkpt lat="31.826680000000003" lon="34.99609">
        <ele>0</ele>
        <time>2026-02-28T17:36:34.619Z</time>
      </trkpt>
      <trkpt lat="31.826680000000003" lon="34.99609">
        <ele>0</ele>
        <time>2026-02-28T17:36:35.619Z</time>
      </trkpt>
      <trkpt lat="31.826680000000003" lon="34.99609">
        <ele>0</ele>
        <time>2026-02-28T17:36:36.619Z</time>
      </trkpt>
      <trkpt lat="31.826680000000003" lon="34.99609">
        <ele>0</ele>
        <time>2026-02-28T17:36:37.619Z</time>
      </trkpt>
      <trkpt lat="31.826680000000003" lon="34.99609">
        <ele>242.5</ele>
        <time>2026-02-28T17:36:38.619Z</time>
      </trkpt>
      <trkpt lat="31.826680000000003" lon="34.99578">
        <ele>241</ele>
        <time>2026-02-28T17:36:39.619Z</time>
      </trkpt>
      <trkpt lat="31.82673" lon="34.995400000000004">
        <ele>249</ele>
        <time>2026-02-28T17:36:40.619Z</time>
      </trkpt>
      <trkpt lat="31.82673" lon="34.995400000000004">
        <ele>0</ele>
        <time>2026-02-28T17:36:41.619Z</time>
      </trkpt>
      <trkpt lat="31.82673" lon="34.995400000000004">
        <ele>0</ele>
        <time>2026-02-28T17:36:42.619Z</time>
      </trkpt>
      <trkpt lat="31.82673" lon="34.995400000000004">
        <ele>0</ele>
        <time>2026-02-28T17:36:43.619Z</time>
      </trkpt>
      <trkpt lat="31.82673" lon="34.995400000000004">
        <ele>0</ele>
        <time>2026-02-28T17:36:44.619Z</time>
      </trkpt>
      <trkpt lat="31.82673" lon="34.995400000000004">
        <ele>0</ele>
        <time>2026-02-28T17:36:45.619Z</time>
      </trkpt>
      <trkpt lat="31.82673" lon="34.995400000000004">
        <ele>0</ele>
        <time>2026-02-28T17:36:46.619Z</time>
      </trkpt>
      <trkpt lat="31.82673" lon="34.995400000000004">
        <ele>0</ele>
        <time>2026-02-28T17:36:47.619Z</time>
      </trkpt>
      <trkpt lat="31.82673" lon="34.995400000000004">
        <ele>0</ele>
        <time>2026-02-28T17:36:48.619Z</time>
      </trkpt>
      <trkpt lat="31.82673" lon="34.995400000000004">
        <ele>0</ele>
        <time>2026-02-28T17:36:49.619Z</time>
      </trkpt>
      <trkpt lat="31.82673" lon="34.995400000000004">
        <ele>0</ele>
        <time>2026-02-28T17:36:50.619Z</time>
      </trkpt>
      <trkpt lat="31.82673" lon="34.995400000000004">
        <ele>249</ele>
        <time>2026-02-28T17:36:51.619Z</time>
      </trkpt>
      <trkpt lat="31.82673" lon="34.995400000000004">
        <ele>0</ele>
        <time>2026-02-28T17:36:52.619Z</time>
      </trkpt>
      <trkpt lat="31.82673" lon="34.995400000000004">
        <ele>0</ele>
        <time>2026-02-28T17:36:53.619Z</time>
      </trkpt>
      <trkpt lat="31.826840000000004" lon="34.9951">
        <ele>257</ele>
        <time>2026-02-28T17:36:54.619Z</time>
      </trkpt>
      <trkpt lat="31.826860000000003" lon="34.995020000000004">
        <ele>257</ele>
        <time>2026-02-28T17:36:55.619Z</time>
      </trkpt>
      <trkpt lat="31.826860000000003" lon="34.99481">
        <ele>252</ele>
        <time>2026-02-28T17:36:56.619Z</time>
      </trkpt>
      <trkpt lat="31.82691" lon="34.994580000000006">
        <ele>252</ele>
        <time>2026-02-28T17:36:57.619Z</time>
      </trkpt>
      <trkpt lat="31.82691" lon="34.994580000000006">
        <ele>0</ele>
        <time>2026-02-28T17:36:58.619Z</time>
      </trkpt>
      <trkpt lat="31.82691" lon="34.994580000000006">
        <ele>0</ele>
        <time>2026-02-28T17:36:59.619Z</time>
      </trkpt>
      <trkpt lat="31.82691" lon="34.994580000000006">
        <ele>0</ele>
        <time>2026-02-28T17:37:00.619Z</time>
      </trkpt>
      <trkpt lat="31.82691" lon="34.994580000000006">
        <ele>0</ele>
        <time>2026-02-28T17:37:01.619Z</time>
      </trkpt>
      <trkpt lat="31.82691" lon="34.994580000000006">
        <ele>0</ele>
        <time>2026-02-28T17:37:02.619Z</time>
      </trkpt>
      <trkpt lat="31.82691" lon="34.994580000000006">
        <ele>0</ele>
        <time>2026-02-28T17:37:03.619Z</time>
      </trkpt>
      <trkpt lat="31.82691" lon="34.994580000000006">
        <ele>0</ele>
        <time>2026-02-28T17:37:04.619Z</time>
      </trkpt>
      <trkpt lat="31.82691" lon="34.994580000000006">
        <ele>0</ele>
        <time>2026-02-28T17:37:05.619Z</time>
      </trkpt>
      <trkpt lat="31.82691" lon="34.994580000000006">
        <ele>0</ele>
        <time>2026-02-28T17:37:06.619Z</time>
      </trkpt>
      <trkpt lat="31.82691" lon="34.994580000000006">
        <ele>0</ele>
        <time>2026-02-28T17:37:07.619Z</time>
      </trkpt>
      <trkpt lat="31.82691" lon="34.994580000000006">
        <ele>252</ele>
        <time>2026-02-28T17:37:08.619Z</time>
      </trkpt>
      <trkpt lat="31.827" lon="34.994260000000004">
        <ele>246.5</ele>
        <time>2026-02-28T17:37:09.619Z</time>
      </trkpt>
      <trkpt lat="31.827" lon="34.994260000000004">
        <ele>0</ele>
        <time>2026-02-28T17:37:10.619Z</time>
      </trkpt>
      <trkpt lat="31.827" lon="34.994260000000004">
        <ele>0</ele>
        <time>2026-02-28T17:37:11.619Z</time>
      </trkpt>
      <trkpt lat="31.827" lon="34.994260000000004">
        <ele>0</ele>
        <time>2026-02-28T17:37:12.619Z</time>
      </trkpt>
      <trkpt lat="31.827" lon="34.994260000000004">
        <ele>0</ele>
        <time>2026-02-28T17:37:13.619Z</time>
      </trkpt>
      <trkpt lat="31.827" lon="34.994260000000004">
        <ele>0</ele>
        <time>2026-02-28T17:37:14.619Z</time>
      </trkpt>
      <trkpt lat="31.827" lon="34.994260000000004">
        <ele>0</ele>
        <time>2026-02-28T17:37:15.619Z</time>
      </trkpt>
      <trkpt lat="31.827" lon="34.994260000000004">
        <ele>0</ele>
        <time>2026-02-28T17:37:16.619Z</time>
      </trkpt>
      <trkpt lat="31.827" lon="34.994260000000004">
        <ele>0</ele>
        <time>2026-02-28T17:37:17.619Z</time>
      </trkpt>
      <trkpt lat="31.827" lon="34.994260000000004">
        <ele>0</ele>
        <time>2026-02-28T17:37:18.619Z</time>
      </trkpt>
      <trkpt lat="31.827" lon="34.994260000000004">
        <ele>0</ele>
        <time>2026-02-28T17:37:19.619Z</time>
      </trkpt>
      <trkpt lat="31.827" lon="34.994260000000004">
        <ele>246.5</ele>
        <time>2026-02-28T17:37:20.619Z</time>
      </trkpt>
      <trkpt lat="31.827150000000003" lon="34.99381">
        <ele>241</ele>
        <time>2026-02-28T17:37:21.619Z</time>
      </trkpt>
      <trkpt lat="31.827150000000003" lon="34.99381">
        <ele>0</ele>
        <time>2026-02-28T17:37:22.619Z</time>
      </trkpt>
      <trkpt lat="31.827150000000003" lon="34.99381">
        <ele>0</ele>
        <time>2026-02-28T17:37:23.619Z</time>
      </trkpt>
      <trkpt lat="31.827150000000003" lon="34.99381">
        <ele>0</ele>
        <time>2026-02-28T17:37:24.619Z</time>
      </trkpt>
      <trkpt lat="31.827150000000003" lon="34.99381">
        <ele>0</ele>
        <time>2026-02-28T17:37:25.619Z</time>
      </trkpt>
      <trkpt lat="31.827150000000003" lon="34.99381">
        <ele>0</ele>
        <time>2026-02-28T17:37:26.619Z</time>
      </trkpt>
      <trkpt lat="31.827150000000003" lon="34.99381">
        <ele>0</ele>
        <time>2026-02-28T17:37:27.619Z</time>
      </trkpt>
      <trkpt lat="31.827150000000003" lon="34.99381">
        <ele>0</ele>
        <time>2026-02-28T17:37:28.619Z</time>
      </trkpt>
      <trkpt lat="31.827150000000003" lon="34.99381">
        <ele>0</ele>
        <time>2026-02-28T17:37:29.619Z</time>
      </trkpt>
      <trkpt lat="31.827150000000003" lon="34.99381">
        <ele>0</ele>
        <time>2026-02-28T17:37:30.619Z</time>
      </trkpt>
      <trkpt lat="31.827150000000003" lon="34.99381">
        <ele>0</ele>
        <time>2026-02-28T17:37:31.619Z</time>
      </trkpt>
      <trkpt lat="31.827150000000003" lon="34.99381">
        <ele>241</ele>
        <time>2026-02-28T17:37:32.619Z</time>
      </trkpt>
      <trkpt lat="31.82721" lon="34.99356">
        <ele>241</ele>
        <time>2026-02-28T17:37:33.619Z</time>
      </trkpt>
      <trkpt lat="31.827330000000003" lon="34.993300000000005">
        <ele>237</ele>
        <time>2026-02-28T17:37:34.619Z</time>
      </trkpt>
      <trkpt lat="31.827330000000003" lon="34.993300000000005">
        <ele>0</ele>
        <time>2026-02-28T17:37:35.619Z</time>
      </trkpt>
      <trkpt lat="31.827330000000003" lon="34.993300000000005">
        <ele>0</ele>
        <time>2026-02-28T17:37:36.619Z</time>
      </trkpt>
      <trkpt lat="31.827330000000003" lon="34.993300000000005">
        <ele>0</ele>
        <time>2026-02-28T17:37:37.619Z</time>
      </trkpt>
      <trkpt lat="31.827330000000003" lon="34.993300000000005">
        <ele>0</ele>
        <time>2026-02-28T17:37:38.619Z</time>
      </trkpt>
      <trkpt lat="31.827330000000003" lon="34.993300000000005">
        <ele>0</ele>
        <time>2026-02-28T17:37:39.619Z</time>
      </trkpt>
      <trkpt lat="31.827330000000003" lon="34.993300000000005">
        <ele>0</ele>
        <time>2026-02-28T17:37:40.619Z</time>
      </trkpt>
      <trkpt lat="31.827330000000003" lon="34.993300000000005">
        <ele>0</ele>
        <time>2026-02-28T17:37:41.619Z</time>
      </trkpt>
      <trkpt lat="31.827330000000003" lon="34.993300000000005">
        <ele>0</ele>
        <time>2026-02-28T17:37:42.619Z</time>
      </trkpt>
      <trkpt lat="31.827330000000003" lon="34.993300000000005">
        <ele>0</ele>
        <time>2026-02-28T17:37:43.619Z</time>
      </trkpt>
      <trkpt lat="31.827330000000003" lon="34.993300000000005">
        <ele>0</ele>
        <time>2026-02-28T17:37:44.619Z</time>
      </trkpt>
      <trkpt lat="31.827330000000003" lon="34.993300000000005">
        <ele>237</ele>
        <time>2026-02-28T17:37:45.619Z</time>
      </trkpt>
      <trkpt lat="31.827450000000002" lon="34.99304">
        <ele>233</ele>
        <time>2026-02-28T17:37:46.619Z</time>
      </trkpt>
      <trkpt lat="31.827450000000002" lon="34.99304">
        <ele>0</ele>
        <time>2026-02-28T17:37:47.619Z</time>
      </trkpt>
      <trkpt lat="31.827450000000002" lon="34.99304">
        <ele>0</ele>
        <time>2026-02-28T17:37:48.619Z</time>
      </trkpt>
      <trkpt lat="31.82775" lon="34.99251">
        <ele>237</ele>
        <time>2026-02-28T17:37:49.619Z</time>
      </trkpt>
      <trkpt lat="31.82775" lon="34.99251">
        <ele>0</ele>
        <time>2026-02-28T17:37:50.619Z</time>
      </trkpt>
      <trkpt lat="31.82775" lon="34.99251">
        <ele>0</ele>
        <time>2026-02-28T17:37:51.619Z</time>
      </trkpt>
      <trkpt lat="31.82775" lon="34.99251">
        <ele>0</ele>
        <time>2026-02-28T17:37:52.619Z</time>
      </trkpt>
      <trkpt lat="31.82775" lon="34.99251">
        <ele>0</ele>
        <time>2026-02-28T17:37:53.619Z</time>
      </trkpt>
      <trkpt lat="31.82775" lon="34.99251">
        <ele>0</ele>
        <time>2026-02-28T17:37:54.619Z</time>
      </trkpt>
      <trkpt lat="31.82775" lon="34.99251">
        <ele>0</ele>
        <time>2026-02-28T17:37:55.619Z</time>
      </trkpt>
      <trkpt lat="31.82775" lon="34.99251">
        <ele>0</ele>
        <time>2026-02-28T17:37:56.619Z</time>
      </trkpt>
      <trkpt lat="31.82775" lon="34.99251">
        <ele>0</ele>
        <time>2026-02-28T17:37:57.619Z</time>
      </trkpt>
      <trkpt lat="31.82775" lon="34.99251">
        <ele>0</ele>
        <time>2026-02-28T17:37:58.619Z</time>
      </trkpt>
      <trkpt lat="31.82775" lon="34.99251">
        <ele>0</ele>
        <time>2026-02-28T17:37:59.619Z</time>
      </trkpt>
      <trkpt lat="31.82775" lon="34.99251">
        <ele>237</ele>
        <time>2026-02-28T17:38:00.619Z</time>
      </trkpt>
      <trkpt lat="31.82794" lon="34.992180000000005">
        <ele>239.5</ele>
        <time>2026-02-28T17:38:01.619Z</time>
      </trkpt>
      <trkpt lat="31.82794" lon="34.992180000000005">
        <ele>0</ele>
        <time>2026-02-28T17:38:02.619Z</time>
      </trkpt>
      <trkpt lat="31.82794" lon="34.992180000000005">
        <ele>0</ele>
        <time>2026-02-28T17:38:03.619Z</time>
      </trkpt>
      <trkpt lat="31.82794" lon="34.992180000000005">
        <ele>0</ele>
        <time>2026-02-28T17:38:04.619Z</time>
      </trkpt>
      <trkpt lat="31.82794" lon="34.992180000000005">
        <ele>0</ele>
        <time>2026-02-28T17:38:05.619Z</time>
      </trkpt>
      <trkpt lat="31.82794" lon="34.992180000000005">
        <ele>0</ele>
        <time>2026-02-28T17:38:06.619Z</time>
      </trkpt>
      <trkpt lat="31.82794" lon="34.992180000000005">
        <ele>0</ele>
        <time>2026-02-28T17:38:07.619Z</time>
      </trkpt>
      <trkpt lat="31.82794" lon="34.992180000000005">
        <ele>0</ele>
        <time>2026-02-28T17:38:08.619Z</time>
      </trkpt>
      <trkpt lat="31.82794" lon="34.992180000000005">
        <ele>0</ele>
        <time>2026-02-28T17:38:09.619Z</time>
      </trkpt>
      <trkpt lat="31.82794" lon="34.992180000000005">
        <ele>0</ele>
        <time>2026-02-28T17:38:10.619Z</time>
      </trkpt>
      <trkpt lat="31.82794" lon="34.992180000000005">
        <ele>0</ele>
        <time>2026-02-28T17:38:11.619Z</time>
      </trkpt>
      <trkpt lat="31.82794" lon="34.992180000000005">
        <ele>239.5</ele>
        <time>2026-02-28T17:38:12.619Z</time>
      </trkpt>
      <trkpt lat="31.828270000000003" lon="34.9917">
        <ele>239.5</ele>
        <time>2026-02-28T17:38:13.619Z</time>
      </trkpt>
      <trkpt lat="31.828270000000003" lon="34.9917">
        <ele>0</ele>
        <time>2026-02-28T17:38:14.619Z</time>
      </trkpt>
      <trkpt lat="31.828270000000003" lon="34.9917">
        <ele>0</ele>
        <time>2026-02-28T17:38:15.619Z</time>
      </trkpt>
      <trkpt lat="31.828270000000003" lon="34.9917">
        <ele>0</ele>
        <time>2026-02-28T17:38:16.619Z</time>
      </trkpt>
      <trkpt lat="31.828270000000003" lon="34.9917">
        <ele>0</ele>
        <time>2026-02-28T17:38:17.619Z</time>
      </trkpt>
      <trkpt lat="31.828270000000003" lon="34.9917">
        <ele>0</ele>
        <time>2026-02-28T17:38:18.619Z</time>
      </trkpt>
      <trkpt lat="31.828270000000003" lon="34.9917">
        <ele>0</ele>
        <time>2026-02-28T17:38:19.619Z</time>
      </trkpt>
      <trkpt lat="31.828270000000003" lon="34.9917">
        <ele>0</ele>
        <time>2026-02-28T17:38:20.619Z</time>
      </trkpt>
      <trkpt lat="31.828270000000003" lon="34.9917">
        <ele>0</ele>
        <time>2026-02-28T17:38:21.619Z</time>
      </trkpt>
      <trkpt lat="31.828270000000003" lon="34.9917">
        <ele>0</ele>
        <time>2026-02-28T17:38:22.619Z</time>
      </trkpt>
      <trkpt lat="31.828270000000003" lon="34.9917">
        <ele>0</ele>
        <time>2026-02-28T17:38:23.619Z</time>
      </trkpt>
      <trkpt lat="31.828270000000003" lon="34.9917">
        <ele>239.5</ele>
        <time>2026-02-28T17:38:24.619Z</time>
      </trkpt>
      <trkpt lat="31.82842" lon="34.9915">
        <ele>238</ele>
        <time>2026-02-28T17:38:25.619Z</time>
      </trkpt>
      <trkpt lat="31.82861" lon="34.99127">
        <ele>242.5</ele>
        <time>2026-02-28T17:38:26.619Z</time>
      </trkpt>
      <trkpt lat="31.82861" lon="34.99127">
        <ele>0</ele>
        <time>2026-02-28T17:38:27.619Z</time>
      </trkpt>
      <trkpt lat="31.82861" lon="34.99127">
        <ele>0</ele>
        <time>2026-02-28T17:38:28.619Z</time>
      </trkpt>
      <trkpt lat="31.82861" lon="34.99127">
        <ele>0</ele>
        <time>2026-02-28T17:38:29.619Z</time>
      </trkpt>
      <trkpt lat="31.82861" lon="34.99127">
        <ele>0</ele>
        <time>2026-02-28T17:38:30.619Z</time>
      </trkpt>
      <trkpt lat="31.82861" lon="34.99127">
        <ele>0</ele>
        <time>2026-02-28T17:38:31.619Z</time>
      </trkpt>
      <trkpt lat="31.82861" lon="34.99127">
        <ele>0</ele>
        <time>2026-02-28T17:38:32.619Z</time>
      </trkpt>
      <trkpt lat="31.82861" lon="34.99127">
        <ele>0</ele>
        <time>2026-02-28T17:38:33.619Z</time>
      </trkpt>
      <trkpt lat="31.82861" lon="34.99127">
        <ele>0</ele>
        <time>2026-02-28T17:38:34.619Z</time>
      </trkpt>
      <trkpt lat="31.82861" lon="34.99127">
        <ele>0</ele>
        <time>2026-02-28T17:38:35.619Z</time>
      </trkpt>
      <trkpt lat="31.82861" lon="34.99127">
        <ele>0</ele>
        <time>2026-02-28T17:38:36.619Z</time>
      </trkpt>
      <trkpt lat="31.82861" lon="34.99127">
        <ele>242.5</ele>
        <time>2026-02-28T17:38:37.619Z</time>
      </trkpt>
      <trkpt lat="31.82871" lon="34.991150000000005">
        <ele>247</ele>
        <time>2026-02-28T17:38:38.619Z</time>
      </trkpt>
      <trkpt lat="31.82897" lon="34.990930000000006">
        <ele>242.5</ele>
        <time>2026-02-28T17:38:39.619Z</time>
      </trkpt>
      <trkpt lat="31.82897" lon="34.990930000000006">
        <ele>0</ele>
        <time>2026-02-28T17:38:40.619Z</time>
      </trkpt>
      <trkpt lat="31.82897" lon="34.990930000000006">
        <ele>0</ele>
        <time>2026-02-28T17:38:41.619Z</time>
      </trkpt>
      <trkpt lat="31.82897" lon="34.990930000000006">
        <ele>0</ele>
        <time>2026-02-28T17:38:42.619Z</time>
      </trkpt>
      <trkpt lat="31.82897" lon="34.990930000000006">
        <ele>0</ele>
        <time>2026-02-28T17:38:43.619Z</time>
      </trkpt>
      <trkpt lat="31.82897" lon="34.990930000000006">
        <ele>0</ele>
        <time>2026-02-28T17:38:44.619Z</time>
      </trkpt>
      <trkpt lat="31.82897" lon="34.990930000000006">
        <ele>0</ele>
        <time>2026-02-28T17:38:45.619Z</time>
      </trkpt>
      <trkpt lat="31.82897" lon="34.990930000000006">
        <ele>0</ele>
        <time>2026-02-28T17:38:46.619Z</time>
      </trkpt>
      <trkpt lat="31.82897" lon="34.990930000000006">
        <ele>0</ele>
        <time>2026-02-28T17:38:47.619Z</time>
      </trkpt>
      <trkpt lat="31.82897" lon="34.990930000000006">
        <ele>0</ele>
        <time>2026-02-28T17:38:48.619Z</time>
      </trkpt>
      <trkpt lat="31.82897" lon="34.990930000000006">
        <ele>0</ele>
        <time>2026-02-28T17:38:49.619Z</time>
      </trkpt>
      <trkpt lat="31.82897" lon="34.990930000000006">
        <ele>242.5</ele>
        <time>2026-02-28T17:38:50.619Z</time>
      </trkpt>
      <trkpt lat="31.828950000000003" lon="34.99094">
        <ele>247</ele>
        <time>2026-02-28T17:38:51.619Z</time>
      </trkpt>
      <trkpt lat="31.829020000000003" lon="34.991040000000005">
        <ele>247</ele>
        <time>2026-02-28T17:38:52.619Z</time>
      </trkpt>
      <trkpt lat="31.829020000000003" lon="34.991040000000005">
        <ele>0</ele>
        <time>2026-02-28T17:38:53.619Z</time>
      </trkpt>
      <trkpt lat="31.829020000000003" lon="34.991040000000005">
        <ele>0</ele>
        <time>2026-02-28T17:38:54.619Z</time>
      </trkpt>
      <trkpt lat="31.829060000000002" lon="34.99116">
        <ele>247</ele>
        <time>2026-02-28T17:38:55.619Z</time>
      </trkpt>
      <trkpt lat="31.829060000000002" lon="34.99116">
        <ele>0</ele>
        <time>2026-02-28T17:38:56.619Z</time>
      </trkpt>
      <trkpt lat="31.829060000000002" lon="34.99116">
        <ele>0</ele>
        <time>2026-02-28T17:38:57.619Z</time>
      </trkpt>
      <trkpt lat="31.829060000000002" lon="34.99116">
        <ele>0</ele>
        <time>2026-02-28T17:38:58.619Z</time>
      </trkpt>
      <trkpt lat="31.829060000000002" lon="34.99116">
        <ele>0</ele>
        <time>2026-02-28T17:38:59.619Z</time>
      </trkpt>
      <trkpt lat="31.829060000000002" lon="34.99116">
        <ele>0</ele>
        <time>2026-02-28T17:39:00.619Z</time>
      </trkpt>
      <trkpt lat="31.829060000000002" lon="34.99116">
        <ele>0</ele>
        <time>2026-02-28T17:39:01.619Z</time>
      </trkpt>
      <trkpt lat="31.829060000000002" lon="34.99116">
        <ele>0</ele>
        <time>2026-02-28T17:39:02.619Z</time>
      </trkpt>
      <trkpt lat="31.829060000000002" lon="34.99116">
        <ele>0</ele>
        <time>2026-02-28T17:39:03.619Z</time>
      </trkpt>
      <trkpt lat="31.829060000000002" lon="34.99116">
        <ele>0</ele>
        <time>2026-02-28T17:39:04.619Z</time>
      </trkpt>
      <trkpt lat="31.829060000000002" lon="34.99116">
        <ele>0</ele>
        <time>2026-02-28T17:39:05.619Z</time>
      </trkpt>
      <trkpt lat="31.829060000000002" lon="34.99116">
        <ele>247</ele>
        <time>2026-02-28T17:39:06.619Z</time>
      </trkpt>
      <trkpt lat="31.82908" lon="34.99123">
        <ele>247</ele>
        <time>2026-02-28T17:39:07.619Z</time>
      </trkpt>
      <trkpt lat="31.829060000000002" lon="34.991550000000004">
        <ele>247</ele>
        <time>2026-02-28T17:39:08.619Z</time>
      </trkpt>
      <trkpt lat="31.829090000000004" lon="34.991670000000006">
        <ele>251</ele>
        <time>2026-02-28T17:39:09.619Z</time>
      </trkpt>
      <trkpt lat="31.829090000000004" lon="34.991670000000006">
        <ele>0</ele>
        <time>2026-02-28T17:39:10.619Z</time>
      </trkpt>
      <trkpt lat="31.829090000000004" lon="34.991670000000006">
        <ele>0</ele>
        <time>2026-02-28T17:39:11.619Z</time>
      </trkpt>
      <trkpt lat="31.829090000000004" lon="34.991670000000006">
        <ele>0</ele>
        <time>2026-02-28T17:39:12.619Z</time>
      </trkpt>
      <trkpt lat="31.829090000000004" lon="34.991670000000006">
        <ele>0</ele>
        <time>2026-02-28T17:39:13.619Z</time>
      </trkpt>
      <trkpt lat="31.829090000000004" lon="34.991670000000006">
        <ele>0</ele>
        <time>2026-02-28T17:39:14.619Z</time>
      </trkpt>
      <trkpt lat="31.829090000000004" lon="34.991670000000006">
        <ele>0</ele>
        <time>2026-02-28T17:39:15.619Z</time>
      </trkpt>
      <trkpt lat="31.829090000000004" lon="34.991670000000006">
        <ele>0</ele>
        <time>2026-02-28T17:39:16.619Z</time>
      </trkpt>
      <trkpt lat="31.829090000000004" lon="34.991670000000006">
        <ele>0</ele>
        <time>2026-02-28T17:39:17.619Z</time>
      </trkpt>
      <trkpt lat="31.829090000000004" lon="34.991670000000006">
        <ele>0</ele>
        <time>2026-02-28T17:39:18.619Z</time>
      </trkpt>
      <trkpt lat="31.829090000000004" lon="34.991670000000006">
        <ele>0</ele>
        <time>2026-02-28T17:39:19.619Z</time>
      </trkpt>
      <trkpt lat="31.829090000000004" lon="34.991670000000006">
        <ele>251</ele>
        <time>2026-02-28T17:39:20.619Z</time>
      </trkpt>
      <trkpt lat="31.829120000000003" lon="34.99179">
        <ele>255</ele>
        <time>2026-02-28T17:39:21.619Z</time>
      </trkpt>
      <trkpt lat="31.829250000000002" lon="34.991890000000005">
        <ele>259.5</ele>
        <time>2026-02-28T17:39:22.619Z</time>
      </trkpt>
      <trkpt lat="31.829250000000002" lon="34.991890000000005">
        <ele>0</ele>
        <time>2026-02-28T17:39:23.619Z</time>
      </trkpt>
      <trkpt lat="31.829250000000002" lon="34.991890000000005">
        <ele>0</ele>
        <time>2026-02-28T17:39:24.619Z</time>
      </trkpt>
      <trkpt lat="31.829250000000002" lon="34.991890000000005">
        <ele>0</ele>
        <time>2026-02-28T17:39:25.619Z</time>
      </trkpt>
      <trkpt lat="31.829250000000002" lon="34.991890000000005">
        <ele>0</ele>
        <time>2026-02-28T17:39:26.619Z</time>
      </trkpt>
      <trkpt lat="31.829250000000002" lon="34.991890000000005">
        <ele>0</ele>
        <time>2026-02-28T17:39:27.619Z</time>
      </trkpt>
      <trkpt lat="31.829250000000002" lon="34.991890000000005">
        <ele>0</ele>
        <time>2026-02-28T17:39:28.619Z</time>
      </trkpt>
      <trkpt lat="31.829250000000002" lon="34.991890000000005">
        <ele>0</ele>
        <time>2026-02-28T17:39:29.619Z</time>
      </trkpt>
      <trkpt lat="31.829250000000002" lon="34.991890000000005">
        <ele>0</ele>
        <time>2026-02-28T17:39:30.619Z</time>
      </trkpt>
      <trkpt lat="31.829250000000002" lon="34.991890000000005">
        <ele>0</ele>
        <time>2026-02-28T17:39:31.619Z</time>
      </trkpt>
      <trkpt lat="31.829250000000002" lon="34.991890000000005">
        <ele>0</ele>
        <time>2026-02-28T17:39:32.619Z</time>
      </trkpt>
      <trkpt lat="31.829250000000002" lon="34.991890000000005">
        <ele>259.5</ele>
        <time>2026-02-28T17:39:33.619Z</time>
      </trkpt>
      <trkpt lat="31.829580000000004" lon="34.992160000000005">
        <ele>264</ele>
        <time>2026-02-28T17:39:34.619Z</time>
      </trkpt>
      <trkpt lat="31.829580000000004" lon="34.992160000000005">
        <ele>0</ele>
        <time>2026-02-28T17:39:35.619Z</time>
      </trkpt>
      <trkpt lat="31.829580000000004" lon="34.992160000000005">
        <ele>0</ele>
        <time>2026-02-28T17:39:36.619Z</time>
      </trkpt>
      <trkpt lat="31.829580000000004" lon="34.992160000000005">
        <ele>0</ele>
        <time>2026-02-28T17:39:37.619Z</time>
      </trkpt>
      <trkpt lat="31.829580000000004" lon="34.992160000000005">
        <ele>0</ele>
        <time>2026-02-28T17:39:38.619Z</time>
      </trkpt>
      <trkpt lat="31.829580000000004" lon="34.992160000000005">
        <ele>0</ele>
        <time>2026-02-28T17:39:39.619Z</time>
      </trkpt>
      <trkpt lat="31.829580000000004" lon="34.992160000000005">
        <ele>0</ele>
        <time>2026-02-28T17:39:40.619Z</time>
      </trkpt>
      <trkpt lat="31.829580000000004" lon="34.992160000000005">
        <ele>0</ele>
        <time>2026-02-28T17:39:41.619Z</time>
      </trkpt>
      <trkpt lat="31.829580000000004" lon="34.992160000000005">
        <ele>0</ele>
        <time>2026-02-28T17:39:42.619Z</time>
      </trkpt>
      <trkpt lat="31.829580000000004" lon="34.992160000000005">
        <ele>0</ele>
        <time>2026-02-28T17:39:43.619Z</time>
      </trkpt>
      <trkpt lat="31.829580000000004" lon="34.992160000000005">
        <ele>0</ele>
        <time>2026-02-28T17:39:44.619Z</time>
      </trkpt>
      <trkpt lat="31.829580000000004" lon="34.992160000000005">
        <ele>264</ele>
        <time>2026-02-28T17:39:45.619Z</time>
      </trkpt>
      <trkpt lat="31.829760000000004" lon="34.99233">
        <ele>264</ele>
        <time>2026-02-28T17:39:46.619Z</time>
      </trkpt>
      <trkpt lat="31.829760000000004" lon="34.99233">
        <ele>0</ele>
        <time>2026-02-28T17:39:47.619Z</time>
      </trkpt>
      <trkpt lat="31.829760000000004" lon="34.99233">
        <ele>0</ele>
        <time>2026-02-28T17:39:48.619Z</time>
      </trkpt>
      <trkpt lat="31.829760000000004" lon="34.99233">
        <ele>0</ele>
        <time>2026-02-28T17:39:49.619Z</time>
      </trkpt>
      <trkpt lat="31.829760000000004" lon="34.99233">
        <ele>0</ele>
        <time>2026-02-28T17:39:50.619Z</time>
      </trkpt>
      <trkpt lat="31.829760000000004" lon="34.99233">
        <ele>0</ele>
        <time>2026-02-28T17:39:51.619Z</time>
      </trkpt>
      <trkpt lat="31.829760000000004" lon="34.99233">
        <ele>0</ele>
        <time>2026-02-28T17:39:52.619Z</time>
      </trkpt>
      <trkpt lat="31.829760000000004" lon="34.99233">
        <ele>0</ele>
        <time>2026-02-28T17:39:53.619Z</time>
      </trkpt>
      <trkpt lat="31.829760000000004" lon="34.99233">
        <ele>0</ele>
        <time>2026-02-28T17:39:54.619Z</time>
      </trkpt>
      <trkpt lat="31.829760000000004" lon="34.99233">
        <ele>0</ele>
        <time>2026-02-28T17:39:55.619Z</time>
      </trkpt>
      <trkpt lat="31.829760000000004" lon="34.99233">
        <ele>0</ele>
        <time>2026-02-28T17:39:56.619Z</time>
      </trkpt>
      <trkpt lat="31.829760000000004" lon="34.99233">
        <ele>264</ele>
        <time>2026-02-28T17:39:57.619Z</time>
      </trkpt>
      <trkpt lat="31.829800000000002" lon="34.99237">
        <ele>264</ele>
        <time>2026-02-28T17:39:58.619Z</time>
      </trkpt>
      <trkpt lat="31.829800000000002" lon="34.99237">
        <ele>0</ele>
        <time>2026-02-28T17:39:59.619Z</time>
      </trkpt>
      <trkpt lat="31.829800000000002" lon="34.99237">
        <ele>0</ele>
        <time>2026-02-28T17:40:00.619Z</time>
      </trkpt>
      <trkpt lat="31.829880000000003" lon="34.991960000000006">
        <ele>264</ele>
        <time>2026-02-28T17:40:01.619Z</time>
      </trkpt>
      <trkpt lat="31.829880000000003" lon="34.991960000000006">
        <ele>0</ele>
        <time>2026-02-28T17:40:02.619Z</time>
      </trkpt>
      <trkpt lat="31.829880000000003" lon="34.991960000000006">
        <ele>0</ele>
        <time>2026-02-28T17:40:03.619Z</time>
      </trkpt>
      <trkpt lat="31.829880000000003" lon="34.991960000000006">
        <ele>0</ele>
        <time>2026-02-28T17:40:04.619Z</time>
      </trkpt>
      <trkpt lat="31.829880000000003" lon="34.991960000000006">
        <ele>0</ele>
        <time>2026-02-28T17:40:05.619Z</time>
      </trkpt>
      <trkpt lat="31.829880000000003" lon="34.991960000000006">
        <ele>0</ele>
        <time>2026-02-28T17:40:06.619Z</time>
      </trkpt>
      <trkpt lat="31.829880000000003" lon="34.991960000000006">
        <ele>0</ele>
        <time>2026-02-28T17:40:07.619Z</time>
      </trkpt>
      <trkpt lat="31.829880000000003" lon="34.991960000000006">
        <ele>0</ele>
        <time>2026-02-28T17:40:08.619Z</time>
      </trkpt>
      <trkpt lat="31.829880000000003" lon="34.991960000000006">
        <ele>0</ele>
        <time>2026-02-28T17:40:09.619Z</time>
      </trkpt>
      <trkpt lat="31.829880000000003" lon="34.991960000000006">
        <ele>0</ele>
        <time>2026-02-28T17:40:10.619Z</time>
      </trkpt>
      <trkpt lat="31.829880000000003" lon="34.991960000000006">
        <ele>0</ele>
        <time>2026-02-28T17:40:11.619Z</time>
      </trkpt>
      <trkpt lat="31.829880000000003" lon="34.991960000000006">
        <ele>264</ele>
        <time>2026-02-28T17:40:12.619Z</time>
      </trkpt>
      <trkpt lat="31.82991" lon="34.99179">
        <ele>264</ele>
        <time>2026-02-28T17:40:13.619Z</time>
      </trkpt>
      <trkpt lat="31.829960000000003" lon="34.99168">
        <ele>267.5</ele>
        <time>2026-02-28T17:40:14.619Z</time>
      </trkpt>
      <trkpt lat="31.829960000000003" lon="34.99168">
        <ele>0</ele>
        <time>2026-02-28T17:40:15.619Z</time>
      </trkpt>
      <trkpt lat="31.829960000000003" lon="34.99168">
        <ele>0</ele>
        <time>2026-02-28T17:40:16.619Z</time>
      </trkpt>
      <trkpt lat="31.829960000000003" lon="34.99168">
        <ele>0</ele>
        <time>2026-02-28T17:40:17.619Z</time>
      </trkpt>
      <trkpt lat="31.829960000000003" lon="34.99168">
        <ele>0</ele>
        <time>2026-02-28T17:40:18.619Z</time>
      </trkpt>
      <trkpt lat="31.829960000000003" lon="34.99168">
        <ele>0</ele>
        <time>2026-02-28T17:40:19.619Z</time>
      </trkpt>
      <trkpt lat="31.829960000000003" lon="34.99168">
        <ele>0</ele>
        <time>2026-02-28T17:40:20.619Z</time>
      </trkpt>
      <trkpt lat="31.829960000000003" lon="34.99168">
        <ele>0</ele>
        <time>2026-02-28T17:40:21.619Z</time>
      </trkpt>
      <trkpt lat="31.829960000000003" lon="34.99168">
        <ele>0</ele>
        <time>2026-02-28T17:40:22.619Z</time>
      </trkpt>
      <trkpt lat="31.829960000000003" lon="34.99168">
        <ele>0</ele>
        <time>2026-02-28T17:40:23.619Z</time>
      </trkpt>
      <trkpt lat="31.829960000000003" lon="34.99168">
        <ele>0</ele>
        <time>2026-02-28T17:40:24.619Z</time>
      </trkpt>
      <trkpt lat="31.829960000000003" lon="34.99168">
        <ele>267.5</ele>
        <time>2026-02-28T17:40:25.619Z</time>
      </trkpt>
      <trkpt lat="31.8302" lon="34.99114">
        <ele>267.5</ele>
        <time>2026-02-28T17:40:26.619Z</time>
      </trkpt>
      <trkpt lat="31.8302" lon="34.99114">
        <ele>0</ele>
        <time>2026-02-28T17:40:27.619Z</time>
      </trkpt>
      <trkpt lat="31.8302" lon="34.99114">
        <ele>0</ele>
        <time>2026-02-28T17:40:28.619Z</time>
      </trkpt>
      <trkpt lat="31.8302" lon="34.99114">
        <ele>0</ele>
        <time>2026-02-28T17:40:29.619Z</time>
      </trkpt>
      <trkpt lat="31.8302" lon="34.99114">
        <ele>0</ele>
        <time>2026-02-28T17:40:30.619Z</time>
      </trkpt>
      <trkpt lat="31.8302" lon="34.99114">
        <ele>0</ele>
        <time>2026-02-28T17:40:31.619Z</time>
      </trkpt>
      <trkpt lat="31.8302" lon="34.99114">
        <ele>0</ele>
        <time>2026-02-28T17:40:32.619Z</time>
      </trkpt>
      <trkpt lat="31.8302" lon="34.99114">
        <ele>267.5</ele>
        <time>2026-02-28T17:40:33.619Z</time>
      </trkpt>
      <trkpt lat="31.830539113102787" lon="34.990658220215494">
        <ele>263</ele>
        <time>2026-02-28T17:40:34.619Z</time>
      </trkpt>
      <trkpt lat="31.830539113102787" lon="34.990658220215494">
        <ele>0</ele>
        <time>2026-02-28T17:40:35.619Z</time>
      </trkpt>
      <trkpt lat="31.830539113102787" lon="34.990658220215494">
        <ele>263</ele>
        <time>2026-02-28T17:40:36.619Z</time>
      </trkpt>
      <trkpt lat="31.83086153031691" lon="34.9904115527612">
        <ele>266.5</ele>
        <time>2026-02-28T17:40:37.619Z</time>
      </trkpt>
      <trkpt lat="31.83086153031691" lon="34.9904115527612">
        <ele>0</ele>
        <time>2026-02-28T17:40:38.619Z</time>
      </trkpt>
      <trkpt lat="31.83086153031691" lon="34.9904115527612">
        <ele>266.5</ele>
        <time>2026-02-28T17:40:39.619Z</time>
      </trkpt>
      <trkpt lat="31.831320972899576" lon="34.99031668066425">
        <ele>270</ele>
        <time>2026-02-28T17:40:40.619Z</time>
      </trkpt>
      <trkpt lat="31.831320972899576" lon="34.99031668066425">
        <ele>0</ele>
        <time>2026-02-28T17:40:41.619Z</time>
      </trkpt>
      <trkpt lat="31.831320972899576" lon="34.99031668066425">
        <ele>270</ele>
        <time>2026-02-28T17:40:42.619Z</time>
      </trkpt>
      <trkpt lat="31.8317481718463" lon="34.990107962049706">
        <ele>270</ele>
        <time>2026-02-28T17:40:43.619Z</time>
      </trkpt>
      <trkpt lat="31.8317481718463" lon="34.990107962049706">
        <ele>0</ele>
        <time>2026-02-28T17:40:44.619Z</time>
      </trkpt>
      <trkpt lat="31.8317481718463" lon="34.990107962049706">
        <ele>270</ele>
        <time>2026-02-28T17:40:45.619Z</time>
      </trkpt>
      <trkpt lat="31.831885197504846" lon="34.989700012030056">
        <ele>261</ele>
        <time>2026-02-28T17:40:46.619Z</time>
      </trkpt>
      <trkpt lat="31.831885197504846" lon="34.989700012030056">
        <ele>0</ele>
        <time>2026-02-28T17:40:47.619Z</time>
      </trkpt>
      <trkpt lat="31.831885197504846" lon="34.989700012030056">
        <ele>261</ele>
        <time>2026-02-28T17:40:48.619Z</time>
      </trkpt>
      <trkpt lat="31.832554202209494" lon="34.989652575980784">
        <ele>262</ele>
        <time>2026-02-28T17:40:49.619Z</time>
      </trkpt>
      <trkpt lat="31.832554202209494" lon="34.989652575980784">
        <ele>0</ele>
        <time>2026-02-28T17:40:50.619Z</time>
      </trkpt>
      <trkpt lat="31.832554202209494" lon="34.989652575980784">
        <ele>262</ele>
        <time>2026-02-28T17:40:51.619Z</time>
      </trkpt>
      <trkpt lat="31.833376345927533" lon="34.989500780625065">
        <ele>263</ele>
        <time>2026-02-28T17:40:52.619Z</time>
      </trkpt>
      <trkpt lat="31.833376345927533" lon="34.989500780625065">
        <ele>0</ele>
        <time>2026-02-28T17:40:53.619Z</time>
      </trkpt>
      <trkpt lat="31.833376345927533" lon="34.989500780625065">
        <ele>263</ele>
        <time>2026-02-28T17:40:54.619Z</time>
      </trkpt>
      <trkpt lat="31.833859956458483" lon="34.98937744689786">
        <ele>263.5</ele>
        <time>2026-02-28T17:40:55.619Z</time>
      </trkpt>
      <trkpt lat="31.833859956458483" lon="34.98937744689786">
        <ele>0</ele>
        <time>2026-02-28T17:40:56.619Z</time>
      </trkpt>
      <trkpt lat="31.833859956458483" lon="34.98937744689786">
        <ele>263.5</ele>
        <time>2026-02-28T17:40:57.619Z</time>
      </trkpt>
      <trkpt lat="31.834222662693733" lon="34.98943437015666">
        <ele>268</ele>
        <time>2026-02-28T17:40:58.619Z</time>
      </trkpt>
      <trkpt lat="31.834222662693733" lon="34.98943437015666">
        <ele>0</ele>
        <time>2026-02-28T17:40:59.619Z</time>
      </trkpt>
      <trkpt lat="31.834222662693733" lon="34.98943437015666">
        <ele>268</ele>
        <time>2026-02-28T17:41:00.619Z</time>
      </trkpt>
      <trkpt lat="31.83481910984689" lon="34.989500780625065">
        <ele>272</ele>
        <time>2026-02-28T17:41:01.619Z</time>
      </trkpt>
      <trkpt lat="31.83481910984689" lon="34.989500780625065">
        <ele>0</ele>
        <time>2026-02-28T17:41:02.619Z</time>
      </trkpt>
      <trkpt lat="31.83481910984689" lon="34.989500780625065">
        <ele>272</ele>
        <time>2026-02-28T17:41:03.619Z</time>
      </trkpt>
      <trkpt lat="31.83506897169812" lon="34.98963360156171">
        <ele>274</ele>
        <time>2026-02-28T17:41:04.619Z</time>
      </trkpt>
      <trkpt lat="31.83506897169812" lon="34.98963360156171">
        <ele>0</ele>
        <time>2026-02-28T17:41:05.619Z</time>
      </trkpt>
      <trkpt lat="31.83506897169812" lon="34.98963360156171">
        <ele>274</ele>
        <time>2026-02-28T17:41:06.619Z</time>
      </trkpt>
      <trkpt lat="31.835455853229263" lon="34.98959565272196">
        <ele>276.5</ele>
        <time>2026-02-28T17:41:07.619Z</time>
      </trkpt>
      <trkpt lat="31.835455853229263" lon="34.98959565272196">
        <ele>0</ele>
        <time>2026-02-28T17:41:08.619Z</time>
      </trkpt>
      <trkpt lat="31.835455853229263" lon="34.98959565272196">
        <ele>276.5</ele>
        <time>2026-02-28T17:41:09.619Z</time>
      </trkpt>
      <trkpt lat="31.835995872652674" lon="34.98955770389583">
        <ele>276.5</ele>
        <time>2026-02-28T17:41:10.619Z</time>
      </trkpt>
      <trkpt lat="31.835995872652674" lon="34.98955770389583">
        <ele>0</ele>
        <time>2026-02-28T17:41:11.619Z</time>
      </trkpt>
      <trkpt lat="31.835995872652674" lon="34.98955770389583">
        <ele>276.5</ele>
        <time>2026-02-28T17:41:12.619Z</time>
      </trkpt>
      <trkpt lat="31.83616513182217" lon="34.989832832978834">
        <ele>277</ele>
        <time>2026-02-28T17:41:13.619Z</time>
      </trkpt>
      <trkpt lat="31.83616513182217" lon="34.989832832978834">
        <ele>0</ele>
        <time>2026-02-28T17:41:14.619Z</time>
      </trkpt>
      <trkpt lat="31.83616513182217" lon="34.989832832978834">
        <ele>277</ele>
        <time>2026-02-28T17:41:15.619Z</time>
      </trkpt>
      <trkpt lat="31.83635857049302" lon="34.990117449271224">
        <ele>277</ele>
        <time>2026-02-28T17:41:16.619Z</time>
      </trkpt>
      <trkpt lat="31.83635857049302" lon="34.990117449271224">
        <ele>0</ele>
        <time>2026-02-28T17:41:17.619Z</time>
      </trkpt>
      <trkpt lat="31.83635857049302" lon="34.990117449271224">
        <ele>277</ele>
        <time>2026-02-28T17:41:18.619Z</time>
      </trkpt>
      <trkpt lat="31.83664872773865" lon="34.99044950161297">
        <ele>272</ele>
        <time>2026-02-28T17:41:19.619Z</time>
      </trkpt>
      <trkpt lat="31.83664872773865" lon="34.99044950161297">
        <ele>0</ele>
        <time>2026-02-28T17:41:20.619Z</time>
      </trkpt>
      <trkpt lat="31.83664872773865" lon="34.99044950161297">
        <ele>272</ele>
        <time>2026-02-28T17:41:21.619Z</time>
      </trkpt>
      <trkpt lat="31.83688246485633" lon="34.990724630695894">
        <ele>272</ele>
        <time>2026-02-28T17:41:22.619Z</time>
      </trkpt>
      <trkpt lat="31.83688246485633" lon="34.990724630695894">
        <ele>0</ele>
        <time>2026-02-28T17:41:23.619Z</time>
      </trkpt>
      <trkpt lat="31.83688246485633" lon="34.990724630695894">
        <ele>272</ele>
        <time>2026-02-28T17:41:24.619Z</time>
      </trkpt>
      <trkpt lat="31.837083961896425" lon="34.990952323731165">
        <ele>272</ele>
        <time>2026-02-28T17:41:25.619Z</time>
      </trkpt>
      <trkpt lat="31.837083961896425" lon="34.990952323731165">
        <ele>0</ele>
        <time>2026-02-28T17:41:26.619Z</time>
      </trkpt>
      <trkpt lat="31.837083961896425" lon="34.990952323731165">
        <ele>272</ele>
        <time>2026-02-28T17:41:27.619Z</time>
      </trkpt>
      <trkpt lat="31.837164560589386" lon="34.99105668303764">
        <ele>267</ele>
        <time>2026-02-28T17:41:28.619Z</time>
      </trkpt>
      <trkpt lat="31.837164560589386" lon="34.99105668303764">
        <ele>0</ele>
        <time>2026-02-28T17:41:29.619Z</time>
      </trkpt>
      <trkpt lat="31.837164560589386" lon="34.99105668303764">
        <ele>267</ele>
        <time>2026-02-28T17:41:30.619Z</time>
      </trkpt>
      <trkpt lat="31.837083961896425" lon="34.991180016764844">
        <ele>267</ele>
        <time>2026-02-28T17:41:31.619Z</time>
      </trkpt>
      <trkpt lat="31.837083961896425" lon="34.991180016764844">
        <ele>0</ele>
        <time>2026-02-28T17:41:32.619Z</time>
      </trkpt>
      <trkpt lat="31.837083961896425" lon="34.991180016764844">
        <ele>267</ele>
        <time>2026-02-28T17:41:33.619Z</time>
      </trkpt>
      <trkpt lat="31.836963063725292" lon="34.99153104352561">
        <ele>271</ele>
        <time>2026-02-28T17:41:34.619Z</time>
      </trkpt>
      <trkpt lat="31.836963063725292" lon="34.99153104352561">
        <ele>0</ele>
        <time>2026-02-28T17:41:35.619Z</time>
      </trkpt>
      <trkpt lat="31.836963063725292" lon="34.99153104352561">
        <ele>271</ele>
        <time>2026-02-28T17:41:36.619Z</time>
      </trkpt>
      <trkpt lat="31.836721266907148" lon="34.992441815663426">
        <ele>275.5</ele>
        <time>2026-02-28T17:41:37.619Z</time>
      </trkpt>
      <trkpt lat="31.836721266907148" lon="34.992441815663426">
        <ele>0</ele>
        <time>2026-02-28T17:41:38.619Z</time>
      </trkpt>
      <trkpt lat="31.836721266907148" lon="34.992441815663426">
        <ele>275.5</ele>
        <time>2026-02-28T17:41:39.619Z</time>
      </trkpt>
      <trkpt lat="31.836737386715043" lon="34.99289720173073">
        <ele>276</ele>
        <time>2026-02-28T17:41:40.619Z</time>
      </trkpt>
      <trkpt lat="31.836737386715043" lon="34.99289720173073">
        <ele>0</ele>
        <time>2026-02-28T17:41:41.619Z</time>
      </trkpt>
      <trkpt lat="31.836737386715043" lon="34.99289720173073">
        <ele>276</ele>
        <time>2026-02-28T17:41:42.619Z</time>
      </trkpt>
      <trkpt lat="31.836938884071927" lon="34.993115407554825">
        <ele>272</ele>
        <time>2026-02-28T17:41:43.619Z</time>
      </trkpt>
      <trkpt lat="31.836938884071927" lon="34.993115407554825">
        <ele>0</ele>
        <time>2026-02-28T17:41:44.619Z</time>
      </trkpt>
      <trkpt lat="31.836938884071927" lon="34.993115407554825">
        <ele>272</ele>
        <time>2026-02-28T17:41:45.619Z</time>
      </trkpt>
      <trkpt lat="31.837261278927613" lon="34.9928877145212">
        <ele>272</ele>
        <time>2026-02-28T17:41:46.619Z</time>
      </trkpt>
      <trkpt lat="31.837261278927613" lon="34.9928877145212">
        <ele>0</ele>
        <time>2026-02-28T17:41:47.619Z</time>
      </trkpt>
      <trkpt lat="31.837261278927613" lon="34.9928877145212">
        <ele>272</ele>
        <time>2026-02-28T17:41:48.619Z</time>
      </trkpt>
      <trkpt lat="31.83750307433003" lon="34.99295412498955">
        <ele>272</ele>
        <time>2026-02-28T17:41:49.619Z</time>
      </trkpt>
      <trkpt lat="31.83750307433003" lon="34.99295412498955">
        <ele>0</ele>
        <time>2026-02-28T17:41:50.619Z</time>
      </trkpt>
      <trkpt lat="31.83750307433003" lon="34.99295412498955">
        <ele>272</ele>
        <time>2026-02-28T17:41:51.619Z</time>
      </trkpt>
      <trkpt lat="31.837809347597442" lon="34.99317233081368">
        <ele>271</ele>
        <time>2026-02-28T17:41:52.619Z</time>
      </trkpt>
      <trkpt lat="31.837809347597442" lon="34.99317233081368">
        <ele>0</ele>
        <time>2026-02-28T17:41:53.619Z</time>
      </trkpt>
      <trkpt lat="31.837809347597442" lon="34.99317233081368">
        <ele>271</ele>
        <time>2026-02-28T17:41:54.619Z</time>
      </trkpt>
      <trkpt lat="31.83812126296796" lon="34.99322788385297">
        <ele>271</ele>
        <time>2026-02-28T17:41:55.619Z</time>
      </trkpt>
      <trkpt lat="31.83812126296796" lon="34.99322788385297">
        <ele>0</ele>
        <time>2026-02-28T17:41:56.619Z</time>
      </trkpt>
      <trkpt lat="31.83812126296796" lon="34.99322788385297">
        <ele>271</ele>
        <time>2026-02-28T17:41:57.619Z</time>
      </trkpt>
      <trkpt lat="31.838588729151112" lon="34.99305711407649">
        <ele>267</ele>
        <time>2026-02-28T17:41:58.619Z</time>
      </trkpt>
      <trkpt lat="31.838588729151112" lon="34.99305711407649">
        <ele>0</ele>
        <time>2026-02-28T17:41:59.619Z</time>
      </trkpt>
      <trkpt lat="31.838588729151112" lon="34.99305711407649">
        <ele>267</ele>
        <time>2026-02-28T17:42:00.619Z</time>
      </trkpt>
      <trkpt lat="31.839370520751515" lon="34.99341762804738">
        <ele>276.5</ele>
        <time>2026-02-28T17:42:01.619Z</time>
      </trkpt>
      <trkpt lat="31.839370520751515" lon="34.99341762804738">
        <ele>0</ele>
        <time>2026-02-28T17:42:02.619Z</time>
      </trkpt>
      <trkpt lat="31.839370520751515" lon="34.99341762804738">
        <ele>276.5</ele>
        <time>2026-02-28T17:42:03.619Z</time>
      </trkpt>
      <trkpt lat="31.839854099868916" lon="34.99367378270961">
        <ele>272</ele>
        <time>2026-02-28T17:42:04.619Z</time>
      </trkpt>
      <trkpt lat="31.839854099868916" lon="34.99367378270961">
        <ele>0</ele>
        <time>2026-02-28T17:42:05.619Z</time>
      </trkpt>
      <trkpt lat="31.839854099868916" lon="34.99367378270961">
        <ele>272</ele>
        <time>2026-02-28T17:42:06.619Z</time>
      </trkpt>
      <trkpt lat="31.84031168788532" lon="34.99418396166163">
        <ele>266</ele>
        <time>2026-02-28T17:42:07.619Z</time>
      </trkpt>
      <trkpt lat="31.84031168788532" lon="34.99418396166163">
        <ele>0</ele>
        <time>2026-02-28T17:42:08.619Z</time>
      </trkpt>
      <trkpt lat="31.84031168788532" lon="34.99418396166163">
        <ele>266</ele>
        <time>2026-02-28T17:42:09.619Z</time>
      </trkpt>
      <trkpt lat="31.840497058288634" lon="34.99445909074453">
        <ele>260</ele>
        <time>2026-02-28T17:42:10.619Z</time>
      </trkpt>
      <trkpt lat="31.840497058288634" lon="34.99445909074453">
        <ele>0</ele>
        <time>2026-02-28T17:42:11.619Z</time>
      </trkpt>
      <trkpt lat="31.840497058288634" lon="34.99445909074453">
        <ele>260</ele>
        <time>2026-02-28T17:42:12.619Z</time>
      </trkpt>
      <trkpt lat="31.840666309201538" lon="34.99471524540843">
        <ele>260</ele>
        <time>2026-02-28T17:42:13.619Z</time>
      </trkpt>
      <trkpt lat="31.840666309201538" lon="34.99471524540843">
        <ele>0</ele>
        <time>2026-02-28T17:42:14.619Z</time>
      </trkpt>
      <trkpt lat="31.840666309201538" lon="34.99471524540843">
        <ele>260</ele>
        <time>2026-02-28T17:42:15.619Z</time>
      </trkpt>
      <trkpt lat="31.840835559803935" lon="34.994942938441994">
        <ele>260</ele>
        <time>2026-02-28T17:42:16.619Z</time>
      </trkpt>
      <trkpt lat="31.840835559803935" lon="34.994942938441994">
        <ele>0</ele>
        <time>2026-02-28T17:42:17.619Z</time>
      </trkpt>
      <trkpt lat="31.840835559803935" lon="34.994942938441994">
        <ele>260</ele>
        <time>2026-02-28T17:42:18.619Z</time>
      </trkpt>
      <trkpt lat="31.841085405366897" lon="34.994572937261296">
        <ele>253</ele>
        <time>2026-02-28T17:42:19.619Z</time>
      </trkpt>
      <trkpt lat="31.841085405366897" lon="34.994572937261296">
        <ele>0</ele>
        <time>2026-02-28T17:42:20.619Z</time>
      </trkpt>
      <trkpt lat="31.841085405366897" lon="34.994572937261296">
        <ele>253</ele>
        <time>2026-02-28T17:42:21.619Z</time>
      </trkpt>
      <trkpt lat="31.841359428751602" lon="34.993946781417606">
        <ele>246.5</ele>
        <time>2026-02-28T17:42:22.619Z</time>
      </trkpt>
      <trkpt lat="31.841359428751602" lon="34.993946781417606">
        <ele>0</ele>
        <time>2026-02-28T17:42:23.619Z</time>
      </trkpt>
      <trkpt lat="31.841359428751602" lon="34.993946781417606">
        <ele>246.5</ele>
        <time>2026-02-28T17:42:24.619Z</time>
      </trkpt>
      <trkpt lat="31.841601213414577" lon="34.99433575701818">
        <ele>246.5</ele>
        <time>2026-02-28T17:42:25.619Z</time>
      </trkpt>
      <trkpt lat="31.841601213414577" lon="34.99433575701818">
        <ele>0</ele>
        <time>2026-02-28T17:42:26.619Z</time>
      </trkpt>
      <trkpt lat="31.841601213414577" lon="34.99433575701818">
        <ele>246.5</ele>
        <time>2026-02-28T17:42:27.619Z</time>
      </trkpt>
      <trkpt lat="31.841996127002105" lon="34.9947247326171">
        <ele>237</ele>
        <time>2026-02-28T17:42:28.619Z</time>
      </trkpt>
      <trkpt lat="31.841996127002105" lon="34.9947247326171">
        <ele>0</ele>
        <time>2026-02-28T17:42:29.619Z</time>
      </trkpt>
      <trkpt lat="31.841996127002105" lon="34.9947247326171">
        <ele>237</ele>
        <time>2026-02-28T17:42:30.619Z</time>
      </trkpt>
      <trkpt lat="31.84274565222293" lon="34.99536986288152">
        <ele>220.5</ele>
        <time>2026-02-28T17:42:31.619Z</time>
      </trkpt>
      <trkpt lat="31.84274565222293" lon="34.99536986288152">
        <ele>0</ele>
        <time>2026-02-28T17:42:32.619Z</time>
      </trkpt>
      <trkpt lat="31.84274565222293" lon="34.99536986288152">
        <ele>220.5</ele>
        <time>2026-02-28T17:42:33.619Z</time>
      </trkpt>
      <trkpt lat="31.842842364712723" lon="34.9956449919672">
        <ele>222</ele>
        <time>2026-02-28T17:42:34.619Z</time>
      </trkpt>
      <trkpt lat="31.842842364712723" lon="34.9956449919672">
        <ele>0</ele>
        <time>2026-02-28T17:42:35.619Z</time>
      </trkpt>
      <trkpt lat="31.842842364712723" lon="34.9956449919672">
        <ele>222</ele>
        <time>2026-02-28T17:42:36.619Z</time>
      </trkpt>
      <trkpt lat="31.842955195820863" lon="34.995929608259615">
        <ele>225.5</ele>
        <time>2026-02-28T17:42:37.619Z</time>
      </trkpt>
      <trkpt lat="31.842955195820863" lon="34.995929608259615">
        <ele>0</ele>
        <time>2026-02-28T17:42:38.619Z</time>
      </trkpt>
      <trkpt lat="31.842955195820863" lon="34.995929608259615">
        <ele>225.5</ele>
        <time>2026-02-28T17:42:39.619Z</time>
      </trkpt>
      <trkpt lat="31.843261450990184" lon="34.996157301293294">
        <ele>229</ele>
        <time>2026-02-28T17:42:40.619Z</time>
      </trkpt>
      <trkpt lat="31.843261450990184" lon="34.996157301293294">
        <ele>0</ele>
        <time>2026-02-28T17:42:41.619Z</time>
      </trkpt>
      <trkpt lat="31.843261450990184" lon="34.996157301293294">
        <ele>229</ele>
        <time>2026-02-28T17:42:42.619Z</time>
      </trkpt>
      <trkpt lat="31.843567705142164" lon="34.99634704548885">
        <ele>231.5</ele>
        <time>2026-02-28T17:42:43.619Z</time>
      </trkpt>
      <trkpt lat="31.843567705142164" lon="34.99634704548885">
        <ele>0</ele>
        <time>2026-02-28T17:42:44.619Z</time>
      </trkpt>
      <trkpt lat="31.843567705142164" lon="34.99634704548885">
        <ele>231.5</ele>
        <time>2026-02-28T17:42:45.619Z</time>
      </trkpt>
      <trkpt lat="31.844035143730267" lon="34.99657473852247">
        <ele>234</ele>
        <time>2026-02-28T17:42:46.619Z</time>
      </trkpt>
      <trkpt lat="31.844035143730267" lon="34.99657473852247">
        <ele>0</ele>
        <time>2026-02-28T17:42:47.619Z</time>
      </trkpt>
      <trkpt lat="31.844035143730267" lon="34.99657473852247">
        <ele>234</ele>
        <time>2026-02-28T17:42:48.619Z</time>
      </trkpt>
      <trkpt lat="31.844301099111746" lon="34.996090890824945">
        <ele>239</ele>
        <time>2026-02-28T17:42:49.619Z</time>
      </trkpt>
      <trkpt lat="31.844301099111746" lon="34.996090890824945">
        <ele>0</ele>
        <time>2026-02-28T17:42:50.619Z</time>
      </trkpt>
      <trkpt lat="31.844301099111746" lon="34.996090890824945">
        <ele>239</ele>
        <time>2026-02-28T17:42:51.619Z</time>
      </trkpt>
      <trkpt lat="31.844567053725825" lon="34.99573986406418">
        <ele>241.5</ele>
        <time>2026-02-28T17:42:52.619Z</time>
      </trkpt>
      <trkpt lat="31.844567053725825" lon="34.99573986406418">
        <ele>0</ele>
        <time>2026-02-28T17:42:53.619Z</time>
      </trkpt>
      <trkpt lat="31.844567053725825" lon="34.99573986406418">
        <ele>241.5</ele>
        <time>2026-02-28T17:42:54.619Z</time>
      </trkpt>
      <trkpt lat="31.844518698398232" lon="34.995322426835">
        <ele>239</ele>
        <time>2026-02-28T17:42:55.619Z</time>
      </trkpt>
      <trkpt lat="31.844518698398232" lon="34.995322426835">
        <ele>0</ele>
        <time>2026-02-28T17:42:56.619Z</time>
      </trkpt>
      <trkpt lat="31.844518698398232" lon="34.995322426835">
        <ele>239</ele>
        <time>2026-02-28T17:42:57.619Z</time>
      </trkpt>
      <trkpt lat="31.844309158353582" lon="34.995009348912276">
        <ele>225.5</ele>
        <time>2026-02-28T17:42:58.619Z</time>
      </trkpt>
      <trkpt lat="31.844309158353582" lon="34.995009348912276">
        <ele>0</ele>
        <time>2026-02-28T17:42:59.619Z</time>
      </trkpt>
      <trkpt lat="31.844309158353582" lon="34.995009348912276">
        <ele>225.5</ele>
        <time>2026-02-28T17:43:00.619Z</time>
      </trkpt>
      <trkpt lat="31.844518698398232" lon="34.99475319425005">
        <ele>225.5</ele>
        <time>2026-02-28T17:43:01.619Z</time>
      </trkpt>
      <trkpt lat="31.844518698398232" lon="34.99475319425005">
        <ele>0</ele>
        <time>2026-02-28T17:43:02.619Z</time>
      </trkpt>
      <trkpt lat="31.844518698398232" lon="34.99475319425005">
        <ele>225.5</ele>
        <time>2026-02-28T17:43:03.619Z</time>
      </trkpt>
      <trkpt lat="31.84476047478131" lon="34.994402167487635">
        <ele>219.5</ele>
        <time>2026-02-28T17:43:04.619Z</time>
      </trkpt>
      <trkpt lat="31.84476047478131" lon="34.994402167487635">
        <ele>0</ele>
        <time>2026-02-28T17:43:05.619Z</time>
      </trkpt>
      <trkpt lat="31.84476047478131" lon="34.994402167487635">
        <ele>219.5</ele>
        <time>2026-02-28T17:43:06.619Z</time>
      </trkpt>
      <trkpt lat="31.84443004689895" lon="34.99414601282538">
        <ele>219</ele>
        <time>2026-02-28T17:43:07.619Z</time>
      </trkpt>
      <trkpt lat="31.84443004689895" lon="34.99414601282538">
        <ele>0</ele>
        <time>2026-02-28T17:43:08.619Z</time>
      </trkpt>
      <trkpt lat="31.84443004689895" lon="34.99414601282538">
        <ele>219</ele>
        <time>2026-02-28T17:43:09.619Z</time>
      </trkpt>
      <trkpt lat="31.844188269649763" lon="34.99391831979011">
        <ele>212</ele>
        <time>2026-02-28T17:43:10.619Z</time>
      </trkpt>
      <trkpt lat="31.844188269649763" lon="34.99391831979011">
        <ele>0</ele>
        <time>2026-02-28T17:43:11.619Z</time>
      </trkpt>
      <trkpt lat="31.844188269649763" lon="34.99391831979011">
        <ele>212</ele>
        <time>2026-02-28T17:43:12.619Z</time>
      </trkpt>
      <trkpt lat="31.843954551039744" lon="34.99372857559629">
        <ele>212</ele>
        <time>2026-02-28T17:43:13.619Z</time>
      </trkpt>
      <trkpt lat="31.843954551039744" lon="34.99372857559629">
        <ele>0</ele>
        <time>2026-02-28T17:43:14.619Z</time>
      </trkpt>
      <trkpt lat="31.843954551039744" lon="34.99372857559629">
        <ele>212</ele>
        <time>2026-02-28T17:43:15.619Z</time>
      </trkpt>
      <trkpt lat="31.843704713249792" lon="34.99355780581979">
        <ele>212</ele>
        <time>2026-02-28T17:43:16.619Z</time>
      </trkpt>
      <trkpt lat="31.843704713249792" lon="34.99355780581979">
        <ele>0</ele>
        <time>2026-02-28T17:43:17.619Z</time>
      </trkpt>
      <trkpt lat="31.843704713249792" lon="34.99355780581979">
        <ele>212</ele>
        <time>2026-02-28T17:43:18.619Z</time>
      </trkpt>
      <trkpt lat="31.843479052728966" lon="34.99380447327414">
        <ele>215.5</ele>
        <time>2026-02-28T17:43:19.619Z</time>
      </trkpt>
      <trkpt lat="31.843479052728966" lon="34.99380447327414">
        <ele>215.5</ele>
        <time>2026-02-28T17:43:20.619Z</time>
      </trkpt>
      <trkpt lat="31.843309806976123" lon="34.99397524304891">
        <ele>215.5</ele>
        <time>2026-02-28T17:43:21.619Z</time>
      </trkpt>
      <trkpt lat="31.843309806976123" lon="34.99397524304891">
        <ele>215.5</ele>
        <time>2026-02-28T17:43:22.619Z</time>
      </trkpt>
      <trkpt lat="31.84306802679093" lon="34.99444960353691">
        <ele>219</ele>
        <time>2026-02-28T17:43:23.619Z</time>
      </trkpt>
      <trkpt lat="31.84306802679093" lon="34.99444960353691">
        <ele>219</ele>
        <time>2026-02-28T17:43:24.619Z</time>
      </trkpt>
      <trkpt lat="31.842882661552622" lon="34.99425985934144">
        <ele>219</ele>
        <time>2026-02-28T17:43:25.619Z</time>
      </trkpt>
      <trkpt lat="31.842882661552622" lon="34.99425985934144">
        <ele>219</ele>
        <time>2026-02-28T17:43:26.619Z</time>
      </trkpt>
      <trkpt lat="31.842794008481093" lon="34.99396575583941">
        <ele>218.5</ele>
        <time>2026-02-28T17:43:27.619Z</time>
      </trkpt>
      <trkpt lat="31.842794008481093" lon="34.99396575583941">
        <ele>218.5</ele>
        <time>2026-02-28T17:43:28.619Z</time>
      </trkpt>
      <trkpt lat="31.842753711602498" lon="34.99376652443439">
        <ele>218</ele>
        <time>2026-02-28T17:43:29.619Z</time>
      </trkpt>
      <trkpt lat="31.842753711602498" lon="34.99376652443439">
        <ele>218</ele>
        <time>2026-02-28T17:43:30.619Z</time>
      </trkpt>
      <trkpt lat="31.84300355196801" lon="34.99327318952734">
        <ele>221</ele>
        <time>2026-02-28T17:43:31.619Z</time>
      </trkpt>
      <trkpt lat="31.84300355196801" lon="34.99327318952734">
        <ele>221</ele>
        <time>2026-02-28T17:43:32.619Z</time>
      </trkpt>
      <trkpt lat="31.842955195820863" lon="34.99270395694077">
        <ele>221</ele>
        <time>2026-02-28T17:43:33.619Z</time>
      </trkpt>
      <trkpt lat="31.842955195820863" lon="34.99270395694077">
        <ele>221</ele>
        <time>2026-02-28T17:43:34.619Z</time>
      </trkpt>
      <trkpt lat="31.84268117717656" lon="34.992599597634324">
        <ele>221</ele>
        <time>2026-02-28T17:43:35.619Z</time>
      </trkpt>
      <trkpt lat="31.84268117717656" lon="34.992599597634324">
        <ele>221</ele>
        <time>2026-02-28T17:43:36.619Z</time>
      </trkpt>
      <trkpt lat="31.8423990983097" lon="34.99273241857102">
        <ele>237</ele>
        <time>2026-02-28T17:43:37.619Z</time>
      </trkpt>
      <trkpt lat="31.8423990983097" lon="34.99273241857102">
        <ele>237</ele>
        <time>2026-02-28T17:43:38.619Z</time>
      </trkpt>
      <trkpt lat="31.84218149402291" lon="34.99303600928255">
        <ele>234.5</ele>
        <time>2026-02-28T17:43:39.619Z</time>
      </trkpt>
      <trkpt lat="31.84218149402291" lon="34.99303600928255">
        <ele>234.5</ele>
        <time>2026-02-28T17:43:40.619Z</time>
      </trkpt>
      <trkpt lat="31.84207672140606" lon="34.993339599995664">
        <ele>234.5</ele>
        <time>2026-02-28T17:43:41.619Z</time>
      </trkpt>
      <trkpt lat="31.84207672140606" lon="34.993339599995664">
        <ele>234.5</ele>
        <time>2026-02-28T17:43:42.619Z</time>
      </trkpt>
      <trkpt lat="31.841891354175914" lon="34.99353883140074">
        <ele>232</ele>
        <time>2026-02-28T17:43:43.619Z</time>
      </trkpt>
      <trkpt lat="31.841891354175914" lon="34.99353883140074">
        <ele>232</ele>
        <time>2026-02-28T17:43:44.619Z</time>
      </trkpt>
      <trkpt lat="31.841657629746763" lon="34.99356729302934">
        <ele>239.5</ele>
        <time>2026-02-28T17:43:45.619Z</time>
      </trkpt>
      <trkpt lat="31.841657629746763" lon="34.99356729302934">
        <ele>239.5</ele>
        <time>2026-02-28T17:43:46.619Z</time>
      </trkpt>
      <trkpt lat="31.841512559113553" lon="34.99346293372287">
        <ele>247</ele>
        <time>2026-02-28T17:43:47.619Z</time>
      </trkpt>
      <trkpt lat="31.841512559113553" lon="34.99346293372287">
        <ele>247</ele>
        <time>2026-02-28T17:43:48.619Z</time>
      </trkpt>
      <trkpt lat="31.84139166674511" lon="34.99333011278614">
        <ele>247</ele>
        <time>2026-02-28T17:43:49.619Z</time>
      </trkpt>
    </trkseg>
  </trk>
</gpx>