<?xml version="1.0" encoding="UTF-8"?>
<gpx creator="Patrick Hooper" version="1.1" xmlns="http://www.topografix.com/GPX/1/1" xmlns:xsi="http://www.w3.org/2001/XMLSchema-instance" xsi:schemaLocation="http://www.topografix.com/GPX/1/1 http://www.topografix.com/GPX/1/1/gpx.xsd http://www.garmin.com/xmlschemas/GpxExtensions/v3 http://www.garmin.com/xmlschemas/GpxExtensionsv3.xsd http://www.garmin.com/xmlschemas/TrackPointExtension/v1 http://www.garmin.com/xmlschemas/TrackPointExtensionv1.xsd">
  <metadata>
    <name>Activity</name>
  </metadata>
  <trk>
    <name>a</name>
    <trkseg>
      <trkpt lat="30.958600000000004" lon="34.70467">
        <ele>0</ele>
        <time>2020-10-13T08:58:14.084Z</time>
      </trkpt>
      <trkpt lat="30.958600000000004" lon="34.70467">
        <ele>0</ele>
        <time>2020-10-13T08:58:15.084Z</time>
      </trkpt>
      <trkpt lat="30.958600000000004" lon="34.70467">
        <ele>0</ele>
        <time>2020-10-13T08:58:16.084Z</time>
      </trkpt>
      <trkpt lat="30.958600000000004" lon="34.70467">
        <ele>0</ele>
        <time>2020-10-13T08:58:17.084Z</time>
      </trkpt>
      <trkpt lat="30.958600000000004" lon="34.70467">
        <ele>326</ele>
        <time>2020-10-13T08:58:18.084Z</time>
      </trkpt>
      <trkpt lat="30.958520000000004" lon="34.70472">
        <ele>326</ele>
        <time>2020-10-13T08:58:19.084Z</time>
      </trkpt>
      <trkpt lat="30.957340000000002" lon="34.70257">
        <ele>325</ele>
        <time>2020-10-13T08:58:20.084Z</time>
      </trkpt>
      <trkpt lat="30.95661" lon="34.701080000000005">
        <ele>326</ele>
        <time>2020-10-13T08:58:21.084Z</time>
      </trkpt>
      <trkpt lat="30.956080000000004" lon="34.699760000000005">
        <ele>325</ele>
        <time>2020-10-13T08:58:22.084Z</time>
      </trkpt>
      <trkpt lat="30.955520000000003" lon="34.6982">
        <ele>324</ele>
        <time>2020-10-13T08:58:23.084Z</time>
      </trkpt>
      <trkpt lat="30.955090000000002" lon="34.696670000000005">
        <ele>326</ele>
        <time>2020-10-13T08:58:24.084Z</time>
      </trkpt>
      <trkpt lat="30.954810000000002" lon="34.69556">
        <ele>326</ele>
        <time>2020-10-13T08:58:25.084Z</time>
      </trkpt>
      <trkpt lat="30.954410000000003" lon="34.69346">
        <ele>324</ele>
        <time>2020-10-13T08:58:26.084Z</time>
      </trkpt>
      <trkpt lat="30.954250000000002" lon="34.69201">
        <ele>323</ele>
        <time>2020-10-13T08:58:27.084Z</time>
      </trkpt>
      <trkpt lat="30.95418" lon="34.691050000000004">
        <ele>325</ele>
        <time>2020-10-13T08:58:28.084Z</time>
      </trkpt>
      <trkpt lat="30.954030000000003" lon="34.69107">
        <ele>325</ele>
        <time>2020-10-13T08:58:29.084Z</time>
      </trkpt>
      <trkpt lat="30.954000000000004" lon="34.69109">
        <ele>325.5</ele>
        <time>2020-10-13T08:58:30.084Z</time>
      </trkpt>
      <trkpt lat="30.954000000000004" lon="34.69109">
        <ele>0</ele>
        <time>2020-10-13T08:58:31.084Z</time>
      </trkpt>
      <trkpt lat="30.954000000000004" lon="34.69109">
        <ele>0</ele>
        <time>2020-10-13T08:58:32.084Z</time>
      </trkpt>
      <trkpt lat="30.954000000000004" lon="34.69109">
        <ele>0</ele>
        <time>2020-10-13T08:58:33.084Z</time>
      </trkpt>
      <trkpt lat="30.954000000000004" lon="34.69109">
        <ele>0</ele>
        <time>2020-10-13T08:58:34.084Z</time>
      </trkpt>
      <trkpt lat="30.954000000000004" lon="34.69109">
        <ele>325.5</ele>
        <time>2020-10-13T08:58:35.084Z</time>
      </trkpt>
      <trkpt lat="30.953910000000004" lon="34.69116">
        <ele>326</ele>
        <time>2020-10-13T08:58:36.084Z</time>
      </trkpt>
      <trkpt lat="30.953740000000003" lon="34.69136">
        <ele>326</ele>
        <time>2020-10-13T08:58:37.084Z</time>
      </trkpt>
      <trkpt lat="30.953280000000003" lon="34.692">
        <ele>324</ele>
        <time>2020-10-13T08:58:38.084Z</time>
      </trkpt>
      <trkpt lat="30.952500000000004" lon="34.693220000000004">
        <ele>325</ele>
        <time>2020-10-13T08:58:39.084Z</time>
      </trkpt>
      <trkpt lat="30.952330000000003" lon="34.69343">
        <ele>325</ele>
        <time>2020-10-13T08:58:40.084Z</time>
      </trkpt>
      <trkpt lat="30.952220000000004" lon="34.69351">
        <ele>325</ele>
        <time>2020-10-13T08:58:41.084Z</time>
      </trkpt>
      <trkpt lat="30.952" lon="34.69361">
        <ele>322</ele>
        <time>2020-10-13T08:58:42.084Z</time>
      </trkpt>
      <trkpt lat="30.951030000000003" lon="34.69399">
        <ele>324</ele>
        <time>2020-10-13T08:58:43.084Z</time>
      </trkpt>
      <trkpt lat="30.94975" lon="34.6946">
        <ele>325</ele>
        <time>2020-10-13T08:58:44.084Z</time>
      </trkpt>
      <trkpt lat="30.949250000000003" lon="34.694880000000005">
        <ele>325</ele>
        <time>2020-10-13T08:58:45.084Z</time>
      </trkpt>
      <trkpt lat="30.948620000000002" lon="34.69527">
        <ele>326</ele>
        <time>2020-10-13T08:58:46.084Z</time>
      </trkpt>
      <trkpt lat="30.94834" lon="34.69549">
        <ele>328</ele>
        <time>2020-10-13T08:58:47.084Z</time>
      </trkpt>
      <trkpt lat="30.947550000000003" lon="34.69619">
        <ele>328</ele>
        <time>2020-10-13T08:58:48.084Z</time>
      </trkpt>
      <trkpt lat="30.94695" lon="34.69697">
        <ele>327</ele>
        <time>2020-10-13T08:58:49.084Z</time>
      </trkpt>
      <trkpt lat="30.946780000000004" lon="34.69717">
        <ele>327</ele>
        <time>2020-10-13T08:58:50.084Z</time>
      </trkpt>
      <trkpt lat="30.946510000000004" lon="34.697430000000004">
        <ele>331</ele>
        <time>2020-10-13T08:58:51.084Z</time>
      </trkpt>
      <trkpt lat="30.946230000000003" lon="34.69762">
        <ele>331</ele>
        <time>2020-10-13T08:58:52.084Z</time>
      </trkpt>
      <trkpt lat="30.945860000000003" lon="34.69782">
        <ele>336</ele>
        <time>2020-10-13T08:58:53.084Z</time>
      </trkpt>
      <trkpt lat="30.945560000000004" lon="34.69803">
        <ele>336</ele>
        <time>2020-10-13T08:58:54.084Z</time>
      </trkpt>
      <trkpt lat="30.94489" lon="34.69856">
        <ele>343</ele>
        <time>2020-10-13T08:58:55.084Z</time>
      </trkpt>
      <trkpt lat="30.944570000000002" lon="34.69878">
        <ele>336</ele>
        <time>2020-10-13T08:58:56.084Z</time>
      </trkpt>
      <trkpt lat="30.944000000000003" lon="34.69921">
        <ele>341</ele>
        <time>2020-10-13T08:58:57.084Z</time>
      </trkpt>
      <trkpt lat="30.943680000000004" lon="34.69948">
        <ele>338</ele>
        <time>2020-10-13T08:58:58.084Z</time>
      </trkpt>
      <trkpt lat="30.942970000000003" lon="34.70004">
        <ele>341</ele>
        <time>2020-10-13T08:58:59.084Z</time>
      </trkpt>
      <trkpt lat="30.942500000000003" lon="34.700340000000004">
        <ele>342</ele>
        <time>2020-10-13T08:59:00.084Z</time>
      </trkpt>
      <trkpt lat="30.942200000000003" lon="34.700590000000005">
        <ele>342</ele>
        <time>2020-10-13T08:59:01.084Z</time>
      </trkpt>
      <trkpt lat="30.94207" lon="34.70067">
        <ele>342</ele>
        <time>2020-10-13T08:59:02.084Z</time>
      </trkpt>
      <trkpt lat="30.941640000000003" lon="34.700860000000006">
        <ele>342</ele>
        <time>2020-10-13T08:59:03.084Z</time>
      </trkpt>
      <trkpt lat="30.941540000000003" lon="34.70091">
        <ele>342</ele>
        <time>2020-10-13T08:59:04.084Z</time>
      </trkpt>
      <trkpt lat="30.941060000000004" lon="34.7013">
        <ele>339</ele>
        <time>2020-10-13T08:59:05.084Z</time>
      </trkpt>
      <trkpt lat="30.940920000000002" lon="34.701440000000005">
        <ele>339</ele>
        <time>2020-10-13T08:59:06.084Z</time>
      </trkpt>
      <trkpt lat="30.940640000000002" lon="34.70177">
        <ele>345</ele>
        <time>2020-10-13T08:59:07.084Z</time>
      </trkpt>
      <trkpt lat="30.940410000000004" lon="34.70192">
        <ele>341</ele>
        <time>2020-10-13T08:59:08.084Z</time>
      </trkpt>
      <trkpt lat="30.940070000000002" lon="34.70206">
        <ele>341</ele>
        <time>2020-10-13T08:59:09.084Z</time>
      </trkpt>
      <trkpt lat="30.93963" lon="34.702290000000005">
        <ele>341</ele>
        <time>2020-10-13T08:59:10.084Z</time>
      </trkpt>
      <trkpt lat="30.939380000000003" lon="34.702380000000005">
        <ele>341</ele>
        <time>2020-10-13T08:59:11.084Z</time>
      </trkpt>
      <trkpt lat="30.93924" lon="34.702450000000006">
        <ele>341</ele>
        <time>2020-10-13T08:59:12.084Z</time>
      </trkpt>
      <trkpt lat="30.938990000000004" lon="34.70271">
        <ele>343</ele>
        <time>2020-10-13T08:59:13.084Z</time>
      </trkpt>
      <trkpt lat="30.93888" lon="34.702980000000004">
        <ele>339</ele>
        <time>2020-10-13T08:59:14.084Z</time>
      </trkpt>
      <trkpt lat="30.93869" lon="34.703230000000005">
        <ele>339</ele>
        <time>2020-10-13T08:59:15.084Z</time>
      </trkpt>
      <trkpt lat="30.93859" lon="34.70328">
        <ele>339</ele>
        <time>2020-10-13T08:59:16.084Z</time>
      </trkpt>
      <trkpt lat="30.938430000000004" lon="34.703300000000006">
        <ele>339</ele>
        <time>2020-10-13T08:59:17.084Z</time>
      </trkpt>
      <trkpt lat="30.938240000000004" lon="34.70338">
        <ele>343</ele>
        <time>2020-10-13T08:59:18.084Z</time>
      </trkpt>
      <trkpt lat="30.938010000000002" lon="34.70342">
        <ele>343</ele>
        <time>2020-10-13T08:59:19.084Z</time>
      </trkpt>
      <trkpt lat="30.937640000000002" lon="34.703540000000004">
        <ele>343</ele>
        <time>2020-10-13T08:59:20.084Z</time>
      </trkpt>
      <trkpt lat="30.937530000000002" lon="34.70355">
        <ele>337</ele>
        <time>2020-10-13T08:59:21.084Z</time>
      </trkpt>
      <trkpt lat="30.937350000000002" lon="34.7036">
        <ele>344</ele>
        <time>2020-10-13T08:59:22.084Z</time>
      </trkpt>
      <trkpt lat="30.936850000000003" lon="34.703680000000006">
        <ele>344</ele>
        <time>2020-10-13T08:59:23.084Z</time>
      </trkpt>
      <trkpt lat="30.936560000000004" lon="34.70378">
        <ele>343</ele>
        <time>2020-10-13T08:59:24.084Z</time>
      </trkpt>
      <trkpt lat="30.936310000000002" lon="34.703770000000006">
        <ele>343</ele>
        <time>2020-10-13T08:59:25.084Z</time>
      </trkpt>
      <trkpt lat="30.93596" lon="34.7038">
        <ele>343</ele>
        <time>2020-10-13T08:59:26.084Z</time>
      </trkpt>
      <trkpt lat="30.935840000000002" lon="34.70382">
        <ele>343</ele>
        <time>2020-10-13T08:59:27.084Z</time>
      </trkpt>
      <trkpt lat="30.935440000000003" lon="34.703990000000005">
        <ele>343</ele>
        <time>2020-10-13T08:59:28.084Z</time>
      </trkpt>
      <trkpt lat="30.93522" lon="34.704100000000004">
        <ele>343</ele>
        <time>2020-10-13T08:59:29.084Z</time>
      </trkpt>
      <trkpt lat="30.93512" lon="34.704170000000005">
        <ele>343</ele>
        <time>2020-10-13T08:59:30.084Z</time>
      </trkpt>
      <trkpt lat="30.934770000000004" lon="34.704510000000006">
        <ele>346</ele>
        <time>2020-10-13T08:59:31.084Z</time>
      </trkpt>
      <trkpt lat="30.934440000000002" lon="34.70465">
        <ele>346</ele>
        <time>2020-10-13T08:59:32.084Z</time>
      </trkpt>
      <trkpt lat="30.93409" lon="34.70494">
        <ele>346</ele>
        <time>2020-10-13T08:59:33.084Z</time>
      </trkpt>
      <trkpt lat="30.933840000000004" lon="34.7051">
        <ele>346</ele>
        <time>2020-10-13T08:59:34.084Z</time>
      </trkpt>
      <trkpt lat="30.933490000000003" lon="34.70537">
        <ele>351</ele>
        <time>2020-10-13T08:59:35.084Z</time>
      </trkpt>
      <trkpt lat="30.933320000000002" lon="34.70546">
        <ele>347</ele>
        <time>2020-10-13T08:59:36.084Z</time>
      </trkpt>
      <trkpt lat="30.933180000000004" lon="34.705600000000004">
        <ele>347</ele>
        <time>2020-10-13T08:59:37.084Z</time>
      </trkpt>
      <trkpt lat="30.933180000000004" lon="34.705600000000004">
        <ele>0</ele>
        <time>2020-10-13T08:59:38.084Z</time>
      </trkpt>
      <trkpt lat="30.933180000000004" lon="34.705600000000004">
        <ele>0</ele>
        <time>2020-10-13T08:59:39.084Z</time>
      </trkpt>
      <trkpt lat="30.933180000000004" lon="34.705600000000004">
        <ele>347</ele>
        <time>2020-10-13T08:59:40.084Z</time>
      </trkpt>
      <trkpt lat="30.932830709746355" lon="34.70580246698753">
        <ele>347</ele>
        <time>2020-10-13T08:59:41.084Z</time>
      </trkpt>
      <trkpt lat="30.932830709746355" lon="34.70580246698753">
        <ele>0</ele>
        <time>2020-10-13T08:59:42.084Z</time>
      </trkpt>
      <trkpt lat="30.932830709746355" lon="34.70580246698753">
        <ele>0</ele>
        <time>2020-10-13T08:59:43.084Z</time>
      </trkpt>
      <trkpt lat="30.932830709746355" lon="34.70580246698753">
        <ele>347</ele>
        <time>2020-10-13T08:59:44.084Z</time>
      </trkpt>
      <trkpt lat="30.93197841704137" lon="34.70700870979189">
        <ele>347.5</ele>
        <time>2020-10-13T08:59:45.084Z</time>
      </trkpt>
      <trkpt lat="30.93197841704137" lon="34.70700870979189">
        <ele>0</ele>
        <time>2020-10-13T08:59:46.084Z</time>
      </trkpt>
      <trkpt lat="30.93197841704137" lon="34.70700870979189">
        <ele>0</ele>
        <time>2020-10-13T08:59:47.084Z</time>
      </trkpt>
      <trkpt lat="30.93197841704137" lon="34.70700870979189">
        <ele>347.5</ele>
        <time>2020-10-13T08:59:48.084Z</time>
      </trkpt>
      <trkpt lat="30.93178880420491" lon="34.70870733261109">
        <ele>350.5</ele>
        <time>2020-10-13T08:59:49.084Z</time>
      </trkpt>
      <trkpt lat="30.93178880420491" lon="34.70870733261109">
        <ele>0</ele>
        <time>2020-10-13T08:59:50.084Z</time>
      </trkpt>
      <trkpt lat="30.93178880420491" lon="34.70870733261109">
        <ele>0</ele>
        <time>2020-10-13T08:59:51.084Z</time>
      </trkpt>
      <trkpt lat="30.931770000000004" lon="34.7087">
        <ele>350.5</ele>
        <time>2020-10-13T08:59:52.084Z</time>
      </trkpt>
      <trkpt lat="30.931710000000002" lon="34.708890000000004">
        <ele>349</ele>
        <time>2020-10-13T08:59:53.084Z</time>
      </trkpt>
      <trkpt lat="30.931700000000003" lon="34.709210000000006">
        <ele>349</ele>
        <time>2020-10-13T08:59:54.084Z</time>
      </trkpt>
      <trkpt lat="30.93164" lon="34.7096">
        <ele>354</ele>
        <time>2020-10-13T08:59:55.084Z</time>
      </trkpt>
      <trkpt lat="30.931620000000002" lon="34.709990000000005">
        <ele>354</ele>
        <time>2020-10-13T08:59:56.084Z</time>
      </trkpt>
      <trkpt lat="30.931580000000004" lon="34.71011">
        <ele>354</ele>
        <time>2020-10-13T08:59:57.084Z</time>
      </trkpt>
      <trkpt lat="30.93155" lon="34.710240000000006">
        <ele>357</ele>
        <time>2020-10-13T08:59:58.084Z</time>
      </trkpt>
      <trkpt lat="30.931610000000003" lon="34.71059">
        <ele>357</ele>
        <time>2020-10-13T08:59:59.084Z</time>
      </trkpt>
      <trkpt lat="30.931700000000003" lon="34.710820000000005">
        <ele>357</ele>
        <time>2020-10-13T09:00:00.084Z</time>
      </trkpt>
      <trkpt lat="30.931760000000004" lon="34.7111">
        <ele>350</ele>
        <time>2020-10-13T09:00:01.084Z</time>
      </trkpt>
      <trkpt lat="30.931790000000003" lon="34.71141">
        <ele>350</ele>
        <time>2020-10-13T09:00:02.084Z</time>
      </trkpt>
      <trkpt lat="30.931760000000004" lon="34.711650000000006">
        <ele>350</ele>
        <time>2020-10-13T09:00:03.084Z</time>
      </trkpt>
      <trkpt lat="30.931670000000004" lon="34.711850000000005">
        <ele>354</ele>
        <time>2020-10-13T09:00:04.084Z</time>
      </trkpt>
      <trkpt lat="30.931670000000004" lon="34.711920000000006">
        <ele>352</ele>
        <time>2020-10-13T09:00:05.084Z</time>
      </trkpt>
      <trkpt lat="30.931580000000004" lon="34.71213">
        <ele>352</ele>
        <time>2020-10-13T09:00:06.084Z</time>
      </trkpt>
      <trkpt lat="30.931350000000002" lon="34.712830000000004">
        <ele>354</ele>
        <time>2020-10-13T09:00:07.084Z</time>
      </trkpt>
      <trkpt lat="30.931330000000003" lon="34.71316">
        <ele>354</ele>
        <time>2020-10-13T09:00:08.084Z</time>
      </trkpt>
      <trkpt lat="30.931220000000003" lon="34.7136">
        <ele>355</ele>
        <time>2020-10-13T09:00:09.084Z</time>
      </trkpt>
      <trkpt lat="30.93118" lon="34.71369">
        <ele>355</ele>
        <time>2020-10-13T09:00:10.084Z</time>
      </trkpt>
      <trkpt lat="30.931070000000002" lon="34.71385">
        <ele>355</ele>
        <time>2020-10-13T09:00:11.084Z</time>
      </trkpt>
      <trkpt lat="30.93099" lon="34.714020000000005">
        <ele>355</ele>
        <time>2020-10-13T09:00:12.084Z</time>
      </trkpt>
      <trkpt lat="30.930860000000003" lon="34.71421">
        <ele>355</ele>
        <time>2020-10-13T09:00:13.084Z</time>
      </trkpt>
      <trkpt lat="30.930600000000002" lon="34.714870000000005">
        <ele>352</ele>
        <time>2020-10-13T09:00:14.084Z</time>
      </trkpt>
      <trkpt lat="30.930300000000003" lon="34.71538">
        <ele>353</ele>
        <time>2020-10-13T09:00:15.084Z</time>
      </trkpt>
      <trkpt lat="30.930210000000002" lon="34.71555">
        <ele>353</ele>
        <time>2020-10-13T09:00:16.084Z</time>
      </trkpt>
      <trkpt lat="30.930170000000004" lon="34.71567">
        <ele>353</ele>
        <time>2020-10-13T09:00:17.084Z</time>
      </trkpt>
      <trkpt lat="30.930170000000004" lon="34.71567">
        <ele>0</ele>
        <time>2020-10-13T09:00:18.084Z</time>
      </trkpt>
      <trkpt lat="30.930170000000004" lon="34.71567">
        <ele>0</ele>
        <time>2020-10-13T09:00:19.084Z</time>
      </trkpt>
      <trkpt lat="30.930170000000004" lon="34.71567">
        <ele>353</ele>
        <time>2020-10-13T09:00:20.084Z</time>
      </trkpt>
      <trkpt lat="30.93014" lon="34.715720000000005">
        <ele>353</ele>
        <time>2020-10-13T09:00:21.084Z</time>
      </trkpt>
      <trkpt lat="30.930020000000003" lon="34.71584">
        <ele>363</ele>
        <time>2020-10-13T09:00:22.084Z</time>
      </trkpt>
      <trkpt lat="30.929880000000004" lon="34.715900000000005">
        <ele>363</ele>
        <time>2020-10-13T09:00:23.084Z</time>
      </trkpt>
      <trkpt lat="30.929790000000004" lon="34.71596">
        <ele>363</ele>
        <time>2020-10-13T09:00:24.084Z</time>
      </trkpt>
      <trkpt lat="30.929550000000003" lon="34.71627">
        <ele>355</ele>
        <time>2020-10-13T09:00:25.084Z</time>
      </trkpt>
      <trkpt lat="30.929470000000002" lon="34.716460000000005">
        <ele>355</ele>
        <time>2020-10-13T09:00:26.084Z</time>
      </trkpt>
      <trkpt lat="30.9294" lon="34.71656">
        <ele>355</ele>
        <time>2020-10-13T09:00:27.084Z</time>
      </trkpt>
      <trkpt lat="30.929140000000004" lon="34.716770000000004">
        <ele>362</ele>
        <time>2020-10-13T09:00:28.084Z</time>
      </trkpt>
      <trkpt lat="30.928980000000003" lon="34.716840000000005">
        <ele>362</ele>
        <time>2020-10-13T09:00:29.084Z</time>
      </trkpt>
      <trkpt lat="30.928770000000004" lon="34.71688">
        <ele>362</ele>
        <time>2020-10-13T09:00:30.084Z</time>
      </trkpt>
      <trkpt lat="30.92873" lon="34.716910000000006">
        <ele>358</ele>
        <time>2020-10-13T09:00:31.084Z</time>
      </trkpt>
      <trkpt lat="30.928620000000002" lon="34.717000000000006">
        <ele>358</ele>
        <time>2020-10-13T09:00:32.084Z</time>
      </trkpt>
      <trkpt lat="30.928590000000003" lon="34.71707">
        <ele>358</ele>
        <time>2020-10-13T09:00:33.084Z</time>
      </trkpt>
      <trkpt lat="30.92856" lon="34.717090000000006">
        <ele>358</ele>
        <time>2020-10-13T09:00:34.084Z</time>
      </trkpt>
      <trkpt lat="30.928440000000002" lon="34.717090000000006">
        <ele>358</ele>
        <time>2020-10-13T09:00:35.084Z</time>
      </trkpt>
      <trkpt lat="30.92837" lon="34.717130000000004">
        <ele>359</ele>
        <time>2020-10-13T09:00:36.084Z</time>
      </trkpt>
      <trkpt lat="30.928200000000004" lon="34.717330000000004">
        <ele>359</ele>
        <time>2020-10-13T09:00:37.084Z</time>
      </trkpt>
      <trkpt lat="30.928020000000004" lon="34.717470000000006">
        <ele>359</ele>
        <time>2020-10-13T09:00:38.084Z</time>
      </trkpt>
      <trkpt lat="30.927940000000003" lon="34.717560000000006">
        <ele>359</ele>
        <time>2020-10-13T09:00:39.084Z</time>
      </trkpt>
      <trkpt lat="30.927740000000004" lon="34.7177">
        <ele>359</ele>
        <time>2020-10-13T09:00:40.084Z</time>
      </trkpt>
      <trkpt lat="30.927630000000004" lon="34.717760000000006">
        <ele>359</ele>
        <time>2020-10-13T09:00:41.084Z</time>
      </trkpt>
      <trkpt lat="30.927450000000004" lon="34.71781">
        <ele>362</ele>
        <time>2020-10-13T09:00:42.084Z</time>
      </trkpt>
      <trkpt lat="30.927100000000003" lon="34.71799">
        <ele>362</ele>
        <time>2020-10-13T09:00:43.084Z</time>
      </trkpt>
      <trkpt lat="30.92676" lon="34.71808">
        <ele>362</ele>
        <time>2020-10-13T09:00:44.084Z</time>
      </trkpt>
      <trkpt lat="30.926600000000004" lon="34.7181">
        <ele>362</ele>
        <time>2020-10-13T09:00:45.084Z</time>
      </trkpt>
      <trkpt lat="30.926530000000003" lon="34.71808">
        <ele>362</ele>
        <time>2020-10-13T09:00:46.084Z</time>
      </trkpt>
      <trkpt lat="30.92639" lon="34.7181">
        <ele>362</ele>
        <time>2020-10-13T09:00:47.084Z</time>
      </trkpt>
      <trkpt lat="30.926130000000004" lon="34.71822">
        <ele>362</ele>
        <time>2020-10-13T09:00:48.084Z</time>
      </trkpt>
      <trkpt lat="30.925960000000003" lon="34.71826">
        <ele>362</ele>
        <time>2020-10-13T09:00:49.084Z</time>
      </trkpt>
      <trkpt lat="30.925850000000004" lon="34.718230000000005">
        <ele>360</ele>
        <time>2020-10-13T09:00:50.084Z</time>
      </trkpt>
      <trkpt lat="30.925750000000004" lon="34.71815">
        <ele>360</ele>
        <time>2020-10-13T09:00:51.084Z</time>
      </trkpt>
      <trkpt lat="30.925710000000002" lon="34.71808">
        <ele>360</ele>
        <time>2020-10-13T09:00:52.084Z</time>
      </trkpt>
      <trkpt lat="30.925620000000002" lon="34.717980000000004">
        <ele>360</ele>
        <time>2020-10-13T09:00:53.084Z</time>
      </trkpt>
      <trkpt lat="30.925330000000002" lon="34.71757">
        <ele>363</ele>
        <time>2020-10-13T09:00:54.084Z</time>
      </trkpt>
      <trkpt lat="30.925320000000003" lon="34.717530000000004">
        <ele>363</ele>
        <time>2020-10-13T09:00:55.084Z</time>
      </trkpt>
      <trkpt lat="30.925320000000003" lon="34.717530000000004">
        <ele>0</ele>
        <time>2020-10-13T09:00:56.084Z</time>
      </trkpt>
      <trkpt lat="30.925320000000003" lon="34.717530000000004">
        <ele>0</ele>
        <time>2020-10-13T09:00:57.084Z</time>
      </trkpt>
      <trkpt lat="30.925320000000003" lon="34.717530000000004">
        <ele>363</ele>
        <time>2020-10-13T09:00:58.084Z</time>
      </trkpt>
      <trkpt lat="30.92528" lon="34.71745">
        <ele>363</ele>
        <time>2020-10-13T09:00:59.084Z</time>
      </trkpt>
      <trkpt lat="30.92526" lon="34.71721">
        <ele>363</ele>
        <time>2020-10-13T09:01:00.084Z</time>
      </trkpt>
      <trkpt lat="30.925230000000003" lon="34.717090000000006">
        <ele>363</ele>
        <time>2020-10-13T09:01:01.084Z</time>
      </trkpt>
      <trkpt lat="30.925190000000004" lon="34.71701">
        <ele>363</ele>
        <time>2020-10-13T09:01:02.084Z</time>
      </trkpt>
      <trkpt lat="30.925130000000003" lon="34.716950000000004">
        <ele>363</ele>
        <time>2020-10-13T09:01:03.084Z</time>
      </trkpt>
      <trkpt lat="30.925020000000004" lon="34.7169">
        <ele>362</ele>
        <time>2020-10-13T09:01:04.084Z</time>
      </trkpt>
      <trkpt lat="30.92481" lon="34.71674">
        <ele>361</ele>
        <time>2020-10-13T09:01:05.084Z</time>
      </trkpt>
      <trkpt lat="30.924760000000003" lon="34.71669">
        <ele>361</ele>
        <time>2020-10-13T09:01:06.084Z</time>
      </trkpt>
      <trkpt lat="30.924580000000002" lon="34.71616">
        <ele>361</ele>
        <time>2020-10-13T09:01:07.084Z</time>
      </trkpt>
      <trkpt lat="30.924650000000003" lon="34.715920000000004">
        <ele>364</ele>
        <time>2020-10-13T09:01:08.084Z</time>
      </trkpt>
      <trkpt lat="30.924760000000003" lon="34.71564">
        <ele>364</ele>
        <time>2020-10-13T09:01:09.084Z</time>
      </trkpt>
      <trkpt lat="30.924780000000002" lon="34.71542">
        <ele>364</ele>
        <time>2020-10-13T09:01:10.084Z</time>
      </trkpt>
      <trkpt lat="30.924830000000004" lon="34.7152">
        <ele>365</ele>
        <time>2020-10-13T09:01:11.084Z</time>
      </trkpt>
      <trkpt lat="30.92488" lon="34.7151">
        <ele>365</ele>
        <time>2020-10-13T09:01:12.084Z</time>
      </trkpt>
      <trkpt lat="30.924910000000004" lon="34.71501">
        <ele>365</ele>
        <time>2020-10-13T09:01:13.084Z</time>
      </trkpt>
      <trkpt lat="30.92479" lon="34.714560000000006">
        <ele>365</ele>
        <time>2020-10-13T09:01:14.084Z</time>
      </trkpt>
      <trkpt lat="30.9248" lon="34.71443">
        <ele>365</ele>
        <time>2020-10-13T09:01:15.084Z</time>
      </trkpt>
      <trkpt lat="30.924870000000002" lon="34.71403">
        <ele>362</ele>
        <time>2020-10-13T09:01:16.084Z</time>
      </trkpt>
      <trkpt lat="30.924930000000003" lon="34.71388">
        <ele>362</ele>
        <time>2020-10-13T09:01:17.084Z</time>
      </trkpt>
      <trkpt lat="30.92509" lon="34.7136">
        <ele>363</ele>
        <time>2020-10-13T09:01:18.084Z</time>
      </trkpt>
      <trkpt lat="30.925110000000004" lon="34.71351">
        <ele>362</ele>
        <time>2020-10-13T09:01:19.084Z</time>
      </trkpt>
      <trkpt lat="30.925110000000004" lon="34.713420000000006">
        <ele>362</ele>
        <time>2020-10-13T09:01:20.084Z</time>
      </trkpt>
      <trkpt lat="30.92507" lon="34.71332">
        <ele>362</ele>
        <time>2020-10-13T09:01:21.084Z</time>
      </trkpt>
      <trkpt lat="30.92479" lon="34.712860000000006">
        <ele>360</ele>
        <time>2020-10-13T09:01:22.084Z</time>
      </trkpt>
      <trkpt lat="30.924730000000004" lon="34.71242">
        <ele>362</ele>
        <time>2020-10-13T09:01:23.084Z</time>
      </trkpt>
      <trkpt lat="30.924720000000004" lon="34.71215">
        <ele>362</ele>
        <time>2020-10-13T09:01:24.084Z</time>
      </trkpt>
      <trkpt lat="30.924730000000004" lon="34.712030000000006">
        <ele>362</ele>
        <time>2020-10-13T09:01:25.084Z</time>
      </trkpt>
      <trkpt lat="30.9247" lon="34.71193">
        <ele>362</ele>
        <time>2020-10-13T09:01:26.084Z</time>
      </trkpt>
      <trkpt lat="30.924740000000003" lon="34.71182">
        <ele>364</ele>
        <time>2020-10-13T09:01:27.084Z</time>
      </trkpt>
      <trkpt lat="30.924760000000003" lon="34.71166">
        <ele>364</ele>
        <time>2020-10-13T09:01:28.084Z</time>
      </trkpt>
      <trkpt lat="30.924750000000003" lon="34.71153">
        <ele>364</ele>
        <time>2020-10-13T09:01:29.084Z</time>
      </trkpt>
      <trkpt lat="30.924770000000002" lon="34.71126">
        <ele>364</ele>
        <time>2020-10-13T09:01:30.084Z</time>
      </trkpt>
      <trkpt lat="30.924760000000003" lon="34.710930000000005">
        <ele>364</ele>
        <time>2020-10-13T09:01:31.084Z</time>
      </trkpt>
      <trkpt lat="30.92481" lon="34.710640000000005">
        <ele>364</ele>
        <time>2020-10-13T09:01:32.084Z</time>
      </trkpt>
      <trkpt lat="30.92481" lon="34.71052">
        <ele>364</ele>
        <time>2020-10-13T09:01:33.084Z</time>
      </trkpt>
      <trkpt lat="30.92479" lon="34.710210000000004">
        <ele>366</ele>
        <time>2020-10-13T09:01:34.084Z</time>
      </trkpt>
      <trkpt lat="30.92479" lon="34.71009">
        <ele>366</ele>
        <time>2020-10-13T09:01:35.084Z</time>
      </trkpt>
      <trkpt lat="30.924780000000002" lon="34.70982">
        <ele>366</ele>
        <time>2020-10-13T09:01:36.084Z</time>
      </trkpt>
      <trkpt lat="30.924830000000004" lon="34.709520000000005">
        <ele>366</ele>
        <time>2020-10-13T09:01:37.084Z</time>
      </trkpt>
      <trkpt lat="30.924860000000002" lon="34.70924">
        <ele>365</ele>
        <time>2020-10-13T09:01:38.084Z</time>
      </trkpt>
      <trkpt lat="30.92489" lon="34.70915">
        <ele>365</ele>
        <time>2020-10-13T09:01:39.084Z</time>
      </trkpt>
      <trkpt lat="30.92489" lon="34.70915">
        <ele>0</ele>
        <time>2020-10-13T09:01:40.084Z</time>
      </trkpt>
      <trkpt lat="30.92489" lon="34.70915">
        <ele>0</ele>
        <time>2020-10-13T09:01:41.084Z</time>
      </trkpt>
      <trkpt lat="30.92489" lon="34.70915">
        <ele>365</ele>
        <time>2020-10-13T09:01:42.084Z</time>
      </trkpt>
      <trkpt lat="30.924930000000003" lon="34.709050000000005">
        <ele>365</ele>
        <time>2020-10-13T09:01:43.084Z</time>
      </trkpt>
      <trkpt lat="30.92508" lon="34.708490000000005">
        <ele>366</ele>
        <time>2020-10-13T09:01:44.084Z</time>
      </trkpt>
      <trkpt lat="30.925100000000004" lon="34.708330000000004">
        <ele>366</ele>
        <time>2020-10-13T09:01:45.084Z</time>
      </trkpt>
      <trkpt lat="30.92509" lon="34.70806">
        <ele>366</ele>
        <time>2020-10-13T09:01:46.084Z</time>
      </trkpt>
      <trkpt lat="30.92508" lon="34.70783">
        <ele>366</ele>
        <time>2020-10-13T09:01:47.084Z</time>
      </trkpt>
      <trkpt lat="30.925060000000002" lon="34.707750000000004">
        <ele>366</ele>
        <time>2020-10-13T09:01:48.084Z</time>
      </trkpt>
      <trkpt lat="30.925060000000002" lon="34.70767">
        <ele>364</ele>
        <time>2020-10-13T09:01:49.084Z</time>
      </trkpt>
      <trkpt lat="30.924970000000002" lon="34.70723">
        <ele>365</ele>
        <time>2020-10-13T09:01:50.084Z</time>
      </trkpt>
      <trkpt lat="30.924950000000003" lon="34.706970000000005">
        <ele>365</ele>
        <time>2020-10-13T09:01:51.084Z</time>
      </trkpt>
      <trkpt lat="30.924910000000004" lon="34.706680000000006">
        <ele>367</ele>
        <time>2020-10-13T09:01:52.084Z</time>
      </trkpt>
      <trkpt lat="30.92489" lon="34.706030000000005">
        <ele>368</ele>
        <time>2020-10-13T09:01:53.084Z</time>
      </trkpt>
      <trkpt lat="30.924870000000002" lon="34.70588">
        <ele>368</ele>
        <time>2020-10-13T09:01:54.084Z</time>
      </trkpt>
      <trkpt lat="30.9248" lon="34.705740000000006">
        <ele>368</ele>
        <time>2020-10-13T09:01:55.084Z</time>
      </trkpt>
      <trkpt lat="30.924760000000003" lon="34.705540000000006">
        <ele>368</ele>
        <time>2020-10-13T09:01:56.084Z</time>
      </trkpt>
      <trkpt lat="30.924730000000004" lon="34.705040000000004">
        <ele>368</ele>
        <time>2020-10-13T09:01:57.084Z</time>
      </trkpt>
      <trkpt lat="30.924670000000003" lon="34.70476">
        <ele>368</ele>
        <time>2020-10-13T09:01:58.084Z</time>
      </trkpt>
      <trkpt lat="30.924660000000003" lon="34.70458">
        <ele>368</ele>
        <time>2020-10-13T09:01:59.084Z</time>
      </trkpt>
      <trkpt lat="30.924690000000002" lon="34.70438">
        <ele>369</ele>
        <time>2020-10-13T09:02:00.084Z</time>
      </trkpt>
      <trkpt lat="30.924660000000003" lon="34.704040000000006">
        <ele>369</ele>
        <time>2020-10-13T09:02:01.084Z</time>
      </trkpt>
      <trkpt lat="30.924670000000003" lon="34.703880000000005">
        <ele>369</ele>
        <time>2020-10-13T09:02:02.084Z</time>
      </trkpt>
      <trkpt lat="30.924640000000004" lon="34.70356">
        <ele>374</ele>
        <time>2020-10-13T09:02:03.084Z</time>
      </trkpt>
      <trkpt lat="30.924570000000003" lon="34.70329">
        <ele>374</ele>
        <time>2020-10-13T09:02:04.084Z</time>
      </trkpt>
      <trkpt lat="30.924540000000004" lon="34.703100000000006">
        <ele>374</ele>
        <time>2020-10-13T09:02:05.084Z</time>
      </trkpt>
      <trkpt lat="30.924460000000003" lon="34.702940000000005">
        <ele>374</ele>
        <time>2020-10-13T09:02:06.084Z</time>
      </trkpt>
      <trkpt lat="30.92434" lon="34.702630000000006">
        <ele>370</ele>
        <time>2020-10-13T09:02:07.084Z</time>
      </trkpt>
      <trkpt lat="30.92415" lon="34.70239">
        <ele>373</ele>
        <time>2020-10-13T09:02:08.084Z</time>
      </trkpt>
      <trkpt lat="30.923890000000004" lon="34.702090000000005">
        <ele>373</ele>
        <time>2020-10-13T09:02:09.084Z</time>
      </trkpt>
      <trkpt lat="30.923650000000002" lon="34.70176">
        <ele>374</ele>
        <time>2020-10-13T09:02:10.084Z</time>
      </trkpt>
      <trkpt lat="30.92357" lon="34.70177">
        <ele>374</ele>
        <time>2020-10-13T09:02:11.084Z</time>
      </trkpt>
      <trkpt lat="30.92357" lon="34.70177">
        <ele>0</ele>
        <time>2020-10-13T09:02:12.084Z</time>
      </trkpt>
      <trkpt lat="30.92357" lon="34.70177">
        <ele>0</ele>
        <time>2020-10-13T09:02:13.084Z</time>
      </trkpt>
      <trkpt lat="30.92357" lon="34.70177">
        <ele>374</ele>
        <time>2020-10-13T09:02:14.084Z</time>
      </trkpt>
      <trkpt lat="30.923470000000002" lon="34.701800000000006">
        <ele>374</ele>
        <time>2020-10-13T09:02:15.084Z</time>
      </trkpt>
      <trkpt lat="30.923440000000003" lon="34.70186">
        <ele>374</ele>
        <time>2020-10-13T09:02:16.084Z</time>
      </trkpt>
      <trkpt lat="30.923410000000004" lon="34.702000000000005">
        <ele>373</ele>
        <time>2020-10-13T09:02:17.084Z</time>
      </trkpt>
      <trkpt lat="30.923340000000003" lon="34.70206">
        <ele>375</ele>
        <time>2020-10-13T09:02:18.084Z</time>
      </trkpt>
      <trkpt lat="30.923250000000003" lon="34.702090000000005">
        <ele>375</ele>
        <time>2020-10-13T09:02:19.084Z</time>
      </trkpt>
      <trkpt lat="30.923050000000003" lon="34.702090000000005">
        <ele>375</ele>
        <time>2020-10-13T09:02:20.084Z</time>
      </trkpt>
      <trkpt lat="30.922620000000002" lon="34.702160000000006">
        <ele>375</ele>
        <time>2020-10-13T09:02:21.084Z</time>
      </trkpt>
      <trkpt lat="30.922240000000002" lon="34.702290000000005">
        <ele>375</ele>
        <time>2020-10-13T09:02:22.084Z</time>
      </trkpt>
      <trkpt lat="30.921960000000002" lon="34.702420000000004">
        <ele>375</ele>
        <time>2020-10-13T09:02:23.084Z</time>
      </trkpt>
      <trkpt lat="30.921820000000004" lon="34.70246">
        <ele>375</ele>
        <time>2020-10-13T09:02:24.084Z</time>
      </trkpt>
      <trkpt lat="30.92169" lon="34.70244">
        <ele>376</ele>
        <time>2020-10-13T09:02:25.084Z</time>
      </trkpt>
      <trkpt lat="30.921340000000004" lon="34.702450000000006">
        <ele>376</ele>
        <time>2020-10-13T09:02:26.084Z</time>
      </trkpt>
      <trkpt lat="30.921090000000003" lon="34.70255">
        <ele>376</ele>
        <time>2020-10-13T09:02:27.084Z</time>
      </trkpt>
      <trkpt lat="30.920890000000004" lon="34.70255">
        <ele>376</ele>
        <time>2020-10-13T09:02:28.084Z</time>
      </trkpt>
      <trkpt lat="30.920780000000004" lon="34.702510000000004">
        <ele>376</ele>
        <time>2020-10-13T09:02:29.084Z</time>
      </trkpt>
      <trkpt lat="30.920640000000002" lon="34.7025">
        <ele>376</ele>
        <time>2020-10-13T09:02:30.084Z</time>
      </trkpt>
      <trkpt lat="30.92058" lon="34.70252">
        <ele>376</ele>
        <time>2020-10-13T09:02:31.084Z</time>
      </trkpt>
      <trkpt lat="30.92049" lon="34.70252">
        <ele>376</ele>
        <time>2020-10-13T09:02:32.084Z</time>
      </trkpt>
      <trkpt lat="30.920410000000004" lon="34.702540000000006">
        <ele>376</ele>
        <time>2020-10-13T09:02:33.084Z</time>
      </trkpt>
      <trkpt lat="30.92021" lon="34.702510000000004">
        <ele>376</ele>
        <time>2020-10-13T09:02:34.084Z</time>
      </trkpt>
      <trkpt lat="30.920120000000004" lon="34.702540000000006">
        <ele>376</ele>
        <time>2020-10-13T09:02:35.084Z</time>
      </trkpt>
      <trkpt lat="30.91992" lon="34.70268">
        <ele>375</ele>
        <time>2020-10-13T09:02:36.084Z</time>
      </trkpt>
      <trkpt lat="30.919760000000004" lon="34.702850000000005">
        <ele>382</ele>
        <time>2020-10-13T09:02:37.084Z</time>
      </trkpt>
      <trkpt lat="30.91964" lon="34.702960000000004">
        <ele>382</ele>
        <time>2020-10-13T09:02:38.084Z</time>
      </trkpt>
      <trkpt lat="30.91953" lon="34.703010000000006">
        <ele>382</ele>
        <time>2020-10-13T09:02:39.084Z</time>
      </trkpt>
      <trkpt lat="30.919340000000002" lon="34.703140000000005">
        <ele>382</ele>
        <time>2020-10-13T09:02:40.084Z</time>
      </trkpt>
      <trkpt lat="30.91906" lon="34.70351">
        <ele>379</ele>
        <time>2020-10-13T09:02:41.084Z</time>
      </trkpt>
      <trkpt lat="30.91898" lon="34.70358">
        <ele>387</ele>
        <time>2020-10-13T09:02:42.084Z</time>
      </trkpt>
      <trkpt lat="30.918810000000004" lon="34.7038">
        <ele>387</ele>
        <time>2020-10-13T09:02:43.084Z</time>
      </trkpt>
      <trkpt lat="30.918720000000004" lon="34.703920000000004">
        <ele>387</ele>
        <time>2020-10-13T09:02:44.084Z</time>
      </trkpt>
      <trkpt lat="30.918640000000003" lon="34.70409">
        <ele>387</ele>
        <time>2020-10-13T09:02:45.084Z</time>
      </trkpt>
      <trkpt lat="30.918550000000003" lon="34.704240000000006">
        <ele>387</ele>
        <time>2020-10-13T09:02:46.084Z</time>
      </trkpt>
      <trkpt lat="30.918290000000002" lon="34.70459">
        <ele>381</ele>
        <time>2020-10-13T09:02:47.084Z</time>
      </trkpt>
      <trkpt lat="30.91822" lon="34.70463">
        <ele>381</ele>
        <time>2020-10-13T09:02:48.084Z</time>
      </trkpt>
      <trkpt lat="30.91805" lon="34.70465">
        <ele>381</ele>
        <time>2020-10-13T09:02:49.084Z</time>
      </trkpt>
      <trkpt lat="30.917830000000002" lon="34.704570000000004">
        <ele>381</ele>
        <time>2020-10-13T09:02:50.084Z</time>
      </trkpt>
      <trkpt lat="30.917730000000002" lon="34.704550000000005">
        <ele>381</ele>
        <time>2020-10-13T09:02:51.084Z</time>
      </trkpt>
      <trkpt lat="30.91766" lon="34.704570000000004">
        <ele>381</ele>
        <time>2020-10-13T09:02:52.084Z</time>
      </trkpt>
      <trkpt lat="30.91747" lon="34.70469">
        <ele>378</ele>
        <time>2020-10-13T09:02:53.084Z</time>
      </trkpt>
      <trkpt lat="30.917160000000003" lon="34.704730000000005">
        <ele>378</ele>
        <time>2020-10-13T09:02:54.084Z</time>
      </trkpt>
      <trkpt lat="30.9171" lon="34.70476">
        <ele>378</ele>
        <time>2020-10-13T09:02:55.084Z</time>
      </trkpt>
      <trkpt lat="30.91702" lon="34.704860000000004">
        <ele>378</ele>
        <time>2020-10-13T09:02:56.084Z</time>
      </trkpt>
      <trkpt lat="30.916980000000002" lon="34.70505">
        <ele>378</ele>
        <time>2020-10-13T09:02:57.084Z</time>
      </trkpt>
      <trkpt lat="30.916960000000003" lon="34.70508">
        <ele>378</ele>
        <time>2020-10-13T09:02:58.084Z</time>
      </trkpt>
      <trkpt lat="30.916960000000003" lon="34.70508">
        <ele>0</ele>
        <time>2020-10-13T09:02:59.084Z</time>
      </trkpt>
      <trkpt lat="30.916960000000003" lon="34.70508">
        <ele>0</ele>
        <time>2020-10-13T09:03:00.084Z</time>
      </trkpt>
      <trkpt lat="30.916960000000003" lon="34.70508">
        <ele>378</ele>
        <time>2020-10-13T09:03:01.084Z</time>
      </trkpt>
      <trkpt lat="30.91692" lon="34.70515">
        <ele>378</ele>
        <time>2020-10-13T09:03:02.084Z</time>
      </trkpt>
      <trkpt lat="30.916780000000003" lon="34.705270000000006">
        <ele>380</ele>
        <time>2020-10-13T09:03:03.084Z</time>
      </trkpt>
      <trkpt lat="30.916650000000004" lon="34.705290000000005">
        <ele>376</ele>
        <time>2020-10-13T09:03:04.084Z</time>
      </trkpt>
      <trkpt lat="30.91654" lon="34.70534">
        <ele>376</ele>
        <time>2020-10-13T09:03:05.084Z</time>
      </trkpt>
      <trkpt lat="30.916300000000003" lon="34.70552">
        <ele>376</ele>
        <time>2020-10-13T09:03:06.084Z</time>
      </trkpt>
      <trkpt lat="30.915950000000002" lon="34.705920000000006">
        <ele>376</ele>
        <time>2020-10-13T09:03:07.084Z</time>
      </trkpt>
      <trkpt lat="30.915770000000002" lon="34.706160000000004">
        <ele>382</ele>
        <time>2020-10-13T09:03:08.084Z</time>
      </trkpt>
      <trkpt lat="30.915720000000004" lon="34.70629">
        <ele>382</ele>
        <time>2020-10-13T09:03:09.084Z</time>
      </trkpt>
      <trkpt lat="30.915580000000002" lon="34.70649">
        <ele>382</ele>
        <time>2020-10-13T09:03:10.084Z</time>
      </trkpt>
      <trkpt lat="30.915390000000002" lon="34.70689">
        <ele>382</ele>
        <time>2020-10-13T09:03:11.084Z</time>
      </trkpt>
      <trkpt lat="30.915290000000002" lon="34.707240000000006">
        <ele>385</ele>
        <time>2020-10-13T09:03:12.084Z</time>
      </trkpt>
      <trkpt lat="30.915210000000002" lon="34.707420000000006">
        <ele>385</ele>
        <time>2020-10-13T09:03:13.084Z</time>
      </trkpt>
      <trkpt lat="30.91504" lon="34.707710000000006">
        <ele>388</ele>
        <time>2020-10-13T09:03:14.084Z</time>
      </trkpt>
      <trkpt lat="30.914800000000003" lon="34.708040000000004">
        <ele>391</ele>
        <time>2020-10-13T09:03:15.084Z</time>
      </trkpt>
      <trkpt lat="30.914600000000004" lon="34.708510000000004">
        <ele>391</ele>
        <time>2020-10-13T09:03:16.084Z</time>
      </trkpt>
      <trkpt lat="30.914420000000003" lon="34.70884">
        <ele>391</ele>
        <time>2020-10-13T09:03:17.084Z</time>
      </trkpt>
      <trkpt lat="30.914340000000003" lon="34.70909">
        <ele>391</ele>
        <time>2020-10-13T09:03:18.084Z</time>
      </trkpt>
      <trkpt lat="30.914220000000004" lon="34.709520000000005">
        <ele>390</ele>
        <time>2020-10-13T09:03:19.084Z</time>
      </trkpt>
      <trkpt lat="30.9141" lon="34.710150000000006">
        <ele>390</ele>
        <time>2020-10-13T09:03:20.084Z</time>
      </trkpt>
      <trkpt lat="30.914040000000004" lon="34.71029">
        <ele>385</ele>
        <time>2020-10-13T09:03:21.084Z</time>
      </trkpt>
      <trkpt lat="30.913840000000004" lon="34.71052">
        <ele>385</ele>
        <time>2020-10-13T09:03:22.084Z</time>
      </trkpt>
      <trkpt lat="30.913550000000004" lon="34.710710000000006">
        <ele>385</ele>
        <time>2020-10-13T09:03:23.084Z</time>
      </trkpt>
      <trkpt lat="30.913240000000002" lon="34.710840000000005">
        <ele>388</ele>
        <time>2020-10-13T09:03:24.084Z</time>
      </trkpt>
      <trkpt lat="30.913240000000002" lon="34.710840000000005">
        <ele>0</ele>
        <time>2020-10-13T09:03:25.084Z</time>
      </trkpt>
      <trkpt lat="30.913240000000002" lon="34.710840000000005">
        <ele>0</ele>
        <time>2020-10-13T09:03:26.084Z</time>
      </trkpt>
      <trkpt lat="30.913240000000002" lon="34.710840000000005">
        <ele>388</ele>
        <time>2020-10-13T09:03:27.084Z</time>
      </trkpt>
      <trkpt lat="30.912900000000004" lon="34.710950000000004">
        <ele>391</ele>
        <time>2020-10-13T09:03:28.084Z</time>
      </trkpt>
      <trkpt lat="30.912730000000003" lon="34.71097">
        <ele>391</ele>
        <time>2020-10-13T09:03:29.084Z</time>
      </trkpt>
      <trkpt lat="30.912300000000002" lon="34.71108">
        <ele>388</ele>
        <time>2020-10-13T09:03:30.084Z</time>
      </trkpt>
      <trkpt lat="30.91221" lon="34.711090000000006">
        <ele>388</ele>
        <time>2020-10-13T09:03:31.084Z</time>
      </trkpt>
      <trkpt lat="30.912170000000003" lon="34.71112">
        <ele>388</ele>
        <time>2020-10-13T09:03:32.084Z</time>
      </trkpt>
      <trkpt lat="30.912070000000003" lon="34.711270000000006">
        <ele>388</ele>
        <time>2020-10-13T09:03:33.084Z</time>
      </trkpt>
      <trkpt lat="30.912020000000002" lon="34.7113">
        <ele>388</ele>
        <time>2020-10-13T09:03:34.084Z</time>
      </trkpt>
      <trkpt lat="30.911920000000002" lon="34.7113">
        <ele>388</ele>
        <time>2020-10-13T09:03:35.084Z</time>
      </trkpt>
      <trkpt lat="30.91157" lon="34.71134">
        <ele>391</ele>
        <time>2020-10-13T09:03:36.084Z</time>
      </trkpt>
      <trkpt lat="30.911550000000002" lon="34.711360000000006">
        <ele>391</ele>
        <time>2020-10-13T09:03:37.084Z</time>
      </trkpt>
      <trkpt lat="30.91148" lon="34.711510000000004">
        <ele>391</ele>
        <time>2020-10-13T09:03:38.084Z</time>
      </trkpt>
      <trkpt lat="30.91111" lon="34.71175">
        <ele>391</ele>
        <time>2020-10-13T09:03:39.084Z</time>
      </trkpt>
      <trkpt lat="30.910850000000003" lon="34.712030000000006">
        <ele>390</ele>
        <time>2020-10-13T09:03:40.084Z</time>
      </trkpt>
      <trkpt lat="30.910690000000002" lon="34.71217">
        <ele>390</ele>
        <time>2020-10-13T09:03:41.084Z</time>
      </trkpt>
      <trkpt lat="30.910590000000003" lon="34.712180000000004">
        <ele>390</ele>
        <time>2020-10-13T09:03:42.084Z</time>
      </trkpt>
      <trkpt lat="30.910500000000003" lon="34.712210000000006">
        <ele>390</ele>
        <time>2020-10-13T09:03:43.084Z</time>
      </trkpt>
      <trkpt lat="30.91034" lon="34.712340000000005">
        <ele>390</ele>
        <time>2020-10-13T09:03:44.084Z</time>
      </trkpt>
      <trkpt lat="30.91017" lon="34.71256">
        <ele>390</ele>
        <time>2020-10-13T09:03:45.084Z</time>
      </trkpt>
      <trkpt lat="30.910090000000004" lon="34.71278">
        <ele>388</ele>
        <time>2020-10-13T09:03:46.084Z</time>
      </trkpt>
      <trkpt lat="30.910050000000002" lon="34.71291">
        <ele>390</ele>
        <time>2020-10-13T09:03:47.084Z</time>
      </trkpt>
      <trkpt lat="30.909950000000002" lon="34.71309">
        <ele>390</ele>
        <time>2020-10-13T09:03:48.084Z</time>
      </trkpt>
      <trkpt lat="30.90987" lon="34.71338">
        <ele>390</ele>
        <time>2020-10-13T09:03:49.084Z</time>
      </trkpt>
      <trkpt lat="30.909810000000004" lon="34.71374">
        <ele>391</ele>
        <time>2020-10-13T09:03:50.084Z</time>
      </trkpt>
      <trkpt lat="30.909740000000003" lon="34.714000000000006">
        <ele>391</ele>
        <time>2020-10-13T09:03:51.084Z</time>
      </trkpt>
      <trkpt lat="30.909660000000002" lon="34.71414">
        <ele>391</ele>
        <time>2020-10-13T09:03:52.084Z</time>
      </trkpt>
      <trkpt lat="30.909540000000003" lon="34.7143">
        <ele>391</ele>
        <time>2020-10-13T09:03:53.084Z</time>
      </trkpt>
      <trkpt lat="30.909380000000002" lon="34.71457">
        <ele>391</ele>
        <time>2020-10-13T09:03:54.084Z</time>
      </trkpt>
      <trkpt lat="30.90923" lon="34.71493">
        <ele>394</ele>
        <time>2020-10-13T09:03:55.084Z</time>
      </trkpt>
      <trkpt lat="30.909160000000004" lon="34.715">
        <ele>394</ele>
        <time>2020-10-13T09:03:56.084Z</time>
      </trkpt>
      <trkpt lat="30.909010000000002" lon="34.71511">
        <ele>394</ele>
        <time>2020-10-13T09:03:57.084Z</time>
      </trkpt>
      <trkpt lat="30.908920000000002" lon="34.715230000000005">
        <ele>392</ele>
        <time>2020-10-13T09:03:58.084Z</time>
      </trkpt>
      <trkpt lat="30.908880000000003" lon="34.715270000000004">
        <ele>392</ele>
        <time>2020-10-13T09:03:59.084Z</time>
      </trkpt>
      <trkpt lat="30.90874" lon="34.71533">
        <ele>392</ele>
        <time>2020-10-13T09:04:00.084Z</time>
      </trkpt>
      <trkpt lat="30.90847" lon="34.71549">
        <ele>392</ele>
        <time>2020-10-13T09:04:01.084Z</time>
      </trkpt>
      <trkpt lat="30.908310000000004" lon="34.71557">
        <ele>396</ele>
        <time>2020-10-13T09:04:02.084Z</time>
      </trkpt>
      <trkpt lat="30.908150000000003" lon="34.715720000000005">
        <ele>396</ele>
        <time>2020-10-13T09:04:03.084Z</time>
      </trkpt>
      <trkpt lat="30.908160000000002" lon="34.715860000000006">
        <ele>396</ele>
        <time>2020-10-13T09:04:04.084Z</time>
      </trkpt>
      <trkpt lat="30.908150000000003" lon="34.716060000000006">
        <ele>396</ele>
        <time>2020-10-13T09:04:05.084Z</time>
      </trkpt>
      <trkpt lat="30.908070000000002" lon="34.716330000000006">
        <ele>395</ele>
        <time>2020-10-13T09:04:06.084Z</time>
      </trkpt>
      <trkpt lat="30.908130000000003" lon="34.716530000000006">
        <ele>395</ele>
        <time>2020-10-13T09:04:07.084Z</time>
      </trkpt>
      <trkpt lat="30.908160000000002" lon="34.71669">
        <ele>395</ele>
        <time>2020-10-13T09:04:08.084Z</time>
      </trkpt>
      <trkpt lat="30.908140000000003" lon="34.71714">
        <ele>395</ele>
        <time>2020-10-13T09:04:09.084Z</time>
      </trkpt>
      <trkpt lat="30.908170000000002" lon="34.71734">
        <ele>395</ele>
        <time>2020-10-13T09:04:10.084Z</time>
      </trkpt>
      <trkpt lat="30.90818" lon="34.717740000000006">
        <ele>398</ele>
        <time>2020-10-13T09:04:11.084Z</time>
      </trkpt>
      <trkpt lat="30.90818" lon="34.71783">
        <ele>398</ele>
        <time>2020-10-13T09:04:12.084Z</time>
      </trkpt>
      <trkpt lat="30.908120000000004" lon="34.71808">
        <ele>398</ele>
        <time>2020-10-13T09:04:13.084Z</time>
      </trkpt>
      <trkpt lat="30.9081" lon="34.71829">
        <ele>398</ele>
        <time>2020-10-13T09:04:14.084Z</time>
      </trkpt>
      <trkpt lat="30.9081" lon="34.71941">
        <ele>398</ele>
        <time>2020-10-13T09:04:15.084Z</time>
      </trkpt>
      <trkpt lat="30.908070000000002" lon="34.7197">
        <ele>398</ele>
        <time>2020-10-13T09:04:16.084Z</time>
      </trkpt>
      <trkpt lat="30.908050000000003" lon="34.720240000000004">
        <ele>399</ele>
        <time>2020-10-13T09:04:17.084Z</time>
      </trkpt>
      <trkpt lat="30.908030000000004" lon="34.720330000000004">
        <ele>399</ele>
        <time>2020-10-13T09:04:18.084Z</time>
      </trkpt>
      <trkpt lat="30.907980000000002" lon="34.72046">
        <ele>399</ele>
        <time>2020-10-13T09:04:19.084Z</time>
      </trkpt>
      <trkpt lat="30.907650000000004" lon="34.720940000000006">
        <ele>399</ele>
        <time>2020-10-13T09:04:20.084Z</time>
      </trkpt>
      <trkpt lat="30.907590000000003" lon="34.72108">
        <ele>398</ele>
        <time>2020-10-13T09:04:21.084Z</time>
      </trkpt>
      <trkpt lat="30.907580000000003" lon="34.72169">
        <ele>398</ele>
        <time>2020-10-13T09:04:22.084Z</time>
      </trkpt>
      <trkpt lat="30.90744" lon="34.72242">
        <ele>407</ele>
        <time>2020-10-13T09:04:23.084Z</time>
      </trkpt>
      <trkpt lat="30.90743" lon="34.72285">
        <ele>406</ele>
        <time>2020-10-13T09:04:24.084Z</time>
      </trkpt>
      <trkpt lat="30.90733" lon="34.72355">
        <ele>406</ele>
        <time>2020-10-13T09:04:25.084Z</time>
      </trkpt>
      <trkpt lat="30.907310000000003" lon="34.724050000000005">
        <ele>402</ele>
        <time>2020-10-13T09:04:26.084Z</time>
      </trkpt>
      <trkpt lat="30.907180000000004" lon="34.724650000000004">
        <ele>399</ele>
        <time>2020-10-13T09:04:27.084Z</time>
      </trkpt>
      <trkpt lat="30.907110000000003" lon="34.724920000000004">
        <ele>399</ele>
        <time>2020-10-13T09:04:28.084Z</time>
      </trkpt>
      <trkpt lat="30.907020000000003" lon="34.725170000000006">
        <ele>399</ele>
        <time>2020-10-13T09:04:29.084Z</time>
      </trkpt>
      <trkpt lat="30.906760000000002" lon="34.72569">
        <ele>400</ele>
        <time>2020-10-13T09:04:30.084Z</time>
      </trkpt>
      <trkpt lat="30.90658" lon="34.726000000000006">
        <ele>404</ele>
        <time>2020-10-13T09:04:31.084Z</time>
      </trkpt>
      <trkpt lat="30.906420000000004" lon="34.726240000000004">
        <ele>400</ele>
        <time>2020-10-13T09:04:32.084Z</time>
      </trkpt>
      <trkpt lat="30.906160000000003" lon="34.726580000000006">
        <ele>400</ele>
        <time>2020-10-13T09:04:33.084Z</time>
      </trkpt>
      <trkpt lat="30.905990000000003" lon="34.72674">
        <ele>400</ele>
        <time>2020-10-13T09:04:34.084Z</time>
      </trkpt>
      <trkpt lat="30.905710000000003" lon="34.72708">
        <ele>403</ele>
        <time>2020-10-13T09:04:35.084Z</time>
      </trkpt>
      <trkpt lat="30.905620000000003" lon="34.727160000000005">
        <ele>403</ele>
        <time>2020-10-13T09:04:36.084Z</time>
      </trkpt>
      <trkpt lat="30.905490000000004" lon="34.72722">
        <ele>403</ele>
        <time>2020-10-13T09:04:37.084Z</time>
      </trkpt>
      <trkpt lat="30.90527" lon="34.727250000000005">
        <ele>403</ele>
        <time>2020-10-13T09:04:38.084Z</time>
      </trkpt>
      <trkpt lat="30.90509" lon="34.7273">
        <ele>403</ele>
        <time>2020-10-13T09:04:39.084Z</time>
      </trkpt>
      <trkpt lat="30.904960000000003" lon="34.727380000000004">
        <ele>406</ele>
        <time>2020-10-13T09:04:40.084Z</time>
      </trkpt>
      <trkpt lat="30.904370000000004" lon="34.72786">
        <ele>402</ele>
        <time>2020-10-13T09:04:41.084Z</time>
      </trkpt>
      <trkpt lat="30.90369" lon="34.7282">
        <ele>400</ele>
        <time>2020-10-13T09:04:42.084Z</time>
      </trkpt>
      <trkpt lat="30.903340000000004" lon="34.72834">
        <ele>402</ele>
        <time>2020-10-13T09:04:43.084Z</time>
      </trkpt>
      <trkpt lat="30.903090000000002" lon="34.728390000000005">
        <ele>402</ele>
        <time>2020-10-13T09:04:44.084Z</time>
      </trkpt>
      <trkpt lat="30.903090000000002" lon="34.728390000000005">
        <ele>0</ele>
        <time>2020-10-13T09:04:45.084Z</time>
      </trkpt>
      <trkpt lat="30.903090000000002" lon="34.728390000000005">
        <ele>0</ele>
        <time>2020-10-13T09:04:46.084Z</time>
      </trkpt>
      <trkpt lat="30.903090000000002" lon="34.728390000000005">
        <ele>402</ele>
        <time>2020-10-13T09:04:47.084Z</time>
      </trkpt>
      <trkpt lat="30.902810000000002" lon="34.728370000000005">
        <ele>402</ele>
        <time>2020-10-13T09:04:48.084Z</time>
      </trkpt>
      <trkpt lat="30.90264" lon="34.72843">
        <ele>402</ele>
        <time>2020-10-13T09:04:49.084Z</time>
      </trkpt>
      <trkpt lat="30.902310000000003" lon="34.72861">
        <ele>404</ele>
        <time>2020-10-13T09:04:50.084Z</time>
      </trkpt>
      <trkpt lat="30.901960000000003" lon="34.72889">
        <ele>404</ele>
        <time>2020-10-13T09:04:51.084Z</time>
      </trkpt>
      <trkpt lat="30.901850000000003" lon="34.728910000000006">
        <ele>404</ele>
        <time>2020-10-13T09:04:52.084Z</time>
      </trkpt>
      <trkpt lat="30.901740000000004" lon="34.72892">
        <ele>404</ele>
        <time>2020-10-13T09:04:53.084Z</time>
      </trkpt>
      <trkpt lat="30.901650000000004" lon="34.728950000000005">
        <ele>404</ele>
        <time>2020-10-13T09:04:54.084Z</time>
      </trkpt>
      <trkpt lat="30.901590000000002" lon="34.72899">
        <ele>404</ele>
        <time>2020-10-13T09:04:55.084Z</time>
      </trkpt>
      <trkpt lat="30.90153" lon="34.72908">
        <ele>404</ele>
        <time>2020-10-13T09:04:56.084Z</time>
      </trkpt>
      <trkpt lat="30.901500000000002" lon="34.72921">
        <ele>404</ele>
        <time>2020-10-13T09:04:57.084Z</time>
      </trkpt>
      <trkpt lat="30.90152" lon="34.7293">
        <ele>404</ele>
        <time>2020-10-13T09:04:58.084Z</time>
      </trkpt>
      <trkpt lat="30.9017" lon="34.72968">
        <ele>406</ele>
        <time>2020-10-13T09:04:59.084Z</time>
      </trkpt>
      <trkpt lat="30.901830000000004" lon="34.7299">
        <ele>403</ele>
        <time>2020-10-13T09:05:00.084Z</time>
      </trkpt>
      <trkpt lat="30.902020000000004" lon="34.730320000000006">
        <ele>405</ele>
        <time>2020-10-13T09:05:01.084Z</time>
      </trkpt>
      <trkpt lat="30.902220000000003" lon="34.731230000000004">
        <ele>408</ele>
        <time>2020-10-13T09:05:02.084Z</time>
      </trkpt>
      <trkpt lat="30.902240000000003" lon="34.73142">
        <ele>408</ele>
        <time>2020-10-13T09:05:03.084Z</time>
      </trkpt>
      <trkpt lat="30.902230000000003" lon="34.731680000000004">
        <ele>408</ele>
        <time>2020-10-13T09:05:04.084Z</time>
      </trkpt>
      <trkpt lat="30.902210000000004" lon="34.73181">
        <ele>408</ele>
        <time>2020-10-13T09:05:05.084Z</time>
      </trkpt>
      <trkpt lat="30.902150000000002" lon="34.731950000000005">
        <ele>406</ele>
        <time>2020-10-13T09:05:06.084Z</time>
      </trkpt>
      <trkpt lat="30.902060000000002" lon="34.7321">
        <ele>406</ele>
        <time>2020-10-13T09:05:07.084Z</time>
      </trkpt>
      <trkpt lat="30.901870000000002" lon="34.732330000000005">
        <ele>406</ele>
        <time>2020-10-13T09:05:08.084Z</time>
      </trkpt>
      <trkpt lat="30.90143" lon="34.73277">
        <ele>409</ele>
        <time>2020-10-13T09:05:09.084Z</time>
      </trkpt>
      <trkpt lat="30.901080000000004" lon="34.73304">
        <ele>409</ele>
        <time>2020-10-13T09:05:10.084Z</time>
      </trkpt>
      <trkpt lat="30.900890000000004" lon="34.733140000000006">
        <ele>412</ele>
        <time>2020-10-13T09:05:11.084Z</time>
      </trkpt>
      <trkpt lat="30.900630000000003" lon="34.733230000000006">
        <ele>412</ele>
        <time>2020-10-13T09:05:12.084Z</time>
      </trkpt>
      <trkpt lat="30.900340000000003" lon="34.733290000000004">
        <ele>412</ele>
        <time>2020-10-13T09:05:13.084Z</time>
      </trkpt>
      <trkpt lat="30.90012" lon="34.733250000000005">
        <ele>412</ele>
        <time>2020-10-13T09:05:14.084Z</time>
      </trkpt>
      <trkpt lat="30.899910000000002" lon="34.733250000000005">
        <ele>414</ele>
        <time>2020-10-13T09:05:15.084Z</time>
      </trkpt>
      <trkpt lat="30.899710000000002" lon="34.733200000000004">
        <ele>414</ele>
        <time>2020-10-13T09:05:16.084Z</time>
      </trkpt>
      <trkpt lat="30.899490000000004" lon="34.73321">
        <ele>414</ele>
        <time>2020-10-13T09:05:17.084Z</time>
      </trkpt>
      <trkpt lat="30.89909" lon="34.733160000000005">
        <ele>415</ele>
        <time>2020-10-13T09:05:18.084Z</time>
      </trkpt>
      <trkpt lat="30.898750000000003" lon="34.733070000000005">
        <ele>415</ele>
        <time>2020-10-13T09:05:19.084Z</time>
      </trkpt>
      <trkpt lat="30.897850000000002" lon="34.732960000000006">
        <ele>415</ele>
        <time>2020-10-13T09:05:20.084Z</time>
      </trkpt>
      <trkpt lat="30.897630000000003" lon="34.733000000000004">
        <ele>415</ele>
        <time>2020-10-13T09:05:21.084Z</time>
      </trkpt>
      <trkpt lat="30.897420000000004" lon="34.733090000000004">
        <ele>417</ele>
        <time>2020-10-13T09:05:22.084Z</time>
      </trkpt>
      <trkpt lat="30.89731" lon="34.733160000000005">
        <ele>417</ele>
        <time>2020-10-13T09:05:23.084Z</time>
      </trkpt>
      <trkpt lat="30.897190000000002" lon="34.73331">
        <ele>417</ele>
        <time>2020-10-13T09:05:24.084Z</time>
      </trkpt>
      <trkpt lat="30.897130000000004" lon="34.733450000000005">
        <ele>415</ele>
        <time>2020-10-13T09:05:25.084Z</time>
      </trkpt>
      <trkpt lat="30.897130000000004" lon="34.733450000000005">
        <ele>0</ele>
        <time>2020-10-13T09:05:26.084Z</time>
      </trkpt>
      <trkpt lat="30.897130000000004" lon="34.733450000000005">
        <ele>0</ele>
        <time>2020-10-13T09:05:27.084Z</time>
      </trkpt>
      <trkpt lat="30.897130000000004" lon="34.733450000000005">
        <ele>415</ele>
        <time>2020-10-13T09:05:28.084Z</time>
      </trkpt>
      <trkpt lat="30.896980000000003" lon="34.73377">
        <ele>413</ele>
        <time>2020-10-13T09:05:29.084Z</time>
      </trkpt>
      <trkpt lat="30.896870000000003" lon="34.734140000000004">
        <ele>413</ele>
        <time>2020-10-13T09:05:30.084Z</time>
      </trkpt>
      <trkpt lat="30.896630000000002" lon="34.734730000000006">
        <ele>417</ele>
        <time>2020-10-13T09:05:31.084Z</time>
      </trkpt>
      <trkpt lat="30.896590000000003" lon="34.73496">
        <ele>417</ele>
        <time>2020-10-13T09:05:32.084Z</time>
      </trkpt>
      <trkpt lat="30.896580000000004" lon="34.73505">
        <ele>417</ele>
        <time>2020-10-13T09:05:33.084Z</time>
      </trkpt>
      <trkpt lat="30.896720000000002" lon="34.73581">
        <ele>415</ele>
        <time>2020-10-13T09:05:34.084Z</time>
      </trkpt>
      <trkpt lat="30.89684" lon="34.736140000000006">
        <ele>419</ele>
        <time>2020-10-13T09:05:35.084Z</time>
      </trkpt>
      <trkpt lat="30.896990000000002" lon="34.736430000000006">
        <ele>419</ele>
        <time>2020-10-13T09:05:36.084Z</time>
      </trkpt>
      <trkpt lat="30.897170000000003" lon="34.736990000000006">
        <ele>417</ele>
        <time>2020-10-13T09:05:37.084Z</time>
      </trkpt>
      <trkpt lat="30.897250000000003" lon="34.737190000000005">
        <ele>417</ele>
        <time>2020-10-13T09:05:38.084Z</time>
      </trkpt>
      <trkpt lat="30.897380000000002" lon="34.73772">
        <ele>413</ele>
        <time>2020-10-13T09:05:39.084Z</time>
      </trkpt>
      <trkpt lat="30.897410000000004" lon="34.7378">
        <ele>413</ele>
        <time>2020-10-13T09:05:40.084Z</time>
      </trkpt>
      <trkpt lat="30.897900000000003" lon="34.73845">
        <ele>418</ele>
        <time>2020-10-13T09:05:41.084Z</time>
      </trkpt>
      <trkpt lat="30.898370000000003" lon="34.73941">
        <ele>422</ele>
        <time>2020-10-13T09:05:42.084Z</time>
      </trkpt>
      <trkpt lat="30.898640000000004" lon="34.739900000000006">
        <ele>417</ele>
        <time>2020-10-13T09:05:43.084Z</time>
      </trkpt>
      <trkpt lat="30.89879" lon="34.74013">
        <ele>417</ele>
        <time>2020-10-13T09:05:44.084Z</time>
      </trkpt>
      <trkpt lat="30.899430000000002" lon="34.74098">
        <ele>418</ele>
        <time>2020-10-13T09:05:45.084Z</time>
      </trkpt>
      <trkpt lat="30.89955" lon="34.74116">
        <ele>418.5</ele>
        <time>2020-10-13T09:05:46.084Z</time>
      </trkpt>
      <trkpt lat="30.89955" lon="34.74116">
        <ele>0</ele>
        <time>2020-10-13T09:05:47.084Z</time>
      </trkpt>
      <trkpt lat="30.89955" lon="34.74116">
        <ele>0</ele>
        <time>2020-10-13T09:05:48.084Z</time>
      </trkpt>
      <trkpt lat="30.89955" lon="34.74116">
        <ele>418.5</ele>
        <time>2020-10-13T09:05:49.084Z</time>
      </trkpt>
      <trkpt lat="30.89983" lon="34.741600000000005">
        <ele>419</ele>
        <time>2020-10-13T09:05:50.084Z</time>
      </trkpt>
      <trkpt lat="30.900270000000003" lon="34.742180000000005">
        <ele>423</ele>
        <time>2020-10-13T09:05:51.084Z</time>
      </trkpt>
      <trkpt lat="30.900540000000003" lon="34.742450000000005">
        <ele>423</ele>
        <time>2020-10-13T09:05:52.084Z</time>
      </trkpt>
      <trkpt lat="30.90106" lon="34.743050000000004">
        <ele>424</ele>
        <time>2020-10-13T09:05:53.084Z</time>
      </trkpt>
      <trkpt lat="30.90143" lon="34.74333">
        <ele>424</ele>
        <time>2020-10-13T09:05:54.084Z</time>
      </trkpt>
      <trkpt lat="30.901550000000004" lon="34.743460000000006">
        <ele>424</ele>
        <time>2020-10-13T09:05:55.084Z</time>
      </trkpt>
      <trkpt lat="30.901930000000004" lon="34.743990000000004">
        <ele>422</ele>
        <time>2020-10-13T09:05:56.084Z</time>
      </trkpt>
      <trkpt lat="30.90218" lon="34.744550000000004">
        <ele>421</ele>
        <time>2020-10-13T09:05:57.084Z</time>
      </trkpt>
      <trkpt lat="30.90237" lon="34.74488">
        <ele>421</ele>
        <time>2020-10-13T09:05:58.084Z</time>
      </trkpt>
      <trkpt lat="30.90247" lon="34.745070000000005">
        <ele>421</ele>
        <time>2020-10-13T09:05:59.084Z</time>
      </trkpt>
      <trkpt lat="30.902670000000004" lon="34.74559">
        <ele>428</ele>
        <time>2020-10-13T09:06:00.084Z</time>
      </trkpt>
      <trkpt lat="30.90275" lon="34.745900000000006">
        <ele>428</ele>
        <time>2020-10-13T09:06:01.084Z</time>
      </trkpt>
      <trkpt lat="30.90283" lon="34.746370000000006">
        <ele>427</ele>
        <time>2020-10-13T09:06:02.084Z</time>
      </trkpt>
      <trkpt lat="30.902860000000004" lon="34.746700000000004">
        <ele>427</ele>
        <time>2020-10-13T09:06:03.084Z</time>
      </trkpt>
      <trkpt lat="30.902860000000004" lon="34.74714">
        <ele>425</ele>
        <time>2020-10-13T09:06:04.084Z</time>
      </trkpt>
      <trkpt lat="30.90284" lon="34.747330000000005">
        <ele>425</ele>
        <time>2020-10-13T09:06:05.084Z</time>
      </trkpt>
      <trkpt lat="30.902810000000002" lon="34.747460000000004">
        <ele>425</ele>
        <time>2020-10-13T09:06:06.084Z</time>
      </trkpt>
      <trkpt lat="30.902690000000003" lon="34.74772">
        <ele>424</ele>
        <time>2020-10-13T09:06:07.084Z</time>
      </trkpt>
      <trkpt lat="30.902610000000003" lon="34.747820000000004">
        <ele>424</ele>
        <time>2020-10-13T09:06:08.084Z</time>
      </trkpt>
      <trkpt lat="30.90227" lon="34.748090000000005">
        <ele>424</ele>
        <time>2020-10-13T09:06:09.084Z</time>
      </trkpt>
      <trkpt lat="30.902120000000004" lon="34.748250000000006">
        <ele>424</ele>
        <time>2020-10-13T09:06:10.084Z</time>
      </trkpt>
      <trkpt lat="30.902050000000003" lon="34.74835">
        <ele>424</ele>
        <time>2020-10-13T09:06:11.084Z</time>
      </trkpt>
      <trkpt lat="30.901590000000002" lon="34.7492">
        <ele>424</ele>
        <time>2020-10-13T09:06:12.084Z</time>
      </trkpt>
      <trkpt lat="30.901410000000002" lon="34.749480000000005">
        <ele>425</ele>
        <time>2020-10-13T09:06:13.084Z</time>
      </trkpt>
      <trkpt lat="30.901360000000004" lon="34.74954">
        <ele>425</ele>
        <time>2020-10-13T09:06:14.084Z</time>
      </trkpt>
      <trkpt lat="30.901260000000004" lon="34.7496">
        <ele>425</ele>
        <time>2020-10-13T09:06:15.084Z</time>
      </trkpt>
      <trkpt lat="30.901130000000002" lon="34.74964">
        <ele>425</ele>
        <time>2020-10-13T09:06:16.084Z</time>
      </trkpt>
      <trkpt lat="30.900320000000004" lon="34.74972">
        <ele>426</ele>
        <time>2020-10-13T09:06:17.084Z</time>
      </trkpt>
      <trkpt lat="30.900090000000002" lon="34.749860000000005">
        <ele>426</ele>
        <time>2020-10-13T09:06:18.084Z</time>
      </trkpt>
      <trkpt lat="30.89983" lon="34.7501">
        <ele>426</ele>
        <time>2020-10-13T09:06:19.084Z</time>
      </trkpt>
      <trkpt lat="30.899340000000002" lon="34.75029">
        <ele>430</ele>
        <time>2020-10-13T09:06:20.084Z</time>
      </trkpt>
      <trkpt lat="30.89917" lon="34.75036">
        <ele>431</ele>
        <time>2020-10-13T09:06:21.084Z</time>
      </trkpt>
      <trkpt lat="30.899010000000004" lon="34.750400000000006">
        <ele>431</ele>
        <time>2020-10-13T09:06:22.084Z</time>
      </trkpt>
      <trkpt lat="30.898820000000004" lon="34.750400000000006">
        <ele>431</ele>
        <time>2020-10-13T09:06:23.084Z</time>
      </trkpt>
      <trkpt lat="30.898460000000004" lon="34.75065">
        <ele>431</ele>
        <time>2020-10-13T09:06:24.084Z</time>
      </trkpt>
      <trkpt lat="30.898380000000003" lon="34.750730000000004">
        <ele>431</ele>
        <time>2020-10-13T09:06:25.084Z</time>
      </trkpt>
      <trkpt lat="30.898260000000004" lon="34.750890000000005">
        <ele>431</ele>
        <time>2020-10-13T09:06:26.084Z</time>
      </trkpt>
      <trkpt lat="30.898170000000004" lon="34.75097">
        <ele>431</ele>
        <time>2020-10-13T09:06:27.084Z</time>
      </trkpt>
      <trkpt lat="30.89786" lon="34.751090000000005">
        <ele>433</ele>
        <time>2020-10-13T09:06:28.084Z</time>
      </trkpt>
      <trkpt lat="30.897730000000003" lon="34.751180000000005">
        <ele>433</ele>
        <time>2020-10-13T09:06:29.084Z</time>
      </trkpt>
      <trkpt lat="30.897650000000002" lon="34.75133">
        <ele>433</ele>
        <time>2020-10-13T09:06:30.084Z</time>
      </trkpt>
      <trkpt lat="30.897630000000003" lon="34.75152">
        <ele>433</ele>
        <time>2020-10-13T09:06:31.084Z</time>
      </trkpt>
      <trkpt lat="30.897560000000002" lon="34.7516">
        <ele>429</ele>
        <time>2020-10-13T09:06:32.084Z</time>
      </trkpt>
      <trkpt lat="30.897470000000002" lon="34.75166">
        <ele>429</ele>
        <time>2020-10-13T09:06:33.084Z</time>
      </trkpt>
      <trkpt lat="30.897280000000002" lon="34.75191">
        <ele>433</ele>
        <time>2020-10-13T09:06:34.084Z</time>
      </trkpt>
      <trkpt lat="30.897100000000002" lon="34.75204">
        <ele>433</ele>
        <time>2020-10-13T09:06:35.084Z</time>
      </trkpt>
      <trkpt lat="30.89683" lon="34.7522">
        <ele>433</ele>
        <time>2020-10-13T09:06:36.084Z</time>
      </trkpt>
      <trkpt lat="30.89675" lon="34.752230000000004">
        <ele>433</ele>
        <time>2020-10-13T09:06:37.084Z</time>
      </trkpt>
      <trkpt lat="30.896330000000003" lon="34.75224">
        <ele>433</ele>
        <time>2020-10-13T09:06:38.084Z</time>
      </trkpt>
      <trkpt lat="30.89626" lon="34.7522">
        <ele>433</ele>
        <time>2020-10-13T09:06:39.084Z</time>
      </trkpt>
      <trkpt lat="30.89598" lon="34.752140000000004">
        <ele>433</ele>
        <time>2020-10-13T09:06:40.084Z</time>
      </trkpt>
      <trkpt lat="30.896" lon="34.752120000000005">
        <ele>433</ele>
        <time>2020-10-13T09:06:41.084Z</time>
      </trkpt>
      <trkpt lat="30.896" lon="34.752120000000005">
        <ele>0</ele>
        <time>2020-10-13T09:06:42.084Z</time>
      </trkpt>
      <trkpt lat="30.896" lon="34.752120000000005">
        <ele>0</ele>
        <time>2020-10-13T09:06:43.084Z</time>
      </trkpt>
      <trkpt lat="30.896" lon="34.752120000000005">
        <ele>433</ele>
        <time>2020-10-13T09:06:44.084Z</time>
      </trkpt>
      <trkpt lat="30.89598" lon="34.752140000000004">
        <ele>433</ele>
        <time>2020-10-13T09:06:45.084Z</time>
      </trkpt>
      <trkpt lat="30.895770000000002" lon="34.75213">
        <ele>429</ele>
        <time>2020-10-13T09:06:46.084Z</time>
      </trkpt>
      <trkpt lat="30.895670000000003" lon="34.75215">
        <ele>429</ele>
        <time>2020-10-13T09:06:47.084Z</time>
      </trkpt>
      <trkpt lat="30.895480000000003" lon="34.75229">
        <ele>429</ele>
        <time>2020-10-13T09:06:48.084Z</time>
      </trkpt>
      <trkpt lat="30.895180000000003" lon="34.75254">
        <ele>429</ele>
        <time>2020-10-13T09:06:49.084Z</time>
      </trkpt>
      <trkpt lat="30.894910000000003" lon="34.752700000000004">
        <ele>431</ele>
        <time>2020-10-13T09:06:50.084Z</time>
      </trkpt>
      <trkpt lat="30.894000000000002" lon="34.75311">
        <ele>432</ele>
        <time>2020-10-13T09:06:51.084Z</time>
      </trkpt>
      <trkpt lat="30.893580000000004" lon="34.75325">
        <ele>432</ele>
        <time>2020-10-13T09:06:52.084Z</time>
      </trkpt>
      <trkpt lat="30.892950000000003" lon="34.753530000000005">
        <ele>434</ele>
        <time>2020-10-13T09:06:53.084Z</time>
      </trkpt>
      <trkpt lat="30.891510000000004" lon="34.75385">
        <ele>434</ele>
        <time>2020-10-13T09:06:54.084Z</time>
      </trkpt>
      <trkpt lat="30.89054" lon="34.75386">
        <ele>438</ele>
        <time>2020-10-13T09:06:55.084Z</time>
      </trkpt>
      <trkpt lat="30.89018" lon="34.75381">
        <ele>438</ele>
        <time>2020-10-13T09:06:56.084Z</time>
      </trkpt>
      <trkpt lat="30.889680000000002" lon="34.753800000000005">
        <ele>441</ele>
        <time>2020-10-13T09:06:57.084Z</time>
      </trkpt>
      <trkpt lat="30.88924" lon="34.7537">
        <ele>439</ele>
        <time>2020-10-13T09:06:58.084Z</time>
      </trkpt>
      <trkpt lat="30.889090000000003" lon="34.753640000000004">
        <ele>439</ele>
        <time>2020-10-13T09:06:59.084Z</time>
      </trkpt>
      <trkpt lat="30.888720000000003" lon="34.75345">
        <ele>439</ele>
        <time>2020-10-13T09:07:00.084Z</time>
      </trkpt>
      <trkpt lat="30.888220000000004" lon="34.75311">
        <ele>440</ele>
        <time>2020-10-13T09:07:01.084Z</time>
      </trkpt>
      <trkpt lat="30.887410000000003" lon="34.7528">
        <ele>443</ele>
        <time>2020-10-13T09:07:02.084Z</time>
      </trkpt>
      <trkpt lat="30.886820000000004" lon="34.75265">
        <ele>444</ele>
        <time>2020-10-13T09:07:03.084Z</time>
      </trkpt>
      <trkpt lat="30.886280000000003" lon="34.752460000000006">
        <ele>443</ele>
        <time>2020-10-13T09:07:04.084Z</time>
      </trkpt>
      <trkpt lat="30.886280000000003" lon="34.752460000000006">
        <ele>0</ele>
        <time>2020-10-13T09:07:05.084Z</time>
      </trkpt>
      <trkpt lat="30.886280000000003" lon="34.752460000000006">
        <ele>0</ele>
        <time>2020-10-13T09:07:06.084Z</time>
      </trkpt>
      <trkpt lat="30.886280000000003" lon="34.752460000000006">
        <ele>443</ele>
        <time>2020-10-13T09:07:07.084Z</time>
      </trkpt>
      <trkpt lat="30.884700000000002" lon="34.751920000000005">
        <ele>442</ele>
        <time>2020-10-13T09:07:08.084Z</time>
      </trkpt>
      <trkpt lat="30.883930000000003" lon="34.751560000000005">
        <ele>444</ele>
        <time>2020-10-13T09:07:09.084Z</time>
      </trkpt>
      <trkpt lat="30.883470000000003" lon="34.751380000000005">
        <ele>444</ele>
        <time>2020-10-13T09:07:10.084Z</time>
      </trkpt>
      <trkpt lat="30.88285" lon="34.75133">
        <ele>441</ele>
        <time>2020-10-13T09:07:11.084Z</time>
      </trkpt>
      <trkpt lat="30.88218" lon="34.751110000000004">
        <ele>446</ele>
        <time>2020-10-13T09:07:12.084Z</time>
      </trkpt>
      <trkpt lat="30.881850000000004" lon="34.750980000000006">
        <ele>450</ele>
        <time>2020-10-13T09:07:13.084Z</time>
      </trkpt>
      <trkpt lat="30.881010000000003" lon="34.75056">
        <ele>448</ele>
        <time>2020-10-13T09:07:14.084Z</time>
      </trkpt>
      <trkpt lat="30.880000000000003" lon="34.74991">
        <ele>446</ele>
        <time>2020-10-13T09:07:15.084Z</time>
      </trkpt>
      <trkpt lat="30.878510000000002" lon="34.74915">
        <ele>449</ele>
        <time>2020-10-13T09:07:16.084Z</time>
      </trkpt>
      <trkpt lat="30.878210000000003" lon="34.74893">
        <ele>451</ele>
        <time>2020-10-13T09:07:17.084Z</time>
      </trkpt>
      <trkpt lat="30.87768" lon="34.74851">
        <ele>452</ele>
        <time>2020-10-13T09:07:18.084Z</time>
      </trkpt>
      <trkpt lat="30.877290000000002" lon="34.748290000000004">
        <ele>451</ele>
        <time>2020-10-13T09:07:19.084Z</time>
      </trkpt>
      <trkpt lat="30.874710000000004" lon="34.74672">
        <ele>453.5</ele>
        <time>2020-10-13T09:07:20.084Z</time>
      </trkpt>
      <trkpt lat="30.874710000000004" lon="34.74672">
        <ele>0</ele>
        <time>2020-10-13T09:07:21.084Z</time>
      </trkpt>
      <trkpt lat="30.874710000000004" lon="34.74672">
        <ele>0</ele>
        <time>2020-10-13T09:07:22.084Z</time>
      </trkpt>
      <trkpt lat="30.874710000000004" lon="34.74672">
        <ele>453.5</ele>
        <time>2020-10-13T09:07:23.084Z</time>
      </trkpt>
      <trkpt lat="30.8729" lon="34.745610000000006">
        <ele>456</ele>
        <time>2020-10-13T09:07:24.084Z</time>
      </trkpt>
      <trkpt lat="30.871440000000003" lon="34.74532">
        <ele>456</ele>
        <time>2020-10-13T09:07:25.084Z</time>
      </trkpt>
      <trkpt lat="30.871170000000003" lon="34.74517">
        <ele>455</ele>
        <time>2020-10-13T09:07:26.084Z</time>
      </trkpt>
      <trkpt lat="30.871050000000004" lon="34.745140000000006">
        <ele>455</ele>
        <time>2020-10-13T09:07:27.084Z</time>
      </trkpt>
      <trkpt lat="30.870980000000003" lon="34.745090000000005">
        <ele>455</ele>
        <time>2020-10-13T09:07:28.084Z</time>
      </trkpt>
      <trkpt lat="30.870880000000003" lon="34.74497">
        <ele>457</ele>
        <time>2020-10-13T09:07:29.084Z</time>
      </trkpt>
      <trkpt lat="30.87056" lon="34.744730000000004">
        <ele>457</ele>
        <time>2020-10-13T09:07:30.084Z</time>
      </trkpt>
      <trkpt lat="30.870200000000004" lon="34.74441">
        <ele>457</ele>
        <time>2020-10-13T09:07:31.084Z</time>
      </trkpt>
      <trkpt lat="30.869970000000002" lon="34.74405">
        <ele>461</ele>
        <time>2020-10-13T09:07:32.084Z</time>
      </trkpt>
      <trkpt lat="30.869780000000002" lon="34.74381">
        <ele>461</ele>
        <time>2020-10-13T09:07:33.084Z</time>
      </trkpt>
      <trkpt lat="30.869670000000003" lon="34.743590000000005">
        <ele>461</ele>
        <time>2020-10-13T09:07:34.084Z</time>
      </trkpt>
      <trkpt lat="30.869580000000003" lon="34.74334">
        <ele>462</ele>
        <time>2020-10-13T09:07:35.084Z</time>
      </trkpt>
      <trkpt lat="30.869550000000004" lon="34.74322">
        <ele>462</ele>
        <time>2020-10-13T09:07:36.084Z</time>
      </trkpt>
      <trkpt lat="30.869480000000003" lon="34.74306">
        <ele>462</ele>
        <time>2020-10-13T09:07:37.084Z</time>
      </trkpt>
      <trkpt lat="30.869410000000002" lon="34.743">
        <ele>462</ele>
        <time>2020-10-13T09:07:38.084Z</time>
      </trkpt>
      <trkpt lat="30.86895" lon="34.74242">
        <ele>464</ele>
        <time>2020-10-13T09:07:39.084Z</time>
      </trkpt>
      <trkpt lat="30.868840000000002" lon="34.742340000000006">
        <ele>464</ele>
        <time>2020-10-13T09:07:40.084Z</time>
      </trkpt>
      <trkpt lat="30.867980000000003" lon="34.74192">
        <ele>465.5</ele>
        <time>2020-10-13T09:07:41.084Z</time>
      </trkpt>
      <trkpt lat="30.867980000000003" lon="34.74192">
        <ele>0</ele>
        <time>2020-10-13T09:07:42.084Z</time>
      </trkpt>
      <trkpt lat="30.867980000000003" lon="34.74192">
        <ele>0</ele>
        <time>2020-10-13T09:07:43.084Z</time>
      </trkpt>
      <trkpt lat="30.867973521952496" lon="34.74194526672364">
        <ele>465.5</ele>
        <time>2020-10-13T09:07:44.084Z</time>
      </trkpt>
      <trkpt lat="30.86578129755585" lon="34.74042177200318">
        <ele>470</ele>
        <time>2020-10-13T09:07:45.084Z</time>
      </trkpt>
      <trkpt lat="30.86578129755585" lon="34.74042177200318">
        <ele>0</ele>
        <time>2020-10-13T09:07:46.084Z</time>
      </trkpt>
      <trkpt lat="30.86578129755585" lon="34.74042177200318">
        <ele>0</ele>
        <time>2020-10-13T09:07:47.084Z</time>
      </trkpt>
      <trkpt lat="30.86578129755585" lon="34.74042177200318">
        <ele>470</ele>
        <time>2020-10-13T09:07:48.084Z</time>
      </trkpt>
      <trkpt lat="30.864740423133085" lon="34.73920941352845">
        <ele>474</ele>
        <time>2020-10-13T09:07:49.084Z</time>
      </trkpt>
      <trkpt lat="30.864740423133085" lon="34.73920941352845">
        <ele>0</ele>
        <time>2020-10-13T09:07:50.084Z</time>
      </trkpt>
      <trkpt lat="30.864740423133085" lon="34.73920941352845">
        <ele>0</ele>
        <time>2020-10-13T09:07:51.084Z</time>
      </trkpt>
      <trkpt lat="30.864740423133085" lon="34.73920941352845">
        <ele>474</ele>
        <time>2020-10-13T09:07:52.084Z</time>
      </trkpt>
      <trkpt lat="30.863718298298227" lon="34.738297462463386">
        <ele>471</ele>
        <time>2020-10-13T09:07:53.084Z</time>
      </trkpt>
      <trkpt lat="30.863718298298227" lon="34.738297462463386">
        <ele>0</ele>
        <time>2020-10-13T09:07:54.084Z</time>
      </trkpt>
      <trkpt lat="30.863718298298227" lon="34.738297462463386">
        <ele>0</ele>
        <time>2020-10-13T09:07:55.084Z</time>
      </trkpt>
      <trkpt lat="30.863718298298227" lon="34.738297462463386">
        <ele>471</ele>
        <time>2020-10-13T09:07:56.084Z</time>
      </trkpt>
      <trkpt lat="30.862419673256646" lon="34.738093614578254">
        <ele>474</ele>
        <time>2020-10-13T09:07:57.084Z</time>
      </trkpt>
      <trkpt lat="30.862419673256646" lon="34.738093614578254">
        <ele>0</ele>
        <time>2020-10-13T09:07:58.084Z</time>
      </trkpt>
      <trkpt lat="30.862419673256646" lon="34.738093614578254">
        <ele>0</ele>
        <time>2020-10-13T09:07:59.084Z</time>
      </trkpt>
      <trkpt lat="30.862419673256646" lon="34.738093614578254">
        <ele>474</ele>
        <time>2020-10-13T09:08:00.084Z</time>
      </trkpt>
      <trkpt lat="30.86160095346071" lon="34.73825454711915">
        <ele>472</ele>
        <time>2020-10-13T09:08:01.084Z</time>
      </trkpt>
      <trkpt lat="30.86160095346071" lon="34.73825454711915">
        <ele>0</ele>
        <time>2020-10-13T09:08:02.084Z</time>
      </trkpt>
      <trkpt lat="30.86160095346071" lon="34.73825454711915">
        <ele>0</ele>
        <time>2020-10-13T09:08:03.084Z</time>
      </trkpt>
      <trkpt lat="30.86160095346071" lon="34.73825454711915">
        <ele>472</ele>
        <time>2020-10-13T09:08:04.084Z</time>
      </trkpt>
      <trkpt lat="30.86015467826709" lon="34.738340377807624">
        <ele>473</ele>
        <time>2020-10-13T09:08:05.084Z</time>
      </trkpt>
      <trkpt lat="30.86015467826709" lon="34.738340377807624">
        <ele>0</ele>
        <time>2020-10-13T09:08:06.084Z</time>
      </trkpt>
      <trkpt lat="30.86015467826709" lon="34.738340377807624">
        <ele>0</ele>
        <time>2020-10-13T09:08:07.084Z</time>
      </trkpt>
      <trkpt lat="30.86015467826709" lon="34.738340377807624">
        <ele>473</ele>
        <time>2020-10-13T09:08:08.084Z</time>
      </trkpt>
      <trkpt lat="30.859587632456947" lon="34.738538861274726">
        <ele>473.5</ele>
        <time>2020-10-13T09:08:09.084Z</time>
      </trkpt>
      <trkpt lat="30.859587632456947" lon="34.738538861274726">
        <ele>0</ele>
        <time>2020-10-13T09:08:10.084Z</time>
      </trkpt>
      <trkpt lat="30.859587632456947" lon="34.738538861274726">
        <ele>0</ele>
        <time>2020-10-13T09:08:11.084Z</time>
      </trkpt>
      <trkpt lat="30.859587632456947" lon="34.738538861274726">
        <ele>473.5</ele>
        <time>2020-10-13T09:08:12.084Z</time>
      </trkpt>
      <trkpt lat="30.859058160619288" lon="34.73767518997193">
        <ele>474</ele>
        <time>2020-10-13T09:08:13.084Z</time>
      </trkpt>
      <trkpt lat="30.859058160619288" lon="34.73767518997193">
        <ele>0</ele>
        <time>2020-10-13T09:08:14.084Z</time>
      </trkpt>
      <trkpt lat="30.859058160619288" lon="34.73767518997193">
        <ele>0</ele>
        <time>2020-10-13T09:08:15.084Z</time>
      </trkpt>
      <trkpt lat="30.859058160619288" lon="34.73767518997193">
        <ele>474</ele>
        <time>2020-10-13T09:08:16.084Z</time>
      </trkpt>
      <trkpt lat="30.85908560983814" lon="34.737337231636054">
        <ele>474</ele>
        <time>2020-10-13T09:08:17.084Z</time>
      </trkpt>
      <trkpt lat="30.85908560983814" lon="34.737337231636054">
        <ele>0</ele>
        <time>2020-10-13T09:08:18.084Z</time>
      </trkpt>
      <trkpt lat="30.85908560983814" lon="34.737337231636054">
        <ele>0</ele>
        <time>2020-10-13T09:08:19.084Z</time>
      </trkpt>
      <trkpt lat="30.85908560983814" lon="34.737337231636054">
        <ele>474</ele>
        <time>2020-10-13T09:08:20.084Z</time>
      </trkpt>
      <trkpt lat="30.859007381224853" lon="34.73697245121003">
        <ele>474</ele>
        <time>2020-10-13T09:08:21.084Z</time>
      </trkpt>
      <trkpt lat="30.859007381224853" lon="34.73697245121003">
        <ele>0</ele>
        <time>2020-10-13T09:08:22.084Z</time>
      </trkpt>
      <trkpt lat="30.859007381224853" lon="34.73697245121003">
        <ele>0</ele>
        <time>2020-10-13T09:08:23.084Z</time>
      </trkpt>
      <trkpt lat="30.859007381224853" lon="34.73697245121003">
        <ele>474</ele>
        <time>2020-10-13T09:08:24.084Z</time>
      </trkpt>
      <trkpt lat="30.858689739038464" lon="34.73668813705445">
        <ele>474</ele>
        <time>2020-10-13T09:08:25.084Z</time>
      </trkpt>
      <trkpt lat="30.858689739038464" lon="34.73668813705445">
        <ele>0</ele>
        <time>2020-10-13T09:08:26.084Z</time>
      </trkpt>
      <trkpt lat="30.858689739038464" lon="34.73668813705445">
        <ele>0</ele>
        <time>2020-10-13T09:08:27.084Z</time>
      </trkpt>
      <trkpt lat="30.858689739038464" lon="34.73668813705445">
        <ele>474</ele>
        <time>2020-10-13T09:08:28.084Z</time>
      </trkpt>
      <trkpt lat="30.858160030268134" lon="34.73519682884217">
        <ele>481</ele>
        <time>2020-10-13T09:08:29.084Z</time>
      </trkpt>
      <trkpt lat="30.858160030268134" lon="34.73519682884217">
        <ele>0</ele>
        <time>2020-10-13T09:08:30.084Z</time>
      </trkpt>
      <trkpt lat="30.858160030268134" lon="34.73519682884217">
        <ele>0</ele>
        <time>2020-10-13T09:08:31.084Z</time>
      </trkpt>
      <trkpt lat="30.858160030268134" lon="34.73519682884217">
        <ele>481</ele>
        <time>2020-10-13T09:08:32.084Z</time>
      </trkpt>
      <trkpt lat="30.85828553561953" lon="34.73451018333436">
        <ele>0</ele>
        <time>2020-10-13T09:08:33.084Z</time>
      </trkpt>
      <trkpt lat="30.85828553561953" lon="34.73451018333436">
        <ele>0</ele>
        <time>2020-10-13T09:08:34.084Z</time>
      </trkpt>
      <trkpt lat="30.85828553561953" lon="34.73451018333436">
        <ele>0</ele>
        <time>2020-10-13T09:08:35.084Z</time>
      </trkpt>
      <trkpt lat="30.85828553561953" lon="34.73451018333436">
        <ele>480</ele>
        <time>2020-10-13T09:08:36.084Z</time>
      </trkpt>
      <trkpt lat="30.858505414172118" lon="34.734048843383796">
        <ele>480</ele>
        <time>2020-10-13T09:08:37.084Z</time>
      </trkpt>
      <trkpt lat="30.858505414172118" lon="34.734048843383796">
        <ele>0</ele>
        <time>2020-10-13T09:08:38.084Z</time>
      </trkpt>
      <trkpt lat="30.858505414172118" lon="34.734048843383796">
        <ele>0</ele>
        <time>2020-10-13T09:08:39.084Z</time>
      </trkpt>
      <trkpt lat="30.858505414172118" lon="34.734048843383796">
        <ele>480</ele>
        <time>2020-10-13T09:08:40.084Z</time>
      </trkpt>
      <trkpt lat="30.858731052206068" lon="34.73366796970368">
        <ele>480</ele>
        <time>2020-10-13T09:08:41.084Z</time>
      </trkpt>
      <trkpt lat="30.858731052206068" lon="34.73366796970368">
        <ele>0</ele>
        <time>2020-10-13T09:08:42.084Z</time>
      </trkpt>
      <trkpt lat="30.858731052206068" lon="34.73366796970368">
        <ele>0</ele>
        <time>2020-10-13T09:08:43.084Z</time>
      </trkpt>
      <trkpt lat="30.858731052206068" lon="34.73366796970368">
        <ele>480</ele>
        <time>2020-10-13T09:08:44.084Z</time>
      </trkpt>
      <trkpt lat="30.858873785182833" lon="34.73314762115479">
        <ele>479</ele>
        <time>2020-10-13T09:08:45.084Z</time>
      </trkpt>
      <trkpt lat="30.858873785182833" lon="34.73314762115479">
        <ele>0</ele>
        <time>2020-10-13T09:08:46.084Z</time>
      </trkpt>
      <trkpt lat="30.858873785182833" lon="34.73314762115479">
        <ele>0</ele>
        <time>2020-10-13T09:08:47.084Z</time>
      </trkpt>
      <trkpt lat="30.858873785182833" lon="34.73314762115479">
        <ele>479</ele>
        <time>2020-10-13T09:08:48.084Z</time>
      </trkpt>
      <trkpt lat="30.858800193139185" lon="34.73271846771241">
        <ele>481.5</ele>
        <time>2020-10-13T09:08:49.084Z</time>
      </trkpt>
      <trkpt lat="30.858800193139185" lon="34.73271846771241">
        <ele>0</ele>
        <time>2020-10-13T09:08:50.084Z</time>
      </trkpt>
      <trkpt lat="30.858800193139185" lon="34.73271846771241">
        <ele>0</ele>
        <time>2020-10-13T09:08:51.084Z</time>
      </trkpt>
      <trkpt lat="30.858800193139185" lon="34.73271846771241">
        <ele>481.5</ele>
        <time>2020-10-13T09:08:52.084Z</time>
      </trkpt>
      <trkpt lat="30.85865298446414" lon="34.732568264007575">
        <ele>481.5</ele>
        <time>2020-10-13T09:08:53.084Z</time>
      </trkpt>
      <trkpt lat="30.85865298446414" lon="34.732568264007575">
        <ele>0</ele>
        <time>2020-10-13T09:08:54.084Z</time>
      </trkpt>
      <trkpt lat="30.85865298446414" lon="34.732568264007575">
        <ele>0</ele>
        <time>2020-10-13T09:08:55.084Z</time>
      </trkpt>
      <trkpt lat="30.85865298446414" lon="34.732568264007575">
        <ele>481.5</ele>
        <time>2020-10-13T09:08:56.084Z</time>
      </trkpt>
      <trkpt lat="30.85788059305895" lon="34.73213911056519">
        <ele>0</ele>
        <time>2020-10-13T09:08:57.084Z</time>
      </trkpt>
      <trkpt lat="30.85788059305895" lon="34.73213911056519">
        <ele>0</ele>
        <time>2020-10-13T09:08:58.084Z</time>
      </trkpt>
      <trkpt lat="30.85788059305895" lon="34.73213911056519">
        <ele>0</ele>
        <time>2020-10-13T09:08:59.084Z</time>
      </trkpt>
      <trkpt lat="30.85788059305895" lon="34.73213911056519">
        <ele>484</ele>
        <time>2020-10-13T09:09:00.084Z</time>
      </trkpt>
      <trkpt lat="30.856898546719957" lon="34.73137736320496">
        <ele>480</ele>
        <time>2020-10-13T09:09:01.084Z</time>
      </trkpt>
      <trkpt lat="30.856898546719957" lon="34.73137736320496">
        <ele>0</ele>
        <time>2020-10-13T09:09:02.084Z</time>
      </trkpt>
      <trkpt lat="30.856898546719957" lon="34.73137736320496">
        <ele>0</ele>
        <time>2020-10-13T09:09:03.084Z</time>
      </trkpt>
      <trkpt lat="30.856898546719957" lon="34.73137736320496">
        <ele>480</ele>
        <time>2020-10-13T09:09:04.084Z</time>
      </trkpt>
      <trkpt lat="30.856441686957815" lon="34.731345176696784">
        <ele>479</ele>
        <time>2020-10-13T09:09:05.084Z</time>
      </trkpt>
      <trkpt lat="30.856441686957815" lon="34.731345176696784">
        <ele>0</ele>
        <time>2020-10-13T09:09:06.084Z</time>
      </trkpt>
      <trkpt lat="30.856441686957815" lon="34.731345176696784">
        <ele>0</ele>
        <time>2020-10-13T09:09:07.084Z</time>
      </trkpt>
      <trkpt lat="30.856440000000003" lon="34.731320000000004">
        <ele>479</ele>
        <time>2020-10-13T09:09:08.084Z</time>
      </trkpt>
      <trkpt lat="30.855980000000002" lon="34.73122">
        <ele>479</ele>
        <time>2020-10-13T09:09:09.084Z</time>
      </trkpt>
      <trkpt lat="30.855600000000003" lon="34.731170000000006">
        <ele>478</ele>
        <time>2020-10-13T09:09:10.084Z</time>
      </trkpt>
      <trkpt lat="30.855300000000003" lon="34.73102">
        <ele>479</ele>
        <time>2020-10-13T09:09:11.084Z</time>
      </trkpt>
      <trkpt lat="30.854820000000004" lon="34.73068">
        <ele>479</ele>
        <time>2020-10-13T09:09:12.084Z</time>
      </trkpt>
      <trkpt lat="30.854560000000003" lon="34.730410000000006">
        <ele>479</ele>
        <time>2020-10-13T09:09:13.084Z</time>
      </trkpt>
      <trkpt lat="30.854490000000002" lon="34.73028">
        <ele>479</ele>
        <time>2020-10-13T09:09:14.084Z</time>
      </trkpt>
      <trkpt lat="30.854360000000003" lon="34.73008">
        <ele>481</ele>
        <time>2020-10-13T09:09:15.084Z</time>
      </trkpt>
      <trkpt lat="30.85423" lon="34.72979">
        <ele>480</ele>
        <time>2020-10-13T09:09:16.084Z</time>
      </trkpt>
      <trkpt lat="30.854170000000003" lon="34.729710000000004">
        <ele>480</ele>
        <time>2020-10-13T09:09:17.084Z</time>
      </trkpt>
      <trkpt lat="30.85386" lon="34.729380000000006">
        <ele>480</ele>
        <time>2020-10-13T09:09:18.084Z</time>
      </trkpt>
      <trkpt lat="30.853310000000004" lon="34.7287">
        <ele>479</ele>
        <time>2020-10-13T09:09:19.084Z</time>
      </trkpt>
      <trkpt lat="30.852700000000002" lon="34.72773">
        <ele>480</ele>
        <time>2020-10-13T09:09:20.084Z</time>
      </trkpt>
      <trkpt lat="30.852330000000002" lon="34.72731">
        <ele>483</ele>
        <time>2020-10-13T09:09:21.084Z</time>
      </trkpt>
      <trkpt lat="30.852100000000004" lon="34.727000000000004">
        <ele>483</ele>
        <time>2020-10-13T09:09:22.084Z</time>
      </trkpt>
      <trkpt lat="30.8517" lon="34.72661">
        <ele>483</ele>
        <time>2020-10-13T09:09:23.084Z</time>
      </trkpt>
      <trkpt lat="30.851550000000003" lon="34.72639">
        <ele>483</ele>
        <time>2020-10-13T09:09:24.084Z</time>
      </trkpt>
      <trkpt lat="30.851450000000003" lon="34.726290000000006">
        <ele>483</ele>
        <time>2020-10-13T09:09:25.084Z</time>
      </trkpt>
      <trkpt lat="30.851340000000004" lon="34.72621">
        <ele>483</ele>
        <time>2020-10-13T09:09:26.084Z</time>
      </trkpt>
      <trkpt lat="30.851350000000004" lon="34.726020000000005">
        <ele>494.5</ele>
        <time>2020-10-13T09:09:27.084Z</time>
      </trkpt>
      <trkpt lat="30.851350000000004" lon="34.726020000000005">
        <ele>0</ele>
        <time>2020-10-13T09:09:28.084Z</time>
      </trkpt>
      <trkpt lat="30.851350000000004" lon="34.726020000000005">
        <ele>0</ele>
        <time>2020-10-13T09:09:29.084Z</time>
      </trkpt>
      <trkpt lat="30.851350000000004" lon="34.726020000000005">
        <ele>494.5</ele>
        <time>2020-10-13T09:09:30.084Z</time>
      </trkpt>
      <trkpt lat="30.851340000000004" lon="34.72621">
        <ele>483</ele>
        <time>2020-10-13T09:09:31.084Z</time>
      </trkpt>
      <trkpt lat="30.850640000000002" lon="34.72524">
        <ele>486</ele>
        <time>2020-10-13T09:09:32.084Z</time>
      </trkpt>
      <trkpt lat="30.850350000000002" lon="34.724700000000006">
        <ele>492</ele>
        <time>2020-10-13T09:09:33.084Z</time>
      </trkpt>
      <trkpt lat="30.850260000000002" lon="34.724540000000005">
        <ele>492</ele>
        <time>2020-10-13T09:09:34.084Z</time>
      </trkpt>
      <trkpt lat="30.850040000000003" lon="34.72428">
        <ele>494</ele>
        <time>2020-10-13T09:09:35.084Z</time>
      </trkpt>
      <trkpt lat="30.849740000000004" lon="34.724000000000004">
        <ele>494</ele>
        <time>2020-10-13T09:09:36.084Z</time>
      </trkpt>
      <trkpt lat="30.849680000000003" lon="34.723850000000006">
        <ele>494</ele>
        <time>2020-10-13T09:09:37.084Z</time>
      </trkpt>
      <trkpt lat="30.849410000000002" lon="34.72354">
        <ele>488</ele>
        <time>2020-10-13T09:09:38.084Z</time>
      </trkpt>
      <trkpt lat="30.849320000000002" lon="34.723380000000006">
        <ele>488</ele>
        <time>2020-10-13T09:09:39.084Z</time>
      </trkpt>
      <trkpt lat="30.84926" lon="34.72317">
        <ele>488</ele>
        <time>2020-10-13T09:09:40.084Z</time>
      </trkpt>
      <trkpt lat="30.849140000000002" lon="34.72287">
        <ele>488</ele>
        <time>2020-10-13T09:09:41.084Z</time>
      </trkpt>
      <trkpt lat="30.84897" lon="34.72236">
        <ele>491</ele>
        <time>2020-10-13T09:09:42.084Z</time>
      </trkpt>
      <trkpt lat="30.848910000000004" lon="34.72225">
        <ele>491</ele>
        <time>2020-10-13T09:09:43.084Z</time>
      </trkpt>
      <trkpt lat="30.848750000000003" lon="34.72205">
        <ele>491</ele>
        <time>2020-10-13T09:09:44.084Z</time>
      </trkpt>
      <trkpt lat="30.848710000000004" lon="34.721970000000006">
        <ele>491</ele>
        <time>2020-10-13T09:09:45.084Z</time>
      </trkpt>
      <trkpt lat="30.84868" lon="34.72186">
        <ele>494</ele>
        <time>2020-10-13T09:09:46.084Z</time>
      </trkpt>
      <trkpt lat="30.848670000000002" lon="34.721700000000006">
        <ele>494</ele>
        <time>2020-10-13T09:09:47.084Z</time>
      </trkpt>
      <trkpt lat="30.8485" lon="34.72128">
        <ele>494</ele>
        <time>2020-10-13T09:09:48.084Z</time>
      </trkpt>
      <trkpt lat="30.84842" lon="34.72075">
        <ele>491</ele>
        <time>2020-10-13T09:09:49.084Z</time>
      </trkpt>
      <trkpt lat="30.848290000000002" lon="34.72039">
        <ele>491</ele>
        <time>2020-10-13T09:09:50.084Z</time>
      </trkpt>
      <trkpt lat="30.848250000000004" lon="34.720040000000004">
        <ele>487</ele>
        <time>2020-10-13T09:09:51.084Z</time>
      </trkpt>
      <trkpt lat="30.848000000000003" lon="34.71925">
        <ele>491</ele>
        <time>2020-10-13T09:09:52.084Z</time>
      </trkpt>
      <trkpt lat="30.847770000000004" lon="34.71875">
        <ele>491</ele>
        <time>2020-10-13T09:09:53.084Z</time>
      </trkpt>
      <trkpt lat="30.84766" lon="34.71855">
        <ele>492</ele>
        <time>2020-10-13T09:09:54.084Z</time>
      </trkpt>
      <trkpt lat="30.84748" lon="34.71811">
        <ele>492</ele>
        <time>2020-10-13T09:09:55.084Z</time>
      </trkpt>
      <trkpt lat="30.847400000000004" lon="34.717980000000004">
        <ele>492</ele>
        <time>2020-10-13T09:09:56.084Z</time>
      </trkpt>
      <trkpt lat="30.847080000000002" lon="34.717560000000006">
        <ele>488</ele>
        <time>2020-10-13T09:09:57.084Z</time>
      </trkpt>
      <trkpt lat="30.846970000000002" lon="34.71728">
        <ele>488</ele>
        <time>2020-10-13T09:09:58.084Z</time>
      </trkpt>
      <trkpt lat="30.84691" lon="34.717180000000006">
        <ele>488</ele>
        <time>2020-10-13T09:09:59.084Z</time>
      </trkpt>
      <trkpt lat="30.84672" lon="34.716910000000006">
        <ele>491</ele>
        <time>2020-10-13T09:10:00.084Z</time>
      </trkpt>
      <trkpt lat="30.846610000000002" lon="34.716710000000006">
        <ele>486</ele>
        <time>2020-10-13T09:10:01.084Z</time>
      </trkpt>
      <trkpt lat="30.846470000000004" lon="34.71625">
        <ele>486</ele>
        <time>2020-10-13T09:10:02.084Z</time>
      </trkpt>
      <trkpt lat="30.84643" lon="34.716">
        <ele>493</ele>
        <time>2020-10-13T09:10:03.084Z</time>
      </trkpt>
      <trkpt lat="30.84643" lon="34.715610000000005">
        <ele>493</ele>
        <time>2020-10-13T09:10:04.084Z</time>
      </trkpt>
      <trkpt lat="30.846380000000003" lon="34.71549">
        <ele>493</ele>
        <time>2020-10-13T09:10:05.084Z</time>
      </trkpt>
      <trkpt lat="30.84624" lon="34.715270000000004">
        <ele>493</ele>
        <time>2020-10-13T09:10:06.084Z</time>
      </trkpt>
      <trkpt lat="30.846090521861086" lon="34.714887142181404">
        <ele>0</ele>
        <time>2020-10-13T09:10:07.084Z</time>
      </trkpt>
      <trkpt lat="30.846090521861086" lon="34.714887142181404">
        <ele>0</ele>
        <time>2020-10-13T09:10:08.084Z</time>
      </trkpt>
      <trkpt lat="30.846090521861086" lon="34.714887142181404">
        <ele>0</ele>
        <time>2020-10-13T09:10:09.084Z</time>
      </trkpt>
      <trkpt lat="30.846090521861086" lon="34.714887142181404">
        <ele>492</ele>
        <time>2020-10-13T09:10:10.084Z</time>
      </trkpt>
      <trkpt lat="30.845546101150862" lon="34.7134816646576">
        <ele>494</ele>
        <time>2020-10-13T09:10:11.084Z</time>
      </trkpt>
      <trkpt lat="30.845546101150862" lon="34.7134816646576">
        <ele>0</ele>
        <time>2020-10-13T09:10:12.084Z</time>
      </trkpt>
      <trkpt lat="30.845546101150862" lon="34.7134816646576">
        <ele>0</ele>
        <time>2020-10-13T09:10:13.084Z</time>
      </trkpt>
      <trkpt lat="30.845546101150862" lon="34.7134816646576">
        <ele>494</ele>
        <time>2020-10-13T09:10:14.084Z</time>
      </trkpt>
      <trkpt lat="30.844790798462604" lon="34.712365865707405">
        <ele>493</ele>
        <time>2020-10-13T09:10:15.084Z</time>
      </trkpt>
      <trkpt lat="30.844790798462604" lon="34.712365865707405">
        <ele>0</ele>
        <time>2020-10-13T09:10:16.084Z</time>
      </trkpt>
      <trkpt lat="30.844790798462604" lon="34.712365865707405">
        <ele>0</ele>
        <time>2020-10-13T09:10:17.084Z</time>
      </trkpt>
      <trkpt lat="30.844790798462604" lon="34.712365865707405">
        <ele>493</ele>
        <time>2020-10-13T09:10:18.084Z</time>
      </trkpt>
      <trkpt lat="30.84419192745483" lon="34.71131443977357">
        <ele>495</ele>
        <time>2020-10-13T09:10:19.084Z</time>
      </trkpt>
      <trkpt lat="30.84419192745483" lon="34.71131443977357">
        <ele>0</ele>
        <time>2020-10-13T09:10:20.084Z</time>
      </trkpt>
      <trkpt lat="30.84419192745483" lon="34.71131443977357">
        <ele>0</ele>
        <time>2020-10-13T09:10:21.084Z</time>
      </trkpt>
      <trkpt lat="30.84419192745483" lon="34.71131443977357">
        <ele>495</ele>
        <time>2020-10-13T09:10:22.084Z</time>
      </trkpt>
      <trkpt lat="30.843116830090494" lon="34.71006989479066">
        <ele>485</ele>
        <time>2020-10-13T09:10:23.084Z</time>
      </trkpt>
      <trkpt lat="30.843116830090494" lon="34.71006989479066">
        <ele>0</ele>
        <time>2020-10-13T09:10:24.084Z</time>
      </trkpt>
      <trkpt lat="30.843100000000003" lon="34.71007">
        <ele>485</ele>
        <time>2020-10-13T09:10:25.084Z</time>
      </trkpt>
      <trkpt lat="30.843080000000004" lon="34.71002">
        <ele>485</ele>
        <time>2020-10-13T09:10:26.084Z</time>
      </trkpt>
      <trkpt lat="30.842000000000002" lon="34.70853">
        <ele>481</ele>
        <time>2020-10-13T09:10:27.084Z</time>
      </trkpt>
      <trkpt lat="30.841870000000004" lon="34.70841">
        <ele>481</ele>
        <time>2020-10-13T09:10:28.084Z</time>
      </trkpt>
      <trkpt lat="30.841600000000003" lon="34.708290000000005">
        <ele>478</ele>
        <time>2020-10-13T09:10:29.084Z</time>
      </trkpt>
      <trkpt lat="30.841390000000004" lon="34.70806">
        <ele>478</ele>
        <time>2020-10-13T09:10:30.084Z</time>
      </trkpt>
      <trkpt lat="30.841200000000004" lon="34.70772">
        <ele>476</ele>
        <time>2020-10-13T09:10:31.084Z</time>
      </trkpt>
      <trkpt lat="30.84118" lon="34.707660000000004">
        <ele>476</ele>
        <time>2020-10-13T09:10:32.084Z</time>
      </trkpt>
      <trkpt lat="30.84118" lon="34.707660000000004">
        <ele>0</ele>
        <time>2020-10-13T09:10:33.084Z</time>
      </trkpt>
      <trkpt lat="30.84118" lon="34.707660000000004">
        <ele>476</ele>
        <time>2020-10-13T09:10:34.084Z</time>
      </trkpt>
      <trkpt lat="30.841150000000003" lon="34.707510000000006">
        <ele>476</ele>
        <time>2020-10-13T09:10:35.084Z</time>
      </trkpt>
      <trkpt lat="30.840940000000003" lon="34.7072">
        <ele>473</ele>
        <time>2020-10-13T09:10:36.084Z</time>
      </trkpt>
      <trkpt lat="30.8409" lon="34.70702">
        <ele>473</ele>
        <time>2020-10-13T09:10:37.084Z</time>
      </trkpt>
      <trkpt lat="30.840880000000002" lon="34.70666">
        <ele>473</ele>
        <time>2020-10-13T09:10:38.084Z</time>
      </trkpt>
      <trkpt lat="30.840840000000004" lon="34.706500000000005">
        <ele>473</ele>
        <time>2020-10-13T09:10:39.084Z</time>
      </trkpt>
      <trkpt lat="30.840730000000004" lon="34.70628">
        <ele>473</ele>
        <time>2020-10-13T09:10:40.084Z</time>
      </trkpt>
      <trkpt lat="30.840680000000003" lon="34.706120000000006">
        <ele>473</ele>
        <time>2020-10-13T09:10:41.084Z</time>
      </trkpt>
      <trkpt lat="30.84063" lon="34.706030000000005">
        <ele>471</ele>
        <time>2020-10-13T09:10:42.084Z</time>
      </trkpt>
      <trkpt lat="30.840580000000003" lon="34.706">
        <ele>471</ele>
        <time>2020-10-13T09:10:43.084Z</time>
      </trkpt>
      <trkpt lat="30.840480000000003" lon="34.706">
        <ele>471</ele>
        <time>2020-10-13T09:10:44.084Z</time>
      </trkpt>
      <trkpt lat="30.840380000000003" lon="34.705960000000005">
        <ele>471</ele>
        <time>2020-10-13T09:10:45.084Z</time>
      </trkpt>
      <trkpt lat="30.840310000000002" lon="34.705850000000005">
        <ele>471</ele>
        <time>2020-10-13T09:10:46.084Z</time>
      </trkpt>
      <trkpt lat="30.840230000000002" lon="34.705470000000005">
        <ele>471</ele>
        <time>2020-10-13T09:10:47.084Z</time>
      </trkpt>
      <trkpt lat="30.840180000000004" lon="34.70514">
        <ele>472</ele>
        <time>2020-10-13T09:10:48.084Z</time>
      </trkpt>
      <trkpt lat="30.840130000000002" lon="34.70497">
        <ele>472</ele>
        <time>2020-10-13T09:10:49.084Z</time>
      </trkpt>
      <trkpt lat="30.840110000000003" lon="34.70494">
        <ele>473</ele>
        <time>2020-10-13T09:10:50.084Z</time>
      </trkpt>
      <trkpt lat="30.840110000000003" lon="34.70494">
        <ele>0</ele>
        <time>2020-10-13T09:10:51.084Z</time>
      </trkpt>
      <trkpt lat="30.84014266027322" lon="34.704909324646">
        <ele>473</ele>
        <time>2020-10-13T09:10:52.084Z</time>
      </trkpt>
      <trkpt lat="30.83988105173114" lon="34.70423340797425">
        <ele>474</ele>
        <time>2020-10-13T09:10:53.084Z</time>
      </trkpt>
      <trkpt lat="30.83988105173114" lon="34.70423340797425">
        <ele>0</ele>
        <time>2020-10-13T09:10:54.084Z</time>
      </trkpt>
      <trkpt lat="30.83988105173114" lon="34.70423340797425">
        <ele>474</ele>
        <time>2020-10-13T09:10:55.084Z</time>
      </trkpt>
      <trkpt lat="30.839738183029954" lon="34.702881574630744">
        <ele>472</ele>
        <time>2020-10-13T09:10:56.084Z</time>
      </trkpt>
      <trkpt lat="30.839738183029954" lon="34.702881574630744">
        <ele>0</ele>
        <time>2020-10-13T09:10:57.084Z</time>
      </trkpt>
      <trkpt lat="30.839738183029954" lon="34.702881574630744">
        <ele>472</ele>
        <time>2020-10-13T09:10:58.084Z</time>
      </trkpt>
      <trkpt lat="30.83941123830726" lon="34.701637029647834">
        <ele>469.5</ele>
        <time>2020-10-13T09:10:59.084Z</time>
      </trkpt>
      <trkpt lat="30.83941123830726" lon="34.701637029647834">
        <ele>0</ele>
        <time>2020-10-13T09:11:00.084Z</time>
      </trkpt>
      <trkpt lat="30.83941123830726" lon="34.701637029647834">
        <ele>469.5</ele>
        <time>2020-10-13T09:11:01.084Z</time>
      </trkpt>
      <trkpt lat="30.839153349872845" lon="34.701105952262886">
        <ele>468</ele>
        <time>2020-10-13T09:11:02.084Z</time>
      </trkpt>
      <trkpt lat="30.839153349872845" lon="34.701105952262886">
        <ele>0</ele>
        <time>2020-10-13T09:11:03.084Z</time>
      </trkpt>
      <trkpt lat="30.839153349872845" lon="34.701105952262886">
        <ele>468</ele>
        <time>2020-10-13T09:11:04.084Z</time>
      </trkpt>
      <trkpt lat="30.839208386696" lon="34.699362516403205">
        <ele>469</ele>
        <time>2020-10-13T09:11:05.084Z</time>
      </trkpt>
      <trkpt lat="30.839208386696" lon="34.699362516403205">
        <ele>0</ele>
        <time>2020-10-13T09:11:06.084Z</time>
      </trkpt>
      <trkpt lat="30.839208386696" lon="34.699362516403205">
        <ele>469</ele>
        <time>2020-10-13T09:11:07.084Z</time>
      </trkpt>
      <trkpt lat="30.83900598404423" lon="34.69880461692811">
        <ele>469.5</ele>
        <time>2020-10-13T09:11:08.084Z</time>
      </trkpt>
      <trkpt lat="30.83900598404423" lon="34.69880461692811">
        <ele>0</ele>
        <time>2020-10-13T09:11:09.084Z</time>
      </trkpt>
      <trkpt lat="30.83900598404423" lon="34.69880461692811">
        <ele>469.5</ele>
        <time>2020-10-13T09:11:10.084Z</time>
      </trkpt>
      <trkpt lat="30.83884003296969" lon="34.69771027565003">
        <ele>466</ele>
        <time>2020-10-13T09:11:11.084Z</time>
      </trkpt>
      <trkpt lat="30.83884003296969" lon="34.69771027565003">
        <ele>0</ele>
        <time>2020-10-13T09:11:12.084Z</time>
      </trkpt>
      <trkpt lat="30.83884003296969" lon="34.69771027565003">
        <ele>466</ele>
        <time>2020-10-13T09:11:13.084Z</time>
      </trkpt>
      <trkpt lat="30.83890445772834" lon="34.69732403755189">
        <ele>463</ele>
        <time>2020-10-13T09:11:14.084Z</time>
      </trkpt>
      <trkpt lat="30.83890445772834" lon="34.69732403755189">
        <ele>0</ele>
        <time>2020-10-13T09:11:15.084Z</time>
      </trkpt>
      <trkpt lat="30.83890445772834" lon="34.69732403755189">
        <ele>463</ele>
        <time>2020-10-13T09:11:16.084Z</time>
      </trkpt>
      <trkpt lat="30.838591464843578" lon="34.69698071479798">
        <ele>462.5</ele>
        <time>2020-10-13T09:11:17.084Z</time>
      </trkpt>
      <trkpt lat="30.838591464843578" lon="34.69698071479798">
        <ele>0</ele>
        <time>2020-10-13T09:11:18.084Z</time>
      </trkpt>
      <trkpt lat="30.838591464843578" lon="34.69698071479798">
        <ele>462.5</ele>
        <time>2020-10-13T09:11:19.084Z</time>
      </trkpt>
      <trkpt lat="30.83853600269953" lon="34.69592928886414">
        <ele>460</ele>
        <time>2020-10-13T09:11:20.084Z</time>
      </trkpt>
      <trkpt lat="30.83853600269953" lon="34.69592928886414">
        <ele>0</ele>
        <time>2020-10-13T09:11:21.084Z</time>
      </trkpt>
      <trkpt lat="30.83853600269953" lon="34.69592928886414">
        <ele>460</ele>
        <time>2020-10-13T09:11:22.084Z</time>
      </trkpt>
      <trkpt lat="30.838462412148505" lon="34.6954894065857">
        <ele>458</ele>
        <time>2020-10-13T09:11:23.084Z</time>
      </trkpt>
      <trkpt lat="30.838462412148505" lon="34.6954894065857">
        <ele>0</ele>
        <time>2020-10-13T09:11:24.084Z</time>
      </trkpt>
      <trkpt lat="30.838462412148505" lon="34.6954894065857">
        <ele>458</ele>
        <time>2020-10-13T09:11:25.084Z</time>
      </trkpt>
      <trkpt lat="30.8384669546225" lon="34.69507634639741">
        <ele>458</ele>
        <time>2020-10-13T09:11:26.084Z</time>
      </trkpt>
      <trkpt lat="30.8384669546225" lon="34.69507634639741">
        <ele>0</ele>
        <time>2020-10-13T09:11:27.084Z</time>
      </trkpt>
      <trkpt lat="30.8384669546225" lon="34.69507634639741">
        <ele>458</ele>
        <time>2020-10-13T09:11:28.084Z</time>
      </trkpt>
      <trkpt lat="30.838370116755573" lon="34.69466328620911">
        <ele>460</ele>
        <time>2020-10-13T09:11:29.084Z</time>
      </trkpt>
      <trkpt lat="30.838390000000004" lon="34.694590000000005">
        <ele>460</ele>
        <time>2020-10-13T09:11:30.084Z</time>
      </trkpt>
      <trkpt lat="30.838430000000002" lon="34.6946">
        <ele>460</ele>
        <time>2020-10-13T09:11:31.084Z</time>
      </trkpt>
      <trkpt lat="30.83845" lon="34.69458">
        <ele>460</ele>
        <time>2020-10-13T09:11:32.084Z</time>
      </trkpt>
      <trkpt lat="30.83855" lon="34.69465">
        <ele>458</ele>
        <time>2020-10-13T09:11:33.084Z</time>
      </trkpt>
      <trkpt lat="30.838670000000004" lon="34.69467">
        <ele>458</ele>
        <time>2020-10-13T09:11:34.084Z</time>
      </trkpt>
      <trkpt lat="30.839140000000004" lon="34.694880000000005">
        <ele>458</ele>
        <time>2020-10-13T09:11:35.084Z</time>
      </trkpt>
      <trkpt lat="30.839530000000003" lon="34.695">
        <ele>457</ele>
        <time>2020-10-13T09:11:36.084Z</time>
      </trkpt>
      <trkpt lat="30.839890000000004" lon="34.69505">
        <ele>457</ele>
        <time>2020-10-13T09:11:37.084Z</time>
      </trkpt>
      <trkpt lat="30.83995" lon="34.69503">
        <ele>457</ele>
        <time>2020-10-13T09:11:38.084Z</time>
      </trkpt>
      <trkpt lat="30.84006" lon="34.695100000000004">
        <ele>457</ele>
        <time>2020-10-13T09:11:39.084Z</time>
      </trkpt>
      <trkpt lat="30.840360000000004" lon="34.69525">
        <ele>461</ele>
        <time>2020-10-13T09:11:40.084Z</time>
      </trkpt>
      <trkpt lat="30.840860000000003" lon="34.69543">
        <ele>461</ele>
        <time>2020-10-13T09:11:41.084Z</time>
      </trkpt>
      <trkpt lat="30.841070000000002" lon="34.69545">
        <ele>467</ele>
        <time>2020-10-13T09:11:42.084Z</time>
      </trkpt>
      <trkpt lat="30.841240000000003" lon="34.69549">
        <ele>467</ele>
        <time>2020-10-13T09:11:43.084Z</time>
      </trkpt>
      <trkpt lat="30.841480000000004" lon="34.69549">
        <ele>467</ele>
        <time>2020-10-13T09:11:44.084Z</time>
      </trkpt>
      <trkpt lat="30.84155" lon="34.695530000000005">
        <ele>467</ele>
        <time>2020-10-13T09:11:45.084Z</time>
      </trkpt>
      <trkpt lat="30.841910000000002" lon="34.69545">
        <ele>474</ele>
        <time>2020-10-13T09:11:46.084Z</time>
      </trkpt>
      <trkpt lat="30.842260000000003" lon="34.69543">
        <ele>474</ele>
        <time>2020-10-13T09:11:47.084Z</time>
      </trkpt>
      <trkpt lat="30.84241" lon="34.695350000000005">
        <ele>474</ele>
        <time>2020-10-13T09:11:48.084Z</time>
      </trkpt>
      <trkpt lat="30.84251" lon="34.69525">
        <ele>474</ele>
        <time>2020-10-13T09:11:49.084Z</time>
      </trkpt>
      <trkpt lat="30.842540000000003" lon="34.69518">
        <ele>477</ele>
        <time>2020-10-13T09:11:50.084Z</time>
      </trkpt>
      <trkpt lat="30.84251" lon="34.694950000000006">
        <ele>477</ele>
        <time>2020-10-13T09:11:51.084Z</time>
      </trkpt>
      <trkpt lat="30.84251" lon="34.69483">
        <ele>477</ele>
        <time>2020-10-13T09:11:52.084Z</time>
      </trkpt>
      <trkpt lat="30.842620000000004" lon="34.69388">
        <ele>473</ele>
        <time>2020-10-13T09:11:53.084Z</time>
      </trkpt>
      <trkpt lat="30.842570000000002" lon="34.693470000000005">
        <ele>467</ele>
        <time>2020-10-13T09:11:54.084Z</time>
      </trkpt>
      <trkpt lat="30.842640000000003" lon="34.693220000000004">
        <ele>469</ele>
        <time>2020-10-13T09:11:55.084Z</time>
      </trkpt>
      <trkpt lat="30.84269" lon="34.69279">
        <ele>469</ele>
        <time>2020-10-13T09:11:56.084Z</time>
      </trkpt>
      <trkpt lat="30.842720000000003" lon="34.69265">
        <ele>462</ele>
        <time>2020-10-13T09:11:57.084Z</time>
      </trkpt>
      <trkpt lat="30.842840000000002" lon="34.6923">
        <ele>462</ele>
        <time>2020-10-13T09:11:58.084Z</time>
      </trkpt>
      <trkpt lat="30.84288" lon="34.692">
        <ele>462</ele>
        <time>2020-10-13T09:11:59.084Z</time>
      </trkpt>
      <trkpt lat="30.84296" lon="34.691770000000005">
        <ele>462</ele>
        <time>2020-10-13T09:12:00.084Z</time>
      </trkpt>
      <trkpt lat="30.84316" lon="34.69155">
        <ele>462</ele>
        <time>2020-10-13T09:12:01.084Z</time>
      </trkpt>
      <trkpt lat="30.843290000000003" lon="34.69153">
        <ele>462</ele>
        <time>2020-10-13T09:12:02.084Z</time>
      </trkpt>
      <trkpt lat="30.843770000000003" lon="34.69167">
        <ele>469</ele>
        <time>2020-10-13T09:12:03.084Z</time>
      </trkpt>
      <trkpt lat="30.844330000000003" lon="34.69176">
        <ele>473</ele>
        <time>2020-10-13T09:12:04.084Z</time>
      </trkpt>
      <trkpt lat="30.844450000000002" lon="34.691750000000006">
        <ele>473</ele>
        <time>2020-10-13T09:12:05.084Z</time>
      </trkpt>
      <trkpt lat="30.844590000000004" lon="34.69169">
        <ele>473</ele>
        <time>2020-10-13T09:12:06.084Z</time>
      </trkpt>
      <trkpt lat="30.84495" lon="34.69144">
        <ele>473</ele>
        <time>2020-10-13T09:12:07.084Z</time>
      </trkpt>
      <trkpt lat="30.845640000000003" lon="34.690900000000006">
        <ele>479</ele>
        <time>2020-10-13T09:12:08.084Z</time>
      </trkpt>
      <trkpt lat="30.84634" lon="34.69041">
        <ele>479</ele>
        <time>2020-10-13T09:12:09.084Z</time>
      </trkpt>
      <trkpt lat="30.847080000000002" lon="34.68979">
        <ele>484</ele>
        <time>2020-10-13T09:12:10.084Z</time>
      </trkpt>
      <trkpt lat="30.847360000000002" lon="34.689600000000006">
        <ele>484</ele>
        <time>2020-10-13T09:12:11.084Z</time>
      </trkpt>
      <trkpt lat="30.84746" lon="34.68957">
        <ele>484</ele>
        <time>2020-10-13T09:12:12.084Z</time>
      </trkpt>
      <trkpt lat="30.84803" lon="34.68952">
        <ele>493</ele>
        <time>2020-10-13T09:12:13.084Z</time>
      </trkpt>
      <trkpt lat="30.84831" lon="34.68945">
        <ele>493</ele>
        <time>2020-10-13T09:12:14.084Z</time>
      </trkpt>
      <trkpt lat="30.848530000000004" lon="34.689370000000004">
        <ele>502</ele>
        <time>2020-10-13T09:12:15.084Z</time>
      </trkpt>
      <trkpt lat="30.848940000000002" lon="34.68916">
        <ele>502</ele>
        <time>2020-10-13T09:12:16.084Z</time>
      </trkpt>
      <trkpt lat="30.848990000000004" lon="34.6891">
        <ele>502</ele>
        <time>2020-10-13T09:12:17.084Z</time>
      </trkpt>
      <trkpt lat="30.849210000000003" lon="34.68869">
        <ele>502</ele>
        <time>2020-10-13T09:12:18.084Z</time>
      </trkpt>
      <trkpt lat="30.849300000000003" lon="34.688590000000005">
        <ele>515</ele>
        <time>2020-10-13T09:12:19.084Z</time>
      </trkpt>
      <trkpt lat="30.849420000000002" lon="34.68851">
        <ele>510</ele>
        <time>2020-10-13T09:12:20.084Z</time>
      </trkpt>
      <trkpt lat="30.849750000000004" lon="34.68836">
        <ele>510</ele>
        <time>2020-10-13T09:12:21.084Z</time>
      </trkpt>
      <trkpt lat="30.850030000000004" lon="34.6882">
        <ele>510</ele>
        <time>2020-10-13T09:12:22.084Z</time>
      </trkpt>
      <trkpt lat="30.85048" lon="34.68791">
        <ele>531</ele>
        <time>2020-10-13T09:12:23.084Z</time>
      </trkpt>
      <trkpt lat="30.850540000000002" lon="34.68786">
        <ele>531</ele>
        <time>2020-10-13T09:12:24.084Z</time>
      </trkpt>
      <trkpt lat="30.85075" lon="34.68759">
        <ele>530</ele>
        <time>2020-10-13T09:12:25.084Z</time>
      </trkpt>
      <trkpt lat="30.850920000000002" lon="34.6873">
        <ele>530</ele>
        <time>2020-10-13T09:12:26.084Z</time>
      </trkpt>
      <trkpt lat="30.851070000000004" lon="34.68692">
        <ele>538</ele>
        <time>2020-10-13T09:12:27.084Z</time>
      </trkpt>
      <trkpt lat="30.851200000000002" lon="34.6865">
        <ele>538</ele>
        <time>2020-10-13T09:12:28.084Z</time>
      </trkpt>
      <trkpt lat="30.851200000000002" lon="34.6865">
        <ele>538</ele>
        <time>2020-10-13T09:12:29.084Z</time>
      </trkpt>
      <trkpt lat="30.851260000000003" lon="34.68638">
        <ele>538</ele>
        <time>2020-10-13T09:12:30.084Z</time>
      </trkpt>
      <trkpt lat="30.851460000000003" lon="34.686080000000004">
        <ele>538</ele>
        <time>2020-10-13T09:12:31.084Z</time>
      </trkpt>
      <trkpt lat="30.851540000000004" lon="34.685990000000004">
        <ele>538</ele>
        <time>2020-10-13T09:12:32.084Z</time>
      </trkpt>
      <trkpt lat="30.851660000000003" lon="34.685900000000004">
        <ele>538</ele>
        <time>2020-10-13T09:12:33.084Z</time>
      </trkpt>
      <trkpt lat="30.851730000000003" lon="34.685880000000004">
        <ele>538</ele>
        <time>2020-10-13T09:12:34.084Z</time>
      </trkpt>
      <trkpt lat="30.851840000000003" lon="34.685880000000004">
        <ele>537</ele>
        <time>2020-10-13T09:12:35.084Z</time>
      </trkpt>
      <trkpt lat="30.852040000000002" lon="34.68591">
        <ele>537</ele>
        <time>2020-10-13T09:12:36.084Z</time>
      </trkpt>
      <trkpt lat="30.85264" lon="34.685900000000004">
        <ele>533</ele>
        <time>2020-10-13T09:12:37.084Z</time>
      </trkpt>
      <trkpt lat="30.853080000000002" lon="34.685840000000006">
        <ele>533</ele>
        <time>2020-10-13T09:12:38.084Z</time>
      </trkpt>
      <trkpt lat="30.85358" lon="34.68558">
        <ele>526</ele>
        <time>2020-10-13T09:12:39.084Z</time>
      </trkpt>
      <trkpt lat="30.853700000000003" lon="34.685460000000006">
        <ele>526</ele>
        <time>2020-10-13T09:12:40.084Z</time>
      </trkpt>
      <trkpt lat="30.853970000000004" lon="34.685080000000006">
        <ele>530</ele>
        <time>2020-10-13T09:12:41.084Z</time>
      </trkpt>
      <trkpt lat="30.854200000000002" lon="34.68488">
        <ele>530</ele>
        <time>2020-10-13T09:12:42.084Z</time>
      </trkpt>
      <trkpt lat="30.85433" lon="34.684810000000006">
        <ele>530</ele>
        <time>2020-10-13T09:12:43.084Z</time>
      </trkpt>
      <trkpt lat="30.854430000000004" lon="34.68478">
        <ele>530</ele>
        <time>2020-10-13T09:12:44.084Z</time>
      </trkpt>
      <trkpt lat="30.854570000000002" lon="34.68477">
        <ele>530</ele>
        <time>2020-10-13T09:12:45.084Z</time>
      </trkpt>
      <trkpt lat="30.854650000000003" lon="34.68479">
        <ele>530</ele>
        <time>2020-10-13T09:12:46.084Z</time>
      </trkpt>
      <trkpt lat="30.855600000000003" lon="34.68515">
        <ele>526</ele>
        <time>2020-10-13T09:12:47.084Z</time>
      </trkpt>
      <trkpt lat="30.85572" lon="34.68517">
        <ele>526</ele>
        <time>2020-10-13T09:12:48.084Z</time>
      </trkpt>
      <trkpt lat="30.856090000000002" lon="34.68517">
        <ele>519</ele>
        <time>2020-10-13T09:12:49.084Z</time>
      </trkpt>
      <trkpt lat="30.856310000000004" lon="34.685100000000006">
        <ele>519</ele>
        <time>2020-10-13T09:12:50.084Z</time>
      </trkpt>
      <trkpt lat="30.85694" lon="34.684760000000004">
        <ele>515</ele>
        <time>2020-10-13T09:12:51.084Z</time>
      </trkpt>
      <trkpt lat="30.857200000000002" lon="34.68464">
        <ele>515</ele>
        <time>2020-10-13T09:12:52.084Z</time>
      </trkpt>
      <trkpt lat="30.857460000000003" lon="34.68455">
        <ele>515</ele>
        <time>2020-10-13T09:12:53.084Z</time>
      </trkpt>
      <trkpt lat="30.85788" lon="34.68446">
        <ele>512</ele>
        <time>2020-10-13T09:12:54.084Z</time>
      </trkpt>
      <trkpt lat="30.858150000000002" lon="34.684360000000005">
        <ele>512</ele>
        <time>2020-10-13T09:12:55.084Z</time>
      </trkpt>
      <trkpt lat="30.858240000000002" lon="34.6843">
        <ele>512</ele>
        <time>2020-10-13T09:12:56.084Z</time>
      </trkpt>
      <trkpt lat="30.858500000000003" lon="34.684070000000006">
        <ele>506</ele>
        <time>2020-10-13T09:12:57.084Z</time>
      </trkpt>
      <trkpt lat="30.859160000000003" lon="34.68345">
        <ele>509</ele>
        <time>2020-10-13T09:12:58.084Z</time>
      </trkpt>
      <trkpt lat="30.859540000000003" lon="34.68318">
        <ele>502</ele>
        <time>2020-10-13T09:12:59.084Z</time>
      </trkpt>
      <trkpt lat="30.860290000000003" lon="34.68287">
        <ele>497</ele>
        <time>2020-10-13T09:13:00.084Z</time>
      </trkpt>
      <trkpt lat="30.861610000000002" lon="34.68216">
        <ele>493</ele>
        <time>2020-10-13T09:13:01.084Z</time>
      </trkpt>
      <trkpt lat="30.86174" lon="34.682120000000005">
        <ele>493</ele>
        <time>2020-10-13T09:13:02.084Z</time>
      </trkpt>
      <trkpt lat="30.861860000000004" lon="34.68213">
        <ele>496</ele>
        <time>2020-10-13T09:13:03.084Z</time>
      </trkpt>
      <trkpt lat="30.861990000000002" lon="34.682210000000005">
        <ele>496</ele>
        <time>2020-10-13T09:13:04.084Z</time>
      </trkpt>
      <trkpt lat="30.862180000000002" lon="34.68225">
        <ele>496</ele>
        <time>2020-10-13T09:13:05.084Z</time>
      </trkpt>
      <trkpt lat="30.862520000000004" lon="34.68216">
        <ele>496</ele>
        <time>2020-10-13T09:13:06.084Z</time>
      </trkpt>
      <trkpt lat="30.86305" lon="34.68193">
        <ele>497</ele>
        <time>2020-10-13T09:13:07.084Z</time>
      </trkpt>
      <trkpt lat="30.86351" lon="34.68188">
        <ele>489</ele>
        <time>2020-10-13T09:13:08.084Z</time>
      </trkpt>
      <trkpt lat="30.863830000000004" lon="34.68182">
        <ele>489</ele>
        <time>2020-10-13T09:13:09.084Z</time>
      </trkpt>
      <trkpt lat="30.864" lon="34.68184">
        <ele>489</ele>
        <time>2020-10-13T09:13:10.084Z</time>
      </trkpt>
      <trkpt lat="30.864030000000003" lon="34.68188">
        <ele>489</ele>
        <time>2020-10-13T09:13:11.084Z</time>
      </trkpt>
      <trkpt lat="30.864130000000003" lon="34.681900000000006">
        <ele>489</ele>
        <time>2020-10-13T09:13:12.084Z</time>
      </trkpt>
      <trkpt lat="30.86417" lon="34.68193">
        <ele>492</ele>
        <time>2020-10-13T09:13:13.084Z</time>
      </trkpt>
      <trkpt lat="30.864220000000003" lon="34.68193">
        <ele>492</ele>
        <time>2020-10-13T09:13:14.084Z</time>
      </trkpt>
      <trkpt lat="30.864310000000003" lon="34.68186">
        <ele>489</ele>
        <time>2020-10-13T09:13:15.084Z</time>
      </trkpt>
      <trkpt lat="30.864380000000004" lon="34.681850000000004">
        <ele>489</ele>
        <time>2020-10-13T09:13:16.084Z</time>
      </trkpt>
      <trkpt lat="30.864570000000004" lon="34.68188">
        <ele>489</ele>
        <time>2020-10-13T09:13:17.084Z</time>
      </trkpt>
      <trkpt lat="30.864960000000004" lon="34.681900000000006">
        <ele>489</ele>
        <time>2020-10-13T09:13:18.084Z</time>
      </trkpt>
      <trkpt lat="30.865070000000003" lon="34.68189">
        <ele>489</ele>
        <time>2020-10-13T09:13:19.084Z</time>
      </trkpt>
      <trkpt lat="30.86531" lon="34.681920000000005">
        <ele>490</ele>
        <time>2020-10-13T09:13:20.084Z</time>
      </trkpt>
      <trkpt lat="30.865630000000003" lon="34.682030000000005">
        <ele>490</ele>
        <time>2020-10-13T09:13:21.084Z</time>
      </trkpt>
      <trkpt lat="30.865730000000003" lon="34.68204">
        <ele>490</ele>
        <time>2020-10-13T09:13:22.084Z</time>
      </trkpt>
      <trkpt lat="30.86587" lon="34.682030000000005">
        <ele>490</ele>
        <time>2020-10-13T09:13:23.084Z</time>
      </trkpt>
      <trkpt lat="30.866080000000004" lon="34.682050000000004">
        <ele>494</ele>
        <time>2020-10-13T09:13:24.084Z</time>
      </trkpt>
      <trkpt lat="30.866270000000004" lon="34.682170000000006">
        <ele>494</ele>
        <time>2020-10-13T09:13:25.084Z</time>
      </trkpt>
      <trkpt lat="30.86632" lon="34.68215">
        <ele>494</ele>
        <time>2020-10-13T09:13:26.084Z</time>
      </trkpt>
      <trkpt lat="30.866380000000003" lon="34.68209">
        <ele>494</ele>
        <time>2020-10-13T09:13:27.084Z</time>
      </trkpt>
      <trkpt lat="30.86643" lon="34.68198">
        <ele>494</ele>
        <time>2020-10-13T09:13:28.084Z</time>
      </trkpt>
      <trkpt lat="30.86652" lon="34.68191">
        <ele>488</ele>
        <time>2020-10-13T09:13:29.084Z</time>
      </trkpt>
      <trkpt lat="30.866580000000003" lon="34.681920000000005">
        <ele>488</ele>
        <time>2020-10-13T09:13:30.084Z</time>
      </trkpt>
      <trkpt lat="30.86662" lon="34.68195">
        <ele>494</ele>
        <time>2020-10-13T09:13:31.084Z</time>
      </trkpt>
      <trkpt lat="30.866670000000003" lon="34.681960000000004">
        <ele>494</ele>
        <time>2020-10-13T09:13:32.084Z</time>
      </trkpt>
      <trkpt lat="30.86672" lon="34.681940000000004">
        <ele>494</ele>
        <time>2020-10-13T09:13:33.084Z</time>
      </trkpt>
      <trkpt lat="30.866830000000004" lon="34.681810000000006">
        <ele>489</ele>
        <time>2020-10-13T09:13:34.084Z</time>
      </trkpt>
      <trkpt lat="30.86717" lon="34.68166">
        <ele>489</ele>
        <time>2020-10-13T09:13:35.084Z</time>
      </trkpt>
      <trkpt lat="30.867690000000003" lon="34.681380000000004">
        <ele>488</ele>
        <time>2020-10-13T09:13:36.084Z</time>
      </trkpt>
      <trkpt lat="30.86793" lon="34.68133">
        <ele>488</ele>
        <time>2020-10-13T09:13:37.084Z</time>
      </trkpt>
      <trkpt lat="30.868100000000002" lon="34.68132">
        <ele>488</ele>
        <time>2020-10-13T09:13:38.084Z</time>
      </trkpt>
      <trkpt lat="30.86831" lon="34.681270000000005">
        <ele>488</ele>
        <time>2020-10-13T09:13:39.084Z</time>
      </trkpt>
      <trkpt lat="30.86849" lon="34.68126">
        <ele>479</ele>
        <time>2020-10-13T09:13:40.084Z</time>
      </trkpt>
      <trkpt lat="30.86868" lon="34.68128">
        <ele>479</ele>
        <time>2020-10-13T09:13:41.084Z</time>
      </trkpt>
      <trkpt lat="30.868810000000003" lon="34.68132">
        <ele>479</ele>
        <time>2020-10-13T09:13:42.084Z</time>
      </trkpt>
      <trkpt lat="30.86934" lon="34.6816">
        <ele>476</ele>
        <time>2020-10-13T09:13:43.084Z</time>
      </trkpt>
      <trkpt lat="30.869570000000003" lon="34.681650000000005">
        <ele>476</ele>
        <time>2020-10-13T09:13:44.084Z</time>
      </trkpt>
      <trkpt lat="30.869730000000004" lon="34.68166">
        <ele>476</ele>
        <time>2020-10-13T09:13:45.084Z</time>
      </trkpt>
      <trkpt lat="30.869930000000004" lon="34.681720000000006">
        <ele>476</ele>
        <time>2020-10-13T09:13:46.084Z</time>
      </trkpt>
      <trkpt lat="30.87028" lon="34.681940000000004">
        <ele>472</ele>
        <time>2020-10-13T09:13:47.084Z</time>
      </trkpt>
      <trkpt lat="30.870490000000004" lon="34.682100000000005">
        <ele>472</ele>
        <time>2020-10-13T09:13:48.084Z</time>
      </trkpt>
      <trkpt lat="30.870590000000004" lon="34.68216">
        <ele>472</ele>
        <time>2020-10-13T09:13:49.084Z</time>
      </trkpt>
      <trkpt lat="30.870730000000002" lon="34.68227">
        <ele>472</ele>
        <time>2020-10-13T09:13:50.084Z</time>
      </trkpt>
      <trkpt lat="30.870780000000003" lon="34.682300000000005">
        <ele>472</ele>
        <time>2020-10-13T09:13:51.084Z</time>
      </trkpt>
      <trkpt lat="30.870860000000004" lon="34.682390000000005">
        <ele>472</ele>
        <time>2020-10-13T09:13:52.084Z</time>
      </trkpt>
      <trkpt lat="30.870890000000003" lon="34.68244">
        <ele>472</ele>
        <time>2020-10-13T09:13:53.084Z</time>
      </trkpt>
      <trkpt lat="30.871100000000002" lon="34.68272">
        <ele>480</ele>
        <time>2020-10-13T09:13:54.084Z</time>
      </trkpt>
      <trkpt lat="30.871140000000004" lon="34.68278">
        <ele>476</ele>
        <time>2020-10-13T09:13:55.084Z</time>
      </trkpt>
      <trkpt lat="30.871170000000003" lon="34.682900000000004">
        <ele>476</ele>
        <time>2020-10-13T09:13:56.084Z</time>
      </trkpt>
      <trkpt lat="30.871190000000002" lon="34.68312">
        <ele>476</ele>
        <time>2020-10-13T09:13:57.084Z</time>
      </trkpt>
      <trkpt lat="30.871150000000004" lon="34.683550000000004">
        <ele>476</ele>
        <time>2020-10-13T09:13:58.084Z</time>
      </trkpt>
      <trkpt lat="30.871150000000004" lon="34.68367">
        <ele>468</ele>
        <time>2020-10-13T09:13:59.084Z</time>
      </trkpt>
      <trkpt lat="30.871160000000003" lon="34.684020000000004">
        <ele>468</ele>
        <time>2020-10-13T09:14:00.084Z</time>
      </trkpt>
      <trkpt lat="30.871240000000004" lon="34.68423">
        <ele>468</ele>
        <time>2020-10-13T09:14:01.084Z</time>
      </trkpt>
      <trkpt lat="30.871260000000003" lon="34.68446">
        <ele>471</ele>
        <time>2020-10-13T09:14:02.084Z</time>
      </trkpt>
      <trkpt lat="30.871270000000003" lon="34.6846">
        <ele>471</ele>
        <time>2020-10-13T09:14:03.084Z</time>
      </trkpt>
      <trkpt lat="30.871330000000004" lon="34.684740000000005">
        <ele>471</ele>
        <time>2020-10-13T09:14:04.084Z</time>
      </trkpt>
      <trkpt lat="30.871330000000004" lon="34.684740000000005">
        <ele>471</ele>
        <time>2020-10-13T09:14:05.084Z</time>
      </trkpt>
      <trkpt lat="30.871270000000003" lon="34.6846">
        <ele>471</ele>
        <time>2020-10-13T09:14:06.084Z</time>
      </trkpt>
      <trkpt lat="30.871260000000003" lon="34.68446">
        <ele>471</ele>
        <time>2020-10-13T09:14:07.084Z</time>
      </trkpt>
      <trkpt lat="30.87139" lon="34.68462">
        <ele>471</ele>
        <time>2020-10-13T09:14:08.084Z</time>
      </trkpt>
      <trkpt lat="30.871510000000004" lon="34.6847">
        <ele>471</ele>
        <time>2020-10-13T09:14:09.084Z</time>
      </trkpt>
      <trkpt lat="30.87158" lon="34.684720000000006">
        <ele>471</ele>
        <time>2020-10-13T09:14:10.084Z</time>
      </trkpt>
      <trkpt lat="30.871630000000003" lon="34.68471">
        <ele>471</ele>
        <time>2020-10-13T09:14:11.084Z</time>
      </trkpt>
      <trkpt lat="30.871810000000004" lon="34.684560000000005">
        <ele>475</ele>
        <time>2020-10-13T09:14:12.084Z</time>
      </trkpt>
      <trkpt lat="30.87197" lon="34.684470000000005">
        <ele>475</ele>
        <time>2020-10-13T09:14:13.084Z</time>
      </trkpt>
      <trkpt lat="30.872270000000004" lon="34.684430000000006">
        <ele>475</ele>
        <time>2020-10-13T09:14:14.084Z</time>
      </trkpt>
      <trkpt lat="30.872400000000003" lon="34.68439">
        <ele>469</ele>
        <time>2020-10-13T09:14:15.084Z</time>
      </trkpt>
      <trkpt lat="30.872730000000004" lon="34.68437">
        <ele>468</ele>
        <time>2020-10-13T09:14:16.084Z</time>
      </trkpt>
      <trkpt lat="30.872790000000002" lon="34.68433">
        <ele>468</ele>
        <time>2020-10-13T09:14:17.084Z</time>
      </trkpt>
      <trkpt lat="30.872930000000004" lon="34.68415">
        <ele>468</ele>
        <time>2020-10-13T09:14:18.084Z</time>
      </trkpt>
      <trkpt lat="30.87308" lon="34.683980000000005">
        <ele>468</ele>
        <time>2020-10-13T09:14:19.084Z</time>
      </trkpt>
      <trkpt lat="30.873340000000002" lon="34.683960000000006">
        <ele>468</ele>
        <time>2020-10-13T09:14:20.084Z</time>
      </trkpt>
      <trkpt lat="30.87376" lon="34.68399">
        <ele>465</ele>
        <time>2020-10-13T09:14:21.084Z</time>
      </trkpt>
      <trkpt lat="30.873980000000003" lon="34.683980000000005">
        <ele>465</ele>
        <time>2020-10-13T09:14:22.084Z</time>
      </trkpt>
      <trkpt lat="30.874620000000004" lon="34.683640000000004">
        <ele>465</ele>
        <time>2020-10-13T09:14:23.084Z</time>
      </trkpt>
      <trkpt lat="30.874930000000003" lon="34.68356">
        <ele>467</ele>
        <time>2020-10-13T09:14:24.084Z</time>
      </trkpt>
      <trkpt lat="30.875210000000003" lon="34.683440000000004">
        <ele>463</ele>
        <time>2020-10-13T09:14:25.084Z</time>
      </trkpt>
      <trkpt lat="30.875370000000004" lon="34.683400000000006">
        <ele>463</ele>
        <time>2020-10-13T09:14:26.084Z</time>
      </trkpt>
      <trkpt lat="30.87544" lon="34.68339">
        <ele>463</ele>
        <time>2020-10-13T09:14:27.084Z</time>
      </trkpt>
      <trkpt lat="30.87582" lon="34.683530000000005">
        <ele>463</ele>
        <time>2020-10-13T09:14:28.084Z</time>
      </trkpt>
      <trkpt lat="30.875980000000002" lon="34.683620000000005">
        <ele>467</ele>
        <time>2020-10-13T09:14:29.084Z</time>
      </trkpt>
      <trkpt lat="30.87609" lon="34.68365">
        <ele>467</ele>
        <time>2020-10-13T09:14:30.084Z</time>
      </trkpt>
      <trkpt lat="30.876870000000004" lon="34.68348">
        <ele>459</ele>
        <time>2020-10-13T09:14:31.084Z</time>
      </trkpt>
      <trkpt lat="30.876960000000004" lon="34.683440000000004">
        <ele>459</ele>
        <time>2020-10-13T09:14:32.084Z</time>
      </trkpt>
      <trkpt lat="30.877190000000002" lon="34.6833">
        <ele>459</ele>
        <time>2020-10-13T09:14:33.084Z</time>
      </trkpt>
      <trkpt lat="30.877360000000003" lon="34.68323">
        <ele>459</ele>
        <time>2020-10-13T09:14:34.084Z</time>
      </trkpt>
      <trkpt lat="30.877530000000004" lon="34.68318">
        <ele>459</ele>
        <time>2020-10-13T09:14:35.084Z</time>
      </trkpt>
      <trkpt lat="30.877810000000004" lon="34.682990000000004">
        <ele>460</ele>
        <time>2020-10-13T09:14:36.084Z</time>
      </trkpt>
      <trkpt lat="30.877990000000004" lon="34.682900000000004">
        <ele>460</ele>
        <time>2020-10-13T09:14:37.084Z</time>
      </trkpt>
      <trkpt lat="30.878200000000003" lon="34.68281">
        <ele>460</ele>
        <time>2020-10-13T09:14:38.084Z</time>
      </trkpt>
      <trkpt lat="30.878460000000004" lon="34.68276">
        <ele>458</ele>
        <time>2020-10-13T09:14:39.084Z</time>
      </trkpt>
      <trkpt lat="30.87892" lon="34.68262">
        <ele>458</ele>
        <time>2020-10-13T09:14:40.084Z</time>
      </trkpt>
      <trkpt lat="30.879520000000003" lon="34.68238">
        <ele>455</ele>
        <time>2020-10-13T09:14:41.084Z</time>
      </trkpt>
      <trkpt lat="30.87975" lon="34.68224">
        <ele>455</ele>
        <time>2020-10-13T09:14:42.084Z</time>
      </trkpt>
      <trkpt lat="30.880080000000003" lon="34.68211">
        <ele>455</ele>
        <time>2020-10-13T09:14:43.084Z</time>
      </trkpt>
      <trkpt lat="30.880300000000002" lon="34.682">
        <ele>456</ele>
        <time>2020-10-13T09:14:44.084Z</time>
      </trkpt>
      <trkpt lat="30.8806" lon="34.68179">
        <ele>454</ele>
        <time>2020-10-13T09:14:45.084Z</time>
      </trkpt>
      <trkpt lat="30.880720000000004" lon="34.68175">
        <ele>454</ele>
        <time>2020-10-13T09:14:46.084Z</time>
      </trkpt>
      <trkpt lat="30.880930000000003" lon="34.681720000000006">
        <ele>451</ele>
        <time>2020-10-13T09:14:47.084Z</time>
      </trkpt>
      <trkpt lat="30.88154" lon="34.681670000000004">
        <ele>451</ele>
        <time>2020-10-13T09:14:48.084Z</time>
      </trkpt>
      <trkpt lat="30.881940000000004" lon="34.681670000000004">
        <ele>452</ele>
        <time>2020-10-13T09:14:49.084Z</time>
      </trkpt>
      <trkpt lat="30.882120000000004" lon="34.68169">
        <ele>452</ele>
        <time>2020-10-13T09:14:50.084Z</time>
      </trkpt>
      <trkpt lat="30.882440000000003" lon="34.68169">
        <ele>452</ele>
        <time>2020-10-13T09:14:51.084Z</time>
      </trkpt>
      <trkpt lat="30.88265" lon="34.681670000000004">
        <ele>452</ele>
        <time>2020-10-13T09:14:52.084Z</time>
      </trkpt>
      <trkpt lat="30.88304" lon="34.68169">
        <ele>452</ele>
        <time>2020-10-13T09:14:53.084Z</time>
      </trkpt>
      <trkpt lat="30.88359" lon="34.68169">
        <ele>449</ele>
        <time>2020-10-13T09:14:54.084Z</time>
      </trkpt>
      <trkpt lat="30.884200000000003" lon="34.681760000000004">
        <ele>449</ele>
        <time>2020-10-13T09:14:55.084Z</time>
      </trkpt>
      <trkpt lat="30.884470000000004" lon="34.681760000000004">
        <ele>448</ele>
        <time>2020-10-13T09:14:56.084Z</time>
      </trkpt>
      <trkpt lat="30.884770000000003" lon="34.68178">
        <ele>448</ele>
        <time>2020-10-13T09:14:57.084Z</time>
      </trkpt>
      <trkpt lat="30.8853" lon="34.68186">
        <ele>451</ele>
        <time>2020-10-13T09:14:58.084Z</time>
      </trkpt>
      <trkpt lat="30.885970000000004" lon="34.681850000000004">
        <ele>452</ele>
        <time>2020-10-13T09:14:59.084Z</time>
      </trkpt>
      <trkpt lat="30.886400000000002" lon="34.68188">
        <ele>452</ele>
        <time>2020-10-13T09:15:00.084Z</time>
      </trkpt>
      <trkpt lat="30.886650000000003" lon="34.68186">
        <ele>452</ele>
        <time>2020-10-13T09:15:01.084Z</time>
      </trkpt>
      <trkpt lat="30.8868" lon="34.681810000000006">
        <ele>448</ele>
        <time>2020-10-13T09:15:02.084Z</time>
      </trkpt>
      <trkpt lat="30.88735" lon="34.681810000000006">
        <ele>448</ele>
        <time>2020-10-13T09:15:03.084Z</time>
      </trkpt>
      <trkpt lat="30.887500000000003" lon="34.681850000000004">
        <ele>448</ele>
        <time>2020-10-13T09:15:04.084Z</time>
      </trkpt>
      <trkpt lat="30.887850000000004" lon="34.682010000000005">
        <ele>442</ele>
        <time>2020-10-13T09:15:05.084Z</time>
      </trkpt>
      <trkpt lat="30.888" lon="34.68204">
        <ele>442</ele>
        <time>2020-10-13T09:15:06.084Z</time>
      </trkpt>
      <trkpt lat="30.88811" lon="34.68206">
        <ele>442</ele>
        <time>2020-10-13T09:15:07.084Z</time>
      </trkpt>
      <trkpt lat="30.888450000000002" lon="34.68206">
        <ele>440</ele>
        <time>2020-10-13T09:15:08.084Z</time>
      </trkpt>
      <trkpt lat="30.889070000000004" lon="34.682210000000005">
        <ele>440</ele>
        <time>2020-10-13T09:15:09.084Z</time>
      </trkpt>
      <trkpt lat="30.890010000000004" lon="34.68233">
        <ele>443</ele>
        <time>2020-10-13T09:15:10.084Z</time>
      </trkpt>
      <trkpt lat="30.890530000000002" lon="34.68249">
        <ele>443</ele>
        <time>2020-10-13T09:15:11.084Z</time>
      </trkpt>
      <trkpt lat="30.891150000000003" lon="34.68274">
        <ele>443</ele>
        <time>2020-10-13T09:15:12.084Z</time>
      </trkpt>
      <trkpt lat="30.891260000000003" lon="34.682790000000004">
        <ele>437</ele>
        <time>2020-10-13T09:15:13.084Z</time>
      </trkpt>
      <trkpt lat="30.891530000000003" lon="34.682990000000004">
        <ele>437</ele>
        <time>2020-10-13T09:15:14.084Z</time>
      </trkpt>
      <trkpt lat="30.891530000000003" lon="34.682990000000004">
        <ele>437</ele>
        <time>2020-10-13T09:15:15.084Z</time>
      </trkpt>
      <trkpt lat="30.891730000000003" lon="34.68314">
        <ele>437</ele>
        <time>2020-10-13T09:15:16.084Z</time>
      </trkpt>
      <trkpt lat="30.892840000000003" lon="34.68385">
        <ele>433</ele>
        <time>2020-10-13T09:15:17.084Z</time>
      </trkpt>
      <trkpt lat="30.89317" lon="34.68385">
        <ele>433</ele>
        <time>2020-10-13T09:15:18.084Z</time>
      </trkpt>
      <trkpt lat="30.894190000000002" lon="34.683530000000005">
        <ele>429</ele>
        <time>2020-10-13T09:15:19.084Z</time>
      </trkpt>
      <trkpt lat="30.895270000000004" lon="34.68285">
        <ele>423</ele>
        <time>2020-10-13T09:15:20.084Z</time>
      </trkpt>
      <trkpt lat="30.896220000000003" lon="34.681110000000004">
        <ele>413</ele>
        <time>2020-10-13T09:15:21.084Z</time>
      </trkpt>
      <trkpt lat="30.896320000000003" lon="34.68081">
        <ele>410</ele>
        <time>2020-10-13T09:15:22.084Z</time>
      </trkpt>
      <trkpt lat="30.897510000000004" lon="34.67902">
        <ele>411</ele>
        <time>2020-10-13T09:15:23.084Z</time>
      </trkpt>
      <trkpt lat="30.89797" lon="34.677870000000006">
        <ele>410</ele>
        <time>2020-10-13T09:15:24.084Z</time>
      </trkpt>
      <trkpt lat="30.898350000000004" lon="34.677420000000005">
        <ele>410</ele>
        <time>2020-10-13T09:15:25.084Z</time>
      </trkpt>
      <trkpt lat="30.898180000000004" lon="34.67721">
        <ele>410.5</ele>
        <time>2020-10-13T09:15:26.084Z</time>
      </trkpt>
      <trkpt lat="30.898180000000004" lon="34.67721">
        <ele>410.5</ele>
        <time>2020-10-13T09:15:27.084Z</time>
      </trkpt>
      <trkpt lat="30.896380000000004" lon="34.67497">
        <ele>411</ele>
        <time>2020-10-13T09:15:28.084Z</time>
      </trkpt>
      <trkpt lat="30.895490000000002" lon="34.67336">
        <ele>406</ele>
        <time>2020-10-13T09:15:29.084Z</time>
      </trkpt>
      <trkpt lat="30.89506" lon="34.67287">
        <ele>407</ele>
        <time>2020-10-13T09:15:30.084Z</time>
      </trkpt>
      <trkpt lat="30.894500000000004" lon="34.67206">
        <ele>406</ele>
        <time>2020-10-13T09:15:31.084Z</time>
      </trkpt>
      <trkpt lat="30.894080000000002" lon="34.67166">
        <ele>406</ele>
        <time>2020-10-13T09:15:32.084Z</time>
      </trkpt>
      <trkpt lat="30.893710000000002" lon="34.671130000000005">
        <ele>406</ele>
        <time>2020-10-13T09:15:33.084Z</time>
      </trkpt>
      <trkpt lat="30.893400000000003" lon="34.670460000000006">
        <ele>403</ele>
        <time>2020-10-13T09:15:34.084Z</time>
      </trkpt>
      <trkpt lat="30.89318" lon="34.670120000000004">
        <ele>404</ele>
        <time>2020-10-13T09:15:35.084Z</time>
      </trkpt>
      <trkpt lat="30.892960000000002" lon="34.66944">
        <ele>404</ele>
        <time>2020-10-13T09:15:36.084Z</time>
      </trkpt>
      <trkpt lat="30.892820000000004" lon="34.668710000000004">
        <ele>406</ele>
        <time>2020-10-13T09:15:37.084Z</time>
      </trkpt>
      <trkpt lat="30.89241" lon="34.667970000000004">
        <ele>402</ele>
        <time>2020-10-13T09:15:38.084Z</time>
      </trkpt>
      <trkpt lat="30.891990000000003" lon="34.667010000000005">
        <ele>403</ele>
        <time>2020-10-13T09:15:39.084Z</time>
      </trkpt>
      <trkpt lat="30.891830000000002" lon="34.66583">
        <ele>403</ele>
        <time>2020-10-13T09:15:40.084Z</time>
      </trkpt>
      <trkpt lat="30.89176" lon="34.66566">
        <ele>403</ele>
        <time>2020-10-13T09:15:41.084Z</time>
      </trkpt>
      <trkpt lat="30.890950000000004" lon="34.66454">
        <ele>400</ele>
        <time>2020-10-13T09:15:42.084Z</time>
      </trkpt>
      <trkpt lat="30.889460000000003" lon="34.66181">
        <ele>391</ele>
        <time>2020-10-13T09:15:43.084Z</time>
      </trkpt>
      <trkpt lat="30.888890000000004" lon="34.660610000000005">
        <ele>388</ele>
        <time>2020-10-13T09:15:44.084Z</time>
      </trkpt>
      <trkpt lat="30.888880000000004" lon="34.660360000000004">
        <ele>388</ele>
        <time>2020-10-13T09:15:45.084Z</time>
      </trkpt>
      <trkpt lat="30.888720000000003" lon="34.660120000000006">
        <ele>386</ele>
        <time>2020-10-13T09:15:46.084Z</time>
      </trkpt>
      <trkpt lat="30.887950000000004" lon="34.66024">
        <ele>381</ele>
        <time>2020-10-13T09:15:47.084Z</time>
      </trkpt>
      <trkpt lat="30.887990000000002" lon="34.659780000000005">
        <ele>381</ele>
        <time>2020-10-13T09:15:48.084Z</time>
      </trkpt>
      <trkpt lat="30.887860000000003" lon="34.659440000000004">
        <ele>384</ele>
        <time>2020-10-13T09:15:49.084Z</time>
      </trkpt>
      <trkpt lat="30.887020000000003" lon="34.65841">
        <ele>378</ele>
        <time>2020-10-13T09:15:50.084Z</time>
      </trkpt>
      <trkpt lat="30.88689" lon="34.657810000000005">
        <ele>378</ele>
        <time>2020-10-13T09:15:51.084Z</time>
      </trkpt>
      <trkpt lat="30.886350000000004" lon="34.65749">
        <ele>375</ele>
        <time>2020-10-13T09:15:52.084Z</time>
      </trkpt>
      <trkpt lat="30.88641" lon="34.657120000000006">
        <ele>375</ele>
        <time>2020-10-13T09:15:53.084Z</time>
      </trkpt>
      <trkpt lat="30.886300000000002" lon="34.6569">
        <ele>376</ele>
        <time>2020-10-13T09:15:54.084Z</time>
      </trkpt>
      <trkpt lat="30.885740000000002" lon="34.65661">
        <ele>372</ele>
        <time>2020-10-13T09:15:55.084Z</time>
      </trkpt>
      <trkpt lat="30.885410000000004" lon="34.655820000000006">
        <ele>373</ele>
        <time>2020-10-13T09:15:56.084Z</time>
      </trkpt>
      <trkpt lat="30.885210000000004" lon="34.654970000000006">
        <ele>373</ele>
        <time>2020-10-13T09:15:57.084Z</time>
      </trkpt>
      <trkpt lat="30.884570000000004" lon="34.653890000000004">
        <ele>373</ele>
        <time>2020-10-13T09:15:58.084Z</time>
      </trkpt>
      <trkpt lat="30.88379" lon="34.651590000000006">
        <ele>372</ele>
        <time>2020-10-13T09:15:59.084Z</time>
      </trkpt>
      <trkpt lat="30.883370000000003" lon="34.6512">
        <ele>369</ele>
        <time>2020-10-13T09:16:00.084Z</time>
      </trkpt>
      <trkpt lat="30.88305" lon="34.650710000000004">
        <ele>365</ele>
        <time>2020-10-13T09:16:01.084Z</time>
      </trkpt>
      <trkpt lat="30.88286" lon="34.65016">
        <ele>370</ele>
        <time>2020-10-13T09:16:02.084Z</time>
      </trkpt>
      <trkpt lat="30.882820000000002" lon="34.649860000000004">
        <ele>370</ele>
        <time>2020-10-13T09:16:03.084Z</time>
      </trkpt>
      <trkpt lat="30.88257" lon="34.64934">
        <ele>364</ele>
        <time>2020-10-13T09:16:04.084Z</time>
      </trkpt>
      <trkpt lat="30.882590000000004" lon="34.649">
        <ele>372</ele>
        <time>2020-10-13T09:16:05.084Z</time>
      </trkpt>
      <trkpt lat="30.882490000000004" lon="34.64815">
        <ele>362</ele>
        <time>2020-10-13T09:16:06.084Z</time>
      </trkpt>
      <trkpt lat="30.882410000000004" lon="34.647760000000005">
        <ele>360</ele>
        <time>2020-10-13T09:16:07.084Z</time>
      </trkpt>
      <trkpt lat="30.882310000000004" lon="34.647560000000006">
        <ele>360</ele>
        <time>2020-10-13T09:16:08.084Z</time>
      </trkpt>
      <trkpt lat="30.882030000000004" lon="34.64735">
        <ele>360</ele>
        <time>2020-10-13T09:16:09.084Z</time>
      </trkpt>
      <trkpt lat="30.881860000000003" lon="34.647090000000006">
        <ele>360</ele>
        <time>2020-10-13T09:16:10.084Z</time>
      </trkpt>
      <trkpt lat="30.881200000000003" lon="34.645700000000005">
        <ele>360</ele>
        <time>2020-10-13T09:16:11.084Z</time>
      </trkpt>
      <trkpt lat="30.8807" lon="34.64457">
        <ele>358</ele>
        <time>2020-10-13T09:16:12.084Z</time>
      </trkpt>
      <trkpt lat="30.879710000000003" lon="34.643370000000004">
        <ele>353</ele>
        <time>2020-10-13T09:16:13.084Z</time>
      </trkpt>
      <trkpt lat="30.879600000000003" lon="34.64314">
        <ele>353</ele>
        <time>2020-10-13T09:16:14.084Z</time>
      </trkpt>
      <trkpt lat="30.879770000000004" lon="34.642680000000006">
        <ele>350</ele>
        <time>2020-10-13T09:16:15.084Z</time>
      </trkpt>
      <trkpt lat="30.879710000000003" lon="34.642250000000004">
        <ele>350</ele>
        <time>2020-10-13T09:16:16.084Z</time>
      </trkpt>
      <trkpt lat="30.879610000000003" lon="34.64208">
        <ele>350</ele>
        <time>2020-10-13T09:16:17.084Z</time>
      </trkpt>
      <trkpt lat="30.879110000000004" lon="34.64164">
        <ele>350</ele>
        <time>2020-10-13T09:16:18.084Z</time>
      </trkpt>
      <trkpt lat="30.879110000000004" lon="34.64164">
        <ele>350</ele>
        <time>2020-10-13T09:16:19.084Z</time>
      </trkpt>
      <trkpt lat="30.879050000000003" lon="34.641600000000004">
        <ele>350</ele>
        <time>2020-10-13T09:16:20.084Z</time>
      </trkpt>
      <trkpt lat="30.87873" lon="34.64068">
        <ele>350</ele>
        <time>2020-10-13T09:16:21.084Z</time>
      </trkpt>
      <trkpt lat="30.87845" lon="34.64012">
        <ele>351</ele>
        <time>2020-10-13T09:16:22.084Z</time>
      </trkpt>
      <trkpt lat="30.877860000000002" lon="34.63931">
        <ele>349</ele>
        <time>2020-10-13T09:16:23.084Z</time>
      </trkpt>
      <trkpt lat="30.877670000000002" lon="34.63888">
        <ele>349</ele>
        <time>2020-10-13T09:16:24.084Z</time>
      </trkpt>
      <trkpt lat="30.877630000000003" lon="34.63828">
        <ele>347</ele>
        <time>2020-10-13T09:16:25.084Z</time>
      </trkpt>
      <trkpt lat="30.877350000000003" lon="34.63756">
        <ele>345</ele>
        <time>2020-10-13T09:16:26.084Z</time>
      </trkpt>
      <trkpt lat="30.87732" lon="34.63723">
        <ele>345</ele>
        <time>2020-10-13T09:16:27.084Z</time>
      </trkpt>
      <trkpt lat="30.8773" lon="34.63598">
        <ele>343</ele>
        <time>2020-10-13T09:16:28.084Z</time>
      </trkpt>
      <trkpt lat="30.877200000000002" lon="34.635600000000004">
        <ele>343</ele>
        <time>2020-10-13T09:16:29.084Z</time>
      </trkpt>
      <trkpt lat="30.877160000000003" lon="34.634730000000005">
        <ele>341</ele>
        <time>2020-10-13T09:16:30.084Z</time>
      </trkpt>
      <trkpt lat="30.87723" lon="34.634310000000006">
        <ele>343</ele>
        <time>2020-10-13T09:16:31.084Z</time>
      </trkpt>
      <trkpt lat="30.877480000000002" lon="34.63396">
        <ele>343</ele>
        <time>2020-10-13T09:16:32.084Z</time>
      </trkpt>
      <trkpt lat="30.87751" lon="34.63302">
        <ele>344</ele>
        <time>2020-10-13T09:16:33.084Z</time>
      </trkpt>
      <trkpt lat="30.87768" lon="34.6321">
        <ele>341</ele>
        <time>2020-10-13T09:16:34.084Z</time>
      </trkpt>
      <trkpt lat="30.87769" lon="34.631080000000004">
        <ele>338</ele>
        <time>2020-10-13T09:16:35.084Z</time>
      </trkpt>
      <trkpt lat="30.877890000000004" lon="34.630390000000006">
        <ele>338</ele>
        <time>2020-10-13T09:16:36.084Z</time>
      </trkpt>
      <trkpt lat="30.877820000000003" lon="34.62984">
        <ele>336</ele>
        <time>2020-10-13T09:16:37.084Z</time>
      </trkpt>
      <trkpt lat="30.87797" lon="34.62959">
        <ele>336</ele>
        <time>2020-10-13T09:16:38.084Z</time>
      </trkpt>
      <trkpt lat="30.878180000000004" lon="34.62917">
        <ele>336</ele>
        <time>2020-10-13T09:16:39.084Z</time>
      </trkpt>
      <trkpt lat="30.87817" lon="34.62867">
        <ele>336</ele>
        <time>2020-10-13T09:16:40.084Z</time>
      </trkpt>
      <trkpt lat="30.878190000000004" lon="34.62792">
        <ele>335</ele>
        <time>2020-10-13T09:16:41.084Z</time>
      </trkpt>
      <trkpt lat="30.878580000000003" lon="34.62595">
        <ele>334</ele>
        <time>2020-10-13T09:16:42.084Z</time>
      </trkpt>
      <trkpt lat="30.878480000000003" lon="34.625980000000006">
        <ele>334.5</ele>
        <time>2020-10-13T09:16:43.084Z</time>
      </trkpt>
      <trkpt lat="30.878480000000003" lon="34.625980000000006">
        <ele>334.5</ele>
        <time>2020-10-13T09:16:44.084Z</time>
      </trkpt>
      <trkpt lat="30.87854" lon="34.625960000000006">
        <ele>334</ele>
        <time>2020-10-13T09:16:45.084Z</time>
      </trkpt>
      <trkpt lat="30.878690000000002" lon="34.62592">
        <ele>334</ele>
        <time>2020-10-13T09:16:46.084Z</time>
      </trkpt>
      <trkpt lat="30.878790000000002" lon="34.62588">
        <ele>334</ele>
        <time>2020-10-13T09:16:47.084Z</time>
      </trkpt>
      <trkpt lat="30.87899" lon="34.625840000000004">
        <ele>334</ele>
        <time>2020-10-13T09:16:48.084Z</time>
      </trkpt>
      <trkpt lat="30.879140000000003" lon="34.625910000000005">
        <ele>334</ele>
        <time>2020-10-13T09:16:49.084Z</time>
      </trkpt>
      <trkpt lat="30.879250000000003" lon="34.62595">
        <ele>334</ele>
        <time>2020-10-13T09:16:50.084Z</time>
      </trkpt>
      <trkpt lat="30.879410000000004" lon="34.62597">
        <ele>331</ele>
        <time>2020-10-13T09:16:51.084Z</time>
      </trkpt>
      <trkpt lat="30.87946" lon="34.625960000000006">
        <ele>331</ele>
        <time>2020-10-13T09:16:52.084Z</time>
      </trkpt>
      <trkpt lat="30.879590000000004" lon="34.62597">
        <ele>331</ele>
        <time>2020-10-13T09:16:53.084Z</time>
      </trkpt>
      <trkpt lat="30.88012" lon="34.62606">
        <ele>334</ele>
        <time>2020-10-13T09:16:54.084Z</time>
      </trkpt>
      <trkpt lat="30.88023" lon="34.62612">
        <ele>334</ele>
        <time>2020-10-13T09:16:55.084Z</time>
      </trkpt>
      <trkpt lat="30.88031" lon="34.62624">
        <ele>335</ele>
        <time>2020-10-13T09:16:56.084Z</time>
      </trkpt>
      <trkpt lat="30.88041" lon="34.62632">
        <ele>335</ele>
        <time>2020-10-13T09:16:57.084Z</time>
      </trkpt>
      <trkpt lat="30.88061" lon="34.626400000000004">
        <ele>335</ele>
        <time>2020-10-13T09:16:58.084Z</time>
      </trkpt>
      <trkpt lat="30.881000000000004" lon="34.62651">
        <ele>337</ele>
        <time>2020-10-13T09:16:59.084Z</time>
      </trkpt>
      <trkpt lat="30.88134" lon="34.62666">
        <ele>337</ele>
        <time>2020-10-13T09:17:00.084Z</time>
      </trkpt>
      <trkpt lat="30.881570000000004" lon="34.626830000000005">
        <ele>337</ele>
        <time>2020-10-13T09:17:01.084Z</time>
      </trkpt>
      <trkpt lat="30.881760000000003" lon="34.62706">
        <ele>341</ele>
        <time>2020-10-13T09:17:02.084Z</time>
      </trkpt>
      <trkpt lat="30.882250000000003" lon="34.62731">
        <ele>337</ele>
        <time>2020-10-13T09:17:03.084Z</time>
      </trkpt>
      <trkpt lat="30.8823" lon="34.6274">
        <ele>337</ele>
        <time>2020-10-13T09:17:04.084Z</time>
      </trkpt>
      <trkpt lat="30.8823" lon="34.6274">
        <ele>337</ele>
        <time>2020-10-13T09:17:05.084Z</time>
      </trkpt>
      <trkpt lat="30.882340000000003" lon="34.627480000000006">
        <ele>337</ele>
        <time>2020-10-13T09:17:06.084Z</time>
      </trkpt>
      <trkpt lat="30.881890000000002" lon="34.62776">
        <ele>337</ele>
        <time>2020-10-13T09:17:07.084Z</time>
      </trkpt>
      <trkpt lat="30.88164" lon="34.62794">
        <ele>344</ele>
        <time>2020-10-13T09:17:08.084Z</time>
      </trkpt>
      <trkpt lat="30.881570000000004" lon="34.62803">
        <ele>344</ele>
        <time>2020-10-13T09:17:09.084Z</time>
      </trkpt>
      <trkpt lat="30.881550000000004" lon="34.6281">
        <ele>344</ele>
        <time>2020-10-13T09:17:10.084Z</time>
      </trkpt>
      <trkpt lat="30.881550000000004" lon="34.6281">
        <ele>344</ele>
        <time>2020-10-13T09:17:11.084Z</time>
      </trkpt>
      <trkpt lat="30.881570000000004" lon="34.62803">
        <ele>344</ele>
        <time>2020-10-13T09:17:12.084Z</time>
      </trkpt>
      <trkpt lat="30.88164" lon="34.62794">
        <ele>344</ele>
        <time>2020-10-13T09:17:13.084Z</time>
      </trkpt>
      <trkpt lat="30.881890000000002" lon="34.62776">
        <ele>337</ele>
        <time>2020-10-13T09:17:14.084Z</time>
      </trkpt>
      <trkpt lat="30.88379" lon="34.62659">
        <ele>337</ele>
        <time>2020-10-13T09:17:15.084Z</time>
      </trkpt>
      <trkpt lat="30.884290000000004" lon="34.626310000000004">
        <ele>334</ele>
        <time>2020-10-13T09:17:16.084Z</time>
      </trkpt>
      <trkpt lat="30.884490000000003" lon="34.62622">
        <ele>334</ele>
        <time>2020-10-13T09:17:17.084Z</time>
      </trkpt>
      <trkpt lat="30.884690000000003" lon="34.626180000000005">
        <ele>334</ele>
        <time>2020-10-13T09:17:18.084Z</time>
      </trkpt>
      <trkpt lat="30.88491" lon="34.626200000000004">
        <ele>334</ele>
        <time>2020-10-13T09:17:19.084Z</time>
      </trkpt>
      <trkpt lat="30.886120000000002" lon="34.62637">
        <ele>330</ele>
        <time>2020-10-13T09:17:20.084Z</time>
      </trkpt>
      <trkpt lat="30.88632" lon="34.62642">
        <ele>330</ele>
        <time>2020-10-13T09:17:21.084Z</time>
      </trkpt>
      <trkpt lat="30.886480000000002" lon="34.62651">
        <ele>330</ele>
        <time>2020-10-13T09:17:22.084Z</time>
      </trkpt>
      <trkpt lat="30.886830000000003" lon="34.6268">
        <ele>330</ele>
        <time>2020-10-13T09:17:23.084Z</time>
      </trkpt>
      <trkpt lat="30.886920000000003" lon="34.626850000000005">
        <ele>330</ele>
        <time>2020-10-13T09:17:24.084Z</time>
      </trkpt>
      <trkpt lat="30.887130000000003" lon="34.62691">
        <ele>330</ele>
        <time>2020-10-13T09:17:25.084Z</time>
      </trkpt>
      <trkpt lat="30.887230000000002" lon="34.62691">
        <ele>330</ele>
        <time>2020-10-13T09:17:26.084Z</time>
      </trkpt>
      <trkpt lat="30.88801" lon="34.62684">
        <ele>329</ele>
        <time>2020-10-13T09:17:27.084Z</time>
      </trkpt>
      <trkpt lat="30.88866" lon="34.626760000000004">
        <ele>332</ele>
        <time>2020-10-13T09:17:28.084Z</time>
      </trkpt>
      <trkpt lat="30.889350000000004" lon="34.62671">
        <ele>334</ele>
        <time>2020-10-13T09:17:29.084Z</time>
      </trkpt>
      <trkpt lat="30.890040000000003" lon="34.626650000000005">
        <ele>334</ele>
        <time>2020-10-13T09:17:30.084Z</time>
      </trkpt>
      <trkpt lat="30.89063" lon="34.62657">
        <ele>337</ele>
        <time>2020-10-13T09:17:31.084Z</time>
      </trkpt>
      <trkpt lat="30.89092" lon="34.626490000000004">
        <ele>337</ele>
        <time>2020-10-13T09:17:32.084Z</time>
      </trkpt>
      <trkpt lat="30.8912" lon="34.62637">
        <ele>335</ele>
        <time>2020-10-13T09:17:33.084Z</time>
      </trkpt>
      <trkpt lat="30.89513" lon="34.62415">
        <ele>324</ele>
        <time>2020-10-13T09:17:34.084Z</time>
      </trkpt>
      <trkpt lat="30.89562" lon="34.623830000000005">
        <ele>324</ele>
        <time>2020-10-13T09:17:35.084Z</time>
      </trkpt>
      <trkpt lat="30.89598" lon="34.62362">
        <ele>324</ele>
        <time>2020-10-13T09:17:36.084Z</time>
      </trkpt>
      <trkpt lat="30.896220000000003" lon="34.623540000000006">
        <ele>324</ele>
        <time>2020-10-13T09:17:37.084Z</time>
      </trkpt>
      <trkpt lat="30.896330000000003" lon="34.623540000000006">
        <ele>324</ele>
        <time>2020-10-13T09:17:38.084Z</time>
      </trkpt>
      <trkpt lat="30.897230000000004" lon="34.62366">
        <ele>327</ele>
        <time>2020-10-13T09:17:39.084Z</time>
      </trkpt>
      <trkpt lat="30.897720000000003" lon="34.62368">
        <ele>326</ele>
        <time>2020-10-13T09:17:40.084Z</time>
      </trkpt>
      <trkpt lat="30.89993" lon="34.623720000000006">
        <ele>323</ele>
        <time>2020-10-13T09:17:41.084Z</time>
      </trkpt>
      <trkpt lat="30.902610000000003" lon="34.623810000000006">
        <ele>321</ele>
        <time>2020-10-13T09:17:42.084Z</time>
      </trkpt>
      <trkpt lat="30.9048" lon="34.623850000000004">
        <ele>320</ele>
        <time>2020-10-13T09:17:43.084Z</time>
      </trkpt>
      <trkpt lat="30.908780000000004" lon="34.624010000000006">
        <ele>326</ele>
        <time>2020-10-13T09:17:44.084Z</time>
      </trkpt>
      <trkpt lat="30.911340000000003" lon="34.624050000000004">
        <ele>328</ele>
        <time>2020-10-13T09:17:45.084Z</time>
      </trkpt>
      <trkpt lat="30.912930000000003" lon="34.624100000000006">
        <ele>332</ele>
        <time>2020-10-13T09:17:46.084Z</time>
      </trkpt>
      <trkpt lat="30.91325" lon="34.624100000000006">
        <ele>332</ele>
        <time>2020-10-13T09:17:47.084Z</time>
      </trkpt>
      <trkpt lat="30.913760000000003" lon="34.624030000000005">
        <ele>333</ele>
        <time>2020-10-13T09:17:48.084Z</time>
      </trkpt>
      <trkpt lat="30.913760000000003" lon="34.624030000000005">
        <ele>333</ele>
        <time>2020-10-13T09:17:49.084Z</time>
      </trkpt>
      <trkpt lat="30.913890000000002" lon="34.62402">
        <ele>334</ele>
        <time>2020-10-13T09:17:50.084Z</time>
      </trkpt>
      <trkpt lat="30.914520000000003" lon="34.623850000000004">
        <ele>339</ele>
        <time>2020-10-13T09:17:51.084Z</time>
      </trkpt>
      <trkpt lat="30.916230000000002" lon="34.62335">
        <ele>341</ele>
        <time>2020-10-13T09:17:52.084Z</time>
      </trkpt>
      <trkpt lat="30.917440000000003" lon="34.622960000000006">
        <ele>343</ele>
        <time>2020-10-13T09:17:53.084Z</time>
      </trkpt>
      <trkpt lat="30.91908" lon="34.622490000000006">
        <ele>342</ele>
        <time>2020-10-13T09:17:54.084Z</time>
      </trkpt>
      <trkpt lat="30.91946" lon="34.622350000000004">
        <ele>342</ele>
        <time>2020-10-13T09:17:55.084Z</time>
      </trkpt>
      <trkpt lat="30.91973" lon="34.622220000000006">
        <ele>342</ele>
        <time>2020-10-13T09:17:56.084Z</time>
      </trkpt>
      <trkpt lat="30.920160000000003" lon="34.621930000000006">
        <ele>344</ele>
        <time>2020-10-13T09:17:57.084Z</time>
      </trkpt>
      <trkpt lat="30.920520000000003" lon="34.621660000000006">
        <ele>344</ele>
        <time>2020-10-13T09:17:58.084Z</time>
      </trkpt>
      <trkpt lat="30.922190000000004" lon="34.620270000000005">
        <ele>352</ele>
        <time>2020-10-13T09:17:59.084Z</time>
      </trkpt>
      <trkpt lat="30.92254" lon="34.61997">
        <ele>352</ele>
        <time>2020-10-13T09:18:00.084Z</time>
      </trkpt>
      <trkpt lat="30.92301" lon="34.61961">
        <ele>353</ele>
        <time>2020-10-13T09:18:01.084Z</time>
      </trkpt>
      <trkpt lat="30.923650000000002" lon="34.61925">
        <ele>359</ele>
        <time>2020-10-13T09:18:02.084Z</time>
      </trkpt>
      <trkpt lat="30.92451" lon="34.61896">
        <ele>363</ele>
        <time>2020-10-13T09:18:03.084Z</time>
      </trkpt>
      <trkpt lat="30.925100000000004" lon="34.61873">
        <ele>369</ele>
        <time>2020-10-13T09:18:04.084Z</time>
      </trkpt>
      <trkpt lat="30.92564" lon="34.61844">
        <ele>369</ele>
        <time>2020-10-13T09:18:05.084Z</time>
      </trkpt>
      <trkpt lat="30.92602" lon="34.61818">
        <ele>368</ele>
        <time>2020-10-13T09:18:06.084Z</time>
      </trkpt>
      <trkpt lat="30.92629" lon="34.617960000000004">
        <ele>368</ele>
        <time>2020-10-13T09:18:07.084Z</time>
      </trkpt>
      <trkpt lat="30.926530000000003" lon="34.61773">
        <ele>366</ele>
        <time>2020-10-13T09:18:08.084Z</time>
      </trkpt>
      <trkpt lat="30.926890000000004" lon="34.617360000000005">
        <ele>363</ele>
        <time>2020-10-13T09:18:09.084Z</time>
      </trkpt>
      <trkpt lat="30.92967" lon="34.61457">
        <ele>357</ele>
        <time>2020-10-13T09:18:10.084Z</time>
      </trkpt>
      <trkpt lat="30.930260000000004" lon="34.613980000000005">
        <ele>356</ele>
        <time>2020-10-13T09:18:11.084Z</time>
      </trkpt>
      <trkpt lat="30.930370000000003" lon="34.61385">
        <ele>356</ele>
        <time>2020-10-13T09:18:12.084Z</time>
      </trkpt>
      <trkpt lat="30.930570000000003" lon="34.613580000000006">
        <ele>354</ele>
        <time>2020-10-13T09:18:13.084Z</time>
      </trkpt>
      <trkpt lat="30.931" lon="34.61285">
        <ele>358</ele>
        <time>2020-10-13T09:18:14.084Z</time>
      </trkpt>
      <trkpt lat="30.931290000000004" lon="34.61224">
        <ele>358</ele>
        <time>2020-10-13T09:18:15.084Z</time>
      </trkpt>
      <trkpt lat="30.931890000000003" lon="34.610850000000006">
        <ele>355</ele>
        <time>2020-10-13T09:18:16.084Z</time>
      </trkpt>
      <trkpt lat="30.932090000000002" lon="34.61041">
        <ele>355</ele>
        <time>2020-10-13T09:18:17.084Z</time>
      </trkpt>
      <trkpt lat="30.93231" lon="34.61001">
        <ele>352</ele>
        <time>2020-10-13T09:18:18.084Z</time>
      </trkpt>
      <trkpt lat="30.93258" lon="34.609660000000005">
        <ele>357</ele>
        <time>2020-10-13T09:18:19.084Z</time>
      </trkpt>
      <trkpt lat="30.93278" lon="34.609460000000006">
        <ele>351</ele>
        <time>2020-10-13T09:18:20.084Z</time>
      </trkpt>
      <trkpt lat="30.934120000000004" lon="34.608270000000005">
        <ele>347</ele>
        <time>2020-10-13T09:18:21.084Z</time>
      </trkpt>
      <trkpt lat="30.93438" lon="34.60802">
        <ele>355</ele>
        <time>2020-10-13T09:18:22.084Z</time>
      </trkpt>
      <trkpt lat="30.93464" lon="34.607710000000004">
        <ele>346</ele>
        <time>2020-10-13T09:18:23.084Z</time>
      </trkpt>
      <trkpt lat="30.934810000000002" lon="34.60746">
        <ele>346</ele>
        <time>2020-10-13T09:18:24.084Z</time>
      </trkpt>
      <trkpt lat="30.93503" lon="34.607040000000005">
        <ele>346</ele>
        <time>2020-10-13T09:18:25.084Z</time>
      </trkpt>
      <trkpt lat="30.9355" lon="34.60604">
        <ele>345</ele>
        <time>2020-10-13T09:18:26.084Z</time>
      </trkpt>
      <trkpt lat="30.936740000000004" lon="34.60325">
        <ele>340</ele>
        <time>2020-10-13T09:18:27.084Z</time>
      </trkpt>
      <trkpt lat="30.936930000000004" lon="34.60289">
        <ele>340</ele>
        <time>2020-10-13T09:18:28.084Z</time>
      </trkpt>
      <trkpt lat="30.937230000000003" lon="34.602380000000004">
        <ele>336</ele>
        <time>2020-10-13T09:18:29.084Z</time>
      </trkpt>
      <trkpt lat="30.93766" lon="34.60173">
        <ele>334</ele>
        <time>2020-10-13T09:18:30.084Z</time>
      </trkpt>
      <trkpt lat="30.93802" lon="34.60128">
        <ele>334</ele>
        <time>2020-10-13T09:18:31.084Z</time>
      </trkpt>
      <trkpt lat="30.938520000000004" lon="34.600730000000006">
        <ele>331</ele>
        <time>2020-10-13T09:18:32.084Z</time>
      </trkpt>
      <trkpt lat="30.940150000000003" lon="34.59908">
        <ele>328</ele>
        <time>2020-10-13T09:18:33.084Z</time>
      </trkpt>
      <trkpt lat="30.941470000000002" lon="34.5978">
        <ele>327</ele>
        <time>2020-10-13T09:18:34.084Z</time>
      </trkpt>
      <trkpt lat="30.94338" lon="34.59588">
        <ele>326</ele>
        <time>2020-10-13T09:18:35.084Z</time>
      </trkpt>
    </trkseg>
  </trk>
</gpx>