<?xml version="1.0" encoding="UTF-8"?>
<gpx creator="Patrick Hooper" version="1.1" xmlns="http://www.topografix.com/GPX/1/1" xmlns:xsi="http://www.w3.org/2001/XMLSchema-instance" xsi:schemaLocation="http://www.topografix.com/GPX/1/1 http://www.topografix.com/GPX/1/1/gpx.xsd http://www.garmin.com/xmlschemas/GpxExtensions/v3 http://www.garmin.com/xmlschemas/GpxExtensionsv3.xsd http://www.garmin.com/xmlschemas/TrackPointExtension/v1 http://www.garmin.com/xmlschemas/TrackPointExtensionv1.xsd">
  <metadata>
    <name>Activity</name>
  </metadata>
  <trk>
    <name>a</name>
    <trkseg>
      <trkpt lat="31.840383981362862" lon="34.99441729947813">
        <ele>0</ele>
        <time>2026-02-26T15:43:39.711Z</time>
      </trkpt>
      <trkpt lat="31.840383981362862" lon="34.99441729947813">
        <ele>0</ele>
        <time>2026-02-26T15:43:40.711Z</time>
      </trkpt>
      <trkpt lat="31.840383981362862" lon="34.99441729947813">
        <ele>0</ele>
        <time>2026-02-26T15:43:41.711Z</time>
      </trkpt>
      <trkpt lat="31.840383981362862" lon="34.99441729947813">
        <ele>0</ele>
        <time>2026-02-26T15:43:42.711Z</time>
      </trkpt>
      <trkpt lat="31.840383981362862" lon="34.99441729947813">
        <ele>0</ele>
        <time>2026-02-26T15:43:43.711Z</time>
      </trkpt>
      <trkpt lat="31.840383981362862" lon="34.99441729947813">
        <ele>-1</ele>
        <time>2026-02-26T15:43:44.711Z</time>
      </trkpt>
      <trkpt lat="31.840383981362862" lon="34.99441729947813">
        <ele>-1</ele>
        <time>2026-02-26T15:43:45.711Z</time>
      </trkpt>
      <trkpt lat="31.840383981362862" lon="34.99441729947813">
        <ele>-1</ele>
        <time>2026-02-26T15:43:46.711Z</time>
      </trkpt>
      <trkpt lat="31.840383981362862" lon="34.99441729947813">
        <ele>-1</ele>
        <time>2026-02-26T15:43:47.711Z</time>
      </trkpt>
      <trkpt lat="31.840383981362862" lon="34.99441729947813">
        <ele>-1</ele>
        <time>2026-02-26T15:43:48.711Z</time>
      </trkpt>
      <trkpt lat="31.840383981362862" lon="34.99441729947813">
        <ele>-1</ele>
        <time>2026-02-26T15:43:49.711Z</time>
      </trkpt>
      <trkpt lat="31.840383981362862" lon="34.99441729947813">
        <ele>-1</ele>
        <time>2026-02-26T15:43:50.711Z</time>
      </trkpt>
      <trkpt lat="31.840383981362862" lon="34.99441729947813">
        <ele>-1</ele>
        <time>2026-02-26T15:43:51.711Z</time>
      </trkpt>
      <trkpt lat="31.840383981362862" lon="34.99441729947813">
        <ele>-1</ele>
        <time>2026-02-26T15:43:52.711Z</time>
      </trkpt>
      <trkpt lat="31.840383981362862" lon="34.99441729947813">
        <ele>0</ele>
        <time>2026-02-26T15:43:53.711Z</time>
      </trkpt>
      <trkpt lat="31.840383981362862" lon="34.99441729947813">
        <ele>0</ele>
        <time>2026-02-26T15:43:54.711Z</time>
      </trkpt>
      <trkpt lat="31.840383981362862" lon="34.99441729947813">
        <ele>0</ele>
        <time>2026-02-26T15:43:55.711Z</time>
      </trkpt>
      <trkpt lat="31.840383981362862" lon="34.99441729947813">
        <ele>0</ele>
        <time>2026-02-26T15:43:56.711Z</time>
      </trkpt>
      <trkpt lat="31.840383981362862" lon="34.99441729947813">
        <ele>0</ele>
        <time>2026-02-26T15:43:57.711Z</time>
      </trkpt>
      <trkpt lat="31.840383981362862" lon="34.99441729947813">
        <ele>-1</ele>
        <time>2026-02-26T15:43:58.711Z</time>
      </trkpt>
      <trkpt lat="31.840383981362862" lon="34.99441729947813">
        <ele>-1</ele>
        <time>2026-02-26T15:43:59.711Z</time>
      </trkpt>
      <trkpt lat="31.840383981362862" lon="34.99441729947813">
        <ele>260</ele>
        <time>2026-02-26T15:44:00.711Z</time>
      </trkpt>
      <trkpt lat="31.8394071215033" lon="34.99355150091449">
        <ele>276.5</ele>
        <time>2026-02-26T15:44:01.711Z</time>
      </trkpt>
      <trkpt lat="31.8394071215033" lon="34.99355150091449">
        <ele>-1</ele>
        <time>2026-02-26T15:44:02.711Z</time>
      </trkpt>
      <trkpt lat="31.8394071215033" lon="34.99355150091449">
        <ele>-1</ele>
        <time>2026-02-26T15:44:03.711Z</time>
      </trkpt>
      <trkpt lat="31.8394071215033" lon="34.99355150091449">
        <ele>-1</ele>
        <time>2026-02-26T15:44:04.711Z</time>
      </trkpt>
      <trkpt lat="31.8394071215033" lon="34.99355150091449">
        <ele>-1</ele>
        <time>2026-02-26T15:44:05.711Z</time>
      </trkpt>
      <trkpt lat="31.8394071215033" lon="34.99355150091449">
        <ele>-1</ele>
        <time>2026-02-26T15:44:06.711Z</time>
      </trkpt>
      <trkpt lat="31.8394071215033" lon="34.99355150091449">
        <ele>0</ele>
        <time>2026-02-26T15:44:07.711Z</time>
      </trkpt>
      <trkpt lat="31.8394071215033" lon="34.99355150091449">
        <ele>0</ele>
        <time>2026-02-26T15:44:08.711Z</time>
      </trkpt>
      <trkpt lat="31.8394071215033" lon="34.99355150091449">
        <ele>0</ele>
        <time>2026-02-26T15:44:09.711Z</time>
      </trkpt>
      <trkpt lat="31.8394071215033" lon="34.99355150091449">
        <ele>0</ele>
        <time>2026-02-26T15:44:10.711Z</time>
      </trkpt>
      <trkpt lat="31.8394071215033" lon="34.99355150091449">
        <ele>0</ele>
        <time>2026-02-26T15:44:11.711Z</time>
      </trkpt>
      <trkpt lat="31.8394071215033" lon="34.99355150091449">
        <ele>-1</ele>
        <time>2026-02-26T15:44:12.711Z</time>
      </trkpt>
      <trkpt lat="31.8394071215033" lon="34.99355150091449">
        <ele>-1</ele>
        <time>2026-02-26T15:44:13.711Z</time>
      </trkpt>
      <trkpt lat="31.8394071215033" lon="34.99355150091449">
        <ele>276.5</ele>
        <time>2026-02-26T15:44:14.711Z</time>
      </trkpt>
      <trkpt lat="31.8394071215033" lon="34.99355150091449">
        <ele>-1</ele>
        <time>2026-02-26T15:44:15.711Z</time>
      </trkpt>
      <trkpt lat="31.8394071215033" lon="34.99355150091449">
        <ele>-1</ele>
        <time>2026-02-26T15:44:16.711Z</time>
      </trkpt>
      <trkpt lat="31.838981896921652" lon="34.993253882657285">
        <ele>274</ele>
        <time>2026-02-26T15:44:17.711Z</time>
      </trkpt>
      <trkpt lat="31.838981896921652" lon="34.993253882657285">
        <ele>-1</ele>
        <time>2026-02-26T15:44:18.711Z</time>
      </trkpt>
      <trkpt lat="31.838981896921652" lon="34.993253882657285">
        <ele>-1</ele>
        <time>2026-02-26T15:44:19.711Z</time>
      </trkpt>
      <trkpt lat="31.838981896921652" lon="34.993253882657285">
        <ele>-1</ele>
        <time>2026-02-26T15:44:20.711Z</time>
      </trkpt>
      <trkpt lat="31.838981896921652" lon="34.993253882657285">
        <ele>0</ele>
        <time>2026-02-26T15:44:21.711Z</time>
      </trkpt>
      <trkpt lat="31.838981896921652" lon="34.993253882657285">
        <ele>0</ele>
        <time>2026-02-26T15:44:22.711Z</time>
      </trkpt>
      <trkpt lat="31.838981896921652" lon="34.993253882657285">
        <ele>0</ele>
        <time>2026-02-26T15:44:23.711Z</time>
      </trkpt>
      <trkpt lat="31.838981896921652" lon="34.993253882657285">
        <ele>0</ele>
        <time>2026-02-26T15:44:24.711Z</time>
      </trkpt>
      <trkpt lat="31.838981896921652" lon="34.993253882657285">
        <ele>0</ele>
        <time>2026-02-26T15:44:25.711Z</time>
      </trkpt>
      <trkpt lat="31.838981896921652" lon="34.993253882657285">
        <ele>-1</ele>
        <time>2026-02-26T15:44:26.711Z</time>
      </trkpt>
      <trkpt lat="31.838981896921652" lon="34.993253882657285">
        <ele>-1</ele>
        <time>2026-02-26T15:44:27.711Z</time>
      </trkpt>
      <trkpt lat="31.838981896921652" lon="34.993253882657285">
        <ele>-1</ele>
        <time>2026-02-26T15:44:28.711Z</time>
      </trkpt>
      <trkpt lat="31.838981896921652" lon="34.993253882657285">
        <ele>-1</ele>
        <time>2026-02-26T15:44:29.711Z</time>
      </trkpt>
      <trkpt lat="31.838981896921652" lon="34.993253882657285">
        <ele>274</ele>
        <time>2026-02-26T15:44:30.711Z</time>
      </trkpt>
      <trkpt lat="31.838981896921652" lon="34.993253882657285">
        <ele>-1</ele>
        <time>2026-02-26T15:44:31.711Z</time>
      </trkpt>
      <trkpt lat="31.838269354039937" lon="34.99313212973422">
        <ele>271</ele>
        <time>2026-02-26T15:44:32.711Z</time>
      </trkpt>
      <trkpt lat="31.838269354039937" lon="34.99313212973422">
        <ele>-1</ele>
        <time>2026-02-26T15:44:33.711Z</time>
      </trkpt>
      <trkpt lat="31.838269354039937" lon="34.99313212973422">
        <ele>-1</ele>
        <time>2026-02-26T15:44:34.711Z</time>
      </trkpt>
      <trkpt lat="31.838269354039937" lon="34.99313212973422">
        <ele>0</ele>
        <time>2026-02-26T15:44:35.711Z</time>
      </trkpt>
      <trkpt lat="31.838269354039937" lon="34.99313212973422">
        <ele>0</ele>
        <time>2026-02-26T15:44:36.711Z</time>
      </trkpt>
      <trkpt lat="31.838269354039937" lon="34.99313212973422">
        <ele>0</ele>
        <time>2026-02-26T15:44:37.711Z</time>
      </trkpt>
      <trkpt lat="31.838269354039937" lon="34.99313212973422">
        <ele>0</ele>
        <time>2026-02-26T15:44:38.711Z</time>
      </trkpt>
      <trkpt lat="31.838269354039937" lon="34.99313212973422">
        <ele>0</ele>
        <time>2026-02-26T15:44:39.711Z</time>
      </trkpt>
      <trkpt lat="31.838269354039937" lon="34.99313212973422">
        <ele>-1</ele>
        <time>2026-02-26T15:44:40.711Z</time>
      </trkpt>
      <trkpt lat="31.838269354039937" lon="34.99313212973422">
        <ele>-1</ele>
        <time>2026-02-26T15:44:41.711Z</time>
      </trkpt>
      <trkpt lat="31.838269354039937" lon="34.99313212973422">
        <ele>-1</ele>
        <time>2026-02-26T15:44:42.711Z</time>
      </trkpt>
      <trkpt lat="31.838269354039937" lon="34.99313212973422">
        <ele>-1</ele>
        <time>2026-02-26T15:44:43.711Z</time>
      </trkpt>
      <trkpt lat="31.838269354039937" lon="34.99313212973422">
        <ele>-1</ele>
        <time>2026-02-26T15:44:44.711Z</time>
      </trkpt>
      <trkpt lat="31.838269354039937" lon="34.99313212973422">
        <ele>-1</ele>
        <time>2026-02-26T15:44:45.711Z</time>
      </trkpt>
      <trkpt lat="31.838269354039937" lon="34.99313212973422">
        <ele>-1</ele>
        <time>2026-02-26T15:44:46.711Z</time>
      </trkpt>
      <trkpt lat="31.838269354039937" lon="34.99313212973422">
        <ele>-1</ele>
        <time>2026-02-26T15:44:47.711Z</time>
      </trkpt>
      <trkpt lat="31.838269354039937" lon="34.99313212973422">
        <ele>271</ele>
        <time>2026-02-26T15:44:48.711Z</time>
      </trkpt>
      <trkpt lat="31.838269354039937" lon="34.99313212973422">
        <ele>0</ele>
        <time>2026-02-26T15:44:49.711Z</time>
      </trkpt>
      <trkpt lat="31.838269354039937" lon="34.99313212973422">
        <ele>0</ele>
        <time>2026-02-26T15:44:50.711Z</time>
      </trkpt>
      <trkpt lat="31.838269354039937" lon="34.99313212973422">
        <ele>0</ele>
        <time>2026-02-26T15:44:51.711Z</time>
      </trkpt>
      <trkpt lat="31.838269354039937" lon="34.99313212973422">
        <ele>0</ele>
        <time>2026-02-26T15:44:52.711Z</time>
      </trkpt>
      <trkpt lat="31.838269354039937" lon="34.99313212973422">
        <ele>0</ele>
        <time>2026-02-26T15:44:53.711Z</time>
      </trkpt>
      <trkpt lat="31.83768322593221" lon="34.99322682645254">
        <ele>271</ele>
        <time>2026-02-26T15:44:54.711Z</time>
      </trkpt>
      <trkpt lat="31.83768322593221" lon="34.99322682645254">
        <ele>-1</ele>
        <time>2026-02-26T15:44:55.711Z</time>
      </trkpt>
      <trkpt lat="31.83768322593221" lon="34.99322682645254">
        <ele>-1</ele>
        <time>2026-02-26T15:44:56.711Z</time>
      </trkpt>
      <trkpt lat="31.83768322593221" lon="34.99322682645254">
        <ele>-1</ele>
        <time>2026-02-26T15:44:57.711Z</time>
      </trkpt>
      <trkpt lat="31.83768322593221" lon="34.99322682645254">
        <ele>-1</ele>
        <time>2026-02-26T15:44:58.711Z</time>
      </trkpt>
      <trkpt lat="31.83768322593221" lon="34.99322682645254">
        <ele>-1</ele>
        <time>2026-02-26T15:44:59.711Z</time>
      </trkpt>
      <trkpt lat="31.83768322593221" lon="34.99322682645254">
        <ele>-1</ele>
        <time>2026-02-26T15:45:00.711Z</time>
      </trkpt>
      <trkpt lat="31.83768322593221" lon="34.99322682645254">
        <ele>-1</ele>
        <time>2026-02-26T15:45:01.711Z</time>
      </trkpt>
      <trkpt lat="31.83768322593221" lon="34.99322682645254">
        <ele>271</ele>
        <time>2026-02-26T15:45:02.711Z</time>
      </trkpt>
      <trkpt lat="31.83768322593221" lon="34.99322682645254">
        <ele>0</ele>
        <time>2026-02-26T15:45:03.711Z</time>
      </trkpt>
      <trkpt lat="31.83768322593221" lon="34.99322682645254">
        <ele>0</ele>
        <time>2026-02-26T15:45:04.711Z</time>
      </trkpt>
      <trkpt lat="31.83768322593221" lon="34.99322682645254">
        <ele>0</ele>
        <time>2026-02-26T15:45:05.711Z</time>
      </trkpt>
      <trkpt lat="31.83768322593221" lon="34.99322682645254">
        <ele>0</ele>
        <time>2026-02-26T15:45:06.711Z</time>
      </trkpt>
      <trkpt lat="31.83768322593221" lon="34.99322682645254">
        <ele>0</ele>
        <time>2026-02-26T15:45:07.711Z</time>
      </trkpt>
      <trkpt lat="31.83768322593221" lon="34.99322682645254">
        <ele>-1</ele>
        <time>2026-02-26T15:45:08.711Z</time>
      </trkpt>
      <trkpt lat="31.83768322593221" lon="34.99322682645254">
        <ele>-1</ele>
        <time>2026-02-26T15:45:09.711Z</time>
      </trkpt>
      <trkpt lat="31.83768322593221" lon="34.99322682645254">
        <ele>-1</ele>
        <time>2026-02-26T15:45:10.711Z</time>
      </trkpt>
      <trkpt lat="31.837085601282567" lon="34.99306448922235">
        <ele>272</ele>
        <time>2026-02-26T15:45:11.711Z</time>
      </trkpt>
      <trkpt lat="31.837085601282567" lon="34.99306448922235">
        <ele>-1</ele>
        <time>2026-02-26T15:45:12.711Z</time>
      </trkpt>
      <trkpt lat="31.837085601282567" lon="34.99306448922235">
        <ele>-1</ele>
        <time>2026-02-26T15:45:13.711Z</time>
      </trkpt>
      <trkpt lat="31.837085601282567" lon="34.99306448922235">
        <ele>-1</ele>
        <time>2026-02-26T15:45:14.711Z</time>
      </trkpt>
      <trkpt lat="31.837085601282567" lon="34.99306448922235">
        <ele>-1</ele>
        <time>2026-02-26T15:45:15.711Z</time>
      </trkpt>
      <trkpt lat="31.837085601282567" lon="34.99306448922235">
        <ele>-1</ele>
        <time>2026-02-26T15:45:16.711Z</time>
      </trkpt>
      <trkpt lat="31.837085601282567" lon="34.99306448922235">
        <ele>0</ele>
        <time>2026-02-26T15:45:17.711Z</time>
      </trkpt>
      <trkpt lat="31.837085601282567" lon="34.99306448922235">
        <ele>0</ele>
        <time>2026-02-26T15:45:18.711Z</time>
      </trkpt>
      <trkpt lat="31.837085601282567" lon="34.99306448922235">
        <ele>0</ele>
        <time>2026-02-26T15:45:19.711Z</time>
      </trkpt>
      <trkpt lat="31.837085601282567" lon="34.99306448922235">
        <ele>0</ele>
        <time>2026-02-26T15:45:20.711Z</time>
      </trkpt>
      <trkpt lat="31.837085601282567" lon="34.99306448922235">
        <ele>0</ele>
        <time>2026-02-26T15:45:21.711Z</time>
      </trkpt>
      <trkpt lat="31.837085601282567" lon="34.99306448922235">
        <ele>-1</ele>
        <time>2026-02-26T15:45:22.711Z</time>
      </trkpt>
      <trkpt lat="31.837085601282567" lon="34.99306448922235">
        <ele>-1</ele>
        <time>2026-02-26T15:45:23.711Z</time>
      </trkpt>
      <trkpt lat="31.837085601282567" lon="34.99306448922235">
        <ele>272</ele>
        <time>2026-02-26T15:45:24.711Z</time>
      </trkpt>
      <trkpt lat="31.836660366002306" lon="34.992902151990535">
        <ele>276</ele>
        <time>2026-02-26T15:45:25.711Z</time>
      </trkpt>
      <trkpt lat="31.836660366002306" lon="34.992902151990535">
        <ele>-1</ele>
        <time>2026-02-26T15:45:26.711Z</time>
      </trkpt>
      <trkpt lat="31.836660366002306" lon="34.992902151990535">
        <ele>-1</ele>
        <time>2026-02-26T15:45:27.711Z</time>
      </trkpt>
      <trkpt lat="31.836660366002306" lon="34.992902151990535">
        <ele>-1</ele>
        <time>2026-02-26T15:45:28.711Z</time>
      </trkpt>
      <trkpt lat="31.836660366002306" lon="34.992902151990535">
        <ele>-1</ele>
        <time>2026-02-26T15:45:29.711Z</time>
      </trkpt>
      <trkpt lat="31.836660366002306" lon="34.992902151990535">
        <ele>-1</ele>
        <time>2026-02-26T15:45:30.711Z</time>
      </trkpt>
      <trkpt lat="31.836660366002306" lon="34.992902151990535">
        <ele>0</ele>
        <time>2026-02-26T15:45:31.711Z</time>
      </trkpt>
      <trkpt lat="31.836660366002306" lon="34.992902151990535">
        <ele>0</ele>
        <time>2026-02-26T15:45:32.711Z</time>
      </trkpt>
      <trkpt lat="31.836660366002306" lon="34.992902151990535">
        <ele>0</ele>
        <time>2026-02-26T15:45:33.711Z</time>
      </trkpt>
      <trkpt lat="31.836660366002306" lon="34.992902151990535">
        <ele>0</ele>
        <time>2026-02-26T15:45:34.711Z</time>
      </trkpt>
      <trkpt lat="31.836660366002306" lon="34.992902151990535">
        <ele>0</ele>
        <time>2026-02-26T15:45:35.711Z</time>
      </trkpt>
      <trkpt lat="31.836660366002306" lon="34.992902151990535">
        <ele>-1</ele>
        <time>2026-02-26T15:45:36.711Z</time>
      </trkpt>
      <trkpt lat="31.836660366002306" lon="34.992902151990535">
        <ele>-1</ele>
        <time>2026-02-26T15:45:37.711Z</time>
      </trkpt>
      <trkpt lat="31.836660366002306" lon="34.992902151990535">
        <ele>-1</ele>
        <time>2026-02-26T15:45:38.711Z</time>
      </trkpt>
      <trkpt lat="31.836660366002306" lon="34.992902151990535">
        <ele>-1</ele>
        <time>2026-02-26T15:45:39.711Z</time>
      </trkpt>
      <trkpt lat="31.836660366002306" lon="34.992902151990535">
        <ele>-1</ele>
        <time>2026-02-26T15:45:40.711Z</time>
      </trkpt>
      <trkpt lat="31.836660366002306" lon="34.992902151990535">
        <ele>276</ele>
        <time>2026-02-26T15:45:41.711Z</time>
      </trkpt>
      <trkpt lat="31.836878730310545" lon="34.99176579137608">
        <ele>271</ele>
        <time>2026-02-26T15:45:42.711Z</time>
      </trkpt>
      <trkpt lat="31.836878730310545" lon="34.99176579137608">
        <ele>-1</ele>
        <time>2026-02-26T15:45:43.711Z</time>
      </trkpt>
      <trkpt lat="31.836878730310545" lon="34.99176579137608">
        <ele>-1</ele>
        <time>2026-02-26T15:45:44.711Z</time>
      </trkpt>
      <trkpt lat="31.836878730310545" lon="34.99176579137608">
        <ele>0</ele>
        <time>2026-02-26T15:45:45.711Z</time>
      </trkpt>
      <trkpt lat="31.836878730310545" lon="34.99176579137608">
        <ele>0</ele>
        <time>2026-02-26T15:45:46.711Z</time>
      </trkpt>
      <trkpt lat="31.836878730310545" lon="34.99176579137608">
        <ele>0</ele>
        <time>2026-02-26T15:45:47.711Z</time>
      </trkpt>
      <trkpt lat="31.836878730310545" lon="34.99176579137608">
        <ele>0</ele>
        <time>2026-02-26T15:45:48.711Z</time>
      </trkpt>
      <trkpt lat="31.836878730310545" lon="34.99176579137608">
        <ele>0</ele>
        <time>2026-02-26T15:45:49.711Z</time>
      </trkpt>
      <trkpt lat="31.836878730310545" lon="34.99176579137608">
        <ele>-1</ele>
        <time>2026-02-26T15:45:50.711Z</time>
      </trkpt>
      <trkpt lat="31.836878730310545" lon="34.99176579137608">
        <ele>-1</ele>
        <time>2026-02-26T15:45:51.711Z</time>
      </trkpt>
      <trkpt lat="31.836878730310545" lon="34.99176579137608">
        <ele>-1</ele>
        <time>2026-02-26T15:45:52.711Z</time>
      </trkpt>
      <trkpt lat="31.836878730310545" lon="34.99176579137608">
        <ele>-1</ele>
        <time>2026-02-26T15:45:53.711Z</time>
      </trkpt>
      <trkpt lat="31.836878730310545" lon="34.99176579137608">
        <ele>-1</ele>
        <time>2026-02-26T15:45:54.711Z</time>
      </trkpt>
      <trkpt lat="31.836878730310545" lon="34.99176579137608">
        <ele>271</ele>
        <time>2026-02-26T15:45:55.711Z</time>
      </trkpt>
      <trkpt lat="31.836878730310545" lon="34.99176579137608">
        <ele>-1</ele>
        <time>2026-02-26T15:45:56.711Z</time>
      </trkpt>
      <trkpt lat="31.836878730310545" lon="34.99176579137608">
        <ele>-1</ele>
        <time>2026-02-26T15:45:57.711Z</time>
      </trkpt>
      <trkpt lat="31.837223515006954" lon="34.99106233004426">
        <ele>267</ele>
        <time>2026-02-26T15:45:58.711Z</time>
      </trkpt>
      <trkpt lat="31.837223515006954" lon="34.99106233004426">
        <ele>0</ele>
        <time>2026-02-26T15:45:59.711Z</time>
      </trkpt>
      <trkpt lat="31.837223515006954" lon="34.99106233004426">
        <ele>0</ele>
        <time>2026-02-26T15:46:00.711Z</time>
      </trkpt>
      <trkpt lat="31.837223515006954" lon="34.99106233004426">
        <ele>0</ele>
        <time>2026-02-26T15:46:01.711Z</time>
      </trkpt>
      <trkpt lat="31.837223515006954" lon="34.99106233004426">
        <ele>0</ele>
        <time>2026-02-26T15:46:02.711Z</time>
      </trkpt>
      <trkpt lat="31.837223515006954" lon="34.99106233004426">
        <ele>0</ele>
        <time>2026-02-26T15:46:03.711Z</time>
      </trkpt>
      <trkpt lat="31.837223515006954" lon="34.99106233004426">
        <ele>-1</ele>
        <time>2026-02-26T15:46:04.711Z</time>
      </trkpt>
      <trkpt lat="31.837223515006954" lon="34.99106233004426">
        <ele>-1</ele>
        <time>2026-02-26T15:46:05.711Z</time>
      </trkpt>
      <trkpt lat="31.837223515006954" lon="34.99106233004426">
        <ele>-1</ele>
        <time>2026-02-26T15:46:06.711Z</time>
      </trkpt>
      <trkpt lat="31.837223515006954" lon="34.99106233004426">
        <ele>-1</ele>
        <time>2026-02-26T15:46:07.711Z</time>
      </trkpt>
      <trkpt lat="31.837223515006954" lon="34.99106233004426">
        <ele>-1</ele>
        <time>2026-02-26T15:46:08.711Z</time>
      </trkpt>
      <trkpt lat="31.837223515006954" lon="34.99106233004426">
        <ele>-1</ele>
        <time>2026-02-26T15:46:09.711Z</time>
      </trkpt>
      <trkpt lat="31.837223515006954" lon="34.99106233004426">
        <ele>-1</ele>
        <time>2026-02-26T15:46:10.711Z</time>
      </trkpt>
      <trkpt lat="31.837223515006954" lon="34.99106233004426">
        <ele>-1</ele>
        <time>2026-02-26T15:46:11.711Z</time>
      </trkpt>
      <trkpt lat="31.837223515006954" lon="34.99106233004426">
        <ele>267</ele>
        <time>2026-02-26T15:46:12.711Z</time>
      </trkpt>
      <trkpt lat="31.837223515006954" lon="34.99106233004426">
        <ele>0</ele>
        <time>2026-02-26T15:46:13.711Z</time>
      </trkpt>
      <trkpt lat="31.837223515006954" lon="34.99106233004426">
        <ele>0</ele>
        <time>2026-02-26T15:46:14.711Z</time>
      </trkpt>
      <trkpt lat="31.837223515006954" lon="34.99106233004426">
        <ele>0</ele>
        <time>2026-02-26T15:46:15.711Z</time>
      </trkpt>
      <trkpt lat="31.837223515006954" lon="34.99106233004426">
        <ele>0</ele>
        <time>2026-02-26T15:46:16.711Z</time>
      </trkpt>
      <trkpt lat="31.837223515006954" lon="34.99106233004426">
        <ele>0</ele>
        <time>2026-02-26T15:46:17.711Z</time>
      </trkpt>
      <trkpt lat="31.837591283930223" lon="34.990791767991766">
        <ele>264.5</ele>
        <time>2026-02-26T15:46:18.711Z</time>
      </trkpt>
      <trkpt lat="31.837591283930223" lon="34.990791767991766">
        <ele>-1</ele>
        <time>2026-02-26T15:46:19.711Z</time>
      </trkpt>
      <trkpt lat="31.837591283930223" lon="34.990791767991766">
        <ele>-1</ele>
        <time>2026-02-26T15:46:20.711Z</time>
      </trkpt>
      <trkpt lat="31.837591283930223" lon="34.990791767991766">
        <ele>-1</ele>
        <time>2026-02-26T15:46:21.711Z</time>
      </trkpt>
      <trkpt lat="31.837591283930223" lon="34.990791767991766">
        <ele>-1</ele>
        <time>2026-02-26T15:46:22.711Z</time>
      </trkpt>
      <trkpt lat="31.837591283930223" lon="34.990791767991766">
        <ele>-1</ele>
        <time>2026-02-26T15:46:23.711Z</time>
      </trkpt>
      <trkpt lat="31.837591283930223" lon="34.990791767991766">
        <ele>-1</ele>
        <time>2026-02-26T15:46:24.711Z</time>
      </trkpt>
      <trkpt lat="31.837591283930223" lon="34.990791767991766">
        <ele>-1</ele>
        <time>2026-02-26T15:46:25.711Z</time>
      </trkpt>
      <trkpt lat="31.837591283930223" lon="34.990791767991766">
        <ele>-1</ele>
        <time>2026-02-26T15:46:26.711Z</time>
      </trkpt>
      <trkpt lat="31.837591283930223" lon="34.990791767991766">
        <ele>0</ele>
        <time>2026-02-26T15:46:27.711Z</time>
      </trkpt>
      <trkpt lat="31.837591283930223" lon="34.990791767991766">
        <ele>0</ele>
        <time>2026-02-26T15:46:28.711Z</time>
      </trkpt>
      <trkpt lat="31.837591283930223" lon="34.990791767991766">
        <ele>0</ele>
        <time>2026-02-26T15:46:29.711Z</time>
      </trkpt>
      <trkpt lat="31.837591283930223" lon="34.990791767991766">
        <ele>0</ele>
        <time>2026-02-26T15:46:30.711Z</time>
      </trkpt>
      <trkpt lat="31.837591283930223" lon="34.990791767991766">
        <ele>0</ele>
        <time>2026-02-26T15:46:31.711Z</time>
      </trkpt>
      <trkpt lat="31.837591283930223" lon="34.990791767991766">
        <ele>-1</ele>
        <time>2026-02-26T15:46:32.711Z</time>
      </trkpt>
      <trkpt lat="31.837591283930223" lon="34.990791767991766">
        <ele>264.5</ele>
        <time>2026-02-26T15:46:33.711Z</time>
      </trkpt>
      <trkpt lat="31.837591283930223" lon="34.990791767991766">
        <ele>-1</ele>
        <time>2026-02-26T15:46:34.711Z</time>
      </trkpt>
      <trkpt lat="31.837798153305513" lon="34.99058884645453">
        <ele>264.5</ele>
        <time>2026-02-26T15:46:35.711Z</time>
      </trkpt>
      <trkpt lat="31.837798153305513" lon="34.99058884645453">
        <ele>-1</ele>
        <time>2026-02-26T15:46:36.711Z</time>
      </trkpt>
      <trkpt lat="31.837798153305513" lon="34.99058884645453">
        <ele>-1</ele>
        <time>2026-02-26T15:46:37.711Z</time>
      </trkpt>
      <trkpt lat="31.837798153305513" lon="34.99058884645453">
        <ele>-1</ele>
        <time>2026-02-26T15:46:38.711Z</time>
      </trkpt>
      <trkpt lat="31.837798153305513" lon="34.99058884645453">
        <ele>-1</ele>
        <time>2026-02-26T15:46:39.711Z</time>
      </trkpt>
      <trkpt lat="31.837798153305513" lon="34.99058884645453">
        <ele>-1</ele>
        <time>2026-02-26T15:46:40.711Z</time>
      </trkpt>
      <trkpt lat="31.837798153305513" lon="34.99058884645453">
        <ele>0</ele>
        <time>2026-02-26T15:46:41.711Z</time>
      </trkpt>
      <trkpt lat="31.837798153305513" lon="34.99058884645453">
        <ele>0</ele>
        <time>2026-02-26T15:46:42.711Z</time>
      </trkpt>
      <trkpt lat="31.837798153305513" lon="34.99058884645453">
        <ele>0</ele>
        <time>2026-02-26T15:46:43.711Z</time>
      </trkpt>
      <trkpt lat="31.837798153305513" lon="34.99058884645453">
        <ele>0</ele>
        <time>2026-02-26T15:46:44.711Z</time>
      </trkpt>
      <trkpt lat="31.837798153305513" lon="34.99058884645453">
        <ele>0</ele>
        <time>2026-02-26T15:46:45.711Z</time>
      </trkpt>
      <trkpt lat="31.837798153305513" lon="34.99058884645453">
        <ele>-1</ele>
        <time>2026-02-26T15:46:46.711Z</time>
      </trkpt>
      <trkpt lat="31.837798153305513" lon="34.99058884645453">
        <ele>-1</ele>
        <time>2026-02-26T15:46:47.711Z</time>
      </trkpt>
      <trkpt lat="31.837798153305513" lon="34.99058884645453">
        <ele>264.5</ele>
        <time>2026-02-26T15:46:48.711Z</time>
      </trkpt>
      <trkpt lat="31.837798153305513" lon="34.99058884645453">
        <ele>-1</ele>
        <time>2026-02-26T15:46:49.711Z</time>
      </trkpt>
      <trkpt lat="31.837798153305513" lon="34.99058884645453">
        <ele>-1</ele>
        <time>2026-02-26T15:46:50.711Z</time>
      </trkpt>
      <trkpt lat="31.837867109660607" lon="34.99015594717187">
        <ele>262</ele>
        <time>2026-02-26T15:46:51.711Z</time>
      </trkpt>
      <trkpt lat="31.837867109660607" lon="34.99015594717187">
        <ele>-1</ele>
        <time>2026-02-26T15:46:52.711Z</time>
      </trkpt>
      <trkpt lat="31.837867109660607" lon="34.99015594717187">
        <ele>-1</ele>
        <time>2026-02-26T15:46:53.711Z</time>
      </trkpt>
      <trkpt lat="31.837867109660607" lon="34.99015594717187">
        <ele>-1</ele>
        <time>2026-02-26T15:46:54.711Z</time>
      </trkpt>
      <trkpt lat="31.837867109660607" lon="34.99015594717187">
        <ele>0</ele>
        <time>2026-02-26T15:46:55.711Z</time>
      </trkpt>
      <trkpt lat="31.837867109660607" lon="34.99015594717187">
        <ele>0</ele>
        <time>2026-02-26T15:46:56.711Z</time>
      </trkpt>
      <trkpt lat="31.837867109660607" lon="34.99015594717187">
        <ele>0</ele>
        <time>2026-02-26T15:46:57.711Z</time>
      </trkpt>
      <trkpt lat="31.837867109660607" lon="34.99015594717187">
        <ele>0</ele>
        <time>2026-02-26T15:46:58.711Z</time>
      </trkpt>
      <trkpt lat="31.837867109660607" lon="34.99015594717187">
        <ele>0</ele>
        <time>2026-02-26T15:46:59.711Z</time>
      </trkpt>
      <trkpt lat="31.837867109660607" lon="34.99015594717187">
        <ele>-1</ele>
        <time>2026-02-26T15:47:00.711Z</time>
      </trkpt>
      <trkpt lat="31.837867109660607" lon="34.99015594717187">
        <ele>-1</ele>
        <time>2026-02-26T15:47:01.711Z</time>
      </trkpt>
      <trkpt lat="31.837867109660607" lon="34.99015594717187">
        <ele>-1</ele>
        <time>2026-02-26T15:47:02.711Z</time>
      </trkpt>
      <trkpt lat="31.837867109660607" lon="34.99015594717187">
        <ele>-1</ele>
        <time>2026-02-26T15:47:03.711Z</time>
      </trkpt>
      <trkpt lat="31.837867109660607" lon="34.99015594717187">
        <ele>262</ele>
        <time>2026-02-26T15:47:04.711Z</time>
      </trkpt>
      <trkpt lat="31.837867109660607" lon="34.99015594717187">
        <ele>-1</ele>
        <time>2026-02-26T15:47:05.711Z</time>
      </trkpt>
      <trkpt lat="31.83741889243015" lon="34.98960129496783">
        <ele>271</ele>
        <time>2026-02-26T15:47:06.711Z</time>
      </trkpt>
      <trkpt lat="31.83741889243015" lon="34.98960129496783">
        <ele>-1</ele>
        <time>2026-02-26T15:47:07.711Z</time>
      </trkpt>
      <trkpt lat="31.83741889243015" lon="34.98960129496783">
        <ele>-1</ele>
        <time>2026-02-26T15:47:08.711Z</time>
      </trkpt>
      <trkpt lat="31.83741889243015" lon="34.98960129496783">
        <ele>0</ele>
        <time>2026-02-26T15:47:09.711Z</time>
      </trkpt>
      <trkpt lat="31.83741889243015" lon="34.98960129496783">
        <ele>0</ele>
        <time>2026-02-26T15:47:10.711Z</time>
      </trkpt>
      <trkpt lat="31.83741889243015" lon="34.98960129496783">
        <ele>0</ele>
        <time>2026-02-26T15:47:11.711Z</time>
      </trkpt>
      <trkpt lat="31.83741889243015" lon="34.98960129496783">
        <ele>0</ele>
        <time>2026-02-26T15:47:12.711Z</time>
      </trkpt>
      <trkpt lat="31.83741889243015" lon="34.98960129496783">
        <ele>0</ele>
        <time>2026-02-26T15:47:13.711Z</time>
      </trkpt>
      <trkpt lat="31.83741889243015" lon="34.98960129496783">
        <ele>-1</ele>
        <time>2026-02-26T15:47:14.711Z</time>
      </trkpt>
      <trkpt lat="31.83741889243015" lon="34.98960129496783">
        <ele>-1</ele>
        <time>2026-02-26T15:47:15.711Z</time>
      </trkpt>
      <trkpt lat="31.83741889243015" lon="34.98960129496783">
        <ele>-1</ele>
        <time>2026-02-26T15:47:16.711Z</time>
      </trkpt>
      <trkpt lat="31.83741889243015" lon="34.98960129496783">
        <ele>-1</ele>
        <time>2026-02-26T15:47:17.711Z</time>
      </trkpt>
      <trkpt lat="31.83741889243015" lon="34.98960129496783">
        <ele>-1</ele>
        <time>2026-02-26T15:47:18.711Z</time>
      </trkpt>
      <trkpt lat="31.83741889243015" lon="34.98960129496783">
        <ele>-1</ele>
        <time>2026-02-26T15:47:19.711Z</time>
      </trkpt>
      <trkpt lat="31.83741889243015" lon="34.98960129496783">
        <ele>-1</ele>
        <time>2026-02-26T15:47:20.711Z</time>
      </trkpt>
      <trkpt lat="31.83741889243015" lon="34.98960129496783">
        <ele>271</ele>
        <time>2026-02-26T15:47:21.711Z</time>
      </trkpt>
      <trkpt lat="31.836798280362245" lon="34.98924956430116">
        <ele>274</ele>
        <time>2026-02-26T15:47:22.711Z</time>
      </trkpt>
      <trkpt lat="31.836798280362245" lon="34.98924956430116">
        <ele>0</ele>
        <time>2026-02-26T15:47:23.711Z</time>
      </trkpt>
      <trkpt lat="31.836798280362245" lon="34.98924956430116">
        <ele>0</ele>
        <time>2026-02-26T15:47:24.711Z</time>
      </trkpt>
      <trkpt lat="31.836798280362245" lon="34.98924956430116">
        <ele>0</ele>
        <time>2026-02-26T15:47:25.711Z</time>
      </trkpt>
      <trkpt lat="31.836798280362245" lon="34.98924956430116">
        <ele>0</ele>
        <time>2026-02-26T15:47:26.711Z</time>
      </trkpt>
      <trkpt lat="31.836798280362245" lon="34.98924956430116">
        <ele>0</ele>
        <time>2026-02-26T15:47:27.711Z</time>
      </trkpt>
      <trkpt lat="31.836798280362245" lon="34.98924956430116">
        <ele>-1</ele>
        <time>2026-02-26T15:47:28.711Z</time>
      </trkpt>
      <trkpt lat="31.836798280362245" lon="34.98924956430116">
        <ele>-1</ele>
        <time>2026-02-26T15:47:29.711Z</time>
      </trkpt>
      <trkpt lat="31.836798280362245" lon="34.98924956430116">
        <ele>-1</ele>
        <time>2026-02-26T15:47:30.711Z</time>
      </trkpt>
      <trkpt lat="31.836798280362245" lon="34.98924956430116">
        <ele>-1</ele>
        <time>2026-02-26T15:47:31.711Z</time>
      </trkpt>
      <trkpt lat="31.836798280362245" lon="34.98924956430116">
        <ele>-1</ele>
        <time>2026-02-26T15:47:32.711Z</time>
      </trkpt>
      <trkpt lat="31.836798280362245" lon="34.98924956430116">
        <ele>-1</ele>
        <time>2026-02-26T15:47:33.711Z</time>
      </trkpt>
      <trkpt lat="31.836798280362245" lon="34.98924956430116">
        <ele>-1</ele>
        <time>2026-02-26T15:47:34.711Z</time>
      </trkpt>
      <trkpt lat="31.836798280362245" lon="34.98924956430116">
        <ele>-1</ele>
        <time>2026-02-26T15:47:35.711Z</time>
      </trkpt>
      <trkpt lat="31.836798280362245" lon="34.98924956430116">
        <ele>-1</ele>
        <time>2026-02-26T15:47:36.711Z</time>
      </trkpt>
      <trkpt lat="31.836798280362245" lon="34.98924956430116">
        <ele>0</ele>
        <time>2026-02-26T15:47:37.711Z</time>
      </trkpt>
      <trkpt lat="31.836798280362245" lon="34.98924956430116">
        <ele>0</ele>
        <time>2026-02-26T15:47:38.711Z</time>
      </trkpt>
      <trkpt lat="31.836798280362245" lon="34.98924956430116">
        <ele>0</ele>
        <time>2026-02-26T15:47:39.711Z</time>
      </trkpt>
      <trkpt lat="31.836798280362245" lon="34.98924956430116">
        <ele>0</ele>
        <time>2026-02-26T15:47:40.711Z</time>
      </trkpt>
      <trkpt lat="31.836798280362245" lon="34.98924956430116">
        <ele>0</ele>
        <time>2026-02-26T15:47:41.711Z</time>
      </trkpt>
      <trkpt lat="31.836798280362245" lon="34.98924956430116">
        <ele>274</ele>
        <time>2026-02-26T15:47:42.711Z</time>
      </trkpt>
      <trkpt lat="31.836798280362245" lon="34.98924956430116">
        <ele>-1</ele>
        <time>2026-02-26T15:47:43.711Z</time>
      </trkpt>
      <trkpt lat="31.835867354434086" lon="34.989493070147205">
        <ele>276.5</ele>
        <time>2026-02-26T15:47:44.711Z</time>
      </trkpt>
      <trkpt lat="31.835867354434086" lon="34.989493070147205">
        <ele>-1</ele>
        <time>2026-02-26T15:47:45.711Z</time>
      </trkpt>
      <trkpt lat="31.835867354434086" lon="34.989493070147205">
        <ele>-1</ele>
        <time>2026-02-26T15:47:46.711Z</time>
      </trkpt>
      <trkpt lat="31.835867354434086" lon="34.989493070147205">
        <ele>-1</ele>
        <time>2026-02-26T15:47:47.711Z</time>
      </trkpt>
      <trkpt lat="31.835867354434086" lon="34.989493070147205">
        <ele>-1</ele>
        <time>2026-02-26T15:47:48.711Z</time>
      </trkpt>
      <trkpt lat="31.835867354434086" lon="34.989493070147205">
        <ele>-1</ele>
        <time>2026-02-26T15:47:49.711Z</time>
      </trkpt>
      <trkpt lat="31.835867354434086" lon="34.989493070147205">
        <ele>-1</ele>
        <time>2026-02-26T15:47:50.711Z</time>
      </trkpt>
      <trkpt lat="31.835867354434086" lon="34.989493070147205">
        <ele>0</ele>
        <time>2026-02-26T15:47:51.711Z</time>
      </trkpt>
      <trkpt lat="31.835867354434086" lon="34.989493070147205">
        <ele>0</ele>
        <time>2026-02-26T15:47:52.711Z</time>
      </trkpt>
      <trkpt lat="31.835867354434086" lon="34.989493070147205">
        <ele>0</ele>
        <time>2026-02-26T15:47:53.711Z</time>
      </trkpt>
      <trkpt lat="31.835867354434086" lon="34.989493070147205">
        <ele>0</ele>
        <time>2026-02-26T15:47:54.711Z</time>
      </trkpt>
      <trkpt lat="31.835867354434086" lon="34.989493070147205">
        <ele>0</ele>
        <time>2026-02-26T15:47:55.711Z</time>
      </trkpt>
      <trkpt lat="31.835867354434086" lon="34.989493070147205">
        <ele>-1</ele>
        <time>2026-02-26T15:47:56.711Z</time>
      </trkpt>
      <trkpt lat="31.835867354434086" lon="34.989493070147205">
        <ele>276.5</ele>
        <time>2026-02-26T15:47:57.711Z</time>
      </trkpt>
      <trkpt lat="31.834740539845058" lon="34.9896420288957">
        <ele>272</ele>
        <time>2026-02-26T15:47:58.711Z</time>
      </trkpt>
      <trkpt lat="31.834740539845058" lon="34.9896420288957">
        <ele>-1</ele>
        <time>2026-02-26T15:47:59.711Z</time>
      </trkpt>
      <trkpt lat="31.834740539845058" lon="34.9896420288957">
        <ele>-1</ele>
        <time>2026-02-26T15:48:00.711Z</time>
      </trkpt>
      <trkpt lat="31.834740539845058" lon="34.9896420288957">
        <ele>-1</ele>
        <time>2026-02-26T15:48:01.711Z</time>
      </trkpt>
      <trkpt lat="31.834740539845058" lon="34.9896420288957">
        <ele>-1</ele>
        <time>2026-02-26T15:48:02.711Z</time>
      </trkpt>
      <trkpt lat="31.834740539845058" lon="34.9896420288957">
        <ele>-1</ele>
        <time>2026-02-26T15:48:03.711Z</time>
      </trkpt>
      <trkpt lat="31.834740539845058" lon="34.9896420288957">
        <ele>-1</ele>
        <time>2026-02-26T15:48:04.711Z</time>
      </trkpt>
      <trkpt lat="31.834740539845058" lon="34.9896420288957">
        <ele>0</ele>
        <time>2026-02-26T15:48:05.711Z</time>
      </trkpt>
      <trkpt lat="31.834740539845058" lon="34.9896420288957">
        <ele>0</ele>
        <time>2026-02-26T15:48:06.711Z</time>
      </trkpt>
      <trkpt lat="31.834740539845058" lon="34.9896420288957">
        <ele>0</ele>
        <time>2026-02-26T15:48:07.711Z</time>
      </trkpt>
      <trkpt lat="31.834740539845058" lon="34.9896420288957">
        <ele>0</ele>
        <time>2026-02-26T15:48:08.711Z</time>
      </trkpt>
      <trkpt lat="31.834740539845058" lon="34.9896420288957">
        <ele>0</ele>
        <time>2026-02-26T15:48:09.711Z</time>
      </trkpt>
      <trkpt lat="31.834740539845058" lon="34.9896420288957">
        <ele>-1</ele>
        <time>2026-02-26T15:48:10.711Z</time>
      </trkpt>
      <trkpt lat="31.834740539845058" lon="34.9896420288957">
        <ele>-1</ele>
        <time>2026-02-26T15:48:11.711Z</time>
      </trkpt>
      <trkpt lat="31.834740539845058" lon="34.9896420288957">
        <ele>-1</ele>
        <time>2026-02-26T15:48:12.711Z</time>
      </trkpt>
      <trkpt lat="31.834740539845058" lon="34.9896420288957">
        <ele>-1</ele>
        <time>2026-02-26T15:48:13.711Z</time>
      </trkpt>
      <trkpt lat="31.834740539845058" lon="34.9896420288957">
        <ele>272</ele>
        <time>2026-02-26T15:48:14.711Z</time>
      </trkpt>
      <trkpt lat="31.834740539845058" lon="34.9896420288957">
        <ele>-1</ele>
        <time>2026-02-26T15:48:15.711Z</time>
      </trkpt>
      <trkpt lat="31.834425614823175" lon="34.98969763173582">
        <ele>272</ele>
        <time>2026-02-26T15:48:16.711Z</time>
      </trkpt>
      <trkpt lat="31.834425614823175" lon="34.98969763173582">
        <ele>-1</ele>
        <time>2026-02-26T15:48:17.711Z</time>
      </trkpt>
      <trkpt lat="31.834425614823175" lon="34.98969763173582">
        <ele>-1</ele>
        <time>2026-02-26T15:48:18.711Z</time>
      </trkpt>
      <trkpt lat="31.834425614823175" lon="34.98969763173582">
        <ele>0</ele>
        <time>2026-02-26T15:48:19.711Z</time>
      </trkpt>
      <trkpt lat="31.834425614823175" lon="34.98969763173582">
        <ele>0</ele>
        <time>2026-02-26T15:48:20.711Z</time>
      </trkpt>
      <trkpt lat="31.834425614823175" lon="34.98969763173582">
        <ele>0</ele>
        <time>2026-02-26T15:48:21.711Z</time>
      </trkpt>
      <trkpt lat="31.834425614823175" lon="34.98969763173582">
        <ele>0</ele>
        <time>2026-02-26T15:48:22.711Z</time>
      </trkpt>
      <trkpt lat="31.834425614823175" lon="34.98969763173582">
        <ele>0</ele>
        <time>2026-02-26T15:48:23.711Z</time>
      </trkpt>
      <trkpt lat="31.834425614823175" lon="34.98969763173582">
        <ele>-1</ele>
        <time>2026-02-26T15:48:24.711Z</time>
      </trkpt>
      <trkpt lat="31.834425614823175" lon="34.98969763173582">
        <ele>-1</ele>
        <time>2026-02-26T15:48:25.711Z</time>
      </trkpt>
      <trkpt lat="31.834425614823175" lon="34.98969763173582">
        <ele>-1</ele>
        <time>2026-02-26T15:48:26.711Z</time>
      </trkpt>
      <trkpt lat="31.834425614823175" lon="34.98969763173582">
        <ele>272</ele>
        <time>2026-02-26T15:48:27.711Z</time>
      </trkpt>
      <trkpt lat="31.834425614823175" lon="34.98969763173582">
        <ele>-1</ele>
        <time>2026-02-26T15:48:28.711Z</time>
      </trkpt>
      <trkpt lat="31.833508583374623" lon="34.98952497401751">
        <ele>263.5</ele>
        <time>2026-02-26T15:48:29.711Z</time>
      </trkpt>
      <trkpt lat="31.833508583374623" lon="34.98952497401751">
        <ele>-1</ele>
        <time>2026-02-26T15:48:30.711Z</time>
      </trkpt>
      <trkpt lat="31.833508583374623" lon="34.98952497401751">
        <ele>-1</ele>
        <time>2026-02-26T15:48:31.711Z</time>
      </trkpt>
      <trkpt lat="31.833508583374623" lon="34.98952497401751">
        <ele>-1</ele>
        <time>2026-02-26T15:48:32.711Z</time>
      </trkpt>
      <trkpt lat="31.833508583374623" lon="34.98952497401751">
        <ele>0</ele>
        <time>2026-02-26T15:48:33.711Z</time>
      </trkpt>
      <trkpt lat="31.833508583374623" lon="34.98952497401751">
        <ele>0</ele>
        <time>2026-02-26T15:48:34.711Z</time>
      </trkpt>
      <trkpt lat="31.833508583374623" lon="34.98952497401751">
        <ele>0</ele>
        <time>2026-02-26T15:48:35.711Z</time>
      </trkpt>
      <trkpt lat="31.833508583374623" lon="34.98952497401751">
        <ele>0</ele>
        <time>2026-02-26T15:48:36.711Z</time>
      </trkpt>
      <trkpt lat="31.833508583374623" lon="34.98952497401751">
        <ele>0</ele>
        <time>2026-02-26T15:48:37.711Z</time>
      </trkpt>
      <trkpt lat="31.833508583374623" lon="34.98952497401751">
        <ele>-1</ele>
        <time>2026-02-26T15:48:38.711Z</time>
      </trkpt>
      <trkpt lat="31.833508583374623" lon="34.98952497401751">
        <ele>-1</ele>
        <time>2026-02-26T15:48:39.711Z</time>
      </trkpt>
      <trkpt lat="31.833508583374623" lon="34.98952497401751">
        <ele>263.5</ele>
        <time>2026-02-26T15:48:40.711Z</time>
      </trkpt>
      <trkpt lat="31.833508583374623" lon="34.98952497401751">
        <ele>-1</ele>
        <time>2026-02-26T15:48:41.711Z</time>
      </trkpt>
      <trkpt lat="31.833508583374623" lon="34.98952497401751">
        <ele>-1</ele>
        <time>2026-02-26T15:48:42.711Z</time>
      </trkpt>
      <trkpt lat="31.833508583374623" lon="34.98952497401751">
        <ele>-1</ele>
        <time>2026-02-26T15:48:43.711Z</time>
      </trkpt>
      <trkpt lat="31.83263413554981" lon="34.98971024091881">
        <ele>262</ele>
        <time>2026-02-26T15:48:44.711Z</time>
      </trkpt>
      <trkpt lat="31.83263413554981" lon="34.98971024091881">
        <ele>-1</ele>
        <time>2026-02-26T15:48:45.711Z</time>
      </trkpt>
      <trkpt lat="31.83263413554981" lon="34.98971024091881">
        <ele>-1</ele>
        <time>2026-02-26T15:48:46.711Z</time>
      </trkpt>
      <trkpt lat="31.83263413554981" lon="34.98971024091881">
        <ele>0</ele>
        <time>2026-02-26T15:48:47.711Z</time>
      </trkpt>
      <trkpt lat="31.83263413554981" lon="34.98971024091881">
        <ele>0</ele>
        <time>2026-02-26T15:48:48.711Z</time>
      </trkpt>
      <trkpt lat="31.83263413554981" lon="34.98971024091881">
        <ele>0</ele>
        <time>2026-02-26T15:48:49.711Z</time>
      </trkpt>
      <trkpt lat="31.83263413554981" lon="34.98971024091881">
        <ele>0</ele>
        <time>2026-02-26T15:48:50.711Z</time>
      </trkpt>
      <trkpt lat="31.83263413554981" lon="34.98971024091881">
        <ele>0</ele>
        <time>2026-02-26T15:48:51.711Z</time>
      </trkpt>
      <trkpt lat="31.83263413554981" lon="34.98971024091881">
        <ele>-1</ele>
        <time>2026-02-26T15:48:52.711Z</time>
      </trkpt>
      <trkpt lat="31.83263413554981" lon="34.98971024091881">
        <ele>-1</ele>
        <time>2026-02-26T15:48:53.711Z</time>
      </trkpt>
      <trkpt lat="31.83263413554981" lon="34.98971024091881">
        <ele>-1</ele>
        <time>2026-02-26T15:48:54.711Z</time>
      </trkpt>
      <trkpt lat="31.83263413554981" lon="34.98971024091881">
        <ele>-1</ele>
        <time>2026-02-26T15:48:55.711Z</time>
      </trkpt>
      <trkpt lat="31.83263413554981" lon="34.98971024091881">
        <ele>262</ele>
        <time>2026-02-26T15:48:56.711Z</time>
      </trkpt>
      <trkpt lat="31.83174219023266" lon="34.989751411340706">
        <ele>258.5</ele>
        <time>2026-02-26T15:48:57.711Z</time>
      </trkpt>
      <trkpt lat="31.83174219023266" lon="34.989751411340706">
        <ele>-1</ele>
        <time>2026-02-26T15:48:58.711Z</time>
      </trkpt>
      <trkpt lat="31.83174219023266" lon="34.989751411340706">
        <ele>-1</ele>
        <time>2026-02-26T15:48:59.711Z</time>
      </trkpt>
      <trkpt lat="31.83174219023266" lon="34.989751411340706">
        <ele>-1</ele>
        <time>2026-02-26T15:49:00.711Z</time>
      </trkpt>
      <trkpt lat="31.83174219023266" lon="34.989751411340706">
        <ele>0</ele>
        <time>2026-02-26T15:49:01.711Z</time>
      </trkpt>
      <trkpt lat="31.83174219023266" lon="34.989751411340706">
        <ele>0</ele>
        <time>2026-02-26T15:49:02.711Z</time>
      </trkpt>
      <trkpt lat="31.83174219023266" lon="34.989751411340706">
        <ele>0</ele>
        <time>2026-02-26T15:49:03.711Z</time>
      </trkpt>
      <trkpt lat="31.83174219023266" lon="34.989751411340706">
        <ele>0</ele>
        <time>2026-02-26T15:49:04.711Z</time>
      </trkpt>
      <trkpt lat="31.83174219023266" lon="34.989751411340706">
        <ele>0</ele>
        <time>2026-02-26T15:49:05.711Z</time>
      </trkpt>
      <trkpt lat="31.83174219023266" lon="34.989751411340706">
        <ele>-1</ele>
        <time>2026-02-26T15:49:06.711Z</time>
      </trkpt>
      <trkpt lat="31.83174219023266" lon="34.989751411340706">
        <ele>-1</ele>
        <time>2026-02-26T15:49:07.711Z</time>
      </trkpt>
      <trkpt lat="31.83174219023266" lon="34.989751411340706">
        <ele>-1</ele>
        <time>2026-02-26T15:49:08.711Z</time>
      </trkpt>
      <trkpt lat="31.83174219023266" lon="34.989751411340706">
        <ele>258.5</ele>
        <time>2026-02-26T15:49:09.711Z</time>
      </trkpt>
      <trkpt lat="31.830955172500964" lon="34.989833752185945">
        <ele>251.5</ele>
        <time>2026-02-26T15:49:10.711Z</time>
      </trkpt>
      <trkpt lat="31.830955172500964" lon="34.989833752185945">
        <ele>-1</ele>
        <time>2026-02-26T15:49:11.711Z</time>
      </trkpt>
      <trkpt lat="31.830955172500964" lon="34.989833752185945">
        <ele>-1</ele>
        <time>2026-02-26T15:49:12.711Z</time>
      </trkpt>
      <trkpt lat="31.830955172500964" lon="34.989833752185945">
        <ele>-1</ele>
        <time>2026-02-26T15:49:13.711Z</time>
      </trkpt>
      <trkpt lat="31.830955172500964" lon="34.989833752185945">
        <ele>-1</ele>
        <time>2026-02-26T15:49:14.711Z</time>
      </trkpt>
      <trkpt lat="31.830955172500964" lon="34.989833752185945">
        <ele>0</ele>
        <time>2026-02-26T15:49:15.711Z</time>
      </trkpt>
      <trkpt lat="31.830955172500964" lon="34.989833752185945">
        <ele>0</ele>
        <time>2026-02-26T15:49:16.711Z</time>
      </trkpt>
      <trkpt lat="31.830955172500964" lon="34.989833752185945">
        <ele>0</ele>
        <time>2026-02-26T15:49:17.711Z</time>
      </trkpt>
      <trkpt lat="31.830955172500964" lon="34.989833752185945">
        <ele>0</ele>
        <time>2026-02-26T15:49:18.711Z</time>
      </trkpt>
      <trkpt lat="31.830955172500964" lon="34.989833752185945">
        <ele>0</ele>
        <time>2026-02-26T15:49:19.711Z</time>
      </trkpt>
      <trkpt lat="31.830955172500964" lon="34.989833752185945">
        <ele>-1</ele>
        <time>2026-02-26T15:49:20.711Z</time>
      </trkpt>
      <trkpt lat="31.830955172500964" lon="34.989833752185945">
        <ele>-1</ele>
        <time>2026-02-26T15:49:21.711Z</time>
      </trkpt>
      <trkpt lat="31.830955172500964" lon="34.989833752185945">
        <ele>251.5</ele>
        <time>2026-02-26T15:49:22.711Z</time>
      </trkpt>
      <trkpt lat="31.830955172500964" lon="34.989833752185945">
        <ele>-1</ele>
        <time>2026-02-26T15:49:23.711Z</time>
      </trkpt>
      <trkpt lat="31.830955172500964" lon="34.989833752185945">
        <ele>-1</ele>
        <time>2026-02-26T15:49:24.711Z</time>
      </trkpt>
      <trkpt lat="31.830378021898568" lon="34.990080774721434">
        <ele>255</ele>
        <time>2026-02-26T15:49:25.711Z</time>
      </trkpt>
      <trkpt lat="31.830378021898568" lon="34.990080774721434">
        <ele>-1</ele>
        <time>2026-02-26T15:49:26.711Z</time>
      </trkpt>
      <trkpt lat="31.830378021898568" lon="34.990080774721434">
        <ele>-1</ele>
        <time>2026-02-26T15:49:27.711Z</time>
      </trkpt>
      <trkpt lat="31.830378021898568" lon="34.990080774721434">
        <ele>-1</ele>
        <time>2026-02-26T15:49:28.711Z</time>
      </trkpt>
      <trkpt lat="31.830378021898568" lon="34.990080774721434">
        <ele>0</ele>
        <time>2026-02-26T15:49:29.711Z</time>
      </trkpt>
      <trkpt lat="31.830378021898568" lon="34.990080774721434">
        <ele>0</ele>
        <time>2026-02-26T15:49:30.711Z</time>
      </trkpt>
      <trkpt lat="31.830378021898568" lon="34.990080774721434">
        <ele>0</ele>
        <time>2026-02-26T15:49:31.711Z</time>
      </trkpt>
      <trkpt lat="31.830378021898568" lon="34.990080774721434">
        <ele>0</ele>
        <time>2026-02-26T15:49:32.711Z</time>
      </trkpt>
      <trkpt lat="31.830378021898568" lon="34.990080774721434">
        <ele>0</ele>
        <time>2026-02-26T15:49:33.711Z</time>
      </trkpt>
      <trkpt lat="31.830378021898568" lon="34.990080774721434">
        <ele>-1</ele>
        <time>2026-02-26T15:49:34.711Z</time>
      </trkpt>
      <trkpt lat="31.830378021898568" lon="34.990080774721434">
        <ele>-1</ele>
        <time>2026-02-26T15:49:35.711Z</time>
      </trkpt>
      <trkpt lat="31.830378021898568" lon="34.990080774721434">
        <ele>-1</ele>
        <time>2026-02-26T15:49:36.711Z</time>
      </trkpt>
      <trkpt lat="31.830378021898568" lon="34.990080774721434">
        <ele>255</ele>
        <time>2026-02-26T15:49:37.711Z</time>
      </trkpt>
      <trkpt lat="31.829660950971657" lon="34.99061599021445">
        <ele>247</ele>
        <time>2026-02-26T15:49:38.711Z</time>
      </trkpt>
      <trkpt lat="31.829660950971657" lon="34.99061599021445">
        <ele>-1</ele>
        <time>2026-02-26T15:49:39.711Z</time>
      </trkpt>
      <trkpt lat="31.829660950971657" lon="34.99061599021445">
        <ele>-1</ele>
        <time>2026-02-26T15:49:40.711Z</time>
      </trkpt>
      <trkpt lat="31.829660950971657" lon="34.99061599021445">
        <ele>-1</ele>
        <time>2026-02-26T15:49:41.711Z</time>
      </trkpt>
      <trkpt lat="31.829660950971657" lon="34.99061599021445">
        <ele>-1</ele>
        <time>2026-02-26T15:49:42.711Z</time>
      </trkpt>
      <trkpt lat="31.829660950971657" lon="34.99061599021445">
        <ele>0</ele>
        <time>2026-02-26T15:49:43.711Z</time>
      </trkpt>
      <trkpt lat="31.829660950971657" lon="34.99061599021445">
        <ele>0</ele>
        <time>2026-02-26T15:49:44.711Z</time>
      </trkpt>
      <trkpt lat="31.829660950971657" lon="34.99061599021445">
        <ele>0</ele>
        <time>2026-02-26T15:49:45.711Z</time>
      </trkpt>
      <trkpt lat="31.829660950971657" lon="34.99061599021445">
        <ele>0</ele>
        <time>2026-02-26T15:49:46.711Z</time>
      </trkpt>
      <trkpt lat="31.829660950971657" lon="34.99061599021445">
        <ele>0</ele>
        <time>2026-02-26T15:49:47.711Z</time>
      </trkpt>
      <trkpt lat="31.829660950971657" lon="34.99061599021445">
        <ele>-1</ele>
        <time>2026-02-26T15:49:48.711Z</time>
      </trkpt>
      <trkpt lat="31.829660950971657" lon="34.99061599021445">
        <ele>-1</ele>
        <time>2026-02-26T15:49:49.711Z</time>
      </trkpt>
      <trkpt lat="31.829660950971657" lon="34.99061599021445">
        <ele>247</ele>
        <time>2026-02-26T15:49:50.711Z</time>
      </trkpt>
      <trkpt lat="31.828926384733947" lon="34.990965938804834">
        <ele>247</ele>
        <time>2026-02-26T15:49:51.711Z</time>
      </trkpt>
      <trkpt lat="31.828926384733947" lon="34.990965938804834">
        <ele>-1</ele>
        <time>2026-02-26T15:49:52.711Z</time>
      </trkpt>
      <trkpt lat="31.828926384733947" lon="34.990965938804834">
        <ele>-1</ele>
        <time>2026-02-26T15:49:53.711Z</time>
      </trkpt>
      <trkpt lat="31.828926384733947" lon="34.990965938804834">
        <ele>-1</ele>
        <time>2026-02-26T15:49:54.711Z</time>
      </trkpt>
      <trkpt lat="31.828926384733947" lon="34.990965938804834">
        <ele>-1</ele>
        <time>2026-02-26T15:49:55.711Z</time>
      </trkpt>
      <trkpt lat="31.828926384733947" lon="34.990965938804834">
        <ele>-1</ele>
        <time>2026-02-26T15:49:56.711Z</time>
      </trkpt>
      <trkpt lat="31.828926384733947" lon="34.990965938804834">
        <ele>0</ele>
        <time>2026-02-26T15:49:57.711Z</time>
      </trkpt>
      <trkpt lat="31.828926384733947" lon="34.990965938804834">
        <ele>0</ele>
        <time>2026-02-26T15:49:58.711Z</time>
      </trkpt>
      <trkpt lat="31.828926384733947" lon="34.990965938804834">
        <ele>0</ele>
        <time>2026-02-26T15:49:59.711Z</time>
      </trkpt>
      <trkpt lat="31.828926384733947" lon="34.990965938804834">
        <ele>0</ele>
        <time>2026-02-26T15:50:00.711Z</time>
      </trkpt>
      <trkpt lat="31.828926384733947" lon="34.990965938804834">
        <ele>0</ele>
        <time>2026-02-26T15:50:01.711Z</time>
      </trkpt>
      <trkpt lat="31.828926384733947" lon="34.990965938804834">
        <ele>-1</ele>
        <time>2026-02-26T15:50:02.711Z</time>
      </trkpt>
      <trkpt lat="31.828926384733947" lon="34.990965938804834">
        <ele>247</ele>
        <time>2026-02-26T15:50:03.711Z</time>
      </trkpt>
      <trkpt lat="31.828926384733947" lon="34.990965938804834">
        <ele>-1</ele>
        <time>2026-02-26T15:50:04.711Z</time>
      </trkpt>
      <trkpt lat="31.829066302563035" lon="34.99176876204433">
        <ele>251</ele>
        <time>2026-02-26T15:50:05.711Z</time>
      </trkpt>
      <trkpt lat="31.829066302563035" lon="34.99176876204433">
        <ele>-1</ele>
        <time>2026-02-26T15:50:06.711Z</time>
      </trkpt>
      <trkpt lat="31.829066302563035" lon="34.99176876204433">
        <ele>-1</ele>
        <time>2026-02-26T15:50:07.711Z</time>
      </trkpt>
      <trkpt lat="31.829066302563035" lon="34.99176876204433">
        <ele>-1</ele>
        <time>2026-02-26T15:50:08.711Z</time>
      </trkpt>
      <trkpt lat="31.829066302563035" lon="34.99176876204433">
        <ele>-1</ele>
        <time>2026-02-26T15:50:09.711Z</time>
      </trkpt>
      <trkpt lat="31.829066302563035" lon="34.99176876204433">
        <ele>-1</ele>
        <time>2026-02-26T15:50:10.711Z</time>
      </trkpt>
      <trkpt lat="31.829066302563035" lon="34.99176876204433">
        <ele>0</ele>
        <time>2026-02-26T15:50:11.711Z</time>
      </trkpt>
      <trkpt lat="31.829066302563035" lon="34.99176876204433">
        <ele>0</ele>
        <time>2026-02-26T15:50:12.711Z</time>
      </trkpt>
      <trkpt lat="31.829066302563035" lon="34.99176876204433">
        <ele>0</ele>
        <time>2026-02-26T15:50:13.711Z</time>
      </trkpt>
      <trkpt lat="31.829066302563035" lon="34.99176876204433">
        <ele>0</ele>
        <time>2026-02-26T15:50:14.711Z</time>
      </trkpt>
      <trkpt lat="31.829066302563035" lon="34.99176876204433">
        <ele>0</ele>
        <time>2026-02-26T15:50:15.711Z</time>
      </trkpt>
      <trkpt lat="31.829066302563035" lon="34.99176876204433">
        <ele>-1</ele>
        <time>2026-02-26T15:50:16.711Z</time>
      </trkpt>
      <trkpt lat="31.829066302563035" lon="34.99176876204433">
        <ele>251</ele>
        <time>2026-02-26T15:50:17.711Z</time>
      </trkpt>
      <trkpt lat="31.829066302563035" lon="34.99176876204433">
        <ele>-1</ele>
        <time>2026-02-26T15:50:18.711Z</time>
      </trkpt>
      <trkpt lat="31.82983584683369" lon="34.99246865922646">
        <ele>264.5</ele>
        <time>2026-02-26T15:50:19.711Z</time>
      </trkpt>
      <trkpt lat="31.82983584683369" lon="34.99246865922646">
        <ele>-1</ele>
        <time>2026-02-26T15:50:20.711Z</time>
      </trkpt>
      <trkpt lat="31.82983584683369" lon="34.99246865922646">
        <ele>-1</ele>
        <time>2026-02-26T15:50:21.711Z</time>
      </trkpt>
      <trkpt lat="31.82983584683369" lon="34.99246865922646">
        <ele>-1</ele>
        <time>2026-02-26T15:50:22.711Z</time>
      </trkpt>
      <trkpt lat="31.82983584683369" lon="34.99246865922646">
        <ele>-1</ele>
        <time>2026-02-26T15:50:23.711Z</time>
      </trkpt>
      <trkpt lat="31.82983584683369" lon="34.99246865922646">
        <ele>-1</ele>
        <time>2026-02-26T15:50:24.711Z</time>
      </trkpt>
      <trkpt lat="31.82983584683369" lon="34.99246865922646">
        <ele>0</ele>
        <time>2026-02-26T15:50:25.711Z</time>
      </trkpt>
      <trkpt lat="31.82983584683369" lon="34.99246865922646">
        <ele>0</ele>
        <time>2026-02-26T15:50:26.711Z</time>
      </trkpt>
      <trkpt lat="31.82983584683369" lon="34.99246865922646">
        <ele>0</ele>
        <time>2026-02-26T15:50:27.711Z</time>
      </trkpt>
      <trkpt lat="31.82983584683369" lon="34.99246865922646">
        <ele>0</ele>
        <time>2026-02-26T15:50:28.711Z</time>
      </trkpt>
      <trkpt lat="31.82983584683369" lon="34.99246865922646">
        <ele>0</ele>
        <time>2026-02-26T15:50:29.711Z</time>
      </trkpt>
      <trkpt lat="31.82983584683369" lon="34.99246865922646">
        <ele>-1</ele>
        <time>2026-02-26T15:50:30.711Z</time>
      </trkpt>
      <trkpt lat="31.82983584683369" lon="34.99246865922646">
        <ele>264.5</ele>
        <time>2026-02-26T15:50:31.711Z</time>
      </trkpt>
      <trkpt lat="31.830115679523118" lon="34.9932303120427">
        <ele>274</ele>
        <time>2026-02-26T15:50:32.711Z</time>
      </trkpt>
      <trkpt lat="31.830115679523118" lon="34.9932303120427">
        <ele>-1</ele>
        <time>2026-02-26T15:50:33.711Z</time>
      </trkpt>
      <trkpt lat="31.830115679523118" lon="34.9932303120427">
        <ele>-1</ele>
        <time>2026-02-26T15:50:34.711Z</time>
      </trkpt>
      <trkpt lat="31.830115679523118" lon="34.9932303120427">
        <ele>-1</ele>
        <time>2026-02-26T15:50:35.711Z</time>
      </trkpt>
      <trkpt lat="31.830115679523118" lon="34.9932303120427">
        <ele>-1</ele>
        <time>2026-02-26T15:50:36.711Z</time>
      </trkpt>
      <trkpt lat="31.830115679523118" lon="34.9932303120427">
        <ele>-1</ele>
        <time>2026-02-26T15:50:37.711Z</time>
      </trkpt>
      <trkpt lat="31.830115679523118" lon="34.9932303120427">
        <ele>-1</ele>
        <time>2026-02-26T15:50:38.711Z</time>
      </trkpt>
      <trkpt lat="31.830115679523118" lon="34.9932303120427">
        <ele>0</ele>
        <time>2026-02-26T15:50:39.711Z</time>
      </trkpt>
      <trkpt lat="31.830115679523118" lon="34.9932303120427">
        <ele>0</ele>
        <time>2026-02-26T15:50:40.711Z</time>
      </trkpt>
      <trkpt lat="31.830115679523118" lon="34.9932303120427">
        <ele>0</ele>
        <time>2026-02-26T15:50:41.711Z</time>
      </trkpt>
      <trkpt lat="31.830115679523118" lon="34.9932303120427">
        <ele>0</ele>
        <time>2026-02-26T15:50:42.711Z</time>
      </trkpt>
      <trkpt lat="31.830115679523118" lon="34.9932303120427">
        <ele>0</ele>
        <time>2026-02-26T15:50:43.711Z</time>
      </trkpt>
      <trkpt lat="31.830115679523118" lon="34.9932303120427">
        <ele>274</ele>
        <time>2026-02-26T15:50:44.711Z</time>
      </trkpt>
      <trkpt lat="31.830115679523118" lon="34.9932303120427">
        <ele>-1</ele>
        <time>2026-02-26T15:50:45.711Z</time>
      </trkpt>
      <trkpt lat="31.830115679523118" lon="34.9932303120427">
        <ele>-1</ele>
        <time>2026-02-26T15:50:46.711Z</time>
      </trkpt>
      <trkpt lat="31.830115679523118" lon="34.9932303120427">
        <ele>-1</ele>
        <time>2026-02-26T15:50:47.711Z</time>
      </trkpt>
      <trkpt lat="31.830115679523118" lon="34.993971379647945">
        <ele>271.5</ele>
        <time>2026-02-26T15:50:48.711Z</time>
      </trkpt>
      <trkpt lat="31.830115679523118" lon="34.993971379647945">
        <ele>-1</ele>
        <time>2026-02-26T15:50:49.711Z</time>
      </trkpt>
      <trkpt lat="31.830115679523118" lon="34.993971379647945">
        <ele>-1</ele>
        <time>2026-02-26T15:50:50.711Z</time>
      </trkpt>
      <trkpt lat="31.830115679523118" lon="34.993971379647945">
        <ele>-1</ele>
        <time>2026-02-26T15:50:51.711Z</time>
      </trkpt>
      <trkpt lat="31.830115679523118" lon="34.993971379647945">
        <ele>-1</ele>
        <time>2026-02-26T15:50:52.711Z</time>
      </trkpt>
      <trkpt lat="31.830115679523118" lon="34.993971379647945">
        <ele>0</ele>
        <time>2026-02-26T15:50:53.711Z</time>
      </trkpt>
      <trkpt lat="31.830115679523118" lon="34.993971379647945">
        <ele>0</ele>
        <time>2026-02-26T15:50:54.711Z</time>
      </trkpt>
      <trkpt lat="31.830115679523118" lon="34.993971379647945">
        <ele>0</ele>
        <time>2026-02-26T15:50:55.711Z</time>
      </trkpt>
      <trkpt lat="31.830115679523118" lon="34.993971379647945">
        <ele>0</ele>
        <time>2026-02-26T15:50:56.711Z</time>
      </trkpt>
      <trkpt lat="31.830115679523118" lon="34.993971379647945">
        <ele>0</ele>
        <time>2026-02-26T15:50:57.711Z</time>
      </trkpt>
      <trkpt lat="31.830115679523118" lon="34.993971379647945">
        <ele>271.5</ele>
        <time>2026-02-26T15:50:58.711Z</time>
      </trkpt>
      <trkpt lat="31.830115679523118" lon="34.993971379647945">
        <ele>-1</ele>
        <time>2026-02-26T15:50:59.711Z</time>
      </trkpt>
      <trkpt lat="31.830115679523118" lon="34.993971379647945">
        <ele>-1</ele>
        <time>2026-02-26T15:51:00.711Z</time>
      </trkpt>
      <trkpt lat="31.830115679523118" lon="34.993971379647945">
        <ele>-1</ele>
        <time>2026-02-26T15:51:01.711Z</time>
      </trkpt>
      <trkpt lat="31.830063210958073" lon="34.994733032464296">
        <ele>260</ele>
        <time>2026-02-26T15:51:02.711Z</time>
      </trkpt>
      <trkpt lat="31.830063210958073" lon="34.994733032464296">
        <ele>-1</ele>
        <time>2026-02-26T15:51:03.711Z</time>
      </trkpt>
      <trkpt lat="31.830063210958073" lon="34.994733032464296">
        <ele>-1</ele>
        <time>2026-02-26T15:51:04.711Z</time>
      </trkpt>
      <trkpt lat="31.830063210958073" lon="34.994733032464296">
        <ele>-1</ele>
        <time>2026-02-26T15:51:05.711Z</time>
      </trkpt>
      <trkpt lat="31.830063210958073" lon="34.994733032464296">
        <ele>260</ele>
        <time>2026-02-26T15:51:06.711Z</time>
      </trkpt>
      <trkpt lat="31.830063210958073" lon="34.994733032464296">
        <ele>0</ele>
        <time>2026-02-26T15:51:07.711Z</time>
      </trkpt>
      <trkpt lat="31.830063210958073" lon="34.994733032464296">
        <ele>0</ele>
        <time>2026-02-26T15:51:08.711Z</time>
      </trkpt>
      <trkpt lat="31.830063210958073" lon="34.994733032464296">
        <ele>0</ele>
        <time>2026-02-26T15:51:09.711Z</time>
      </trkpt>
      <trkpt lat="31.830063210958073" lon="34.994733032464296">
        <ele>0</ele>
        <time>2026-02-26T15:51:10.711Z</time>
      </trkpt>
      <trkpt lat="31.830063210958073" lon="34.994733032464296">
        <ele>0</ele>
        <time>2026-02-26T15:51:11.711Z</time>
      </trkpt>
      <trkpt lat="31.830063210958073" lon="34.994733032464296">
        <ele>-1</ele>
        <time>2026-02-26T15:51:12.711Z</time>
      </trkpt>
      <trkpt lat="31.830063210958073" lon="34.994733032464296">
        <ele>-1</ele>
        <time>2026-02-26T15:51:13.711Z</time>
      </trkpt>
      <trkpt lat="31.830063210958073" lon="34.994733032464296">
        <ele>-1</ele>
        <time>2026-02-26T15:51:14.711Z</time>
      </trkpt>
      <trkpt lat="31.830255595549374" lon="34.99530941838049">
        <ele>264</ele>
        <time>2026-02-26T15:51:15.711Z</time>
      </trkpt>
      <trkpt lat="31.830255595549374" lon="34.99530941838049">
        <ele>-1</ele>
        <time>2026-02-26T15:51:16.711Z</time>
      </trkpt>
      <trkpt lat="31.830255595549374" lon="34.99530941838049">
        <ele>-1</ele>
        <time>2026-02-26T15:51:17.711Z</time>
      </trkpt>
      <trkpt lat="31.830255595549374" lon="34.99530941838049">
        <ele>264</ele>
        <time>2026-02-26T15:51:18.711Z</time>
      </trkpt>
      <trkpt lat="31.830255595549374" lon="34.99530941838049">
        <ele>-1</ele>
        <time>2026-02-26T15:51:19.711Z</time>
      </trkpt>
      <trkpt lat="31.830255595549374" lon="34.99530941838049">
        <ele>-1</ele>
        <time>2026-02-26T15:51:20.711Z</time>
      </trkpt>
      <trkpt lat="31.830255595549374" lon="34.99530941838049">
        <ele>0</ele>
        <time>2026-02-26T15:51:21.711Z</time>
      </trkpt>
      <trkpt lat="31.830255595549374" lon="34.99530941838049">
        <ele>0</ele>
        <time>2026-02-26T15:51:22.711Z</time>
      </trkpt>
      <trkpt lat="31.830255595549374" lon="34.99530941838049">
        <ele>0</ele>
        <time>2026-02-26T15:51:23.711Z</time>
      </trkpt>
      <trkpt lat="31.830255595549374" lon="34.99530941838049">
        <ele>0</ele>
        <time>2026-02-26T15:51:24.711Z</time>
      </trkpt>
      <trkpt lat="31.830255595549374" lon="34.99530941838049">
        <ele>0</ele>
        <time>2026-02-26T15:51:25.711Z</time>
      </trkpt>
      <trkpt lat="31.8303360034472" lon="34.99576668017906">
        <ele>261.5</ele>
        <time>2026-02-26T15:51:26.711Z</time>
      </trkpt>
      <trkpt lat="31.8303360034472" lon="34.99576668017906">
        <ele>-1</ele>
        <time>2026-02-26T15:51:27.711Z</time>
      </trkpt>
      <trkpt lat="31.8303360034472" lon="34.99576668017906">
        <ele>-1</ele>
        <time>2026-02-26T15:51:28.711Z</time>
      </trkpt>
      <trkpt lat="31.8303360034472" lon="34.99576668017906">
        <ele>-1</ele>
        <time>2026-02-26T15:51:29.711Z</time>
      </trkpt>
      <trkpt lat="31.8303360034472" lon="34.99576668017906">
        <ele>261.5</ele>
        <time>2026-02-26T15:51:30.711Z</time>
      </trkpt>
      <trkpt lat="31.8303360034472" lon="34.99576668017906">
        <ele>-1</ele>
        <time>2026-02-26T15:51:31.711Z</time>
      </trkpt>
      <trkpt lat="31.829345333734537" lon="34.99567522781629">
        <ele>261</ele>
        <time>2026-02-26T15:51:32.711Z</time>
      </trkpt>
      <trkpt lat="31.829345333734537" lon="34.99567522781629">
        <ele>-1</ele>
        <time>2026-02-26T15:51:33.711Z</time>
      </trkpt>
      <trkpt lat="31.829345333734537" lon="34.99567522781629">
        <ele>-1</ele>
        <time>2026-02-26T15:51:34.711Z</time>
      </trkpt>
      <trkpt lat="31.829345333734537" lon="34.99567522781629">
        <ele>0</ele>
        <time>2026-02-26T15:51:35.711Z</time>
      </trkpt>
      <trkpt lat="31.829345333734537" lon="34.99567522781629">
        <ele>0</ele>
        <time>2026-02-26T15:51:36.711Z</time>
      </trkpt>
      <trkpt lat="31.829345333734537" lon="34.99567522781629">
        <ele>0</ele>
        <time>2026-02-26T15:51:37.711Z</time>
      </trkpt>
      <trkpt lat="31.829345333734537" lon="34.99567522781629">
        <ele>0</ele>
        <time>2026-02-26T15:51:38.711Z</time>
      </trkpt>
      <trkpt lat="31.829345333734537" lon="34.99567522781629">
        <ele>0</ele>
        <time>2026-02-26T15:51:39.711Z</time>
      </trkpt>
      <trkpt lat="31.829345333734537" lon="34.99567522781629">
        <ele>-1</ele>
        <time>2026-02-26T15:51:40.711Z</time>
      </trkpt>
      <trkpt lat="31.829345333734537" lon="34.99567522781629">
        <ele>-1</ele>
        <time>2026-02-26T15:51:41.711Z</time>
      </trkpt>
      <trkpt lat="31.829345333734537" lon="34.99567522781629">
        <ele>261</ele>
        <time>2026-02-26T15:51:42.711Z</time>
      </trkpt>
      <trkpt lat="31.829345333734537" lon="34.99567522781629">
        <ele>-1</ele>
        <time>2026-02-26T15:51:43.711Z</time>
      </trkpt>
      <trkpt lat="31.82878200699875" lon="34.995057924368155">
        <ele>264</ele>
        <time>2026-02-26T15:51:44.711Z</time>
      </trkpt>
      <trkpt lat="31.82878200699875" lon="34.995057924368155">
        <ele>-1</ele>
        <time>2026-02-26T15:51:45.711Z</time>
      </trkpt>
      <trkpt lat="31.82878200699875" lon="34.995057924368155">
        <ele>-1</ele>
        <time>2026-02-26T15:51:46.711Z</time>
      </trkpt>
      <trkpt lat="31.82878200699875" lon="34.995057924368155">
        <ele>-1</ele>
        <time>2026-02-26T15:51:47.711Z</time>
      </trkpt>
      <trkpt lat="31.82878200699875" lon="34.995057924368155">
        <ele>-1</ele>
        <time>2026-02-26T15:51:48.711Z</time>
      </trkpt>
      <trkpt lat="31.82878200699875" lon="34.995057924368155">
        <ele>0</ele>
        <time>2026-02-26T15:51:49.711Z</time>
      </trkpt>
      <trkpt lat="31.82878200699875" lon="34.995057924368155">
        <ele>0</ele>
        <time>2026-02-26T15:51:50.711Z</time>
      </trkpt>
      <trkpt lat="31.82878200699875" lon="34.995057924368155">
        <ele>0</ele>
        <time>2026-02-26T15:51:51.711Z</time>
      </trkpt>
      <trkpt lat="31.82878200699875" lon="34.995057924368155">
        <ele>0</ele>
        <time>2026-02-26T15:51:52.711Z</time>
      </trkpt>
      <trkpt lat="31.82878200699875" lon="34.995057924368155">
        <ele>0</ele>
        <time>2026-02-26T15:51:53.711Z</time>
      </trkpt>
      <trkpt lat="31.82878200699875" lon="34.995057924368155">
        <ele>264</ele>
        <time>2026-02-26T15:51:54.711Z</time>
      </trkpt>
      <trkpt lat="31.82878200699875" lon="34.995057924368155">
        <ele>-1</ele>
        <time>2026-02-26T15:51:55.711Z</time>
      </trkpt>
      <trkpt lat="31.82823810206098" lon="34.995057924368155">
        <ele>264</ele>
        <time>2026-02-26T15:51:56.711Z</time>
      </trkpt>
      <trkpt lat="31.82823810206098" lon="34.995057924368155">
        <ele>-1</ele>
        <time>2026-02-26T15:51:57.711Z</time>
      </trkpt>
      <trkpt lat="31.82823810206098" lon="34.995057924368155">
        <ele>-1</ele>
        <time>2026-02-26T15:51:58.711Z</time>
      </trkpt>
      <trkpt lat="31.82823810206098" lon="34.995057924368155">
        <ele>-1</ele>
        <time>2026-02-26T15:51:59.711Z</time>
      </trkpt>
      <trkpt lat="31.82823810206098" lon="34.995057924368155">
        <ele>264</ele>
        <time>2026-02-26T15:52:00.711Z</time>
      </trkpt>
      <trkpt lat="31.82823810206098" lon="34.995057924368155">
        <ele>-1</ele>
        <time>2026-02-26T15:52:01.711Z</time>
      </trkpt>
      <trkpt lat="31.82823810206098" lon="34.995057924368155">
        <ele>-1</ele>
        <time>2026-02-26T15:52:02.711Z</time>
      </trkpt>
      <trkpt lat="31.82823810206098" lon="34.995057924368155">
        <ele>0</ele>
        <time>2026-02-26T15:52:03.711Z</time>
      </trkpt>
      <trkpt lat="31.82823810206098" lon="34.995057924368155">
        <ele>0</ele>
        <time>2026-02-26T15:52:04.711Z</time>
      </trkpt>
      <trkpt lat="31.82823810206098" lon="34.995057924368155">
        <ele>0</ele>
        <time>2026-02-26T15:52:05.711Z</time>
      </trkpt>
      <trkpt lat="31.82823810206098" lon="34.995057924368155">
        <ele>0</ele>
        <time>2026-02-26T15:52:06.711Z</time>
      </trkpt>
      <trkpt lat="31.82823810206098" lon="34.995057924368155">
        <ele>0</ele>
        <time>2026-02-26T15:52:07.711Z</time>
      </trkpt>
      <trkpt lat="31.82783017125442" lon="34.994806430371426">
        <ele>258</ele>
        <time>2026-02-26T15:52:08.711Z</time>
      </trkpt>
      <trkpt lat="31.82783017125442" lon="34.994806430371426">
        <ele>-1</ele>
        <time>2026-02-26T15:52:09.711Z</time>
      </trkpt>
      <trkpt lat="31.82783017125442" lon="34.994806430371426">
        <ele>-1</ele>
        <time>2026-02-26T15:52:10.711Z</time>
      </trkpt>
      <trkpt lat="31.82783017125442" lon="34.994806430371426">
        <ele>258</ele>
        <time>2026-02-26T15:52:11.711Z</time>
      </trkpt>
      <trkpt lat="31.82783017125442" lon="34.994806430371426">
        <ele>-1</ele>
        <time>2026-02-26T15:52:12.711Z</time>
      </trkpt>
      <trkpt lat="31.827499940233096" lon="34.99432630546687">
        <ele>255</ele>
        <time>2026-02-26T15:52:13.711Z</time>
      </trkpt>
      <trkpt lat="31.827499940233096" lon="34.99432630546687">
        <ele>-1</ele>
        <time>2026-02-26T15:52:14.711Z</time>
      </trkpt>
      <trkpt lat="31.827499940233096" lon="34.99432630546687">
        <ele>-1</ele>
        <time>2026-02-26T15:52:15.711Z</time>
      </trkpt>
      <trkpt lat="31.827499940233096" lon="34.99432630546687">
        <ele>-1</ele>
        <time>2026-02-26T15:52:16.711Z</time>
      </trkpt>
      <trkpt lat="31.827499940233096" lon="34.99432630546687">
        <ele>0</ele>
        <time>2026-02-26T15:52:17.711Z</time>
      </trkpt>
      <trkpt lat="31.827499940233096" lon="34.99432630546687">
        <ele>0</ele>
        <time>2026-02-26T15:52:18.711Z</time>
      </trkpt>
      <trkpt lat="31.827499940233096" lon="34.99432630546687">
        <ele>0</ele>
        <time>2026-02-26T15:52:19.711Z</time>
      </trkpt>
      <trkpt lat="31.827499940233096" lon="34.99432630546687">
        <ele>0</ele>
        <time>2026-02-26T15:52:20.711Z</time>
      </trkpt>
      <trkpt lat="31.827499940233096" lon="34.99432630546687">
        <ele>0</ele>
        <time>2026-02-26T15:52:21.711Z</time>
      </trkpt>
      <trkpt lat="31.827499940233096" lon="34.99432630546687">
        <ele>-1</ele>
        <time>2026-02-26T15:52:22.711Z</time>
      </trkpt>
      <trkpt lat="31.827499940233096" lon="34.99432630546687">
        <ele>255</ele>
        <time>2026-02-26T15:52:23.711Z</time>
      </trkpt>
      <trkpt lat="31.827130857105885" lon="34.99391476983482">
        <ele>241</ele>
        <time>2026-02-26T15:52:24.711Z</time>
      </trkpt>
      <trkpt lat="31.827130857105885" lon="34.99391476983482">
        <ele>-1</ele>
        <time>2026-02-26T15:52:25.711Z</time>
      </trkpt>
      <trkpt lat="31.827130857105885" lon="34.99391476983482">
        <ele>-1</ele>
        <time>2026-02-26T15:52:26.711Z</time>
      </trkpt>
      <trkpt lat="31.827130857105885" lon="34.99391476983482">
        <ele>-1</ele>
        <time>2026-02-26T15:52:27.711Z</time>
      </trkpt>
      <trkpt lat="31.827130857105885" lon="34.99391476983482">
        <ele>-1</ele>
        <time>2026-02-26T15:52:28.711Z</time>
      </trkpt>
      <trkpt lat="31.827130857105885" lon="34.99391476983482">
        <ele>-1</ele>
        <time>2026-02-26T15:52:29.711Z</time>
      </trkpt>
      <trkpt lat="31.827130857105885" lon="34.99391476983482">
        <ele>241</ele>
        <time>2026-02-26T15:52:30.711Z</time>
      </trkpt>
      <trkpt lat="31.827130857105885" lon="34.99391476983482">
        <ele>0</ele>
        <time>2026-02-26T15:52:31.711Z</time>
      </trkpt>
      <trkpt lat="31.827130857105885" lon="34.99391476983482">
        <ele>0</ele>
        <time>2026-02-26T15:52:32.711Z</time>
      </trkpt>
      <trkpt lat="31.827130857105885" lon="34.99391476983482">
        <ele>0</ele>
        <time>2026-02-26T15:52:33.711Z</time>
      </trkpt>
      <trkpt lat="31.827130857105885" lon="34.99391476983482">
        <ele>0</ele>
        <time>2026-02-26T15:52:34.711Z</time>
      </trkpt>
      <trkpt lat="31.827130857105885" lon="34.99391476983482">
        <ele>0</ele>
        <time>2026-02-26T15:52:35.711Z</time>
      </trkpt>
      <trkpt lat="31.8268006235828" lon="34.99503506127783">
        <ele>257</ele>
        <time>2026-02-26T15:52:36.711Z</time>
      </trkpt>
      <trkpt lat="31.8268006235828" lon="34.99503506127783">
        <ele>-1</ele>
        <time>2026-02-26T15:52:37.711Z</time>
      </trkpt>
      <trkpt lat="31.8268006235828" lon="34.99503506127783">
        <ele>-1</ele>
        <time>2026-02-26T15:52:38.711Z</time>
      </trkpt>
      <trkpt lat="31.8268006235828" lon="34.99503506127783">
        <ele>-1</ele>
        <time>2026-02-26T15:52:39.711Z</time>
      </trkpt>
      <trkpt lat="31.8268006235828" lon="34.99503506127783">
        <ele>-1</ele>
        <time>2026-02-26T15:52:40.711Z</time>
      </trkpt>
      <trkpt lat="31.8268006235828" lon="34.99503506127783">
        <ele>-1</ele>
        <time>2026-02-26T15:52:41.711Z</time>
      </trkpt>
      <trkpt lat="31.8268006235828" lon="34.99503506127783">
        <ele>257</ele>
        <time>2026-02-26T15:52:42.711Z</time>
      </trkpt>
      <trkpt lat="31.826645219163623" lon="34.99613248962905">
        <ele>244</ele>
        <time>2026-02-26T15:52:43.711Z</time>
      </trkpt>
      <trkpt lat="31.826645219163623" lon="34.99613248962905">
        <ele>-1</ele>
        <time>2026-02-26T15:52:44.711Z</time>
      </trkpt>
      <trkpt lat="31.826645219163623" lon="34.99613248962905">
        <ele>0</ele>
        <time>2026-02-26T15:52:45.711Z</time>
      </trkpt>
      <trkpt lat="31.826645219163623" lon="34.99613248962905">
        <ele>0</ele>
        <time>2026-02-26T15:52:46.711Z</time>
      </trkpt>
      <trkpt lat="31.826645219163623" lon="34.99613248962905">
        <ele>0</ele>
        <time>2026-02-26T15:52:47.711Z</time>
      </trkpt>
      <trkpt lat="31.826645219163623" lon="34.99613248962905">
        <ele>0</ele>
        <time>2026-02-26T15:52:48.711Z</time>
      </trkpt>
      <trkpt lat="31.826645219163623" lon="34.99613248962905">
        <ele>0</ele>
        <time>2026-02-26T15:52:49.711Z</time>
      </trkpt>
      <trkpt lat="31.826645219163623" lon="34.99613248962905">
        <ele>-1</ele>
        <time>2026-02-26T15:52:50.711Z</time>
      </trkpt>
      <trkpt lat="31.826645219163623" lon="34.99613248962905">
        <ele>-1</ele>
        <time>2026-02-26T15:52:51.711Z</time>
      </trkpt>
      <trkpt lat="31.826645219163623" lon="34.99613248962905">
        <ele>-1</ele>
        <time>2026-02-26T15:52:52.711Z</time>
      </trkpt>
      <trkpt lat="31.826645219163623" lon="34.99613248962905">
        <ele>244</ele>
        <time>2026-02-26T15:52:53.711Z</time>
      </trkpt>
      <trkpt lat="31.826645219163623" lon="34.99613248962905">
        <ele>-1</ele>
        <time>2026-02-26T15:52:54.711Z</time>
      </trkpt>
      <trkpt lat="31.827092006164435" lon="34.99690983471251">
        <ele>265</ele>
        <time>2026-02-26T15:52:55.711Z</time>
      </trkpt>
      <trkpt lat="31.827092006164435" lon="34.99690983471251">
        <ele>-1</ele>
        <time>2026-02-26T15:52:56.711Z</time>
      </trkpt>
      <trkpt lat="31.827092006164435" lon="34.99690983471251">
        <ele>-1</ele>
        <time>2026-02-26T15:52:57.711Z</time>
      </trkpt>
      <trkpt lat="31.827092006164435" lon="34.99690983471251">
        <ele>-1</ele>
        <time>2026-02-26T15:52:58.711Z</time>
      </trkpt>
      <trkpt lat="31.827092006164435" lon="34.99690983471251">
        <ele>0</ele>
        <time>2026-02-26T15:52:59.711Z</time>
      </trkpt>
      <trkpt lat="31.827092006164435" lon="34.99690983471251">
        <ele>0</ele>
        <time>2026-02-26T15:53:00.711Z</time>
      </trkpt>
      <trkpt lat="31.827092006164435" lon="34.99690983471251">
        <ele>0</ele>
        <time>2026-02-26T15:53:01.711Z</time>
      </trkpt>
      <trkpt lat="31.827092006164435" lon="34.99690983471251">
        <ele>0</ele>
        <time>2026-02-26T15:53:02.711Z</time>
      </trkpt>
      <trkpt lat="31.827092006164435" lon="34.99690983471251">
        <ele>0</ele>
        <time>2026-02-26T15:53:03.711Z</time>
      </trkpt>
      <trkpt lat="31.827092006164435" lon="34.99690983471251">
        <ele>-1</ele>
        <time>2026-02-26T15:53:04.711Z</time>
      </trkpt>
      <trkpt lat="31.827092006164435" lon="34.99690983471251">
        <ele>265</ele>
        <time>2026-02-26T15:53:05.711Z</time>
      </trkpt>
      <trkpt lat="31.82705315520664" lon="34.99787008452017">
        <ele>269</ele>
        <time>2026-02-26T15:53:06.711Z</time>
      </trkpt>
      <trkpt lat="31.82705315520664" lon="34.99787008452017">
        <ele>-1</ele>
        <time>2026-02-26T15:53:07.711Z</time>
      </trkpt>
      <trkpt lat="31.82705315520664" lon="34.99787008452017">
        <ele>-1</ele>
        <time>2026-02-26T15:53:08.711Z</time>
      </trkpt>
      <trkpt lat="31.82705315520664" lon="34.99787008452017">
        <ele>-1</ele>
        <time>2026-02-26T15:53:09.711Z</time>
      </trkpt>
      <trkpt lat="31.82705315520664" lon="34.99787008452017">
        <ele>-1</ele>
        <time>2026-02-26T15:53:10.711Z</time>
      </trkpt>
      <trkpt lat="31.82705315520664" lon="34.99787008452017">
        <ele>269</ele>
        <time>2026-02-26T15:53:11.711Z</time>
      </trkpt>
      <trkpt lat="31.82705315520664" lon="34.99787008452017">
        <ele>-1</ele>
        <time>2026-02-26T15:53:12.711Z</time>
      </trkpt>
      <trkpt lat="31.82705315520664" lon="34.99787008452017">
        <ele>0</ele>
        <time>2026-02-26T15:53:13.711Z</time>
      </trkpt>
      <trkpt lat="31.82705315520664" lon="34.99787008452017">
        <ele>0</ele>
        <time>2026-02-26T15:53:14.711Z</time>
      </trkpt>
      <trkpt lat="31.82705315520664" lon="34.99787008452017">
        <ele>0</ele>
        <time>2026-02-26T15:53:15.711Z</time>
      </trkpt>
      <trkpt lat="31.82705315520664" lon="34.99787008452017">
        <ele>0</ele>
        <time>2026-02-26T15:53:16.711Z</time>
      </trkpt>
      <trkpt lat="31.82705315520664" lon="34.99787008452017">
        <ele>0</ele>
        <time>2026-02-26T15:53:17.711Z</time>
      </trkpt>
      <trkpt lat="31.827072580687897" lon="34.998853197418214">
        <ele>266</ele>
        <time>2026-02-26T15:53:18.711Z</time>
      </trkpt>
      <trkpt lat="31.827072580687897" lon="34.998853197418214">
        <ele>-1</ele>
        <time>2026-02-26T15:53:19.711Z</time>
      </trkpt>
      <trkpt lat="31.827072580687897" lon="34.998853197418214">
        <ele>-1</ele>
        <time>2026-02-26T15:53:20.711Z</time>
      </trkpt>
      <trkpt lat="31.827072580687897" lon="34.998853197418214">
        <ele>-1</ele>
        <time>2026-02-26T15:53:21.711Z</time>
      </trkpt>
      <trkpt lat="31.827072580687897" lon="34.998853197418214">
        <ele>-1</ele>
        <time>2026-02-26T15:53:22.711Z</time>
      </trkpt>
      <trkpt lat="31.827072580687897" lon="34.998853197418214">
        <ele>266</ele>
        <time>2026-02-26T15:53:23.711Z</time>
      </trkpt>
      <trkpt lat="31.827111431636894" lon="34.99949336395804">
        <ele>258</ele>
        <time>2026-02-26T15:53:24.711Z</time>
      </trkpt>
      <trkpt lat="31.827111431636894" lon="34.99949336395804">
        <ele>-1</ele>
        <time>2026-02-26T15:53:25.711Z</time>
      </trkpt>
      <trkpt lat="31.827111431636894" lon="34.99949336395804">
        <ele>-1</ele>
        <time>2026-02-26T15:53:26.711Z</time>
      </trkpt>
      <trkpt lat="31.827111431636894" lon="34.99949336395804">
        <ele>0</ele>
        <time>2026-02-26T15:53:27.711Z</time>
      </trkpt>
      <trkpt lat="31.827111431636894" lon="34.99949336395804">
        <ele>0</ele>
        <time>2026-02-26T15:53:28.711Z</time>
      </trkpt>
      <trkpt lat="31.827111431636894" lon="34.99949336395804">
        <ele>0</ele>
        <time>2026-02-26T15:53:29.711Z</time>
      </trkpt>
      <trkpt lat="31.827111431636894" lon="34.99949336395804">
        <ele>0</ele>
        <time>2026-02-26T15:53:30.711Z</time>
      </trkpt>
      <trkpt lat="31.827111431636894" lon="34.99949336395804">
        <ele>0</ele>
        <time>2026-02-26T15:53:31.711Z</time>
      </trkpt>
      <trkpt lat="31.827111431636894" lon="34.99949336395804">
        <ele>-1</ele>
        <time>2026-02-26T15:53:32.711Z</time>
      </trkpt>
      <trkpt lat="31.827111431636894" lon="34.99949336395804">
        <ele>-1</ele>
        <time>2026-02-26T15:53:33.711Z</time>
      </trkpt>
      <trkpt lat="31.827111431636894" lon="34.99949336395804">
        <ele>-1</ele>
        <time>2026-02-26T15:53:34.711Z</time>
      </trkpt>
      <trkpt lat="31.827111431636894" lon="34.99949336395804">
        <ele>258</ele>
        <time>2026-02-26T15:53:35.711Z</time>
      </trkpt>
      <trkpt lat="31.827189133487053" lon="34.9996991317727">
        <ele>258</ele>
        <time>2026-02-26T15:53:36.711Z</time>
      </trkpt>
      <trkpt lat="31.827189133487053" lon="34.9996991317727">
        <ele>-1</ele>
        <time>2026-02-26T15:53:37.711Z</time>
      </trkpt>
      <trkpt lat="31.827189133487053" lon="34.9996991317727">
        <ele>-1</ele>
        <time>2026-02-26T15:53:38.711Z</time>
      </trkpt>
      <trkpt lat="31.827189133487053" lon="34.9996991317727">
        <ele>-1</ele>
        <time>2026-02-26T15:53:39.711Z</time>
      </trkpt>
      <trkpt lat="31.827189133487053" lon="34.9996991317727">
        <ele>-1</ele>
        <time>2026-02-26T15:53:40.711Z</time>
      </trkpt>
      <trkpt lat="31.827189133487053" lon="34.9996991317727">
        <ele>0</ele>
        <time>2026-02-26T15:53:41.711Z</time>
      </trkpt>
      <trkpt lat="31.827189133487053" lon="34.9996991317727">
        <ele>0</ele>
        <time>2026-02-26T15:53:42.711Z</time>
      </trkpt>
      <trkpt lat="31.827189133487053" lon="34.9996991317727">
        <ele>0</ele>
        <time>2026-02-26T15:53:43.711Z</time>
      </trkpt>
      <trkpt lat="31.827189133487053" lon="34.9996991317727">
        <ele>0</ele>
        <time>2026-02-26T15:53:44.711Z</time>
      </trkpt>
      <trkpt lat="31.827189133487053" lon="34.9996991317727">
        <ele>0</ele>
        <time>2026-02-26T15:53:45.711Z</time>
      </trkpt>
      <trkpt lat="31.827189133487053" lon="34.9996991317727">
        <ele>258</ele>
        <time>2026-02-26T15:53:46.711Z</time>
      </trkpt>
      <trkpt lat="31.827189133487053" lon="34.9996991317727">
        <ele>-1</ele>
        <time>2026-02-26T15:53:47.711Z</time>
      </trkpt>
      <trkpt lat="31.827888447194155" lon="34.999470500866295">
        <ele>265</ele>
        <time>2026-02-26T15:53:48.711Z</time>
      </trkpt>
      <trkpt lat="31.827888447194155" lon="34.999470500866295">
        <ele>-1</ele>
        <time>2026-02-26T15:53:49.711Z</time>
      </trkpt>
      <trkpt lat="31.827888447194155" lon="34.999470500866295">
        <ele>-1</ele>
        <time>2026-02-26T15:53:50.711Z</time>
      </trkpt>
      <trkpt lat="31.827888447194155" lon="34.999470500866295">
        <ele>-1</ele>
        <time>2026-02-26T15:53:51.711Z</time>
      </trkpt>
      <trkpt lat="31.827888447194155" lon="34.999470500866295">
        <ele>-1</ele>
        <time>2026-02-26T15:53:52.711Z</time>
      </trkpt>
      <trkpt lat="31.827888447194155" lon="34.999470500866295">
        <ele>265</ele>
        <time>2026-02-26T15:53:53.711Z</time>
      </trkpt>
      <trkpt lat="31.828199251585517" lon="34.99979058413555">
        <ele>265</ele>
        <time>2026-02-26T15:53:54.711Z</time>
      </trkpt>
      <trkpt lat="31.828199251585517" lon="34.99979058413555">
        <ele>0</ele>
        <time>2026-02-26T15:53:55.711Z</time>
      </trkpt>
      <trkpt lat="31.828199251585517" lon="34.99979058413555">
        <ele>0</ele>
        <time>2026-02-26T15:53:56.711Z</time>
      </trkpt>
      <trkpt lat="31.828199251585517" lon="34.99979058413555">
        <ele>0</ele>
        <time>2026-02-26T15:53:57.711Z</time>
      </trkpt>
      <trkpt lat="31.828199251585517" lon="34.99979058413555">
        <ele>0</ele>
        <time>2026-02-26T15:53:58.711Z</time>
      </trkpt>
      <trkpt lat="31.828199251585517" lon="34.99979058413555">
        <ele>0</ele>
        <time>2026-02-26T15:53:59.711Z</time>
      </trkpt>
      <trkpt lat="31.828199251585517" lon="34.99979058413555">
        <ele>-1</ele>
        <time>2026-02-26T15:54:00.711Z</time>
      </trkpt>
      <trkpt lat="31.828199251585517" lon="34.99979058413555">
        <ele>-1</ele>
        <time>2026-02-26T15:54:01.711Z</time>
      </trkpt>
      <trkpt lat="31.828199251585517" lon="34.99979058413555">
        <ele>-1</ele>
        <time>2026-02-26T15:54:02.711Z</time>
      </trkpt>
      <trkpt lat="31.828199251585517" lon="34.99979058413555">
        <ele>-1</ele>
        <time>2026-02-26T15:54:03.711Z</time>
      </trkpt>
      <trkpt lat="31.828199251585517" lon="34.99979058413555">
        <ele>-1</ele>
        <time>2026-02-26T15:54:04.711Z</time>
      </trkpt>
      <trkpt lat="31.828199251585517" lon="34.99979058413555">
        <ele>265</ele>
        <time>2026-02-26T15:54:05.711Z</time>
      </trkpt>
      <trkpt lat="31.828801432116165" lon="34.999813447227325">
        <ele>272</ele>
        <time>2026-02-26T15:54:06.711Z</time>
      </trkpt>
      <trkpt lat="31.828801432116165" lon="34.999813447227325">
        <ele>-1</ele>
        <time>2026-02-26T15:54:07.711Z</time>
      </trkpt>
      <trkpt lat="31.828801432116165" lon="34.999813447227325">
        <ele>-1</ele>
        <time>2026-02-26T15:54:08.711Z</time>
      </trkpt>
      <trkpt lat="31.828801432116165" lon="34.999813447227325">
        <ele>0</ele>
        <time>2026-02-26T15:54:09.711Z</time>
      </trkpt>
      <trkpt lat="31.828801432116165" lon="34.999813447227325">
        <ele>0</ele>
        <time>2026-02-26T15:54:10.711Z</time>
      </trkpt>
      <trkpt lat="31.828801432116165" lon="34.999813447227325">
        <ele>0</ele>
        <time>2026-02-26T15:54:11.711Z</time>
      </trkpt>
      <trkpt lat="31.828801432116165" lon="34.999813447227325">
        <ele>0</ele>
        <time>2026-02-26T15:54:12.711Z</time>
      </trkpt>
      <trkpt lat="31.828801432116165" lon="34.999813447227325">
        <ele>0</ele>
        <time>2026-02-26T15:54:13.711Z</time>
      </trkpt>
      <trkpt lat="31.828801432116165" lon="34.999813447227325">
        <ele>-1</ele>
        <time>2026-02-26T15:54:14.711Z</time>
      </trkpt>
      <trkpt lat="31.828801432116165" lon="34.999813447227325">
        <ele>-1</ele>
        <time>2026-02-26T15:54:15.711Z</time>
      </trkpt>
      <trkpt lat="31.828801432116165" lon="34.999813447227325">
        <ele>272</ele>
        <time>2026-02-26T15:54:16.711Z</time>
      </trkpt>
      <trkpt lat="31.828801432116165" lon="34.999813447227325">
        <ele>-1</ele>
        <time>2026-02-26T15:54:17.711Z</time>
      </trkpt>
      <trkpt lat="31.829345333734537" lon="34.99997348886123">
        <ele>289</ele>
        <time>2026-02-26T15:54:18.711Z</time>
      </trkpt>
      <trkpt lat="31.829345333734537" lon="34.99997348886123">
        <ele>-1</ele>
        <time>2026-02-26T15:54:19.711Z</time>
      </trkpt>
      <trkpt lat="31.829345333734537" lon="34.99997348886123">
        <ele>-1</ele>
        <time>2026-02-26T15:54:20.711Z</time>
      </trkpt>
      <trkpt lat="31.829345333734537" lon="34.99997348886123">
        <ele>-1</ele>
        <time>2026-02-26T15:54:21.711Z</time>
      </trkpt>
      <trkpt lat="31.829345333734537" lon="34.99997348886123">
        <ele>-1</ele>
        <time>2026-02-26T15:54:22.711Z</time>
      </trkpt>
      <trkpt lat="31.829345333734537" lon="34.99997348886123">
        <ele>0</ele>
        <time>2026-02-26T15:54:23.711Z</time>
      </trkpt>
      <trkpt lat="31.829345333734537" lon="34.99997348886123">
        <ele>0</ele>
        <time>2026-02-26T15:54:24.711Z</time>
      </trkpt>
      <trkpt lat="31.829345333734537" lon="34.99997348886123">
        <ele>0</ele>
        <time>2026-02-26T15:54:25.711Z</time>
      </trkpt>
      <trkpt lat="31.829345333734537" lon="34.99997348886123">
        <ele>0</ele>
        <time>2026-02-26T15:54:26.711Z</time>
      </trkpt>
      <trkpt lat="31.829345333734537" lon="34.99997348886123">
        <ele>0</ele>
        <time>2026-02-26T15:54:27.711Z</time>
      </trkpt>
      <trkpt lat="31.829345333734537" lon="34.99997348886123">
        <ele>289</ele>
        <time>2026-02-26T15:54:28.711Z</time>
      </trkpt>
      <trkpt lat="31.829656133220453" lon="35.00052220303681">
        <ele>299</ele>
        <time>2026-02-26T15:54:29.711Z</time>
      </trkpt>
      <trkpt lat="31.829656133220453" lon="35.00052220303681">
        <ele>-1</ele>
        <time>2026-02-26T15:54:30.711Z</time>
      </trkpt>
      <trkpt lat="31.829656133220453" lon="35.00052220303681">
        <ele>-1</ele>
        <time>2026-02-26T15:54:31.711Z</time>
      </trkpt>
      <trkpt lat="31.829656133220453" lon="35.00052220303681">
        <ele>-1</ele>
        <time>2026-02-26T15:54:32.711Z</time>
      </trkpt>
      <trkpt lat="31.829656133220453" lon="35.00052220303681">
        <ele>-1</ele>
        <time>2026-02-26T15:54:33.711Z</time>
      </trkpt>
      <trkpt lat="31.829656133220453" lon="35.00052220303681">
        <ele>299</ele>
        <time>2026-02-26T15:54:34.711Z</time>
      </trkpt>
      <trkpt lat="31.829656133220453" lon="35.00052220303681">
        <ele>-1</ele>
        <time>2026-02-26T15:54:35.711Z</time>
      </trkpt>
      <trkpt lat="31.830025206250582" lon="35.0011623695753">
        <ele>284</ele>
        <time>2026-02-26T15:54:36.711Z</time>
      </trkpt>
      <trkpt lat="31.830025206250582" lon="35.0011623695753">
        <ele>0</ele>
        <time>2026-02-26T15:54:37.711Z</time>
      </trkpt>
      <trkpt lat="31.830025206250582" lon="35.0011623695753">
        <ele>0</ele>
        <time>2026-02-26T15:54:38.711Z</time>
      </trkpt>
      <trkpt lat="31.830025206250582" lon="35.0011623695753">
        <ele>0</ele>
        <time>2026-02-26T15:54:39.711Z</time>
      </trkpt>
      <trkpt lat="31.830025206250582" lon="35.0011623695753">
        <ele>0</ele>
        <time>2026-02-26T15:54:40.711Z</time>
      </trkpt>
      <trkpt lat="31.830025206250582" lon="35.0011623695753">
        <ele>0</ele>
        <time>2026-02-26T15:54:41.711Z</time>
      </trkpt>
      <trkpt lat="31.830025206250582" lon="35.0011623695753">
        <ele>-1</ele>
        <time>2026-02-26T15:54:42.711Z</time>
      </trkpt>
      <trkpt lat="31.830025206250582" lon="35.0011623695753">
        <ele>-1</ele>
        <time>2026-02-26T15:54:43.711Z</time>
      </trkpt>
      <trkpt lat="31.830025206250582" lon="35.0011623695753">
        <ele>-1</ele>
        <time>2026-02-26T15:54:44.711Z</time>
      </trkpt>
      <trkpt lat="31.830025206250582" lon="35.0011623695753">
        <ele>-1</ele>
        <time>2026-02-26T15:54:45.711Z</time>
      </trkpt>
      <trkpt lat="31.830025206250582" lon="35.0011623695753">
        <ele>284</ele>
        <time>2026-02-26T15:54:46.711Z</time>
      </trkpt>
      <trkpt lat="31.830569100657726" lon="35.00148245284595">
        <ele>302</ele>
        <time>2026-02-26T15:54:47.711Z</time>
      </trkpt>
      <trkpt lat="31.830569100657726" lon="35.00148245284595">
        <ele>-1</ele>
        <time>2026-02-26T15:54:48.711Z</time>
      </trkpt>
      <trkpt lat="31.830569100657726" lon="35.00148245284595">
        <ele>-1</ele>
        <time>2026-02-26T15:54:49.711Z</time>
      </trkpt>
      <trkpt lat="31.830569100657726" lon="35.00148245284595">
        <ele>-1</ele>
        <time>2026-02-26T15:54:50.711Z</time>
      </trkpt>
      <trkpt lat="31.830569100657726" lon="35.00148245284595">
        <ele>0</ele>
        <time>2026-02-26T15:54:51.711Z</time>
      </trkpt>
      <trkpt lat="31.830569100657726" lon="35.00148245284595">
        <ele>0</ele>
        <time>2026-02-26T15:54:52.711Z</time>
      </trkpt>
      <trkpt lat="31.830569100657726" lon="35.00148245284595">
        <ele>0</ele>
        <time>2026-02-26T15:54:53.711Z</time>
      </trkpt>
      <trkpt lat="31.830569100657726" lon="35.00148245284595">
        <ele>0</ele>
        <time>2026-02-26T15:54:54.711Z</time>
      </trkpt>
      <trkpt lat="31.830569100657726" lon="35.00148245284595">
        <ele>0</ele>
        <time>2026-02-26T15:54:55.711Z</time>
      </trkpt>
      <trkpt lat="31.830569100657726" lon="35.00148245284595">
        <ele>-1</ele>
        <time>2026-02-26T15:54:56.711Z</time>
      </trkpt>
      <trkpt lat="31.830569100657726" lon="35.00148245284595">
        <ele>-1</ele>
        <time>2026-02-26T15:54:57.711Z</time>
      </trkpt>
      <trkpt lat="31.830569100657726" lon="35.00148245284595">
        <ele>302</ele>
        <time>2026-02-26T15:54:58.711Z</time>
      </trkpt>
      <trkpt lat="31.830918745370084" lon="35.002076893202286">
        <ele>290.5</ele>
        <time>2026-02-26T15:54:59.711Z</time>
      </trkpt>
      <trkpt lat="31.830918745370084" lon="35.002076893202286">
        <ele>-1</ele>
        <time>2026-02-26T15:55:00.711Z</time>
      </trkpt>
      <trkpt lat="31.830918745370084" lon="35.002076893202286">
        <ele>-1</ele>
        <time>2026-02-26T15:55:01.711Z</time>
      </trkpt>
      <trkpt lat="31.830918745370084" lon="35.002076893202286">
        <ele>-1</ele>
        <time>2026-02-26T15:55:02.711Z</time>
      </trkpt>
      <trkpt lat="31.830918745370084" lon="35.002076893202286">
        <ele>-1</ele>
        <time>2026-02-26T15:55:03.711Z</time>
      </trkpt>
      <trkpt lat="31.830918745370084" lon="35.002076893202286">
        <ele>-1</ele>
        <time>2026-02-26T15:55:04.711Z</time>
      </trkpt>
      <trkpt lat="31.830918745370084" lon="35.002076893202286">
        <ele>0</ele>
        <time>2026-02-26T15:55:05.711Z</time>
      </trkpt>
      <trkpt lat="31.830918745370084" lon="35.002076893202286">
        <ele>0</ele>
        <time>2026-02-26T15:55:06.711Z</time>
      </trkpt>
      <trkpt lat="31.830918745370084" lon="35.002076893202286">
        <ele>0</ele>
        <time>2026-02-26T15:55:07.711Z</time>
      </trkpt>
      <trkpt lat="31.830918745370084" lon="35.002076893202286">
        <ele>0</ele>
        <time>2026-02-26T15:55:08.711Z</time>
      </trkpt>
      <trkpt lat="31.830918745370084" lon="35.002076893202286">
        <ele>0</ele>
        <time>2026-02-26T15:55:09.711Z</time>
      </trkpt>
      <trkpt lat="31.830918745370084" lon="35.002076893202286">
        <ele>290.5</ele>
        <time>2026-02-26T15:55:10.711Z</time>
      </trkpt>
      <trkpt lat="31.831346087108784" lon="35.00253415501646">
        <ele>290</ele>
        <time>2026-02-26T15:55:11.711Z</time>
      </trkpt>
      <trkpt lat="31.831346087108784" lon="35.00253415501646">
        <ele>-1</ele>
        <time>2026-02-26T15:55:12.711Z</time>
      </trkpt>
      <trkpt lat="31.831346087108784" lon="35.00253415501646">
        <ele>-1</ele>
        <time>2026-02-26T15:55:13.711Z</time>
      </trkpt>
      <trkpt lat="31.831346087108784" lon="35.00253415501646">
        <ele>-1</ele>
        <time>2026-02-26T15:55:14.711Z</time>
      </trkpt>
      <trkpt lat="31.831346087108784" lon="35.00253415501646">
        <ele>-1</ele>
        <time>2026-02-26T15:55:15.711Z</time>
      </trkpt>
      <trkpt lat="31.831346087108784" lon="35.00253415501646">
        <ele>290</ele>
        <time>2026-02-26T15:55:16.711Z</time>
      </trkpt>
      <trkpt lat="31.831346087108784" lon="35.00253415501646">
        <ele>-1</ele>
        <time>2026-02-26T15:55:17.711Z</time>
      </trkpt>
      <trkpt lat="31.831501483613735" lon="35.002739922832546">
        <ele>283</ele>
        <time>2026-02-26T15:55:18.711Z</time>
      </trkpt>
      <trkpt lat="31.831501483613735" lon="35.002739922832546">
        <ele>0</ele>
        <time>2026-02-26T15:55:19.711Z</time>
      </trkpt>
      <trkpt lat="31.831501483613735" lon="35.002739922832546">
        <ele>0</ele>
        <time>2026-02-26T15:55:20.711Z</time>
      </trkpt>
      <trkpt lat="31.831501483613735" lon="35.002739922832546">
        <ele>0</ele>
        <time>2026-02-26T15:55:21.711Z</time>
      </trkpt>
      <trkpt lat="31.831501483613735" lon="35.002739922832546">
        <ele>0</ele>
        <time>2026-02-26T15:55:22.711Z</time>
      </trkpt>
      <trkpt lat="31.831501483613735" lon="35.002739922832546">
        <ele>0</ele>
        <time>2026-02-26T15:55:23.711Z</time>
      </trkpt>
      <trkpt lat="31.831501483613735" lon="35.002739922832546">
        <ele>-1</ele>
        <time>2026-02-26T15:55:24.711Z</time>
      </trkpt>
      <trkpt lat="31.831501483613735" lon="35.002739922832546">
        <ele>-1</ele>
        <time>2026-02-26T15:55:25.711Z</time>
      </trkpt>
      <trkpt lat="31.831501483613735" lon="35.002739922832546">
        <ele>283</ele>
        <time>2026-02-26T15:55:26.711Z</time>
      </trkpt>
      <trkpt lat="31.831501483613735" lon="35.002739922832546">
        <ele>-1</ele>
        <time>2026-02-26T15:55:27.711Z</time>
      </trkpt>
      <trkpt lat="31.831501483613735" lon="35.002739922832546">
        <ele>-1</ele>
        <time>2026-02-26T15:55:28.711Z</time>
      </trkpt>
      <trkpt lat="31.831520908158794" lon="35.00319718464527">
        <ele>283</ele>
        <time>2026-02-26T15:55:29.711Z</time>
      </trkpt>
      <trkpt lat="31.831520908158794" lon="35.00319718464527">
        <ele>-1</ele>
        <time>2026-02-26T15:55:30.711Z</time>
      </trkpt>
      <trkpt lat="31.831520908158794" lon="35.00319718464527">
        <ele>-1</ele>
        <time>2026-02-26T15:55:31.711Z</time>
      </trkpt>
      <trkpt lat="31.831520908158794" lon="35.00319718464527">
        <ele>-1</ele>
        <time>2026-02-26T15:55:32.711Z</time>
      </trkpt>
      <trkpt lat="31.831520908158794" lon="35.00319718464527">
        <ele>0</ele>
        <time>2026-02-26T15:55:33.711Z</time>
      </trkpt>
      <trkpt lat="31.831520908158794" lon="35.00319718464527">
        <ele>0</ele>
        <time>2026-02-26T15:55:34.711Z</time>
      </trkpt>
      <trkpt lat="31.831520908158794" lon="35.00319718464527">
        <ele>0</ele>
        <time>2026-02-26T15:55:35.711Z</time>
      </trkpt>
      <trkpt lat="31.831520908158794" lon="35.00319718464527">
        <ele>0</ele>
        <time>2026-02-26T15:55:36.711Z</time>
      </trkpt>
      <trkpt lat="31.831520908158794" lon="35.00319718464527">
        <ele>0</ele>
        <time>2026-02-26T15:55:37.711Z</time>
      </trkpt>
      <trkpt lat="31.831520908158794" lon="35.00319718464527">
        <ele>283</ele>
        <time>2026-02-26T15:55:38.711Z</time>
      </trkpt>
      <trkpt lat="31.831520908158794" lon="35.00319718464527">
        <ele>-1</ele>
        <time>2026-02-26T15:55:39.711Z</time>
      </trkpt>
      <trkpt lat="31.83181227583927" lon="35.003425815551594">
        <ele>277.5</ele>
        <time>2026-02-26T15:55:40.711Z</time>
      </trkpt>
      <trkpt lat="31.83181227583927" lon="35.003425815551594">
        <ele>-1</ele>
        <time>2026-02-26T15:55:41.711Z</time>
      </trkpt>
      <trkpt lat="31.83181227583927" lon="35.003425815551594">
        <ele>-1</ele>
        <time>2026-02-26T15:55:42.711Z</time>
      </trkpt>
      <trkpt lat="31.83181227583927" lon="35.003425815551594">
        <ele>-1</ele>
        <time>2026-02-26T15:55:43.711Z</time>
      </trkpt>
      <trkpt lat="31.83181227583927" lon="35.003425815551594">
        <ele>-1</ele>
        <time>2026-02-26T15:55:44.711Z</time>
      </trkpt>
      <trkpt lat="31.83181227583927" lon="35.003425815551594">
        <ele>277.5</ele>
        <time>2026-02-26T15:55:45.711Z</time>
      </trkpt>
      <trkpt lat="31.83181227583927" lon="35.003425815551594">
        <ele>-1</ele>
        <time>2026-02-26T15:55:46.711Z</time>
      </trkpt>
      <trkpt lat="31.83181227583927" lon="35.003425815551594">
        <ele>0</ele>
        <time>2026-02-26T15:55:47.711Z</time>
      </trkpt>
      <trkpt lat="31.83181227583927" lon="35.003425815551594">
        <ele>0</ele>
        <time>2026-02-26T15:55:48.711Z</time>
      </trkpt>
      <trkpt lat="31.83181227583927" lon="35.003425815551594">
        <ele>0</ele>
        <time>2026-02-26T15:55:49.711Z</time>
      </trkpt>
      <trkpt lat="31.83181227583927" lon="35.003425815551594">
        <ele>0</ele>
        <time>2026-02-26T15:55:50.711Z</time>
      </trkpt>
      <trkpt lat="31.83181227583927" lon="35.003425815551594">
        <ele>0</ele>
        <time>2026-02-26T15:55:51.711Z</time>
      </trkpt>
      <trkpt lat="31.83216191584215" lon="35.003242910825975">
        <ele>288.5</ele>
        <time>2026-02-26T15:55:52.711Z</time>
      </trkpt>
      <trkpt lat="31.83216191584215" lon="35.003242910825975">
        <ele>-1</ele>
        <time>2026-02-26T15:55:53.711Z</time>
      </trkpt>
      <trkpt lat="31.83216191584215" lon="35.003242910825975">
        <ele>-1</ele>
        <time>2026-02-26T15:55:54.711Z</time>
      </trkpt>
      <trkpt lat="31.83216191584215" lon="35.003242910825975">
        <ele>288.5</ele>
        <time>2026-02-26T15:55:55.711Z</time>
      </trkpt>
      <trkpt lat="31.83216191584215" lon="35.003242910825975">
        <ele>-1</ele>
        <time>2026-02-26T15:55:56.711Z</time>
      </trkpt>
      <trkpt lat="31.83235615971617" lon="35.00363158336771">
        <ele>283</ele>
        <time>2026-02-26T15:55:57.711Z</time>
      </trkpt>
      <trkpt lat="31.83235615971617" lon="35.00363158336771">
        <ele>-1</ele>
        <time>2026-02-26T15:55:58.711Z</time>
      </trkpt>
      <trkpt lat="31.83235615971617" lon="35.00363158336771">
        <ele>283</ele>
        <time>2026-02-26T15:55:59.711Z</time>
      </trkpt>
      <trkpt lat="31.83235615971617" lon="35.00363158336771">
        <ele>-1</ele>
        <time>2026-02-26T15:56:00.711Z</time>
      </trkpt>
      <trkpt lat="31.83235615971617" lon="35.00363158336771">
        <ele>0</ele>
        <time>2026-02-26T15:56:01.711Z</time>
      </trkpt>
      <trkpt lat="31.83235615971617" lon="35.00363158336771">
        <ele>0</ele>
        <time>2026-02-26T15:56:02.711Z</time>
      </trkpt>
      <trkpt lat="31.83235615971617" lon="35.00363158336771">
        <ele>0</ele>
        <time>2026-02-26T15:56:03.711Z</time>
      </trkpt>
      <trkpt lat="31.83235615971617" lon="35.00363158336771">
        <ele>0</ele>
        <time>2026-02-26T15:56:04.711Z</time>
      </trkpt>
      <trkpt lat="31.83235615971617" lon="35.00363158336771">
        <ele>0</ele>
        <time>2026-02-26T15:56:05.711Z</time>
      </trkpt>
      <trkpt lat="31.832103642600515" lon="35.00427174990617">
        <ele>283.5</ele>
        <time>2026-02-26T15:56:06.711Z</time>
      </trkpt>
      <trkpt lat="31.832103642600515" lon="35.00427174990617">
        <ele>-1</ele>
        <time>2026-02-26T15:56:07.711Z</time>
      </trkpt>
      <trkpt lat="31.832103642600515" lon="35.00427174990617">
        <ele>283.5</ele>
        <time>2026-02-26T15:56:08.711Z</time>
      </trkpt>
      <trkpt lat="31.832103642600515" lon="35.00427174990617">
        <ele>-1</ele>
        <time>2026-02-26T15:56:09.711Z</time>
      </trkpt>
      <trkpt lat="31.832103642600515" lon="35.00427174990617">
        <ele>-1</ele>
        <time>2026-02-26T15:56:10.711Z</time>
      </trkpt>
      <trkpt lat="31.83216191584215" lon="35.00482046408317">
        <ele>284</ele>
        <time>2026-02-26T15:56:11.711Z</time>
      </trkpt>
      <trkpt lat="31.83216191584215" lon="35.00482046408317">
        <ele>-1</ele>
        <time>2026-02-26T15:56:12.711Z</time>
      </trkpt>
      <trkpt lat="31.83216191584215" lon="35.00482046408317">
        <ele>284</ele>
        <time>2026-02-26T15:56:13.711Z</time>
      </trkpt>
      <trkpt lat="31.832064793752153" lon="35.0051862735331">
        <ele>287</ele>
        <time>2026-02-26T15:56:14.711Z</time>
      </trkpt>
      <trkpt lat="31.832064793752153" lon="35.0051862735331">
        <ele>0</ele>
        <time>2026-02-26T15:56:15.711Z</time>
      </trkpt>
      <trkpt lat="31.832064793752153" lon="35.0051862735331">
        <ele>0</ele>
        <time>2026-02-26T15:56:16.711Z</time>
      </trkpt>
      <trkpt lat="31.832064793752153" lon="35.0051862735331">
        <ele>0</ele>
        <time>2026-02-26T15:56:17.711Z</time>
      </trkpt>
      <trkpt lat="31.832064793752153" lon="35.0051862735331">
        <ele>0</ele>
        <time>2026-02-26T15:56:18.711Z</time>
      </trkpt>
      <trkpt lat="31.832064793752153" lon="35.0051862735331">
        <ele>0</ele>
        <time>2026-02-26T15:56:19.711Z</time>
      </trkpt>
      <trkpt lat="31.832064793752153" lon="35.0051862735331">
        <ele>-1</ele>
        <time>2026-02-26T15:56:20.711Z</time>
      </trkpt>
      <trkpt lat="31.832064793752153" lon="35.0051862735331">
        <ele>-1</ele>
        <time>2026-02-26T15:56:21.711Z</time>
      </trkpt>
      <trkpt lat="31.832064793752153" lon="35.0051862735331">
        <ele>-1</ele>
        <time>2026-02-26T15:56:22.711Z</time>
      </trkpt>
      <trkpt lat="31.832064793752153" lon="35.0051862735331">
        <ele>287</ele>
        <time>2026-02-26T15:56:23.711Z</time>
      </trkpt>
      <trkpt lat="31.832064793752153" lon="35.0051862735331">
        <ele>-1</ele>
        <time>2026-02-26T15:56:24.711Z</time>
      </trkpt>
      <trkpt lat="31.83179285135614" lon="35.00482046408317">
        <ele>277</ele>
        <time>2026-02-26T15:56:25.711Z</time>
      </trkpt>
      <trkpt lat="31.83179285135614" lon="35.00482046408317">
        <ele>277</ele>
        <time>2026-02-26T15:56:26.711Z</time>
      </trkpt>
      <trkpt lat="31.831598606297135" lon="35.00434033917861">
        <ele>270</ele>
        <time>2026-02-26T15:56:27.711Z</time>
      </trkpt>
      <trkpt lat="31.831598606297135" lon="35.00434033917861">
        <ele>-1</ele>
        <time>2026-02-26T15:56:28.711Z</time>
      </trkpt>
      <trkpt lat="31.831598606297135" lon="35.00434033917861">
        <ele>0</ele>
        <time>2026-02-26T15:56:29.711Z</time>
      </trkpt>
      <trkpt lat="31.831598606297135" lon="35.00434033917861">
        <ele>0</ele>
        <time>2026-02-26T15:56:30.711Z</time>
      </trkpt>
      <trkpt lat="31.831598606297135" lon="35.00434033917861">
        <ele>0</ele>
        <time>2026-02-26T15:56:31.711Z</time>
      </trkpt>
      <trkpt lat="31.831598606297135" lon="35.00434033917861">
        <ele>0</ele>
        <time>2026-02-26T15:56:32.711Z</time>
      </trkpt>
      <trkpt lat="31.831598606297135" lon="35.00434033917861">
        <ele>0</ele>
        <time>2026-02-26T15:56:33.711Z</time>
      </trkpt>
      <trkpt lat="31.831598606297135" lon="35.00434033917861">
        <ele>-1</ele>
        <time>2026-02-26T15:56:34.711Z</time>
      </trkpt>
      <trkpt lat="31.831598606297135" lon="35.00434033917861">
        <ele>-1</ele>
        <time>2026-02-26T15:56:35.711Z</time>
      </trkpt>
      <trkpt lat="31.831598606297135" lon="35.00434033917861">
        <ele>-1</ele>
        <time>2026-02-26T15:56:36.711Z</time>
      </trkpt>
      <trkpt lat="31.831598606297135" lon="35.00434033917861">
        <ele>270</ele>
        <time>2026-02-26T15:56:37.711Z</time>
      </trkpt>
      <trkpt lat="31.83130723794153" lon="35.00408884518188">
        <ele>272</ele>
        <time>2026-02-26T15:56:38.711Z</time>
      </trkpt>
      <trkpt lat="31.83130723794153" lon="35.00408884518188">
        <ele>272</ele>
        <time>2026-02-26T15:56:39.711Z</time>
      </trkpt>
      <trkpt lat="31.83130723794153" lon="35.00408884518188">
        <ele>-1</ele>
        <time>2026-02-26T15:56:40.711Z</time>
      </trkpt>
      <trkpt lat="31.83130723794153" lon="35.00408884518188">
        <ele>-1</ele>
        <time>2026-02-26T15:56:41.711Z</time>
      </trkpt>
      <trkpt lat="31.83130723794153" lon="35.00408884518188">
        <ele>-1</ele>
        <time>2026-02-26T15:56:42.711Z</time>
      </trkpt>
      <trkpt lat="31.83130723794153" lon="35.00408884518188">
        <ele>0</ele>
        <time>2026-02-26T15:56:43.711Z</time>
      </trkpt>
      <trkpt lat="31.83130723794153" lon="35.00408884518188">
        <ele>0</ele>
        <time>2026-02-26T15:56:44.711Z</time>
      </trkpt>
      <trkpt lat="31.83130723794153" lon="35.00408884518188">
        <ele>0</ele>
        <time>2026-02-26T15:56:45.711Z</time>
      </trkpt>
      <trkpt lat="31.83130723794153" lon="35.00408884518188">
        <ele>0</ele>
        <time>2026-02-26T15:56:46.711Z</time>
      </trkpt>
      <trkpt lat="31.83130723794153" lon="35.00408884518188">
        <ele>0</ele>
        <time>2026-02-26T15:56:47.711Z</time>
      </trkpt>
      <trkpt lat="31.83130723794153" lon="35.00408884518188">
        <ele>-1</ele>
        <time>2026-02-26T15:56:48.711Z</time>
      </trkpt>
      <trkpt lat="31.830705073747012" lon="35.00356299408713">
        <ele>265</ele>
        <time>2026-02-26T15:56:49.711Z</time>
      </trkpt>
      <trkpt lat="31.830705073747012" lon="35.00356299408713">
        <ele>265</ele>
        <time>2026-02-26T15:56:50.711Z</time>
      </trkpt>
      <trkpt lat="31.830258304234263" lon="35.003380089361485">
        <ele>265</ele>
        <time>2026-02-26T15:56:51.711Z</time>
      </trkpt>
      <trkpt lat="31.830258304234263" lon="35.003380089361485">
        <ele>-1</ele>
        <time>2026-02-26T15:56:52.711Z</time>
      </trkpt>
      <trkpt lat="31.830258304234263" lon="35.003380089361485">
        <ele>265</ele>
        <time>2026-02-26T15:56:53.711Z</time>
      </trkpt>
      <trkpt lat="31.829726482616493" lon="35.003796230617866">
        <ele>263</ele>
        <time>2026-02-26T15:56:54.711Z</time>
      </trkpt>
      <trkpt lat="31.829726482616493" lon="35.003796230617866">
        <ele>-1</ele>
        <time>2026-02-26T15:56:55.711Z</time>
      </trkpt>
      <trkpt lat="31.829726482616493" lon="35.003796230617866">
        <ele>-1</ele>
        <time>2026-02-26T15:56:56.711Z</time>
      </trkpt>
      <trkpt lat="31.829726482616493" lon="35.003796230617866">
        <ele>0</ele>
        <time>2026-02-26T15:56:57.711Z</time>
      </trkpt>
      <trkpt lat="31.829726482616493" lon="35.003796230617866">
        <ele>0</ele>
        <time>2026-02-26T15:56:58.711Z</time>
      </trkpt>
      <trkpt lat="31.829726482616493" lon="35.003796230617866">
        <ele>0</ele>
        <time>2026-02-26T15:56:59.711Z</time>
      </trkpt>
      <trkpt lat="31.829726482616493" lon="35.003796230617866">
        <ele>0</ele>
        <time>2026-02-26T15:57:00.711Z</time>
      </trkpt>
      <trkpt lat="31.829726482616493" lon="35.003796230617866">
        <ele>0</ele>
        <time>2026-02-26T15:57:01.711Z</time>
      </trkpt>
      <trkpt lat="31.829726482616493" lon="35.003796230617866">
        <ele>263</ele>
        <time>2026-02-26T15:57:02.711Z</time>
      </trkpt>
      <trkpt lat="31.829210740704227" lon="35.004111883855614">
        <ele>262.5</ele>
        <time>2026-02-26T15:57:03.711Z</time>
      </trkpt>
      <trkpt lat="31.829210740704227" lon="35.004111883855614">
        <ele>-1</ele>
        <time>2026-02-26T15:57:04.711Z</time>
      </trkpt>
      <trkpt lat="31.829210740704227" lon="35.004111883855614">
        <ele>262.5</ele>
        <time>2026-02-26T15:57:05.711Z</time>
      </trkpt>
      <trkpt lat="31.82870419212786" lon="35.00442929228987">
        <ele>260.5</ele>
        <time>2026-02-26T15:57:06.711Z</time>
      </trkpt>
      <trkpt lat="31.82870419212786" lon="35.00442929228987">
        <ele>260.5</ele>
        <time>2026-02-26T15:57:07.711Z</time>
      </trkpt>
      <trkpt lat="31.827655194482332" lon="35.00514736565151">
        <ele>265</ele>
        <time>2026-02-26T15:57:08.711Z</time>
      </trkpt>
      <trkpt lat="31.827655194482332" lon="35.00514736565151">
        <ele>-1</ele>
        <time>2026-02-26T15:57:09.711Z</time>
      </trkpt>
      <trkpt lat="31.827655194482332" lon="35.00514736565151">
        <ele>265</ele>
        <time>2026-02-26T15:57:10.711Z</time>
      </trkpt>
      <trkpt lat="31.827655194482332" lon="35.00514736565151">
        <ele>0</ele>
        <time>2026-02-26T15:57:11.711Z</time>
      </trkpt>
      <trkpt lat="31.827655194482332" lon="35.00514736565151">
        <ele>0</ele>
        <time>2026-02-26T15:57:12.711Z</time>
      </trkpt>
      <trkpt lat="31.827655194482332" lon="35.00514736565151">
        <ele>0</ele>
        <time>2026-02-26T15:57:13.711Z</time>
      </trkpt>
      <trkpt lat="31.827655194482332" lon="35.00514736565151">
        <ele>0</ele>
        <time>2026-02-26T15:57:14.711Z</time>
      </trkpt>
      <trkpt lat="31.827655194482332" lon="35.00514736565151">
        <ele>0</ele>
        <time>2026-02-26T15:57:15.711Z</time>
      </trkpt>
      <trkpt lat="31.827655194482332" lon="35.00514736565151">
        <ele>-1</ele>
        <time>2026-02-26T15:57:16.711Z</time>
      </trkpt>
      <trkpt lat="31.82742826330366" lon="35.005705829071786">
        <ele>260.5</ele>
        <time>2026-02-26T15:57:17.711Z</time>
      </trkpt>
      <trkpt lat="31.82742826330366" lon="35.005705829071786">
        <ele>260.5</ele>
        <time>2026-02-26T15:57:18.711Z</time>
      </trkpt>
      <trkpt lat="31.827531413908417" lon="35.00614288740081">
        <ele>267</ele>
        <time>2026-02-26T15:57:19.711Z</time>
      </trkpt>
      <trkpt lat="31.827531413908417" lon="35.00614288740081">
        <ele>267</ele>
        <time>2026-02-26T15:57:20.711Z</time>
      </trkpt>
      <trkpt lat="31.827964645189965" lon="35.006701350821146">
        <ele>280</ele>
        <time>2026-02-26T15:57:21.711Z</time>
      </trkpt>
      <trkpt lat="31.827964645189965" lon="35.006701350821146">
        <ele>-1</ele>
        <time>2026-02-26T15:57:22.711Z</time>
      </trkpt>
      <trkpt lat="31.827964645189965" lon="35.006701350821146">
        <ele>-1</ele>
        <time>2026-02-26T15:57:23.711Z</time>
      </trkpt>
      <trkpt lat="31.827964645189965" lon="35.006701350821146">
        <ele>280</ele>
        <time>2026-02-26T15:57:24.711Z</time>
      </trkpt>
      <trkpt lat="31.827964645189965" lon="35.006701350821146">
        <ele>0</ele>
        <time>2026-02-26T15:57:25.711Z</time>
      </trkpt>
      <trkpt lat="31.827964645189965" lon="35.006701350821146">
        <ele>0</ele>
        <time>2026-02-26T15:57:26.711Z</time>
      </trkpt>
      <trkpt lat="31.827964645189965" lon="35.006701350821146">
        <ele>0</ele>
        <time>2026-02-26T15:57:27.711Z</time>
      </trkpt>
      <trkpt lat="31.827964645189965" lon="35.006701350821146">
        <ele>0</ele>
        <time>2026-02-26T15:57:28.711Z</time>
      </trkpt>
      <trkpt lat="31.827964645189965" lon="35.006701350821146">
        <ele>0</ele>
        <time>2026-02-26T15:57:29.711Z</time>
      </trkpt>
      <trkpt lat="31.827634564397883" lon="35.006798474894424">
        <ele>278</ele>
        <time>2026-02-26T15:57:30.711Z</time>
      </trkpt>
      <trkpt lat="31.827634564397883" lon="35.006798474894424">
        <ele>278</ele>
        <time>2026-02-26T15:57:31.711Z</time>
      </trkpt>
      <trkpt lat="31.82718070138195" lon="35.00764831053462">
        <ele>282</ele>
        <time>2026-02-26T15:57:32.711Z</time>
      </trkpt>
      <trkpt lat="31.82718070138195" lon="35.00764831053462">
        <ele>282</ele>
        <time>2026-02-26T15:57:33.711Z</time>
      </trkpt>
      <trkpt lat="31.82718070138195" lon="35.00764831053462">
        <ele>-1</ele>
        <time>2026-02-26T15:57:34.711Z</time>
      </trkpt>
      <trkpt lat="31.82718070138195" lon="35.00764831053462">
        <ele>-1</ele>
        <time>2026-02-26T15:57:35.711Z</time>
      </trkpt>
      <trkpt lat="31.826871248045634" lon="35.00823105497284">
        <ele>283</ele>
        <time>2026-02-26T15:57:36.711Z</time>
      </trkpt>
      <trkpt lat="31.826871248045634" lon="35.00823105497284">
        <ele>283</ele>
        <time>2026-02-26T15:57:37.711Z</time>
      </trkpt>
      <trkpt lat="31.826479272331" lon="35.00888664246642">
        <ele>286</ele>
        <time>2026-02-26T15:57:38.711Z</time>
      </trkpt>
      <trkpt lat="31.826479272331" lon="35.00888664246642">
        <ele>0</ele>
        <time>2026-02-26T15:57:39.711Z</time>
      </trkpt>
      <trkpt lat="31.826479272331" lon="35.00888664246642">
        <ele>0</ele>
        <time>2026-02-26T15:57:40.711Z</time>
      </trkpt>
      <trkpt lat="31.826479272331" lon="35.00888664246642">
        <ele>0</ele>
        <time>2026-02-26T15:57:41.711Z</time>
      </trkpt>
      <trkpt lat="31.826479272331" lon="35.00888664246642">
        <ele>0</ele>
        <time>2026-02-26T15:57:42.711Z</time>
      </trkpt>
      <trkpt lat="31.826479272331" lon="35.00888664246642">
        <ele>0</ele>
        <time>2026-02-26T15:57:43.711Z</time>
      </trkpt>
      <trkpt lat="31.826479272331" lon="35.00888664246642">
        <ele>286</ele>
        <time>2026-02-26T15:57:44.711Z</time>
      </trkpt>
      <trkpt lat="31.82656179367261" lon="35.00993072625161">
        <ele>290.5</ele>
        <time>2026-02-26T15:57:45.711Z</time>
      </trkpt>
      <trkpt lat="31.82656179367261" lon="35.00993072625161">
        <ele>-1</ele>
        <time>2026-02-26T15:57:46.711Z</time>
      </trkpt>
      <trkpt lat="31.82656179367261" lon="35.00993072625161">
        <ele>290.5</ele>
        <time>2026-02-26T15:57:47.711Z</time>
      </trkpt>
      <trkpt lat="31.82656179367261" lon="35.00993072625161">
        <ele>-1</ele>
        <time>2026-02-26T15:57:48.711Z</time>
      </trkpt>
      <trkpt lat="31.826685575546023" lon="35.010489189671915">
        <ele>290</ele>
        <time>2026-02-26T15:57:49.711Z</time>
      </trkpt>
      <trkpt lat="31.826685575546023" lon="35.010489189671915">
        <ele>290</ele>
        <time>2026-02-26T15:57:50.711Z</time>
      </trkpt>
      <trkpt lat="31.827407633169187" lon="35.01107193411167">
        <ele>295</ele>
        <time>2026-02-26T15:57:51.711Z</time>
      </trkpt>
      <trkpt lat="31.827407633169187" lon="35.01107193411167">
        <ele>295</ele>
        <time>2026-02-26T15:57:52.711Z</time>
      </trkpt>
      <trkpt lat="31.827407633169187" lon="35.01107193411167">
        <ele>0</ele>
        <time>2026-02-26T15:57:53.711Z</time>
      </trkpt>
      <trkpt lat="31.827407633169187" lon="35.01107193411167">
        <ele>0</ele>
        <time>2026-02-26T15:57:54.711Z</time>
      </trkpt>
      <trkpt lat="31.827407633169187" lon="35.01107193411167">
        <ele>0</ele>
        <time>2026-02-26T15:57:55.711Z</time>
      </trkpt>
      <trkpt lat="31.827407633169187" lon="35.01107193411167">
        <ele>0</ele>
        <time>2026-02-26T15:57:56.711Z</time>
      </trkpt>
      <trkpt lat="31.827407633169187" lon="35.01107193411167">
        <ele>0</ele>
        <time>2026-02-26T15:57:57.711Z</time>
      </trkpt>
      <trkpt lat="31.827407633169187" lon="35.01107193411167">
        <ele>-1</ele>
        <time>2026-02-26T15:57:58.711Z</time>
      </trkpt>
      <trkpt lat="31.827696454636737" lon="35.01189748873236">
        <ele>303</ele>
        <time>2026-02-26T15:57:59.711Z</time>
      </trkpt>
      <trkpt lat="31.827696454636737" lon="35.01189748873236">
        <ele>303</ele>
        <time>2026-02-26T15:58:00.711Z</time>
      </trkpt>
      <trkpt lat="31.827696454636737" lon="35.01189748873236">
        <ele>-1</ele>
        <time>2026-02-26T15:58:01.711Z</time>
      </trkpt>
      <trkpt lat="31.828335984670275" lon="35.01320866371955">
        <ele>319.5</ele>
        <time>2026-02-26T15:58:02.711Z</time>
      </trkpt>
      <trkpt lat="31.828335984670275" lon="35.01320866371955">
        <ele>319.5</ele>
        <time>2026-02-26T15:58:03.711Z</time>
      </trkpt>
      <trkpt lat="31.828501023960087" lon="35.014446995651326">
        <ele>296.5</ele>
        <time>2026-02-26T15:58:04.711Z</time>
      </trkpt>
      <trkpt lat="31.828501023960087" lon="35.014446995651326">
        <ele>-1</ele>
        <time>2026-02-26T15:58:05.711Z</time>
      </trkpt>
      <trkpt lat="31.828501023960087" lon="35.014446995651326">
        <ele>296.5</ele>
        <time>2026-02-26T15:58:06.711Z</time>
      </trkpt>
      <trkpt lat="31.828501023960087" lon="35.014446995651326">
        <ele>0</ele>
        <time>2026-02-26T15:58:07.711Z</time>
      </trkpt>
      <trkpt lat="31.828501023960087" lon="35.014446995651326">
        <ele>0</ele>
        <time>2026-02-26T15:58:08.711Z</time>
      </trkpt>
      <trkpt lat="31.828501023960087" lon="35.014446995651326">
        <ele>0</ele>
        <time>2026-02-26T15:58:09.711Z</time>
      </trkpt>
      <trkpt lat="31.828501023960087" lon="35.014446995651326">
        <ele>0</ele>
        <time>2026-02-26T15:58:10.711Z</time>
      </trkpt>
      <trkpt lat="31.828501023960087" lon="35.014446995651326">
        <ele>0</ele>
        <time>2026-02-26T15:58:11.711Z</time>
      </trkpt>
      <trkpt lat="31.828562913597736" lon="35.01549107938058">
        <ele>305.5</ele>
        <time>2026-02-26T15:58:12.711Z</time>
      </trkpt>
      <trkpt lat="31.828562913597736" lon="35.01549107938058">
        <ele>305.5</ele>
        <time>2026-02-26T15:58:13.711Z</time>
      </trkpt>
      <trkpt lat="31.828562913597736" lon="35.01549107938058">
        <ele>-1</ele>
        <time>2026-02-26T15:58:14.711Z</time>
      </trkpt>
      <trkpt lat="31.82885173145057" lon="35.01471408679575">
        <ele>315</ele>
        <time>2026-02-26T15:58:15.711Z</time>
      </trkpt>
      <trkpt lat="31.82885173145057" lon="35.01471408679575">
        <ele>315</ele>
        <time>2026-02-26T15:58:16.711Z</time>
      </trkpt>
      <trkpt lat="31.82885173145057" lon="35.01471408679575">
        <ele>-1</ele>
        <time>2026-02-26T15:58:17.711Z</time>
      </trkpt>
      <trkpt lat="31.829243697091044" lon="35.014811210869">
        <ele>315</ele>
        <time>2026-02-26T15:58:18.711Z</time>
      </trkpt>
      <trkpt lat="31.829243697091044" lon="35.014811210869">
        <ele>315</ele>
        <time>2026-02-26T15:58:19.711Z</time>
      </trkpt>
      <trkpt lat="31.82938810506532" lon="35.01546679836261">
        <ele>342</ele>
        <time>2026-02-26T15:58:20.711Z</time>
      </trkpt>
      <trkpt lat="31.82938810506532" lon="35.01546679836261">
        <ele>0</ele>
        <time>2026-02-26T15:58:21.711Z</time>
      </trkpt>
      <trkpt lat="31.82938810506532" lon="35.01546679836261">
        <ele>0</ele>
        <time>2026-02-26T15:58:22.711Z</time>
      </trkpt>
      <trkpt lat="31.82938810506532" lon="35.01546679836261">
        <ele>0</ele>
        <time>2026-02-26T15:58:23.711Z</time>
      </trkpt>
      <trkpt lat="31.82938810506532" lon="35.01546679836261">
        <ele>0</ele>
        <time>2026-02-26T15:58:24.711Z</time>
      </trkpt>
      <trkpt lat="31.82938810506532" lon="35.01546679836261">
        <ele>0</ele>
        <time>2026-02-26T15:58:25.711Z</time>
      </trkpt>
      <trkpt lat="31.82938810506532" lon="35.01546679836261">
        <ele>342</ele>
        <time>2026-02-26T15:58:26.711Z</time>
      </trkpt>
      <trkpt lat="31.82938810506532" lon="35.01546679836261">
        <ele>-1</ele>
        <time>2026-02-26T15:58:27.711Z</time>
      </trkpt>
      <trkpt lat="31.829759438819195" lon="35.01578245159894">
        <ele>341</ele>
        <time>2026-02-26T15:58:28.711Z</time>
      </trkpt>
      <trkpt lat="31.829759438819195" lon="35.01578245159894">
        <ele>-1</ele>
        <time>2026-02-26T15:58:29.711Z</time>
      </trkpt>
      <trkpt lat="31.829759438819195" lon="35.01578245159894">
        <ele>341</ele>
        <time>2026-02-26T15:58:30.711Z</time>
      </trkpt>
      <trkpt lat="31.829986364266716" lon="35.016219509927936">
        <ele>340</ele>
        <time>2026-02-26T15:58:31.711Z</time>
      </trkpt>
      <trkpt lat="31.829986364266716" lon="35.016219509927936">
        <ele>340</ele>
        <time>2026-02-26T15:58:32.711Z</time>
      </trkpt>
      <trkpt lat="31.830460842944845" lon="35.01685081640355">
        <ele>356</ele>
        <time>2026-02-26T15:58:33.711Z</time>
      </trkpt>
      <trkpt lat="31.830460842944845" lon="35.01685081640355">
        <ele>356</ele>
        <time>2026-02-26T15:58:34.711Z</time>
      </trkpt>
      <trkpt lat="31.830460842944845" lon="35.01685081640355">
        <ele>0</ele>
        <time>2026-02-26T15:58:35.711Z</time>
      </trkpt>
      <trkpt lat="31.830460842944845" lon="35.01685081640355">
        <ele>0</ele>
        <time>2026-02-26T15:58:36.711Z</time>
      </trkpt>
      <trkpt lat="31.830460842944845" lon="35.01685081640355">
        <ele>0</ele>
        <time>2026-02-26T15:58:37.711Z</time>
      </trkpt>
      <trkpt lat="31.830460842944845" lon="35.01685081640355">
        <ele>0</ele>
        <time>2026-02-26T15:58:38.711Z</time>
      </trkpt>
      <trkpt lat="31.830460842944845" lon="35.01685081640355">
        <ele>0</ele>
        <time>2026-02-26T15:58:39.711Z</time>
      </trkpt>
      <trkpt lat="31.830460842944845" lon="35.01685081640355">
        <ele>-1</ele>
        <time>2026-02-26T15:58:40.711Z</time>
      </trkpt>
      <trkpt lat="31.830460842944845" lon="35.01685081640355">
        <ele>-1</ele>
        <time>2026-02-26T15:58:41.711Z</time>
      </trkpt>
      <trkpt lat="31.830563990160712" lon="35.017822057134964">
        <ele>353</ele>
        <time>2026-02-26T15:58:42.711Z</time>
      </trkpt>
      <trkpt lat="31.830563990160712" lon="35.017822057134964">
        <ele>353</ele>
        <time>2026-02-26T15:58:43.711Z</time>
      </trkpt>
      <trkpt lat="31.830687766667992" lon="35.0184533636091">
        <ele>345</ele>
        <time>2026-02-26T15:58:44.711Z</time>
      </trkpt>
      <trkpt lat="31.830687766667992" lon="35.0184533636091">
        <ele>345</ele>
        <time>2026-02-26T15:58:45.711Z</time>
      </trkpt>
      <trkpt lat="31.831677972748423" lon="35.01884185990221">
        <ele>357.5</ele>
        <time>2026-02-26T15:58:46.711Z</time>
      </trkpt>
      <trkpt lat="31.831677972748423" lon="35.01884185990221">
        <ele>-1</ele>
        <time>2026-02-26T15:58:47.711Z</time>
      </trkpt>
      <trkpt lat="31.831677972748423" lon="35.01884185990221">
        <ele>-1</ele>
        <time>2026-02-26T15:58:48.711Z</time>
      </trkpt>
      <trkpt lat="31.831677972748423" lon="35.01884185990221">
        <ele>0</ele>
        <time>2026-02-26T15:58:49.711Z</time>
      </trkpt>
      <trkpt lat="31.831677972748423" lon="35.01884185990221">
        <ele>0</ele>
        <time>2026-02-26T15:58:50.711Z</time>
      </trkpt>
      <trkpt lat="31.831677972748423" lon="35.01884185990221">
        <ele>0</ele>
        <time>2026-02-26T15:58:51.711Z</time>
      </trkpt>
      <trkpt lat="31.831677972748423" lon="35.01884185990221">
        <ele>0</ele>
        <time>2026-02-26T15:58:52.711Z</time>
      </trkpt>
      <trkpt lat="31.831677972748423" lon="35.01884185990221">
        <ele>0</ele>
        <time>2026-02-26T15:58:53.711Z</time>
      </trkpt>
      <trkpt lat="31.831677972748423" lon="35.01884185990221">
        <ele>357.5</ele>
        <time>2026-02-26T15:58:54.711Z</time>
      </trkpt>
      <trkpt lat="31.831904893479106" lon="35.019885943687484">
        <ele>376</ele>
        <time>2026-02-26T15:58:55.711Z</time>
      </trkpt>
      <trkpt lat="31.831904893479106" lon="35.019885943687484">
        <ele>376</ele>
        <time>2026-02-26T15:58:56.711Z</time>
      </trkpt>
      <trkpt lat="31.833225148481304" lon="35.020930027474236">
        <ele>386</ele>
        <time>2026-02-26T15:58:57.711Z</time>
      </trkpt>
      <trkpt lat="31.833225148481304" lon="35.020930027474236">
        <ele>386</ele>
        <time>2026-02-26T15:58:58.711Z</time>
      </trkpt>
      <trkpt lat="31.833225148481304" lon="35.020930027474236">
        <ele>-1</ele>
        <time>2026-02-26T15:58:59.711Z</time>
      </trkpt>
      <trkpt lat="31.833080746510376" lon="35.02173130107698">
        <ele>384</ele>
        <time>2026-02-26T15:59:00.711Z</time>
      </trkpt>
      <trkpt lat="31.833080746510376" lon="35.02173130107698">
        <ele>-1</ele>
        <time>2026-02-26T15:59:01.711Z</time>
      </trkpt>
      <trkpt lat="31.833080746510376" lon="35.02173130107698">
        <ele>384</ele>
        <time>2026-02-26T15:59:02.711Z</time>
      </trkpt>
      <trkpt lat="31.833080746510376" lon="35.02173130107698">
        <ele>0</ele>
        <time>2026-02-26T15:59:03.711Z</time>
      </trkpt>
      <trkpt lat="31.833080746510376" lon="35.02173130107698">
        <ele>0</ele>
        <time>2026-02-26T15:59:04.711Z</time>
      </trkpt>
      <trkpt lat="31.833080746510376" lon="35.02173130107698">
        <ele>0</ele>
        <time>2026-02-26T15:59:05.711Z</time>
      </trkpt>
      <trkpt lat="31.833080746510376" lon="35.02173130107698">
        <ele>0</ele>
        <time>2026-02-26T15:59:06.711Z</time>
      </trkpt>
      <trkpt lat="31.833080746510376" lon="35.02173130107698">
        <ele>0</ele>
        <time>2026-02-26T15:59:07.711Z</time>
      </trkpt>
      <trkpt lat="31.832998230996793" lon="35.02204695431482">
        <ele>382</ele>
        <time>2026-02-26T15:59:08.711Z</time>
      </trkpt>
      <trkpt lat="31.832998230996793" lon="35.02204695431482">
        <ele>382</ele>
        <time>2026-02-26T15:59:09.711Z</time>
      </trkpt>
      <trkpt lat="31.833080746510376" lon="35.023236724210705">
        <ele>388.5</ele>
        <time>2026-02-26T15:59:10.711Z</time>
      </trkpt>
      <trkpt lat="31.833080746510376" lon="35.023236724210705">
        <ele>-1</ele>
        <time>2026-02-26T15:59:11.711Z</time>
      </trkpt>
      <trkpt lat="31.833080746510376" lon="35.023236724210705">
        <ele>388.5</ele>
        <time>2026-02-26T15:59:12.711Z</time>
      </trkpt>
      <trkpt lat="31.832626910273305" lon="35.02294535199087">
        <ele>385.5</ele>
        <time>2026-02-26T15:59:13.711Z</time>
      </trkpt>
      <trkpt lat="31.832626910273305" lon="35.02294535199087">
        <ele>-1</ele>
        <time>2026-02-26T15:59:14.711Z</time>
      </trkpt>
      <trkpt lat="31.832626910273305" lon="35.02294535199087">
        <ele>385.5</ele>
        <time>2026-02-26T15:59:15.711Z</time>
      </trkpt>
      <trkpt lat="31.832028668187448" lon="35.02304247606412">
        <ele>384</ele>
        <time>2026-02-26T15:59:16.711Z</time>
      </trkpt>
      <trkpt lat="31.832028668187448" lon="35.02304247606412">
        <ele>0</ele>
        <time>2026-02-26T15:59:17.711Z</time>
      </trkpt>
      <trkpt lat="31.832028668187448" lon="35.02304247606412">
        <ele>0</ele>
        <time>2026-02-26T15:59:18.711Z</time>
      </trkpt>
      <trkpt lat="31.832028668187448" lon="35.02304247606412">
        <ele>0</ele>
        <time>2026-02-26T15:59:19.711Z</time>
      </trkpt>
      <trkpt lat="31.832028668187448" lon="35.02304247606412">
        <ele>0</ele>
        <time>2026-02-26T15:59:20.711Z</time>
      </trkpt>
      <trkpt lat="31.832028668187448" lon="35.02304247606412">
        <ele>0</ele>
        <time>2026-02-26T15:59:21.711Z</time>
      </trkpt>
      <trkpt lat="31.832028668187448" lon="35.02304247606412">
        <ele>384</ele>
        <time>2026-02-26T15:59:22.711Z</time>
      </trkpt>
      <trkpt lat="31.832028668187448" lon="35.02304247606412">
        <ele>-1</ele>
        <time>2026-02-26T15:59:23.711Z</time>
      </trkpt>
      <trkpt lat="31.831677972748423" lon="35.02328528624665">
        <ele>387</ele>
        <time>2026-02-26T15:59:24.711Z</time>
      </trkpt>
      <trkpt lat="31.831677972748423" lon="35.02328528624665">
        <ele>387</ele>
        <time>2026-02-26T15:59:25.711Z</time>
      </trkpt>
      <trkpt lat="31.83153356835676" lon="35.02362522050237">
        <ele>387</ele>
        <time>2026-02-26T15:59:26.711Z</time>
      </trkpt>
      <trkpt lat="31.83153356835676" lon="35.02362522050237">
        <ele>-1</ele>
        <time>2026-02-26T15:59:27.711Z</time>
      </trkpt>
      <trkpt lat="31.83153356835676" lon="35.02362522050237">
        <ele>387</ele>
        <time>2026-02-26T15:59:28.711Z</time>
      </trkpt>
      <trkpt lat="31.831380598159754" lon="35.02328527654626">
        <ele>387</ele>
        <time>2026-02-26T15:59:29.711Z</time>
      </trkpt>
      <trkpt lat="31.831380598159754" lon="35.02328527654626">
        <ele>387</ele>
        <time>2026-02-26T15:59:30.711Z</time>
      </trkpt>
      <trkpt lat="31.831380598159754" lon="35.02328527654626">
        <ele>0</ele>
        <time>2026-02-26T15:59:31.711Z</time>
      </trkpt>
      <trkpt lat="31.831380598159754" lon="35.02328527654626">
        <ele>0</ele>
        <time>2026-02-26T15:59:32.711Z</time>
      </trkpt>
      <trkpt lat="31.831380598159754" lon="35.02328527654626">
        <ele>0</ele>
        <time>2026-02-26T15:59:33.711Z</time>
      </trkpt>
      <trkpt lat="31.831380598159754" lon="35.02328527654626">
        <ele>0</ele>
        <time>2026-02-26T15:59:34.711Z</time>
      </trkpt>
      <trkpt lat="31.831380598159754" lon="35.02328527654626">
        <ele>0</ele>
        <time>2026-02-26T15:59:35.711Z</time>
      </trkpt>
      <trkpt lat="31.83106742154537" lon="35.02289208806528">
        <ele>378.5</ele>
        <time>2026-02-26T15:59:36.711Z</time>
      </trkpt>
      <trkpt lat="31.83106742154537" lon="35.02289208806528">
        <ele>378.5</ele>
        <time>2026-02-26T15:59:37.711Z</time>
      </trkpt>
      <trkpt lat="31.830879515066442" lon="35.022204008222445">
        <ele>369</ele>
        <time>2026-02-26T15:59:38.711Z</time>
      </trkpt>
      <trkpt lat="31.830879515066442" lon="35.022204008222445">
        <ele>369</ele>
        <time>2026-02-26T15:59:39.711Z</time>
      </trkpt>
      <trkpt lat="31.830879515066442" lon="35.022204008222445">
        <ele>-1</ele>
        <time>2026-02-26T15:59:40.711Z</time>
      </trkpt>
      <trkpt lat="31.830754243867716" lon="35.022007413981214">
        <ele>369</ele>
        <time>2026-02-26T15:59:41.711Z</time>
      </trkpt>
      <trkpt lat="31.830754243867716" lon="35.022007413981214">
        <ele>369</ele>
        <time>2026-02-26T15:59:42.711Z</time>
      </trkpt>
      <trkpt lat="31.83058721533891" lon="35.02146677981858">
        <ele>363</ele>
        <time>2026-02-26T15:59:43.711Z</time>
      </trkpt>
      <trkpt lat="31.83058721533891" lon="35.02146677981858">
        <ele>363</ele>
        <time>2026-02-26T15:59:44.711Z</time>
      </trkpt>
      <trkpt lat="31.83058721533891" lon="35.02146677981858">
        <ele>0</ele>
        <time>2026-02-26T15:59:45.711Z</time>
      </trkpt>
      <trkpt lat="31.83058721533891" lon="35.02146677981858">
        <ele>0</ele>
        <time>2026-02-26T15:59:46.711Z</time>
      </trkpt>
      <trkpt lat="31.83058721533891" lon="35.02146677981858">
        <ele>0</ele>
        <time>2026-02-26T15:59:47.711Z</time>
      </trkpt>
      <trkpt lat="31.83058721533891" lon="35.02146677981858">
        <ele>0</ele>
        <time>2026-02-26T15:59:48.711Z</time>
      </trkpt>
      <trkpt lat="31.83058721533891" lon="35.02146677981858">
        <ele>0</ele>
        <time>2026-02-26T15:59:49.711Z</time>
      </trkpt>
      <trkpt lat="31.830545458159307" lon="35.02112273989718">
        <ele>363</ele>
        <time>2026-02-26T15:59:50.711Z</time>
      </trkpt>
      <trkpt lat="31.830545458159307" lon="35.02112273989718">
        <ele>363</ele>
        <time>2026-02-26T15:59:51.711Z</time>
      </trkpt>
      <trkpt lat="31.830503700960847" lon="35.02072955141472">
        <ele>354.5</ele>
        <time>2026-02-26T15:59:52.711Z</time>
      </trkpt>
      <trkpt lat="31.830503700960847" lon="35.02072955141472">
        <ele>-1</ele>
        <time>2026-02-26T15:59:53.711Z</time>
      </trkpt>
      <trkpt lat="31.830503700960847" lon="35.02072955141472">
        <ele>354.5</ele>
        <time>2026-02-26T15:59:54.711Z</time>
      </trkpt>
      <trkpt lat="31.830107006633412" lon="35.02131933413841">
        <ele>343</ele>
        <time>2026-02-26T15:59:55.711Z</time>
      </trkpt>
      <trkpt lat="31.830107006633412" lon="35.02131933413841">
        <ele>343</ele>
        <time>2026-02-26T15:59:56.711Z</time>
      </trkpt>
      <trkpt lat="31.83000261310623" lon="35.022179433941176">
        <ele>346</ele>
        <time>2026-02-26T15:59:57.711Z</time>
      </trkpt>
      <trkpt lat="31.83000261310623" lon="35.022179433941176">
        <ele>346</ele>
        <time>2026-02-26T15:59:58.711Z</time>
      </trkpt>
      <trkpt lat="31.83000261310623" lon="35.022179433941176">
        <ele>0</ele>
        <time>2026-02-26T15:59:59.711Z</time>
      </trkpt>
      <trkpt lat="31.83000261310623" lon="35.022179433941176">
        <ele>0</ele>
        <time>2026-02-26T16:00:00.711Z</time>
      </trkpt>
      <trkpt lat="31.83000261310623" lon="35.022179433941176">
        <ele>0</ele>
        <time>2026-02-26T16:00:01.711Z</time>
      </trkpt>
      <trkpt lat="31.83000261310623" lon="35.022179433941176">
        <ele>0</ele>
        <time>2026-02-26T16:00:02.711Z</time>
      </trkpt>
      <trkpt lat="31.83000261310623" lon="35.022179433941176">
        <ele>0</ele>
        <time>2026-02-26T16:00:03.711Z</time>
      </trkpt>
      <trkpt lat="31.82966855302537" lon="35.022228582502265">
        <ele>346</ele>
        <time>2026-02-26T16:00:04.711Z</time>
      </trkpt>
      <trkpt lat="31.82966855302537" lon="35.022228582502265">
        <ele>346</ele>
        <time>2026-02-26T16:00:05.711Z</time>
      </trkpt>
      <trkpt lat="31.82966855302537" lon="35.022228582502265">
        <ele>-1</ele>
        <time>2026-02-26T16:00:06.711Z</time>
      </trkpt>
      <trkpt lat="31.829710310601655" lon="35.02171252261937">
        <ele>346</ele>
        <time>2026-02-26T16:00:07.711Z</time>
      </trkpt>
      <trkpt lat="31.829710310601655" lon="35.02171252261937">
        <ele>346</ele>
        <time>2026-02-26T16:00:08.711Z</time>
      </trkpt>
      <trkpt lat="31.829376249462896" lon="35.021221037017824">
        <ele>343</ele>
        <time>2026-02-26T16:00:09.711Z</time>
      </trkpt>
      <trkpt lat="31.829376249462896" lon="35.021221037017824">
        <ele>343</ele>
        <time>2026-02-26T16:00:10.711Z</time>
      </trkpt>
      <trkpt lat="31.829063066047595" lon="35.02178624546022">
        <ele>335.5</ele>
        <time>2026-02-26T16:00:11.711Z</time>
      </trkpt>
      <trkpt lat="31.829063066047595" lon="35.02178624546022">
        <ele>335.5</ele>
        <time>2026-02-26T16:00:12.711Z</time>
      </trkpt>
      <trkpt lat="31.829063066047595" lon="35.02178624546022">
        <ele>0</ele>
        <time>2026-02-26T16:00:13.711Z</time>
      </trkpt>
      <trkpt lat="31.829063066047595" lon="35.02178624546022">
        <ele>0</ele>
        <time>2026-02-26T16:00:14.711Z</time>
      </trkpt>
      <trkpt lat="31.829063066047595" lon="35.02178624546022">
        <ele>0</ele>
        <time>2026-02-26T16:00:15.711Z</time>
      </trkpt>
      <trkpt lat="31.829063066047595" lon="35.02178624546022">
        <ele>0</ele>
        <time>2026-02-26T16:00:16.711Z</time>
      </trkpt>
      <trkpt lat="31.829063066047595" lon="35.02178624546022">
        <ele>0</ele>
        <time>2026-02-26T16:00:17.711Z</time>
      </trkpt>
      <trkpt lat="31.8284993332215" lon="35.02237602818241">
        <ele>328</ele>
        <time>2026-02-26T16:00:18.711Z</time>
      </trkpt>
      <trkpt lat="31.8284993332215" lon="35.02237602818241">
        <ele>-1</ele>
        <time>2026-02-26T16:00:19.711Z</time>
      </trkpt>
      <trkpt lat="31.8284993332215" lon="35.02237602818241">
        <ele>328</ele>
        <time>2026-02-26T16:00:20.711Z</time>
      </trkpt>
      <trkpt lat="31.828207025956416" lon="35.023088682305">
        <ele>328</ele>
        <time>2026-02-26T16:00:21.711Z</time>
      </trkpt>
      <trkpt lat="31.828207025956416" lon="35.023088682305">
        <ele>328</ele>
        <time>2026-02-26T16:00:22.711Z</time>
      </trkpt>
      <trkpt lat="31.828332300611578" lon="35.02375218786801">
        <ele>340.5</ele>
        <time>2026-02-26T16:00:23.711Z</time>
      </trkpt>
      <trkpt lat="31.828332300611578" lon="35.02375218786801">
        <ele>340.5</ele>
        <time>2026-02-26T16:00:24.711Z</time>
      </trkpt>
      <trkpt lat="31.828248784193917" lon="35.02453856483149">
        <ele>334</ele>
        <time>2026-02-26T16:00:25.711Z</time>
      </trkpt>
      <trkpt lat="31.828248784193917" lon="35.02453856483149">
        <ele>334</ele>
        <time>2026-02-26T16:00:26.711Z</time>
      </trkpt>
      <trkpt lat="31.828248784193917" lon="35.02453856483149">
        <ele>0</ele>
        <time>2026-02-26T16:00:27.711Z</time>
      </trkpt>
      <trkpt lat="31.828248784193917" lon="35.02453856483149">
        <ele>0</ele>
        <time>2026-02-26T16:00:28.711Z</time>
      </trkpt>
      <trkpt lat="31.828248784193917" lon="35.02453856483149">
        <ele>0</ele>
        <time>2026-02-26T16:00:29.711Z</time>
      </trkpt>
      <trkpt lat="31.828248784193917" lon="35.02453856483149">
        <ele>0</ele>
        <time>2026-02-26T16:00:30.711Z</time>
      </trkpt>
      <trkpt lat="31.828248784193917" lon="35.02453856483149">
        <ele>0</ele>
        <time>2026-02-26T16:00:31.711Z</time>
      </trkpt>
      <trkpt lat="31.828248784193917" lon="35.02453856483149">
        <ele>-1</ele>
        <time>2026-02-26T16:00:32.711Z</time>
      </trkpt>
      <trkpt lat="31.82868724454609" lon="35.025152921834945">
        <ele>341</ele>
        <time>2026-02-26T16:00:33.711Z</time>
      </trkpt>
      <trkpt lat="31.82868724454609" lon="35.025152921834945">
        <ele>341</ele>
        <time>2026-02-26T16:00:34.711Z</time>
      </trkpt>
      <trkpt lat="31.82943888601828" lon="35.0255461103159">
        <ele>349</ele>
        <time>2026-02-26T16:00:35.711Z</time>
      </trkpt>
      <trkpt lat="31.82943888601828" lon="35.0255461103159">
        <ele>349</ele>
        <time>2026-02-26T16:00:36.711Z</time>
      </trkpt>
      <trkpt lat="31.82943888601828" lon="35.0259147245186">
        <ele>350</ele>
        <time>2026-02-26T16:00:37.711Z</time>
      </trkpt>
      <trkpt lat="31.82943888601828" lon="35.0259147245186">
        <ele>350</ele>
        <time>2026-02-26T16:00:38.711Z</time>
      </trkpt>
      <trkpt lat="31.829752068159067" lon="35.026160467319386">
        <ele>350</ele>
        <time>2026-02-26T16:00:39.711Z</time>
      </trkpt>
      <trkpt lat="31.829752068159067" lon="35.026160467319386">
        <ele>-1</ele>
        <time>2026-02-26T16:00:40.711Z</time>
      </trkpt>
      <trkpt lat="31.829752068159067" lon="35.026160467319386">
        <ele>0</ele>
        <time>2026-02-26T16:00:41.711Z</time>
      </trkpt>
      <trkpt lat="31.829752068159067" lon="35.026160467319386">
        <ele>0</ele>
        <time>2026-02-26T16:00:42.711Z</time>
      </trkpt>
      <trkpt lat="31.829752068159067" lon="35.026160467319386">
        <ele>0</ele>
        <time>2026-02-26T16:00:43.711Z</time>
      </trkpt>
      <trkpt lat="31.829752068159067" lon="35.026160467319386">
        <ele>0</ele>
        <time>2026-02-26T16:00:44.711Z</time>
      </trkpt>
      <trkpt lat="31.829752068159067" lon="35.026160467319386">
        <ele>0</ele>
        <time>2026-02-26T16:00:45.711Z</time>
      </trkpt>
      <trkpt lat="31.829752068159067" lon="35.026160467319386">
        <ele>350</ele>
        <time>2026-02-26T16:00:46.711Z</time>
      </trkpt>
      <trkpt lat="31.829689431816192" lon="35.02650450724079">
        <ele>350</ele>
        <time>2026-02-26T16:00:47.711Z</time>
      </trkpt>
      <trkpt lat="31.829689431816192" lon="35.02650450724079">
        <ele>350</ele>
        <time>2026-02-26T16:00:48.711Z</time>
      </trkpt>
      <trkpt lat="31.830754243867716" lon="35.02694684428275">
        <ele>373</ele>
        <time>2026-02-26T16:00:49.711Z</time>
      </trkpt>
      <trkpt lat="31.830754243867716" lon="35.02694684428275">
        <ele>373</ele>
        <time>2026-02-26T16:00:50.711Z</time>
      </trkpt>
      <trkpt lat="31.830775122412945" lon="35.02817555828824">
        <ele>374</ele>
        <time>2026-02-26T16:00:51.711Z</time>
      </trkpt>
      <trkpt lat="31.830775122412945" lon="35.02817555828824">
        <ele>374</ele>
        <time>2026-02-26T16:00:52.711Z</time>
      </trkpt>
      <trkpt lat="31.830775122412945" lon="35.02817555828824">
        <ele>-1</ele>
        <time>2026-02-26T16:00:53.711Z</time>
      </trkpt>
      <trkpt lat="31.830649851072536" lon="35.029060232372274">
        <ele>359</ele>
        <time>2026-02-26T16:00:54.711Z</time>
      </trkpt>
      <trkpt lat="31.830649851072536" lon="35.029060232372274">
        <ele>0</ele>
        <time>2026-02-26T16:00:55.711Z</time>
      </trkpt>
      <trkpt lat="31.830649851072536" lon="35.029060232372274">
        <ele>0</ele>
        <time>2026-02-26T16:00:56.711Z</time>
      </trkpt>
      <trkpt lat="31.830649851072536" lon="35.029060232372274">
        <ele>0</ele>
        <time>2026-02-26T16:00:57.711Z</time>
      </trkpt>
      <trkpt lat="31.830649851072536" lon="35.029060232372274">
        <ele>0</ele>
        <time>2026-02-26T16:00:58.711Z</time>
      </trkpt>
      <trkpt lat="31.830649851072536" lon="35.029060232372274">
        <ele>0</ele>
        <time>2026-02-26T16:00:59.711Z</time>
      </trkpt>
      <trkpt lat="31.830649851072536" lon="35.029060232372274">
        <ele>359</ele>
        <time>2026-02-26T16:01:00.711Z</time>
      </trkpt>
      <trkpt lat="31.830566336751176" lon="35.02947799513299">
        <ele>353</ele>
        <time>2026-02-26T16:01:01.711Z</time>
      </trkpt>
      <trkpt lat="31.830566336751176" lon="35.02947799513299">
        <ele>353</ele>
        <time>2026-02-26T16:01:02.711Z</time>
      </trkpt>
      <trkpt lat="31.830852769018264" lon="35.030076734042524">
        <ele>344.5</ele>
        <time>2026-02-26T16:01:03.711Z</time>
      </trkpt>
      <trkpt lat="31.830852769018264" lon="35.030076734042524">
        <ele>344.5</ele>
        <time>2026-02-26T16:01:04.711Z</time>
      </trkpt>
      <trkpt lat="31.83110331097761" lon="35.03024875400399">
        <ele>350</ele>
        <time>2026-02-26T16:01:05.711Z</time>
      </trkpt>
      <trkpt lat="31.83110331097761" lon="35.03024875400399">
        <ele>-1</ele>
        <time>2026-02-26T16:01:06.711Z</time>
      </trkpt>
      <trkpt lat="31.83110331097761" lon="35.03024875400399">
        <ele>350</ele>
        <time>2026-02-26T16:01:07.711Z</time>
      </trkpt>
      <trkpt lat="31.830873647540628" lon="35.03046992252504">
        <ele>344.5</ele>
        <time>2026-02-26T16:01:08.711Z</time>
      </trkpt>
      <trkpt lat="31.830873647540628" lon="35.03046992252504">
        <ele>0</ele>
        <time>2026-02-26T16:01:09.711Z</time>
      </trkpt>
      <trkpt lat="31.830873647540628" lon="35.03046992252504">
        <ele>0</ele>
        <time>2026-02-26T16:01:10.711Z</time>
      </trkpt>
      <trkpt lat="31.830873647540628" lon="35.03046992252504">
        <ele>0</ele>
        <time>2026-02-26T16:01:11.711Z</time>
      </trkpt>
      <trkpt lat="31.830873647540628" lon="35.03046992252504">
        <ele>0</ele>
        <time>2026-02-26T16:01:12.711Z</time>
      </trkpt>
      <trkpt lat="31.830873647540628" lon="35.03046992252504">
        <ele>0</ele>
        <time>2026-02-26T16:01:13.711Z</time>
      </trkpt>
      <trkpt lat="31.830873647540628" lon="35.03046992252504">
        <ele>344.5</ele>
        <time>2026-02-26T16:01:14.711Z</time>
      </trkpt>
      <trkpt lat="31.82999674542097" lon="35.029880139660804">
        <ele>336.5</ele>
        <time>2026-02-26T16:01:15.711Z</time>
      </trkpt>
      <trkpt lat="31.82999674542097" lon="35.029880139660804">
        <ele>336.5</ele>
        <time>2026-02-26T16:01:16.711Z</time>
      </trkpt>
      <trkpt lat="31.829871473024156" lon="35.030396199543645">
        <ele>331</ele>
        <time>2026-02-26T16:01:17.711Z</time>
      </trkpt>
      <trkpt lat="31.829871473024156" lon="35.030396199543645">
        <ele>331</ele>
        <time>2026-02-26T16:01:18.711Z</time>
      </trkpt>
      <trkpt lat="31.829871473024156" lon="35.030396199543645">
        <ele>-1</ele>
        <time>2026-02-26T16:01:19.711Z</time>
      </trkpt>
      <trkpt lat="31.829516533643442" lon="35.030592793783455">
        <ele>331</ele>
        <time>2026-02-26T16:01:20.711Z</time>
      </trkpt>
      <trkpt lat="31.829516533643442" lon="35.030592793783455">
        <ele>331</ele>
        <time>2026-02-26T16:01:21.711Z</time>
      </trkpt>
      <trkpt lat="31.82886928773057" lon="35.029880139660804">
        <ele>324.5</ele>
        <time>2026-02-26T16:01:22.711Z</time>
      </trkpt>
      <trkpt lat="31.82886928773057" lon="35.029880139660804">
        <ele>0</ele>
        <time>2026-02-26T16:01:23.711Z</time>
      </trkpt>
      <trkpt lat="31.82886928773057" lon="35.029880139660804">
        <ele>0</ele>
        <time>2026-02-26T16:01:24.711Z</time>
      </trkpt>
      <trkpt lat="31.82886928773057" lon="35.029880139660804">
        <ele>0</ele>
        <time>2026-02-26T16:01:25.711Z</time>
      </trkpt>
      <trkpt lat="31.82886928773057" lon="35.029880139660804">
        <ele>0</ele>
        <time>2026-02-26T16:01:26.711Z</time>
      </trkpt>
      <trkpt lat="31.82886928773057" lon="35.029880139660804">
        <ele>0</ele>
        <time>2026-02-26T16:01:27.711Z</time>
      </trkpt>
      <trkpt lat="31.82886928773057" lon="35.029880139660804">
        <ele>324.5</ele>
        <time>2026-02-26T16:01:28.711Z</time>
      </trkpt>
      <trkpt lat="31.82809676247372" lon="35.02919205981809">
        <ele>328</ele>
        <time>2026-02-26T16:01:29.711Z</time>
      </trkpt>
      <trkpt lat="31.82809676247372" lon="35.02919205981809">
        <ele>328</ele>
        <time>2026-02-26T16:01:30.711Z</time>
      </trkpt>
      <trkpt lat="31.827512144467633" lon="35.02860227709584">
        <ele>326.5</ele>
        <time>2026-02-26T16:01:31.711Z</time>
      </trkpt>
      <trkpt lat="31.827512144467633" lon="35.02860227709584">
        <ele>-1</ele>
        <time>2026-02-26T16:01:32.711Z</time>
      </trkpt>
      <trkpt lat="31.827512144467633" lon="35.02860227709584">
        <ele>326.5</ele>
        <time>2026-02-26T16:01:33.711Z</time>
      </trkpt>
      <trkpt lat="31.827219834076416" lon="35.02801249437212">
        <ele>322.5</ele>
        <time>2026-02-26T16:01:34.711Z</time>
      </trkpt>
      <trkpt lat="31.827219834076416" lon="35.02801249437212">
        <ele>322.5</ele>
        <time>2026-02-26T16:01:35.711Z</time>
      </trkpt>
      <trkpt lat="31.826969281575913" lon="35.027471860210994">
        <ele>327.5</ele>
        <time>2026-02-26T16:01:36.711Z</time>
      </trkpt>
      <trkpt lat="31.826969281575913" lon="35.027471860210994">
        <ele>0</ele>
        <time>2026-02-26T16:01:37.711Z</time>
      </trkpt>
      <trkpt lat="31.826969281575913" lon="35.027471860210994">
        <ele>0</ele>
        <time>2026-02-26T16:01:38.711Z</time>
      </trkpt>
      <trkpt lat="31.826969281575913" lon="35.027471860210994">
        <ele>0</ele>
        <time>2026-02-26T16:01:39.711Z</time>
      </trkpt>
      <trkpt lat="31.826969281575913" lon="35.027471860210994">
        <ele>0</ele>
        <time>2026-02-26T16:01:40.711Z</time>
      </trkpt>
      <trkpt lat="31.826969281575913" lon="35.027471860210994">
        <ele>0</ele>
        <time>2026-02-26T16:01:41.711Z</time>
      </trkpt>
      <trkpt lat="31.826969281575913" lon="35.027471860210994">
        <ele>327.5</ele>
        <time>2026-02-26T16:01:42.711Z</time>
      </trkpt>
      <trkpt lat="31.826948402170444" lon="35.02648888900637">
        <ele>340</ele>
        <time>2026-02-26T16:01:43.711Z</time>
      </trkpt>
      <trkpt lat="31.826948402170444" lon="35.02648888900637">
        <ele>340</ele>
        <time>2026-02-26T16:01:44.711Z</time>
      </trkpt>
      <trkpt lat="31.826948402170444" lon="35.02648888900637">
        <ele>-1</ele>
        <time>2026-02-26T16:01:45.711Z</time>
      </trkpt>
      <trkpt lat="31.82671872839535" lon="35.02614484908497">
        <ele>325</ele>
        <time>2026-02-26T16:01:46.711Z</time>
      </trkpt>
      <trkpt lat="31.82671872839535" lon="35.02614484908497">
        <ele>325</ele>
        <time>2026-02-26T16:01:47.711Z</time>
      </trkpt>
      <trkpt lat="31.82634289734905" lon="35.025849957723096">
        <ele>320</ele>
        <time>2026-02-26T16:01:48.711Z</time>
      </trkpt>
      <trkpt lat="31.82634289734905" lon="35.025849957723096">
        <ele>320</ele>
        <time>2026-02-26T16:01:49.711Z</time>
      </trkpt>
      <trkpt lat="31.82594618514058" lon="35.025849957723096">
        <ele>314.5</ele>
        <time>2026-02-26T16:01:50.711Z</time>
      </trkpt>
      <trkpt lat="31.82594618514058" lon="35.025849957723096">
        <ele>0</ele>
        <time>2026-02-26T16:01:51.711Z</time>
      </trkpt>
      <trkpt lat="31.82594618514058" lon="35.025849957723096">
        <ele>0</ele>
        <time>2026-02-26T16:01:52.711Z</time>
      </trkpt>
      <trkpt lat="31.82594618514058" lon="35.025849957723096">
        <ele>0</ele>
        <time>2026-02-26T16:01:53.711Z</time>
      </trkpt>
      <trkpt lat="31.82594618514058" lon="35.025849957723096">
        <ele>0</ele>
        <time>2026-02-26T16:01:54.711Z</time>
      </trkpt>
      <trkpt lat="31.82594618514058" lon="35.025849957723096">
        <ele>0</ele>
        <time>2026-02-26T16:01:55.711Z</time>
      </trkpt>
      <trkpt lat="31.82594618514058" lon="35.025849957723096">
        <ele>314.5</ele>
        <time>2026-02-26T16:01:56.711Z</time>
      </trkpt>
      <trkpt lat="31.82546595229057" lon="35.02530932356049">
        <ele>317</ele>
        <time>2026-02-26T16:01:57.711Z</time>
      </trkpt>
      <trkpt lat="31.82546595229057" lon="35.02530932356049">
        <ele>-1</ele>
        <time>2026-02-26T16:01:58.711Z</time>
      </trkpt>
      <trkpt lat="31.82546595229057" lon="35.02530932356049">
        <ele>317</ele>
        <time>2026-02-26T16:01:59.711Z</time>
      </trkpt>
      <trkpt lat="31.825215395029744" lon="35.024572095158106">
        <ele>323</ele>
        <time>2026-02-26T16:02:00.711Z</time>
      </trkpt>
      <trkpt lat="31.825215395029744" lon="35.024572095158106">
        <ele>323</ele>
        <time>2026-02-26T16:02:01.711Z</time>
      </trkpt>
      <trkpt lat="31.824776918186814" lon="35.02412975811612">
        <ele>313</ele>
        <time>2026-02-26T16:02:02.711Z</time>
      </trkpt>
      <trkpt lat="31.824776918186814" lon="35.02412975811612">
        <ele>313</ele>
        <time>2026-02-26T16:02:03.711Z</time>
      </trkpt>
      <trkpt lat="31.824442839194333" lon="35.02383486675424">
        <ele>313</ele>
        <time>2026-02-26T16:02:04.711Z</time>
      </trkpt>
      <trkpt lat="31.824442839194333" lon="35.02383486675424">
        <ele>0</ele>
        <time>2026-02-26T16:02:05.711Z</time>
      </trkpt>
      <trkpt lat="31.824442839194333" lon="35.02383486675424">
        <ele>0</ele>
        <time>2026-02-26T16:02:06.711Z</time>
      </trkpt>
      <trkpt lat="31.824442839194333" lon="35.02383486675424">
        <ele>0</ele>
        <time>2026-02-26T16:02:07.711Z</time>
      </trkpt>
      <trkpt lat="31.824442839194333" lon="35.02383486675424">
        <ele>0</ele>
        <time>2026-02-26T16:02:08.711Z</time>
      </trkpt>
      <trkpt lat="31.824442839194333" lon="35.02383486675424">
        <ele>0</ele>
        <time>2026-02-26T16:02:09.711Z</time>
      </trkpt>
      <trkpt lat="31.824442839194333" lon="35.02383486675424">
        <ele>313</ele>
        <time>2026-02-26T16:02:10.711Z</time>
      </trkpt>
      <trkpt lat="31.824442839194333" lon="35.02383486675424">
        <ele>-1</ele>
        <time>2026-02-26T16:02:11.711Z</time>
      </trkpt>
      <trkpt lat="31.824275799244347" lon="35.02319593547102">
        <ele>300</ele>
        <time>2026-02-26T16:02:12.711Z</time>
      </trkpt>
      <trkpt lat="31.824275799244347" lon="35.02319593547102">
        <ele>300</ele>
        <time>2026-02-26T16:02:13.711Z</time>
      </trkpt>
      <trkpt lat="31.82408787894039" lon="35.02255700418928">
        <ele>300</ele>
        <time>2026-02-26T16:02:14.711Z</time>
      </trkpt>
      <trkpt lat="31.82408787894039" lon="35.02255700418928">
        <ele>300</ele>
        <time>2026-02-26T16:02:15.711Z</time>
      </trkpt>
      <trkpt lat="31.824129639040578" lon="35.022040944306326">
        <ele>299</ele>
        <time>2026-02-26T16:02:16.711Z</time>
      </trkpt>
      <trkpt lat="31.824129639040578" lon="35.022040944306326">
        <ele>299</ele>
        <time>2026-02-26T16:02:17.711Z</time>
      </trkpt>
      <trkpt lat="31.82398347860537" lon="35.02181977578539">
        <ele>299</ele>
        <time>2026-02-26T16:02:18.711Z</time>
      </trkpt>
      <trkpt lat="31.82398347860537" lon="35.02181977578539">
        <ele>0</ele>
        <time>2026-02-26T16:02:19.711Z</time>
      </trkpt>
      <trkpt lat="31.82398347860537" lon="35.02181977578539">
        <ele>0</ele>
        <time>2026-02-26T16:02:20.711Z</time>
      </trkpt>
      <trkpt lat="31.82398347860537" lon="35.02181977578539">
        <ele>0</ele>
        <time>2026-02-26T16:02:21.711Z</time>
      </trkpt>
      <trkpt lat="31.82398347860537" lon="35.02181977578539">
        <ele>0</ele>
        <time>2026-02-26T16:02:22.711Z</time>
      </trkpt>
      <trkpt lat="31.82398347860537" lon="35.02181977578539">
        <ele>0</ele>
        <time>2026-02-26T16:02:23.711Z</time>
      </trkpt>
      <trkpt lat="31.82398347860537" lon="35.02181977578539">
        <ele>-1</ele>
        <time>2026-02-26T16:02:24.711Z</time>
      </trkpt>
      <trkpt lat="31.82398347860537" lon="35.02181977578539">
        <ele>299</ele>
        <time>2026-02-26T16:02:25.711Z</time>
      </trkpt>
      <trkpt lat="31.823544995911462" lon="35.02181977578539">
        <ele>299</ele>
        <time>2026-02-26T16:02:26.711Z</time>
      </trkpt>
      <trkpt lat="31.823544995911462" lon="35.02181977578539">
        <ele>299</ele>
        <time>2026-02-26T16:02:27.711Z</time>
      </trkpt>
      <trkpt lat="31.823273553199854" lon="35.020935101701355">
        <ele>284</ele>
        <time>2026-02-26T16:02:28.711Z</time>
      </trkpt>
      <trkpt lat="31.823273553199854" lon="35.020935101701355">
        <ele>284</ele>
        <time>2026-02-26T16:02:29.711Z</time>
      </trkpt>
      <trkpt lat="31.823210912461036" lon="35.02044361609981">
        <ele>279</ele>
        <time>2026-02-26T16:02:30.711Z</time>
      </trkpt>
      <trkpt lat="31.823210912461036" lon="35.02044361609981">
        <ele>279</ele>
        <time>2026-02-26T16:02:31.711Z</time>
      </trkpt>
      <trkpt lat="31.823210912461036" lon="35.02044361609981">
        <ele>-1</ele>
        <time>2026-02-26T16:02:32.711Z</time>
      </trkpt>
      <trkpt lat="31.823210912461036" lon="35.02044361609981">
        <ele>0</ele>
        <time>2026-02-26T16:02:33.711Z</time>
      </trkpt>
      <trkpt lat="31.823210912461036" lon="35.02044361609981">
        <ele>0</ele>
        <time>2026-02-26T16:02:34.711Z</time>
      </trkpt>
      <trkpt lat="31.823210912461036" lon="35.02044361609981">
        <ele>0</ele>
        <time>2026-02-26T16:02:35.711Z</time>
      </trkpt>
      <trkpt lat="31.823210912461036" lon="35.02044361609981">
        <ele>0</ele>
        <time>2026-02-26T16:02:36.711Z</time>
      </trkpt>
      <trkpt lat="31.823210912461036" lon="35.02044361609981">
        <ele>0</ele>
        <time>2026-02-26T16:02:37.711Z</time>
      </trkpt>
      <trkpt lat="31.823357074119286" lon="35.01992755621691">
        <ele>277.5</ele>
        <time>2026-02-26T16:02:38.711Z</time>
      </trkpt>
      <trkpt lat="31.823357074119286" lon="35.01992755621691">
        <ele>277.5</ele>
        <time>2026-02-26T16:02:39.711Z</time>
      </trkpt>
      <trkpt lat="31.82398347860537" lon="35.01916575353326">
        <ele>279</ele>
        <time>2026-02-26T16:02:40.711Z</time>
      </trkpt>
      <trkpt lat="31.82398347860537" lon="35.01916575353326">
        <ele>279</ele>
        <time>2026-02-26T16:02:41.711Z</time>
      </trkpt>
      <trkpt lat="31.824568118958396" lon="35.01810905948926">
        <ele>281</ele>
        <time>2026-02-26T16:02:42.711Z</time>
      </trkpt>
      <trkpt lat="31.824568118958396" lon="35.01810905948926">
        <ele>281</ele>
        <time>2026-02-26T16:02:43.711Z</time>
      </trkpt>
      <trkpt lat="31.82481867797597" lon="35.017052365445295">
        <ele>278</ele>
        <time>2026-02-26T16:02:44.711Z</time>
      </trkpt>
      <trkpt lat="31.82481867797597" lon="35.017052365445295">
        <ele>-1</ele>
        <time>2026-02-26T16:02:45.711Z</time>
      </trkpt>
      <trkpt lat="31.82481867797597" lon="35.017052365445295">
        <ele>278</ele>
        <time>2026-02-26T16:02:46.711Z</time>
      </trkpt>
      <trkpt lat="31.82481867797597" lon="35.017052365445295">
        <ele>0</ele>
        <time>2026-02-26T16:02:47.711Z</time>
      </trkpt>
      <trkpt lat="31.82481867797597" lon="35.017052365445295">
        <ele>0</ele>
        <time>2026-02-26T16:02:48.711Z</time>
      </trkpt>
      <trkpt lat="31.82481867797597" lon="35.017052365445295">
        <ele>0</ele>
        <time>2026-02-26T16:02:49.711Z</time>
      </trkpt>
      <trkpt lat="31.82481867797597" lon="35.017052365445295">
        <ele>0</ele>
        <time>2026-02-26T16:02:50.711Z</time>
      </trkpt>
      <trkpt lat="31.82481867797597" lon="35.017052365445295">
        <ele>0</ele>
        <time>2026-02-26T16:02:51.711Z</time>
      </trkpt>
      <trkpt lat="31.82481867797597" lon="35.01641343416202">
        <ele>276</ele>
        <time>2026-02-26T16:02:52.711Z</time>
      </trkpt>
      <trkpt lat="31.82481867797597" lon="35.01641343416202">
        <ele>276</ele>
        <time>2026-02-26T16:02:53.711Z</time>
      </trkpt>
      <trkpt lat="31.825361553514554" lon="35.01584822571965">
        <ele>276</ele>
        <time>2026-02-26T16:02:54.711Z</time>
      </trkpt>
      <trkpt lat="31.825361553514554" lon="35.01584822571965">
        <ele>276</ele>
        <time>2026-02-26T16:02:55.711Z</time>
      </trkpt>
      <trkpt lat="31.824776918186814" lon="35.01516014587682">
        <ele>269</ele>
        <time>2026-02-26T16:02:56.711Z</time>
      </trkpt>
      <trkpt lat="31.824776918186814" lon="35.01516014587682">
        <ele>269</ele>
        <time>2026-02-26T16:02:57.711Z</time>
      </trkpt>
      <trkpt lat="31.824776918186814" lon="35.01516014587682">
        <ele>-1</ele>
        <time>2026-02-26T16:02:58.711Z</time>
      </trkpt>
      <trkpt lat="31.82644729501527" lon="35.012456975065135">
        <ele>303</ele>
        <time>2026-02-26T16:02:59.711Z</time>
      </trkpt>
      <trkpt lat="31.82644729501527" lon="35.012456975065135">
        <ele>303</ele>
        <time>2026-02-26T16:03:00.711Z</time>
      </trkpt>
      <trkpt lat="31.82644729501527" lon="35.012456975065135">
        <ele>0</ele>
        <time>2026-02-26T16:03:01.711Z</time>
      </trkpt>
      <trkpt lat="31.82644729501527" lon="35.012456975065135">
        <ele>0</ele>
        <time>2026-02-26T16:03:02.711Z</time>
      </trkpt>
      <trkpt lat="31.82644729501527" lon="35.012456975065135">
        <ele>0</ele>
        <time>2026-02-26T16:03:03.711Z</time>
      </trkpt>
      <trkpt lat="31.82644729501527" lon="35.012456975065135">
        <ele>0</ele>
        <time>2026-02-26T16:03:04.711Z</time>
      </trkpt>
      <trkpt lat="31.82644729501527" lon="35.012456975065135">
        <ele>0</ele>
        <time>2026-02-26T16:03:05.711Z</time>
      </trkpt>
      <trkpt lat="31.826113222067534" lon="35.011695172381565">
        <ele>290</ele>
        <time>2026-02-26T16:03:06.711Z</time>
      </trkpt>
      <trkpt lat="31.826113222067534" lon="35.011695172381565">
        <ele>290</ele>
        <time>2026-02-26T16:03:07.711Z</time>
      </trkpt>
      <trkpt lat="31.825069236313524" lon="35.010957943977644">
        <ele>262.5</ele>
        <time>2026-02-26T16:03:08.711Z</time>
      </trkpt>
      <trkpt lat="31.825069236313524" lon="35.010957943977644">
        <ele>262.5</ele>
        <time>2026-02-26T16:03:09.711Z</time>
      </trkpt>
      <trkpt lat="31.826384656415556" lon="35.005748196587945">
        <ele>250</ele>
        <time>2026-02-26T16:03:10.711Z</time>
      </trkpt>
      <trkpt lat="31.826384656415556" lon="35.005748196587945">
        <ele>-1</ele>
        <time>2026-02-26T16:03:11.711Z</time>
      </trkpt>
      <trkpt lat="31.826384656415556" lon="35.005748196587945">
        <ele>250</ele>
        <time>2026-02-26T16:03:12.711Z</time>
      </trkpt>
      <trkpt lat="31.82671872838104" lon="35.00044015208525">
        <ele>246</ele>
        <time>2026-02-26T16:03:13.711Z</time>
      </trkpt>
      <trkpt lat="31.82671872838104" lon="35.00044015208525">
        <ele>246</ele>
        <time>2026-02-26T16:03:14.711Z</time>
      </trkpt>
      <trkpt lat="31.82671872838104" lon="35.00044015208525">
        <ele>0</ele>
        <time>2026-02-26T16:03:15.711Z</time>
      </trkpt>
      <trkpt lat="31.82671872838104" lon="35.00044015208525">
        <ele>0</ele>
        <time>2026-02-26T16:03:16.711Z</time>
      </trkpt>
      <trkpt lat="31.82671872838104" lon="35.00044015208525">
        <ele>0</ele>
        <time>2026-02-26T16:03:17.711Z</time>
      </trkpt>
      <trkpt lat="31.82671872838104" lon="35.00044015208525">
        <ele>0</ele>
        <time>2026-02-26T16:03:18.711Z</time>
      </trkpt>
      <trkpt lat="31.82671872838104" lon="35.00044015208525">
        <ele>0</ele>
        <time>2026-02-26T16:03:19.711Z</time>
      </trkpt>
      <trkpt lat="31.82683310173175" lon="34.999644432185846">
        <ele>258</ele>
        <time>2026-02-26T16:03:20.711Z</time>
      </trkpt>
      <trkpt lat="31.82683310173175" lon="34.999644432185846">
        <ele>258</ele>
        <time>2026-02-26T16:03:21.711Z</time>
      </trkpt>
      <trkpt lat="31.82685888850436" lon="34.99858218114093">
        <ele>266</ele>
        <time>2026-02-26T16:03:22.711Z</time>
      </trkpt>
      <trkpt lat="31.82685888850436" lon="34.99858218114093">
        <ele>266</ele>
        <time>2026-02-26T16:03:23.711Z</time>
      </trkpt>
      <trkpt lat="31.826884675268957" lon="34.997368179947955">
        <ele>265</ele>
        <time>2026-02-26T16:03:24.711Z</time>
      </trkpt>
      <trkpt lat="31.826884675268957" lon="34.997368179947955">
        <ele>265</ele>
        <time>2026-02-26T16:03:25.711Z</time>
      </trkpt>
      <trkpt lat="31.826704167763012" lon="34.99670047929118">
        <ele>252.5</ele>
        <time>2026-02-26T16:03:26.711Z</time>
      </trkpt>
      <trkpt lat="31.826704167763012" lon="34.99670047929118">
        <ele>252.5</ele>
        <time>2026-02-26T16:03:27.711Z</time>
      </trkpt>
      <trkpt lat="31.826575233614207" lon="34.9954864780982">
        <ele>241</ele>
        <time>2026-02-26T16:03:28.711Z</time>
      </trkpt>
      <trkpt lat="31.826575233614207" lon="34.9954864780982">
        <ele>0</ele>
        <time>2026-02-26T16:03:29.711Z</time>
      </trkpt>
      <trkpt lat="31.826575233614207" lon="34.9954864780982">
        <ele>0</ele>
        <time>2026-02-26T16:03:30.711Z</time>
      </trkpt>
      <trkpt lat="31.826575233614207" lon="34.9954864780982">
        <ele>0</ele>
        <time>2026-02-26T16:03:31.711Z</time>
      </trkpt>
      <trkpt lat="31.826575233614207" lon="34.9954864780982">
        <ele>0</ele>
        <time>2026-02-26T16:03:32.711Z</time>
      </trkpt>
      <trkpt lat="31.826575233614207" lon="34.9954864780982">
        <ele>0</ele>
        <time>2026-02-26T16:03:33.711Z</time>
      </trkpt>
      <trkpt lat="31.826575233614207" lon="34.9954864780982">
        <ele>241</ele>
        <time>2026-02-26T16:03:34.711Z</time>
      </trkpt>
      <trkpt lat="31.826884675268957" lon="34.99418142681506">
        <ele>246.5</ele>
        <time>2026-02-26T16:03:35.711Z</time>
      </trkpt>
      <trkpt lat="31.826884675268957" lon="34.99418142681506">
        <ele>246.5</ele>
        <time>2026-02-26T16:03:36.711Z</time>
      </trkpt>
      <trkpt lat="31.827503555467388" lon="34.993028125680894">
        <ele>237</ele>
        <time>2026-02-26T16:03:37.711Z</time>
      </trkpt>
      <trkpt lat="31.827503555467388" lon="34.993028125680894">
        <ele>237</ele>
        <time>2026-02-26T16:03:38.711Z</time>
      </trkpt>
      <trkpt lat="31.828663944654807" lon="34.99123747392039">
        <ele>242.5</ele>
        <time>2026-02-26T16:03:39.711Z</time>
      </trkpt>
      <trkpt lat="31.828663944654807" lon="34.99123747392039">
        <ele>242.5</ele>
        <time>2026-02-26T16:03:40.711Z</time>
      </trkpt>
      <trkpt lat="31.829953248853087" lon="34.990144872802034">
        <ele>255</ele>
        <time>2026-02-26T16:03:41.711Z</time>
      </trkpt>
      <trkpt lat="31.829953248853087" lon="34.990144872802034">
        <ele>255</ele>
        <time>2026-02-26T16:03:42.711Z</time>
      </trkpt>
      <trkpt lat="31.829953248853087" lon="34.990144872802034">
        <ele>0</ele>
        <time>2026-02-26T16:03:43.711Z</time>
      </trkpt>
      <trkpt lat="31.829953248853087" lon="34.990144872802034">
        <ele>0</ele>
        <time>2026-02-26T16:03:44.711Z</time>
      </trkpt>
      <trkpt lat="31.829953248853087" lon="34.990144872802034">
        <ele>0</ele>
        <time>2026-02-26T16:03:45.711Z</time>
      </trkpt>
      <trkpt lat="31.829953248853087" lon="34.990144872802034">
        <ele>0</ele>
        <time>2026-02-26T16:03:46.711Z</time>
      </trkpt>
      <trkpt lat="31.829953248853087" lon="34.990144872802034">
        <ele>0</ele>
        <time>2026-02-26T16:03:47.711Z</time>
      </trkpt>
      <trkpt lat="31.831371462684686" lon="34.98950752217473">
        <ele>256</ele>
        <time>2026-02-26T16:03:48.711Z</time>
      </trkpt>
      <trkpt lat="31.831371462684686" lon="34.98950752217473">
        <ele>256</ele>
        <time>2026-02-26T16:03:49.711Z</time>
      </trkpt>
      <trkpt lat="31.833099075545974" lon="34.98938612205609">
        <ele>263</ele>
        <time>2026-02-26T16:03:50.711Z</time>
      </trkpt>
      <trkpt lat="31.833099075545974" lon="34.98938612205609">
        <ele>263</ele>
        <time>2026-02-26T16:03:51.711Z</time>
      </trkpt>
      <trkpt lat="31.834182040252998" lon="34.98935577202573">
        <ele>268</ele>
        <time>2026-02-26T16:03:52.711Z</time>
      </trkpt>
      <trkpt lat="31.834182040252998" lon="34.98935577202573">
        <ele>268</ele>
        <time>2026-02-26T16:03:53.711Z</time>
      </trkpt>
      <trkpt lat="31.835239207827527" lon="34.98935577202573">
        <ele>276.5</ele>
        <time>2026-02-26T16:03:54.711Z</time>
      </trkpt>
      <trkpt lat="31.835239207827527" lon="34.98935577202573">
        <ele>276.5</ele>
        <time>2026-02-26T16:03:55.711Z</time>
      </trkpt>
      <trkpt lat="31.836244795013087" lon="34.98920402187673">
        <ele>277</ele>
        <time>2026-02-26T16:03:56.711Z</time>
      </trkpt>
      <trkpt lat="31.836244795013087" lon="34.98920402187673">
        <ele>277</ele>
        <time>2026-02-26T16:03:57.711Z</time>
      </trkpt>
      <trkpt lat="31.837307672369704" lon="34.98934219076506">
        <ele>271</ele>
        <time>2026-02-26T16:03:58.711Z</time>
      </trkpt>
      <trkpt lat="31.837307672369704" lon="34.98934219076506">
        <ele>271</ele>
        <time>2026-02-26T16:03:59.711Z</time>
      </trkpt>
      <trkpt lat="31.837791693083958" lon="34.98982814518479">
        <ele>259.5</ele>
        <time>2026-02-26T16:04:00.711Z</time>
      </trkpt>
      <trkpt lat="31.837791693083958" lon="34.98982814518479">
        <ele>259.5</ele>
        <time>2026-02-26T16:04:01.711Z</time>
      </trkpt>
      <trkpt lat="31.83810488160468" lon="34.99041464189668">
        <ele>254</ele>
        <time>2026-02-26T16:04:02.711Z</time>
      </trkpt>
      <trkpt lat="31.83810488160468" lon="34.99041464189668">
        <ele>254</ele>
        <time>2026-02-26T16:04:03.711Z</time>
      </trkpt>
      <trkpt lat="31.838830905451644" lon="34.99038112779874">
        <ele>246</ele>
        <time>2026-02-26T16:04:04.711Z</time>
      </trkpt>
      <trkpt lat="31.838830905451644" lon="34.99038112779874">
        <ele>246</ele>
        <time>2026-02-26T16:04:05.711Z</time>
      </trkpt>
      <trkpt lat="31.839215268704606" lon="34.99074978287575">
        <ele>246.5</ele>
        <time>2026-02-26T16:04:06.711Z</time>
      </trkpt>
      <trkpt lat="31.839215268704606" lon="34.99074978287575">
        <ele>246.5</ele>
        <time>2026-02-26T16:04:07.711Z</time>
      </trkpt>
      <trkpt lat="31.839229504349873" lon="34.99113519500176">
        <ele>247</ele>
        <time>2026-02-26T16:04:08.711Z</time>
      </trkpt>
      <trkpt lat="31.839229504349873" lon="34.99113519500176">
        <ele>247</ele>
        <time>2026-02-26T16:04:09.711Z</time>
      </trkpt>
      <trkpt lat="31.839813163915892" lon="34.99086708221847">
        <ele>239</ele>
        <time>2026-02-26T16:04:10.711Z</time>
      </trkpt>
      <trkpt lat="31.839813163915892" lon="34.99086708221847">
        <ele>239</ele>
        <time>2026-02-26T16:04:11.711Z</time>
      </trkpt>
      <trkpt lat="31.840086389991612" lon="34.99076196848159">
        <ele>236</ele>
        <time>2026-02-26T16:04:12.711Z</time>
      </trkpt>
      <trkpt lat="31.840086389991612" lon="34.99076196848159">
        <ele>236</ele>
        <time>2026-02-26T16:04:13.711Z</time>
      </trkpt>
      <trkpt lat="31.840039631868592" lon="34.99097426708073">
        <ele>236</ele>
        <time>2026-02-26T16:04:14.711Z</time>
      </trkpt>
      <trkpt lat="31.840039631868592" lon="34.99097426708073">
        <ele>236</ele>
        <time>2026-02-26T16:04:15.711Z</time>
      </trkpt>
      <trkpt lat="31.839972834508842" lon="34.9911944285918">
        <ele>242</ele>
        <time>2026-02-26T16:04:16.711Z</time>
      </trkpt>
      <trkpt lat="31.839972834508842" lon="34.9911944285918">
        <ele>242</ele>
        <time>2026-02-26T16:04:17.711Z</time>
      </trkpt>
      <trkpt lat="31.840099749451014" lon="34.99155612250277">
        <ele>246</ele>
        <time>2026-02-26T16:04:18.711Z</time>
      </trkpt>
      <trkpt lat="31.840099749451014" lon="34.99155612250277">
        <ele>246</ele>
        <time>2026-02-26T16:04:19.711Z</time>
      </trkpt>
      <trkpt lat="31.84024002365703" lon="34.991768421101995">
        <ele>246</ele>
        <time>2026-02-26T16:04:20.711Z</time>
      </trkpt>
      <trkpt lat="31.84024002365703" lon="34.991768421101995">
        <ele>246</ele>
        <time>2026-02-26T16:04:21.711Z</time>
      </trkpt>
      <trkpt lat="31.840440415010846" lon="34.99208293754637">
        <ele>250</ele>
        <time>2026-02-26T16:04:22.711Z</time>
      </trkpt>
      <trkpt lat="31.840440415010846" lon="34.99208293754637">
        <ele>250</ele>
        <time>2026-02-26T16:04:23.711Z</time>
      </trkpt>
      <trkpt lat="31.840513891731547" lon="34.99230309905741">
        <ele>250</ele>
        <time>2026-02-26T16:04:24.711Z</time>
      </trkpt>
      <trkpt lat="31.840513891731547" lon="34.99230309905741">
        <ele>250</ele>
        <time>2026-02-26T16:04:25.711Z</time>
      </trkpt>
      <trkpt lat="31.840493852631695" lon="34.99246035727961">
        <ele>256</ele>
        <time>2026-02-26T16:04:26.711Z</time>
      </trkpt>
    </trkseg>
  </trk>
</gpx>