<?xml version="1.0" encoding="UTF-8"?>
<gpx creator="Patrick Hooper" version="1.1" xmlns="http://www.topografix.com/GPX/1/1" xmlns:xsi="http://www.w3.org/2001/XMLSchema-instance" xsi:schemaLocation="http://www.topografix.com/GPX/1/1 http://www.topografix.com/GPX/1/1/gpx.xsd http://www.garmin.com/xmlschemas/GpxExtensions/v3 http://www.garmin.com/xmlschemas/GpxExtensionsv3.xsd http://www.garmin.com/xmlschemas/TrackPointExtension/v1 http://www.garmin.com/xmlschemas/TrackPointExtensionv1.xsd">
  <metadata>
    <name>Activity</name>
  </metadata>
  <trk>
    <name>a</name>
    <trkseg>
      <trkpt lat="31.841178293227628" lon="34.99434704421631">
        <ele>0</ele>
        <time>2026-02-26T14:37:13.574Z</time>
      </trkpt>
      <trkpt lat="31.841178293227628" lon="34.99434704421631">
        <ele>0</ele>
        <time>2026-02-26T14:37:14.574Z</time>
      </trkpt>
      <trkpt lat="31.841178293227628" lon="34.99434704421631">
        <ele>0</ele>
        <time>2026-02-26T14:37:15.574Z</time>
      </trkpt>
      <trkpt lat="31.841178293227628" lon="34.99434704421631">
        <ele>0</ele>
        <time>2026-02-26T14:37:16.574Z</time>
      </trkpt>
      <trkpt lat="31.841178293227628" lon="34.99434704421631">
        <ele>0</ele>
        <time>2026-02-26T14:37:17.574Z</time>
      </trkpt>
      <trkpt lat="31.841178293227628" lon="34.99434704421631">
        <ele>0</ele>
        <time>2026-02-26T14:37:18.574Z</time>
      </trkpt>
      <trkpt lat="31.841178293227628" lon="34.99434704421631">
        <ele>0</ele>
        <time>2026-02-26T14:37:19.574Z</time>
      </trkpt>
      <trkpt lat="31.841178293227628" lon="34.99434704421631">
        <ele>253</ele>
        <time>2026-02-26T14:37:20.574Z</time>
      </trkpt>
      <trkpt lat="31.84110098767009" lon="34.995675640321366">
        <ele>244</ele>
        <time>2026-02-26T14:37:21.574Z</time>
      </trkpt>
      <trkpt lat="31.84110098767009" lon="34.995675640321366">
        <ele>0</ele>
        <time>2026-02-26T14:37:22.574Z</time>
      </trkpt>
      <trkpt lat="31.84110098767009" lon="34.995675640321366">
        <ele>0</ele>
        <time>2026-02-26T14:37:23.574Z</time>
      </trkpt>
      <trkpt lat="31.84110098767009" lon="34.995675640321366">
        <ele>0</ele>
        <time>2026-02-26T14:37:24.574Z</time>
      </trkpt>
      <trkpt lat="31.84110098767009" lon="34.995675640321366">
        <ele>0</ele>
        <time>2026-02-26T14:37:25.574Z</time>
      </trkpt>
      <trkpt lat="31.84110098767009" lon="34.995675640321366">
        <ele>0</ele>
        <time>2026-02-26T14:37:26.574Z</time>
      </trkpt>
      <trkpt lat="31.84110098767009" lon="34.995675640321366">
        <ele>0</ele>
        <time>2026-02-26T14:37:27.574Z</time>
      </trkpt>
      <trkpt lat="31.84110098767009" lon="34.995675640321366">
        <ele>0</ele>
        <time>2026-02-26T14:37:28.574Z</time>
      </trkpt>
      <trkpt lat="31.84110098767009" lon="34.995675640321366">
        <ele>244</ele>
        <time>2026-02-26T14:37:29.574Z</time>
      </trkpt>
      <trkpt lat="31.840961837504352" lon="34.99674943717261">
        <ele>243</ele>
        <time>2026-02-26T14:37:30.574Z</time>
      </trkpt>
      <trkpt lat="31.840961837504352" lon="34.99674943717261">
        <ele>0</ele>
        <time>2026-02-26T14:37:31.574Z</time>
      </trkpt>
      <trkpt lat="31.840961837504352" lon="34.99674943717261">
        <ele>0</ele>
        <time>2026-02-26T14:37:32.574Z</time>
      </trkpt>
      <trkpt lat="31.840961837504352" lon="34.99674943717261">
        <ele>0</ele>
        <time>2026-02-26T14:37:33.574Z</time>
      </trkpt>
      <trkpt lat="31.840961837504352" lon="34.99674943717261">
        <ele>0</ele>
        <time>2026-02-26T14:37:34.574Z</time>
      </trkpt>
      <trkpt lat="31.840961837504352" lon="34.99674943717261">
        <ele>0</ele>
        <time>2026-02-26T14:37:35.574Z</time>
      </trkpt>
      <trkpt lat="31.840961837504352" lon="34.99674943717261">
        <ele>0</ele>
        <time>2026-02-26T14:37:36.574Z</time>
      </trkpt>
      <trkpt lat="31.840961837504352" lon="34.99674943717261">
        <ele>0</ele>
        <time>2026-02-26T14:37:37.574Z</time>
      </trkpt>
      <trkpt lat="31.840961837504352" lon="34.99674943717261">
        <ele>243</ele>
        <time>2026-02-26T14:37:38.574Z</time>
      </trkpt>
      <trkpt lat="31.84136382630082" lon="34.99858763178446">
        <ele>255</ele>
        <time>2026-02-26T14:37:39.574Z</time>
      </trkpt>
      <trkpt lat="31.84136382630082" lon="34.99858763178446">
        <ele>0</ele>
        <time>2026-02-26T14:37:40.574Z</time>
      </trkpt>
      <trkpt lat="31.84136382630082" lon="34.99858763178446">
        <ele>0</ele>
        <time>2026-02-26T14:37:41.574Z</time>
      </trkpt>
      <trkpt lat="31.84136382630082" lon="34.99858763178446">
        <ele>0</ele>
        <time>2026-02-26T14:37:42.574Z</time>
      </trkpt>
      <trkpt lat="31.84136382630082" lon="34.99858763178446">
        <ele>0</ele>
        <time>2026-02-26T14:37:43.574Z</time>
      </trkpt>
      <trkpt lat="31.84136382630082" lon="34.99858763178446">
        <ele>0</ele>
        <time>2026-02-26T14:37:44.574Z</time>
      </trkpt>
      <trkpt lat="31.84136382630082" lon="34.99858763178446">
        <ele>0</ele>
        <time>2026-02-26T14:37:45.574Z</time>
      </trkpt>
      <trkpt lat="31.84136382630082" lon="34.99858763178446">
        <ele>255</ele>
        <time>2026-02-26T14:37:46.574Z</time>
      </trkpt>
      <trkpt lat="31.841317443066885" lon="34.999224629916625">
        <ele>257.5</ele>
        <time>2026-02-26T14:37:47.574Z</time>
      </trkpt>
      <trkpt lat="31.841317443066885" lon="34.999224629916625">
        <ele>0</ele>
        <time>2026-02-26T14:37:48.574Z</time>
      </trkpt>
      <trkpt lat="31.841317443066885" lon="34.999224629916625">
        <ele>0</ele>
        <time>2026-02-26T14:37:49.574Z</time>
      </trkpt>
      <trkpt lat="31.841317443066885" lon="34.999224629916625">
        <ele>0</ele>
        <time>2026-02-26T14:37:50.574Z</time>
      </trkpt>
      <trkpt lat="31.841317443066885" lon="34.999224629916625">
        <ele>0</ele>
        <time>2026-02-26T14:37:51.574Z</time>
      </trkpt>
      <trkpt lat="31.841317443066885" lon="34.999224629916625">
        <ele>0</ele>
        <time>2026-02-26T14:37:52.574Z</time>
      </trkpt>
      <trkpt lat="31.841317443066885" lon="34.999224629916625">
        <ele>0</ele>
        <time>2026-02-26T14:37:53.574Z</time>
      </trkpt>
      <trkpt lat="31.841317443066885" lon="34.999224629916625">
        <ele>257.5</ele>
        <time>2026-02-26T14:37:54.574Z</time>
      </trkpt>
      <trkpt lat="31.84133290414745" lon="34.99967962858261">
        <ele>260</ele>
        <time>2026-02-26T14:37:55.574Z</time>
      </trkpt>
      <trkpt lat="31.84133290414745" lon="34.99967962858261">
        <ele>0</ele>
        <time>2026-02-26T14:37:56.574Z</time>
      </trkpt>
      <trkpt lat="31.84133290414745" lon="34.99967962858261">
        <ele>0</ele>
        <time>2026-02-26T14:37:57.574Z</time>
      </trkpt>
      <trkpt lat="31.84133290414745" lon="34.99967962858261">
        <ele>0</ele>
        <time>2026-02-26T14:37:58.574Z</time>
      </trkpt>
      <trkpt lat="31.84133290414745" lon="34.99967962858261">
        <ele>0</ele>
        <time>2026-02-26T14:37:59.574Z</time>
      </trkpt>
      <trkpt lat="31.84133290414745" lon="34.99967962858261">
        <ele>0</ele>
        <time>2026-02-26T14:38:00.574Z</time>
      </trkpt>
      <trkpt lat="31.84133290414745" lon="34.99967962858261">
        <ele>0</ele>
        <time>2026-02-26T14:38:01.574Z</time>
      </trkpt>
      <trkpt lat="31.84133290414745" lon="34.99967962858261">
        <ele>260</ele>
        <time>2026-02-26T14:38:02.574Z</time>
      </trkpt>
      <trkpt lat="31.841039143177625" lon="35.000116427302714">
        <ele>260</ele>
        <time>2026-02-26T14:38:03.574Z</time>
      </trkpt>
      <trkpt lat="31.841039143177625" lon="35.000116427302714">
        <ele>0</ele>
        <time>2026-02-26T14:38:04.574Z</time>
      </trkpt>
      <trkpt lat="31.841039143177625" lon="35.000116427302714">
        <ele>0</ele>
        <time>2026-02-26T14:38:05.574Z</time>
      </trkpt>
      <trkpt lat="31.841039143177625" lon="35.000116427302714">
        <ele>0</ele>
        <time>2026-02-26T14:38:06.574Z</time>
      </trkpt>
      <trkpt lat="31.841039143177625" lon="35.000116427302714">
        <ele>0</ele>
        <time>2026-02-26T14:38:07.574Z</time>
      </trkpt>
      <trkpt lat="31.841039143177625" lon="35.000116427302714">
        <ele>0</ele>
        <time>2026-02-26T14:38:08.574Z</time>
      </trkpt>
      <trkpt lat="31.841039143177625" lon="35.000116427302714">
        <ele>0</ele>
        <time>2026-02-26T14:38:09.574Z</time>
      </trkpt>
      <trkpt lat="31.841039143177625" lon="35.000116427302714">
        <ele>260</ele>
        <time>2026-02-26T14:38:10.574Z</time>
      </trkpt>
      <trkpt lat="31.840915454069147" lon="35.00033482666268">
        <ele>262.5</ele>
        <time>2026-02-26T14:38:11.574Z</time>
      </trkpt>
      <trkpt lat="31.840915454069147" lon="35.00033482666268">
        <ele>0</ele>
        <time>2026-02-26T14:38:12.574Z</time>
      </trkpt>
      <trkpt lat="31.840915454069147" lon="35.00033482666268">
        <ele>0</ele>
        <time>2026-02-26T14:38:13.574Z</time>
      </trkpt>
      <trkpt lat="31.840915454069147" lon="35.00033482666268">
        <ele>0</ele>
        <time>2026-02-26T14:38:14.574Z</time>
      </trkpt>
      <trkpt lat="31.840915454069147" lon="35.00033482666268">
        <ele>0</ele>
        <time>2026-02-26T14:38:15.574Z</time>
      </trkpt>
      <trkpt lat="31.840915454069147" lon="35.00033482666268">
        <ele>0</ele>
        <time>2026-02-26T14:38:16.574Z</time>
      </trkpt>
      <trkpt lat="31.840915454069147" lon="35.00033482666268">
        <ele>0</ele>
        <time>2026-02-26T14:38:17.574Z</time>
      </trkpt>
      <trkpt lat="31.840915454069147" lon="35.00033482666268">
        <ele>262.5</ele>
        <time>2026-02-26T14:38:18.574Z</time>
      </trkpt>
      <trkpt lat="31.840653787703715" lon="35.00028760423598">
        <ele>265</ele>
        <time>2026-02-26T14:38:19.574Z</time>
      </trkpt>
      <trkpt lat="31.840653787703715" lon="35.00028760423598">
        <ele>0</ele>
        <time>2026-02-26T14:38:20.574Z</time>
      </trkpt>
      <trkpt lat="31.840653787703715" lon="35.00028760423598">
        <ele>0</ele>
        <time>2026-02-26T14:38:21.574Z</time>
      </trkpt>
      <trkpt lat="31.840653787703715" lon="35.00028760423598">
        <ele>0</ele>
        <time>2026-02-26T14:38:22.574Z</time>
      </trkpt>
      <trkpt lat="31.840653787703715" lon="35.00028760423598">
        <ele>0</ele>
        <time>2026-02-26T14:38:23.574Z</time>
      </trkpt>
      <trkpt lat="31.840653787703715" lon="35.00028760423598">
        <ele>0</ele>
        <time>2026-02-26T14:38:24.574Z</time>
      </trkpt>
      <trkpt lat="31.840653787703715" lon="35.00028760423598">
        <ele>0</ele>
        <time>2026-02-26T14:38:25.574Z</time>
      </trkpt>
      <trkpt lat="31.840653787703715" lon="35.00028760423598">
        <ele>265</ele>
        <time>2026-02-26T14:38:26.574Z</time>
      </trkpt>
      <trkpt lat="31.8401801730017" lon="35.000206300971456">
        <ele>269.5</ele>
        <time>2026-02-26T14:38:27.574Z</time>
      </trkpt>
      <trkpt lat="31.8401801730017" lon="35.000206300971456">
        <ele>0</ele>
        <time>2026-02-26T14:38:28.574Z</time>
      </trkpt>
      <trkpt lat="31.8401801730017" lon="35.000206300971456">
        <ele>0</ele>
        <time>2026-02-26T14:38:29.574Z</time>
      </trkpt>
      <trkpt lat="31.8401801730017" lon="35.000206300971456">
        <ele>0</ele>
        <time>2026-02-26T14:38:30.574Z</time>
      </trkpt>
      <trkpt lat="31.8401801730017" lon="35.000206300971456">
        <ele>0</ele>
        <time>2026-02-26T14:38:31.574Z</time>
      </trkpt>
      <trkpt lat="31.8401801730017" lon="35.000206300971456">
        <ele>0</ele>
        <time>2026-02-26T14:38:32.574Z</time>
      </trkpt>
      <trkpt lat="31.8401801730017" lon="35.000206300971456">
        <ele>0</ele>
        <time>2026-02-26T14:38:33.574Z</time>
      </trkpt>
      <trkpt lat="31.8401801730017" lon="35.000206300971456">
        <ele>269.5</ele>
        <time>2026-02-26T14:38:34.574Z</time>
      </trkpt>
      <trkpt lat="31.839963098784096" lon="35.00017726409135">
        <ele>274</ele>
        <time>2026-02-26T14:38:35.574Z</time>
      </trkpt>
      <trkpt lat="31.839963098784096" lon="35.00017726409135">
        <ele>0</ele>
        <time>2026-02-26T14:38:36.574Z</time>
      </trkpt>
      <trkpt lat="31.839963098784096" lon="35.00017726409135">
        <ele>0</ele>
        <time>2026-02-26T14:38:37.574Z</time>
      </trkpt>
      <trkpt lat="31.839963098784096" lon="35.00017726409135">
        <ele>0</ele>
        <time>2026-02-26T14:38:38.574Z</time>
      </trkpt>
      <trkpt lat="31.839963098784096" lon="35.00017726409135">
        <ele>0</ele>
        <time>2026-02-26T14:38:39.574Z</time>
      </trkpt>
      <trkpt lat="31.839963098784096" lon="35.00017726409135">
        <ele>0</ele>
        <time>2026-02-26T14:38:40.574Z</time>
      </trkpt>
      <trkpt lat="31.839963098784096" lon="35.00017726409135">
        <ele>0</ele>
        <time>2026-02-26T14:38:41.574Z</time>
      </trkpt>
      <trkpt lat="31.839963098784096" lon="35.00017726409135">
        <ele>274</ele>
        <time>2026-02-26T14:38:42.574Z</time>
      </trkpt>
      <trkpt lat="31.839824960379772" lon="35.000566358282754">
        <ele>274</ele>
        <time>2026-02-26T14:38:43.574Z</time>
      </trkpt>
      <trkpt lat="31.839824960379772" lon="35.000566358282754">
        <ele>0</ele>
        <time>2026-02-26T14:38:44.574Z</time>
      </trkpt>
      <trkpt lat="31.839824960379772" lon="35.000566358282754">
        <ele>0</ele>
        <time>2026-02-26T14:38:45.574Z</time>
      </trkpt>
      <trkpt lat="31.839824960379772" lon="35.000566358282754">
        <ele>0</ele>
        <time>2026-02-26T14:38:46.574Z</time>
      </trkpt>
      <trkpt lat="31.839824960379772" lon="35.000566358282754">
        <ele>0</ele>
        <time>2026-02-26T14:38:47.574Z</time>
      </trkpt>
      <trkpt lat="31.839824960379772" lon="35.000566358282754">
        <ele>0</ele>
        <time>2026-02-26T14:38:48.574Z</time>
      </trkpt>
      <trkpt lat="31.839824960379772" lon="35.000566358282754">
        <ele>0</ele>
        <time>2026-02-26T14:38:49.574Z</time>
      </trkpt>
      <trkpt lat="31.839824960379772" lon="35.000566358282754">
        <ele>274</ele>
        <time>2026-02-26T14:38:50.574Z</time>
      </trkpt>
      <trkpt lat="31.839691755293913" lon="35.001030948362796">
        <ele>273.5</ele>
        <time>2026-02-26T14:38:51.574Z</time>
      </trkpt>
      <trkpt lat="31.839691755293913" lon="35.001030948362796">
        <ele>0</ele>
        <time>2026-02-26T14:38:52.574Z</time>
      </trkpt>
      <trkpt lat="31.839691755293913" lon="35.001030948362796">
        <ele>0</ele>
        <time>2026-02-26T14:38:53.574Z</time>
      </trkpt>
      <trkpt lat="31.839691755293913" lon="35.001030948362796">
        <ele>0</ele>
        <time>2026-02-26T14:38:54.574Z</time>
      </trkpt>
      <trkpt lat="31.839691755293913" lon="35.001030948362796">
        <ele>0</ele>
        <time>2026-02-26T14:38:55.574Z</time>
      </trkpt>
      <trkpt lat="31.839691755293913" lon="35.001030948362796">
        <ele>0</ele>
        <time>2026-02-26T14:38:56.574Z</time>
      </trkpt>
      <trkpt lat="31.839691755293913" lon="35.001030948362796">
        <ele>0</ele>
        <time>2026-02-26T14:38:57.574Z</time>
      </trkpt>
      <trkpt lat="31.839691755293913" lon="35.001030948362796">
        <ele>273.5</ele>
        <time>2026-02-26T14:38:58.574Z</time>
      </trkpt>
      <trkpt lat="31.839583217674374" lon="35.00126905077798">
        <ele>273</ele>
        <time>2026-02-26T14:38:59.574Z</time>
      </trkpt>
      <trkpt lat="31.839583217674374" lon="35.00126905077798">
        <ele>0</ele>
        <time>2026-02-26T14:39:00.574Z</time>
      </trkpt>
      <trkpt lat="31.839583217674374" lon="35.00126905077798">
        <ele>0</ele>
        <time>2026-02-26T14:39:01.574Z</time>
      </trkpt>
      <trkpt lat="31.839583217674374" lon="35.00126905077798">
        <ele>0</ele>
        <time>2026-02-26T14:39:02.574Z</time>
      </trkpt>
      <trkpt lat="31.839583217674374" lon="35.00126905077798">
        <ele>0</ele>
        <time>2026-02-26T14:39:03.574Z</time>
      </trkpt>
      <trkpt lat="31.839583217674374" lon="35.00126905077798">
        <ele>0</ele>
        <time>2026-02-26T14:39:04.574Z</time>
      </trkpt>
      <trkpt lat="31.839583217674374" lon="35.00126905077798">
        <ele>0</ele>
        <time>2026-02-26T14:39:05.574Z</time>
      </trkpt>
      <trkpt lat="31.839583217674374" lon="35.00126905077798">
        <ele>273</ele>
        <time>2026-02-26T14:39:06.574Z</time>
      </trkpt>
      <trkpt lat="31.83945494577786" lon="35.00144907943425">
        <ele>276</ele>
        <time>2026-02-26T14:39:07.574Z</time>
      </trkpt>
      <trkpt lat="31.83945494577786" lon="35.00144907943425">
        <ele>0</ele>
        <time>2026-02-26T14:39:08.574Z</time>
      </trkpt>
      <trkpt lat="31.83945494577786" lon="35.00144907943425">
        <ele>0</ele>
        <time>2026-02-26T14:39:09.574Z</time>
      </trkpt>
      <trkpt lat="31.83945494577786" lon="35.00144907943425">
        <ele>0</ele>
        <time>2026-02-26T14:39:10.574Z</time>
      </trkpt>
      <trkpt lat="31.83945494577786" lon="35.00144907943425">
        <ele>0</ele>
        <time>2026-02-26T14:39:11.574Z</time>
      </trkpt>
      <trkpt lat="31.83945494577786" lon="35.00144907943425">
        <ele>0</ele>
        <time>2026-02-26T14:39:12.574Z</time>
      </trkpt>
      <trkpt lat="31.83945494577786" lon="35.00144907943425">
        <ele>0</ele>
        <time>2026-02-26T14:39:13.574Z</time>
      </trkpt>
      <trkpt lat="31.83945494577786" lon="35.00144907943425">
        <ele>276</ele>
        <time>2026-02-26T14:39:14.574Z</time>
      </trkpt>
      <trkpt lat="31.83931187306699" lon="35.00172783348228">
        <ele>276</ele>
        <time>2026-02-26T14:39:15.574Z</time>
      </trkpt>
      <trkpt lat="31.83931187306699" lon="35.00172783348228">
        <ele>0</ele>
        <time>2026-02-26T14:39:16.574Z</time>
      </trkpt>
      <trkpt lat="31.83931187306699" lon="35.00172783348228">
        <ele>0</ele>
        <time>2026-02-26T14:39:17.574Z</time>
      </trkpt>
      <trkpt lat="31.83931187306699" lon="35.00172783348228">
        <ele>0</ele>
        <time>2026-02-26T14:39:18.574Z</time>
      </trkpt>
      <trkpt lat="31.83931187306699" lon="35.00172783348228">
        <ele>0</ele>
        <time>2026-02-26T14:39:19.574Z</time>
      </trkpt>
      <trkpt lat="31.83931187306699" lon="35.00172783348228">
        <ele>0</ele>
        <time>2026-02-26T14:39:20.574Z</time>
      </trkpt>
      <trkpt lat="31.83931187306699" lon="35.00172783348228">
        <ele>0</ele>
        <time>2026-02-26T14:39:21.574Z</time>
      </trkpt>
      <trkpt lat="31.83931187306699" lon="35.00172783348228">
        <ele>276</ele>
        <time>2026-02-26T14:39:22.574Z</time>
      </trkpt>
      <trkpt lat="31.839203335000576" lon="35.0019659358974">
        <ele>279</ele>
        <time>2026-02-26T14:39:23.574Z</time>
      </trkpt>
      <trkpt lat="31.839203335000576" lon="35.0019659358974">
        <ele>0</ele>
        <time>2026-02-26T14:39:24.574Z</time>
      </trkpt>
      <trkpt lat="31.839203335000576" lon="35.0019659358974">
        <ele>0</ele>
        <time>2026-02-26T14:39:25.574Z</time>
      </trkpt>
      <trkpt lat="31.839203335000576" lon="35.0019659358974">
        <ele>0</ele>
        <time>2026-02-26T14:39:26.574Z</time>
      </trkpt>
      <trkpt lat="31.839203335000576" lon="35.0019659358974">
        <ele>0</ele>
        <time>2026-02-26T14:39:27.574Z</time>
      </trkpt>
      <trkpt lat="31.839203335000576" lon="35.0019659358974">
        <ele>0</ele>
        <time>2026-02-26T14:39:28.574Z</time>
      </trkpt>
      <trkpt lat="31.839203335000576" lon="35.0019659358974">
        <ele>0</ele>
        <time>2026-02-26T14:39:29.574Z</time>
      </trkpt>
      <trkpt lat="31.839203335000576" lon="35.0019659358974">
        <ele>279</ele>
        <time>2026-02-26T14:39:30.574Z</time>
      </trkpt>
      <trkpt lat="31.839203335000576" lon="35.002296956328564">
        <ele>279</ele>
        <time>2026-02-26T14:39:31.574Z</time>
      </trkpt>
      <trkpt lat="31.839203335000576" lon="35.002296956328564">
        <ele>0</ele>
        <time>2026-02-26T14:39:32.574Z</time>
      </trkpt>
      <trkpt lat="31.839203335000576" lon="35.002296956328564">
        <ele>0</ele>
        <time>2026-02-26T14:39:33.574Z</time>
      </trkpt>
      <trkpt lat="31.839203335000576" lon="35.002296956328564">
        <ele>0</ele>
        <time>2026-02-26T14:39:34.574Z</time>
      </trkpt>
      <trkpt lat="31.839203335000576" lon="35.002296956328564">
        <ele>0</ele>
        <time>2026-02-26T14:39:35.574Z</time>
      </trkpt>
      <trkpt lat="31.839203335000576" lon="35.002296956328564">
        <ele>0</ele>
        <time>2026-02-26T14:39:36.574Z</time>
      </trkpt>
      <trkpt lat="31.839203335000576" lon="35.002296956328564">
        <ele>0</ele>
        <time>2026-02-26T14:39:37.574Z</time>
      </trkpt>
      <trkpt lat="31.839203335000576" lon="35.002296956328564">
        <ele>279</ele>
        <time>2026-02-26T14:39:38.574Z</time>
      </trkpt>
      <trkpt lat="31.83933654079165" lon="35.00248279236061">
        <ele>274</ele>
        <time>2026-02-26T14:39:39.574Z</time>
      </trkpt>
      <trkpt lat="31.83933654079165" lon="35.00248279236061">
        <ele>0</ele>
        <time>2026-02-26T14:39:40.574Z</time>
      </trkpt>
      <trkpt lat="31.83933654079165" lon="35.00248279236061">
        <ele>0</ele>
        <time>2026-02-26T14:39:41.574Z</time>
      </trkpt>
      <trkpt lat="31.83933654079165" lon="35.00248279236061">
        <ele>0</ele>
        <time>2026-02-26T14:39:42.574Z</time>
      </trkpt>
      <trkpt lat="31.83933654079165" lon="35.00248279236061">
        <ele>0</ele>
        <time>2026-02-26T14:39:43.574Z</time>
      </trkpt>
      <trkpt lat="31.83933654079165" lon="35.00248279236061">
        <ele>0</ele>
        <time>2026-02-26T14:39:44.574Z</time>
      </trkpt>
      <trkpt lat="31.83933654079165" lon="35.00248279236061">
        <ele>0</ele>
        <time>2026-02-26T14:39:45.574Z</time>
      </trkpt>
      <trkpt lat="31.83933654079165" lon="35.00248279236061">
        <ele>274</ele>
        <time>2026-02-26T14:39:46.574Z</time>
      </trkpt>
      <trkpt lat="31.83901364006975" lon="35.00295773003202">
        <ele>279</ele>
        <time>2026-02-26T14:39:47.574Z</time>
      </trkpt>
      <trkpt lat="31.83901364006975" lon="35.00295773003202">
        <ele>0</ele>
        <time>2026-02-26T14:39:48.574Z</time>
      </trkpt>
      <trkpt lat="31.83901364006975" lon="35.00295773003202">
        <ele>0</ele>
        <time>2026-02-26T14:39:49.574Z</time>
      </trkpt>
      <trkpt lat="31.83901364006975" lon="35.00295773003202">
        <ele>0</ele>
        <time>2026-02-26T14:39:50.574Z</time>
      </trkpt>
      <trkpt lat="31.83901364006975" lon="35.00295773003202">
        <ele>0</ele>
        <time>2026-02-26T14:39:51.574Z</time>
      </trkpt>
      <trkpt lat="31.83901364006975" lon="35.00295773003202">
        <ele>0</ele>
        <time>2026-02-26T14:39:52.574Z</time>
      </trkpt>
      <trkpt lat="31.83901364006975" lon="35.00295773003202">
        <ele>0</ele>
        <time>2026-02-26T14:39:53.574Z</time>
      </trkpt>
      <trkpt lat="31.83901364006975" lon="35.00295773003202">
        <ele>279</ele>
        <time>2026-02-26T14:39:54.574Z</time>
      </trkpt>
      <trkpt lat="31.838775430344384" lon="35.00349579528881">
        <ele>281.5</ele>
        <time>2026-02-26T14:39:55.574Z</time>
      </trkpt>
      <trkpt lat="31.838775430344384" lon="35.00349579528881">
        <ele>0</ele>
        <time>2026-02-26T14:39:56.574Z</time>
      </trkpt>
      <trkpt lat="31.838775430344384" lon="35.00349579528881">
        <ele>0</ele>
        <time>2026-02-26T14:39:57.574Z</time>
      </trkpt>
      <trkpt lat="31.838775430344384" lon="35.00349579528881">
        <ele>0</ele>
        <time>2026-02-26T14:39:58.574Z</time>
      </trkpt>
      <trkpt lat="31.838775430344384" lon="35.00349579528881">
        <ele>0</ele>
        <time>2026-02-26T14:39:59.574Z</time>
      </trkpt>
      <trkpt lat="31.838775430344384" lon="35.00349579528881">
        <ele>0</ele>
        <time>2026-02-26T14:40:00.574Z</time>
      </trkpt>
      <trkpt lat="31.838775430344384" lon="35.00349579528881">
        <ele>0</ele>
        <time>2026-02-26T14:40:01.574Z</time>
      </trkpt>
      <trkpt lat="31.838775430344384" lon="35.00349579528881">
        <ele>281.5</ele>
        <time>2026-02-26T14:40:02.574Z</time>
      </trkpt>
      <trkpt lat="31.838633791837523" lon="35.00416269307166">
        <ele>288.5</ele>
        <time>2026-02-26T14:40:03.574Z</time>
      </trkpt>
      <trkpt lat="31.838633791837523" lon="35.00416269307166">
        <ele>0</ele>
        <time>2026-02-26T14:40:04.574Z</time>
      </trkpt>
      <trkpt lat="31.838633791837523" lon="35.00416269307166">
        <ele>0</ele>
        <time>2026-02-26T14:40:05.574Z</time>
      </trkpt>
      <trkpt lat="31.838633791837523" lon="35.00416269307166">
        <ele>0</ele>
        <time>2026-02-26T14:40:06.574Z</time>
      </trkpt>
      <trkpt lat="31.838633791837523" lon="35.00416269307166">
        <ele>0</ele>
        <time>2026-02-26T14:40:07.574Z</time>
      </trkpt>
      <trkpt lat="31.838633791837523" lon="35.00416269307166">
        <ele>0</ele>
        <time>2026-02-26T14:40:08.574Z</time>
      </trkpt>
      <trkpt lat="31.838633791837523" lon="35.00416269307166">
        <ele>0</ele>
        <time>2026-02-26T14:40:09.574Z</time>
      </trkpt>
      <trkpt lat="31.838633791837523" lon="35.00416269307166">
        <ele>288.5</ele>
        <time>2026-02-26T14:40:10.574Z</time>
      </trkpt>
      <trkpt lat="31.83861528333597" lon="35.005150728779114">
        <ele>302</ele>
        <time>2026-02-26T14:40:11.574Z</time>
      </trkpt>
      <trkpt lat="31.83861528333597" lon="35.005150728779114">
        <ele>0</ele>
        <time>2026-02-26T14:40:12.574Z</time>
      </trkpt>
      <trkpt lat="31.83861528333597" lon="35.005150728779114">
        <ele>0</ele>
        <time>2026-02-26T14:40:13.574Z</time>
      </trkpt>
      <trkpt lat="31.83861528333597" lon="35.005150728779114">
        <ele>0</ele>
        <time>2026-02-26T14:40:14.574Z</time>
      </trkpt>
      <trkpt lat="31.83861528333597" lon="35.005150728779114">
        <ele>0</ele>
        <time>2026-02-26T14:40:15.574Z</time>
      </trkpt>
      <trkpt lat="31.83861528333597" lon="35.005150728779114">
        <ele>0</ele>
        <time>2026-02-26T14:40:16.574Z</time>
      </trkpt>
      <trkpt lat="31.83861528333597" lon="35.005150728779114">
        <ele>0</ele>
        <time>2026-02-26T14:40:17.574Z</time>
      </trkpt>
      <trkpt lat="31.83861528333597" lon="35.005150728779114">
        <ele>302</ele>
        <time>2026-02-26T14:40:18.574Z</time>
      </trkpt>
      <trkpt lat="31.838750483760933" lon="35.0058782536324">
        <ele>306</ele>
        <time>2026-02-26T14:40:19.574Z</time>
      </trkpt>
      <trkpt lat="31.838750483760933" lon="35.0058782536324">
        <ele>0</ele>
        <time>2026-02-26T14:40:20.574Z</time>
      </trkpt>
      <trkpt lat="31.838750483760933" lon="35.0058782536324">
        <ele>0</ele>
        <time>2026-02-26T14:40:21.574Z</time>
      </trkpt>
      <trkpt lat="31.838750483760933" lon="35.0058782536324">
        <ele>0</ele>
        <time>2026-02-26T14:40:22.574Z</time>
      </trkpt>
      <trkpt lat="31.838750483760933" lon="35.0058782536324">
        <ele>0</ele>
        <time>2026-02-26T14:40:23.574Z</time>
      </trkpt>
      <trkpt lat="31.838750483760933" lon="35.0058782536324">
        <ele>0</ele>
        <time>2026-02-26T14:40:24.574Z</time>
      </trkpt>
      <trkpt lat="31.838750483760933" lon="35.0058782536324">
        <ele>0</ele>
        <time>2026-02-26T14:40:25.574Z</time>
      </trkpt>
      <trkpt lat="31.838750483760933" lon="35.0058782536324">
        <ele>306</ele>
        <time>2026-02-26T14:40:26.574Z</time>
      </trkpt>
      <trkpt lat="31.838647473931374" lon="35.006446632425195">
        <ele>310</ele>
        <time>2026-02-26T14:40:27.574Z</time>
      </trkpt>
      <trkpt lat="31.838647473931374" lon="35.006446632425195">
        <ele>0</ele>
        <time>2026-02-26T14:40:28.574Z</time>
      </trkpt>
      <trkpt lat="31.838647473931374" lon="35.006446632425195">
        <ele>0</ele>
        <time>2026-02-26T14:40:29.574Z</time>
      </trkpt>
      <trkpt lat="31.838647473931374" lon="35.006446632425195">
        <ele>0</ele>
        <time>2026-02-26T14:40:30.574Z</time>
      </trkpt>
      <trkpt lat="31.838647473931374" lon="35.006446632425195">
        <ele>0</ele>
        <time>2026-02-26T14:40:31.574Z</time>
      </trkpt>
      <trkpt lat="31.838647473931374" lon="35.006446632425195">
        <ele>0</ele>
        <time>2026-02-26T14:40:32.574Z</time>
      </trkpt>
      <trkpt lat="31.838647473931374" lon="35.006446632425195">
        <ele>0</ele>
        <time>2026-02-26T14:40:33.574Z</time>
      </trkpt>
      <trkpt lat="31.838647473931374" lon="35.006446632425195">
        <ele>310</ele>
        <time>2026-02-26T14:40:34.574Z</time>
      </trkpt>
      <trkpt lat="31.83849688501256" lon="35.00715177581179">
        <ele>325.5</ele>
        <time>2026-02-26T14:40:35.574Z</time>
      </trkpt>
      <trkpt lat="31.83849688501256" lon="35.00715177581179">
        <ele>0</ele>
        <time>2026-02-26T14:40:36.574Z</time>
      </trkpt>
      <trkpt lat="31.83849688501256" lon="35.00715177581179">
        <ele>0</ele>
        <time>2026-02-26T14:40:37.574Z</time>
      </trkpt>
      <trkpt lat="31.83849688501256" lon="35.00715177581179">
        <ele>0</ele>
        <time>2026-02-26T14:40:38.574Z</time>
      </trkpt>
      <trkpt lat="31.83849688501256" lon="35.00715177581179">
        <ele>0</ele>
        <time>2026-02-26T14:40:39.574Z</time>
      </trkpt>
      <trkpt lat="31.83849688501256" lon="35.00715177581179">
        <ele>0</ele>
        <time>2026-02-26T14:40:40.574Z</time>
      </trkpt>
      <trkpt lat="31.83849688501256" lon="35.00715177581179">
        <ele>0</ele>
        <time>2026-02-26T14:40:41.574Z</time>
      </trkpt>
      <trkpt lat="31.83849688501256" lon="35.00715177581179">
        <ele>325.5</ele>
        <time>2026-02-26T14:40:42.574Z</time>
      </trkpt>
      <trkpt lat="31.838509761268696" lon="35.00728060833785">
        <ele>325.5</ele>
        <time>2026-02-26T14:40:43.574Z</time>
      </trkpt>
      <trkpt lat="31.838509761268696" lon="35.00728060833785">
        <ele>0</ele>
        <time>2026-02-26T14:40:44.574Z</time>
      </trkpt>
      <trkpt lat="31.838509761268696" lon="35.00728060833785">
        <ele>0</ele>
        <time>2026-02-26T14:40:45.574Z</time>
      </trkpt>
      <trkpt lat="31.838509761268696" lon="35.00728060833785">
        <ele>0</ele>
        <time>2026-02-26T14:40:46.574Z</time>
      </trkpt>
      <trkpt lat="31.838509761268696" lon="35.00728060833785">
        <ele>0</ele>
        <time>2026-02-26T14:40:47.574Z</time>
      </trkpt>
      <trkpt lat="31.838509761268696" lon="35.00728060833785">
        <ele>0</ele>
        <time>2026-02-26T14:40:48.574Z</time>
      </trkpt>
      <trkpt lat="31.838509761268696" lon="35.00728060833785">
        <ele>0</ele>
        <time>2026-02-26T14:40:49.574Z</time>
      </trkpt>
      <trkpt lat="31.838509761268696" lon="35.00728060833785">
        <ele>325.5</ele>
        <time>2026-02-26T14:40:50.574Z</time>
      </trkpt>
      <trkpt lat="31.838780162229043" lon="35.006727386313884">
        <ele>315.5</ele>
        <time>2026-02-26T14:40:51.574Z</time>
      </trkpt>
      <trkpt lat="31.838780162229043" lon="35.006727386313884">
        <ele>0</ele>
        <time>2026-02-26T14:40:52.574Z</time>
      </trkpt>
      <trkpt lat="31.838780162229043" lon="35.006727386313884">
        <ele>0</ele>
        <time>2026-02-26T14:40:53.574Z</time>
      </trkpt>
      <trkpt lat="31.838780162229043" lon="35.006727386313884">
        <ele>0</ele>
        <time>2026-02-26T14:40:54.574Z</time>
      </trkpt>
      <trkpt lat="31.838780162229043" lon="35.006727386313884">
        <ele>0</ele>
        <time>2026-02-26T14:40:55.574Z</time>
      </trkpt>
      <trkpt lat="31.838780162229043" lon="35.006727386313884">
        <ele>0</ele>
        <time>2026-02-26T14:40:56.574Z</time>
      </trkpt>
      <trkpt lat="31.838780162229043" lon="35.006727386313884">
        <ele>0</ele>
        <time>2026-02-26T14:40:57.574Z</time>
      </trkpt>
      <trkpt lat="31.838780162229043" lon="35.006727386313884">
        <ele>315.5</ele>
        <time>2026-02-26T14:40:58.574Z</time>
      </trkpt>
      <trkpt lat="31.83897330528721" lon="35.00612111560147">
        <ele>306</ele>
        <time>2026-02-26T14:40:59.574Z</time>
      </trkpt>
      <trkpt lat="31.83897330528721" lon="35.00612111560147">
        <ele>0</ele>
        <time>2026-02-26T14:41:00.574Z</time>
      </trkpt>
      <trkpt lat="31.83897330528721" lon="35.00612111560147">
        <ele>0</ele>
        <time>2026-02-26T14:41:01.574Z</time>
      </trkpt>
      <trkpt lat="31.83897330528721" lon="35.00612111560147">
        <ele>0</ele>
        <time>2026-02-26T14:41:02.574Z</time>
      </trkpt>
      <trkpt lat="31.83897330528721" lon="35.00612111560147">
        <ele>0</ele>
        <time>2026-02-26T14:41:03.574Z</time>
      </trkpt>
      <trkpt lat="31.83897330528721" lon="35.00612111560147">
        <ele>0</ele>
        <time>2026-02-26T14:41:04.574Z</time>
      </trkpt>
      <trkpt lat="31.83897330528721" lon="35.00612111560147">
        <ele>0</ele>
        <time>2026-02-26T14:41:05.574Z</time>
      </trkpt>
      <trkpt lat="31.83897330528721" lon="35.00612111560147">
        <ele>306</ele>
        <time>2026-02-26T14:41:06.574Z</time>
      </trkpt>
      <trkpt lat="31.8389218005112" lon="35.00523444468601">
        <ele>302</ele>
        <time>2026-02-26T14:41:07.574Z</time>
      </trkpt>
      <trkpt lat="31.8389218005112" lon="35.00523444468601">
        <ele>0</ele>
        <time>2026-02-26T14:41:08.574Z</time>
      </trkpt>
      <trkpt lat="31.8389218005112" lon="35.00523444468601">
        <ele>0</ele>
        <time>2026-02-26T14:41:09.574Z</time>
      </trkpt>
      <trkpt lat="31.8389218005112" lon="35.00523444468601">
        <ele>0</ele>
        <time>2026-02-26T14:41:10.574Z</time>
      </trkpt>
      <trkpt lat="31.8389218005112" lon="35.00523444468601">
        <ele>0</ele>
        <time>2026-02-26T14:41:11.574Z</time>
      </trkpt>
      <trkpt lat="31.8389218005112" lon="35.00523444468601">
        <ele>0</ele>
        <time>2026-02-26T14:41:12.574Z</time>
      </trkpt>
      <trkpt lat="31.8389218005112" lon="35.00523444468601">
        <ele>0</ele>
        <time>2026-02-26T14:41:13.574Z</time>
      </trkpt>
      <trkpt lat="31.8389218005112" lon="35.00523444468601">
        <ele>302</ele>
        <time>2026-02-26T14:41:14.574Z</time>
      </trkpt>
      <trkpt lat="31.83911494327286" lon="35.00457512528675">
        <ele>293</ele>
        <time>2026-02-26T14:41:15.574Z</time>
      </trkpt>
      <trkpt lat="31.83911494327286" lon="35.00457512528675">
        <ele>0</ele>
        <time>2026-02-26T14:41:16.574Z</time>
      </trkpt>
      <trkpt lat="31.83911494327286" lon="35.00457512528675">
        <ele>0</ele>
        <time>2026-02-26T14:41:17.574Z</time>
      </trkpt>
      <trkpt lat="31.83911494327286" lon="35.00457512528675">
        <ele>0</ele>
        <time>2026-02-26T14:41:18.574Z</time>
      </trkpt>
      <trkpt lat="31.83911494327286" lon="35.00457512528675">
        <ele>0</ele>
        <time>2026-02-26T14:41:19.574Z</time>
      </trkpt>
      <trkpt lat="31.83911494327286" lon="35.00457512528675">
        <ele>0</ele>
        <time>2026-02-26T14:41:20.574Z</time>
      </trkpt>
      <trkpt lat="31.83911494327286" lon="35.00457512528675">
        <ele>0</ele>
        <time>2026-02-26T14:41:21.574Z</time>
      </trkpt>
      <trkpt lat="31.83911494327286" lon="35.00457512528675">
        <ele>293</ele>
        <time>2026-02-26T14:41:22.574Z</time>
      </trkpt>
      <trkpt lat="31.8393209617725" lon="35.004196206092075">
        <ele>291</ele>
        <time>2026-02-26T14:41:23.574Z</time>
      </trkpt>
      <trkpt lat="31.8393209617725" lon="35.004196206092075">
        <ele>0</ele>
        <time>2026-02-26T14:41:24.574Z</time>
      </trkpt>
      <trkpt lat="31.8393209617725" lon="35.004196206092075">
        <ele>0</ele>
        <time>2026-02-26T14:41:25.574Z</time>
      </trkpt>
      <trkpt lat="31.8393209617725" lon="35.004196206092075">
        <ele>0</ele>
        <time>2026-02-26T14:41:26.574Z</time>
      </trkpt>
      <trkpt lat="31.8393209617725" lon="35.004196206092075">
        <ele>0</ele>
        <time>2026-02-26T14:41:27.574Z</time>
      </trkpt>
      <trkpt lat="31.8393209617725" lon="35.004196206092075">
        <ele>0</ele>
        <time>2026-02-26T14:41:28.574Z</time>
      </trkpt>
      <trkpt lat="31.8393209617725" lon="35.004196206092075">
        <ele>0</ele>
        <time>2026-02-26T14:41:29.574Z</time>
      </trkpt>
      <trkpt lat="31.8393209617725" lon="35.004196206092075">
        <ele>291</ele>
        <time>2026-02-26T14:41:30.574Z</time>
      </trkpt>
      <trkpt lat="31.839713683263895" lon="35.003794551746665">
        <ele>289</ele>
        <time>2026-02-26T14:41:31.574Z</time>
      </trkpt>
      <trkpt lat="31.839713683263895" lon="35.003794551746665">
        <ele>0</ele>
        <time>2026-02-26T14:41:32.574Z</time>
      </trkpt>
      <trkpt lat="31.839713683263895" lon="35.003794551746665">
        <ele>0</ele>
        <time>2026-02-26T14:41:33.574Z</time>
      </trkpt>
      <trkpt lat="31.839713683263895" lon="35.003794551746665">
        <ele>0</ele>
        <time>2026-02-26T14:41:34.574Z</time>
      </trkpt>
      <trkpt lat="31.839713683263895" lon="35.003794551746665">
        <ele>0</ele>
        <time>2026-02-26T14:41:35.574Z</time>
      </trkpt>
      <trkpt lat="31.839713683263895" lon="35.003794551746665">
        <ele>0</ele>
        <time>2026-02-26T14:41:36.574Z</time>
      </trkpt>
      <trkpt lat="31.839713683263895" lon="35.003794551746665">
        <ele>0</ele>
        <time>2026-02-26T14:41:37.574Z</time>
      </trkpt>
      <trkpt lat="31.839713683263895" lon="35.003794551746665">
        <ele>289</ele>
        <time>2026-02-26T14:41:38.574Z</time>
      </trkpt>
      <trkpt lat="31.83991326239817" lon="35.00372634629096">
        <ele>289</ele>
        <time>2026-02-26T14:41:39.574Z</time>
      </trkpt>
      <trkpt lat="31.83991326239817" lon="35.00372634629096">
        <ele>0</ele>
        <time>2026-02-26T14:41:40.574Z</time>
      </trkpt>
      <trkpt lat="31.83991326239817" lon="35.00372634629096">
        <ele>0</ele>
        <time>2026-02-26T14:41:41.574Z</time>
      </trkpt>
      <trkpt lat="31.83991326239817" lon="35.00372634629096">
        <ele>0</ele>
        <time>2026-02-26T14:41:42.574Z</time>
      </trkpt>
      <trkpt lat="31.83991326239817" lon="35.00372634629096">
        <ele>0</ele>
        <time>2026-02-26T14:41:43.574Z</time>
      </trkpt>
      <trkpt lat="31.83991326239817" lon="35.00372634629096">
        <ele>0</ele>
        <time>2026-02-26T14:41:44.574Z</time>
      </trkpt>
      <trkpt lat="31.83991326239817" lon="35.00372634629096">
        <ele>0</ele>
        <time>2026-02-26T14:41:45.574Z</time>
      </trkpt>
      <trkpt lat="31.83991326239817" lon="35.00372634629096">
        <ele>289</ele>
        <time>2026-02-26T14:41:46.574Z</time>
      </trkpt>
      <trkpt lat="31.84000988566416" lon="35.003832630356385">
        <ele>289</ele>
        <time>2026-02-26T14:41:47.574Z</time>
      </trkpt>
      <trkpt lat="31.84000988566416" lon="35.003832630356385">
        <ele>0</ele>
        <time>2026-02-26T14:41:48.574Z</time>
      </trkpt>
      <trkpt lat="31.84000988566416" lon="35.003832630356385">
        <ele>0</ele>
        <time>2026-02-26T14:41:49.574Z</time>
      </trkpt>
      <trkpt lat="31.84000988566416" lon="35.003832630356385">
        <ele>0</ele>
        <time>2026-02-26T14:41:50.574Z</time>
      </trkpt>
      <trkpt lat="31.84000988566416" lon="35.003832630356385">
        <ele>0</ele>
        <time>2026-02-26T14:41:51.574Z</time>
      </trkpt>
      <trkpt lat="31.84000988566416" lon="35.003832630356385">
        <ele>0</ele>
        <time>2026-02-26T14:41:52.574Z</time>
      </trkpt>
      <trkpt lat="31.84000988566416" lon="35.003832630356385">
        <ele>0</ele>
        <time>2026-02-26T14:41:53.574Z</time>
      </trkpt>
      <trkpt lat="31.84000988566416" lon="35.003832630356385">
        <ele>289</ele>
        <time>2026-02-26T14:41:54.574Z</time>
      </trkpt>
      <trkpt lat="31.84013220801765" lon="35.00413576571182">
        <ele>294.5</ele>
        <time>2026-02-26T14:41:55.574Z</time>
      </trkpt>
      <trkpt lat="31.84013220801765" lon="35.00413576571182">
        <ele>0</ele>
        <time>2026-02-26T14:41:56.574Z</time>
      </trkpt>
      <trkpt lat="31.84013220801765" lon="35.00413576571182">
        <ele>0</ele>
        <time>2026-02-26T14:41:57.574Z</time>
      </trkpt>
      <trkpt lat="31.84013220801765" lon="35.00413576571182">
        <ele>0</ele>
        <time>2026-02-26T14:41:58.574Z</time>
      </trkpt>
      <trkpt lat="31.84013220801765" lon="35.00413576571182">
        <ele>0</ele>
        <time>2026-02-26T14:41:59.574Z</time>
      </trkpt>
      <trkpt lat="31.84013220801765" lon="35.00413576571182">
        <ele>0</ele>
        <time>2026-02-26T14:42:00.574Z</time>
      </trkpt>
      <trkpt lat="31.84013220801765" lon="35.00413576571182">
        <ele>0</ele>
        <time>2026-02-26T14:42:01.574Z</time>
      </trkpt>
      <trkpt lat="31.84013220801765" lon="35.00413576571182">
        <ele>294.5</ele>
        <time>2026-02-26T14:42:02.574Z</time>
      </trkpt>
      <trkpt lat="31.84019015012825" lon="35.00449952813926">
        <ele>299</ele>
        <time>2026-02-26T14:42:03.574Z</time>
      </trkpt>
      <trkpt lat="31.84019015012825" lon="35.00449952813926">
        <ele>0</ele>
        <time>2026-02-26T14:42:04.574Z</time>
      </trkpt>
      <trkpt lat="31.84019015012825" lon="35.00449952813926">
        <ele>0</ele>
        <time>2026-02-26T14:42:05.574Z</time>
      </trkpt>
      <trkpt lat="31.84019015012825" lon="35.00449952813926">
        <ele>0</ele>
        <time>2026-02-26T14:42:06.574Z</time>
      </trkpt>
      <trkpt lat="31.84019015012825" lon="35.00449952813926">
        <ele>0</ele>
        <time>2026-02-26T14:42:07.574Z</time>
      </trkpt>
      <trkpt lat="31.84019015012825" lon="35.00449952813926">
        <ele>0</ele>
        <time>2026-02-26T14:42:08.574Z</time>
      </trkpt>
      <trkpt lat="31.84019015012825" lon="35.00449952813926">
        <ele>0</ele>
        <time>2026-02-26T14:42:09.574Z</time>
      </trkpt>
      <trkpt lat="31.84019015012825" lon="35.00449952813926">
        <ele>299</ele>
        <time>2026-02-26T14:42:10.574Z</time>
      </trkpt>
      <trkpt lat="31.840344662246025" lon="35.00484055541429">
        <ele>298</ele>
        <time>2026-02-26T14:42:11.574Z</time>
      </trkpt>
      <trkpt lat="31.840344662246025" lon="35.00484055541429">
        <ele>0</ele>
        <time>2026-02-26T14:42:12.574Z</time>
      </trkpt>
      <trkpt lat="31.840344662246025" lon="35.00484055541429">
        <ele>0</ele>
        <time>2026-02-26T14:42:13.574Z</time>
      </trkpt>
      <trkpt lat="31.840344662246025" lon="35.00484055541429">
        <ele>0</ele>
        <time>2026-02-26T14:42:14.574Z</time>
      </trkpt>
      <trkpt lat="31.840344662246025" lon="35.00484055541429">
        <ele>0</ele>
        <time>2026-02-26T14:42:15.574Z</time>
      </trkpt>
      <trkpt lat="31.840344662246025" lon="35.00484055541429">
        <ele>0</ele>
        <time>2026-02-26T14:42:16.574Z</time>
      </trkpt>
      <trkpt lat="31.840344662246025" lon="35.00484055541429">
        <ele>0</ele>
        <time>2026-02-26T14:42:17.574Z</time>
      </trkpt>
      <trkpt lat="31.840344662246025" lon="35.00484055541429">
        <ele>298</ele>
        <time>2026-02-26T14:42:18.574Z</time>
      </trkpt>
      <trkpt lat="31.84012576997752" lon="35.00515126911398">
        <ele>303</ele>
        <time>2026-02-26T14:42:19.574Z</time>
      </trkpt>
      <trkpt lat="31.84012576997752" lon="35.00515126911398">
        <ele>0</ele>
        <time>2026-02-26T14:42:20.574Z</time>
      </trkpt>
      <trkpt lat="31.84012576997752" lon="35.00515126911398">
        <ele>0</ele>
        <time>2026-02-26T14:42:21.574Z</time>
      </trkpt>
      <trkpt lat="31.84012576997752" lon="35.00515126911398">
        <ele>0</ele>
        <time>2026-02-26T14:42:22.574Z</time>
      </trkpt>
      <trkpt lat="31.84012576997752" lon="35.00515126911398">
        <ele>0</ele>
        <time>2026-02-26T14:42:23.574Z</time>
      </trkpt>
      <trkpt lat="31.84012576997752" lon="35.00515126911398">
        <ele>0</ele>
        <time>2026-02-26T14:42:24.574Z</time>
      </trkpt>
      <trkpt lat="31.84012576997752" lon="35.00515126911398">
        <ele>0</ele>
        <time>2026-02-26T14:42:25.574Z</time>
      </trkpt>
      <trkpt lat="31.84012576997752" lon="35.00515126911398">
        <ele>303</ele>
        <time>2026-02-26T14:42:26.574Z</time>
      </trkpt>
      <trkpt lat="31.839790992601408" lon="35.00546198285463">
        <ele>308</ele>
        <time>2026-02-26T14:42:27.574Z</time>
      </trkpt>
      <trkpt lat="31.839790992601408" lon="35.00546198285463">
        <ele>0</ele>
        <time>2026-02-26T14:42:28.574Z</time>
      </trkpt>
      <trkpt lat="31.839790992601408" lon="35.00546198285463">
        <ele>0</ele>
        <time>2026-02-26T14:42:29.574Z</time>
      </trkpt>
      <trkpt lat="31.839790992601408" lon="35.00546198285463">
        <ele>0</ele>
        <time>2026-02-26T14:42:30.574Z</time>
      </trkpt>
      <trkpt lat="31.839790992601408" lon="35.00546198285463">
        <ele>0</ele>
        <time>2026-02-26T14:42:31.574Z</time>
      </trkpt>
      <trkpt lat="31.839790992601408" lon="35.00546198285463">
        <ele>0</ele>
        <time>2026-02-26T14:42:32.574Z</time>
      </trkpt>
      <trkpt lat="31.839790992601408" lon="35.00546198285463">
        <ele>0</ele>
        <time>2026-02-26T14:42:33.574Z</time>
      </trkpt>
      <trkpt lat="31.839790992601408" lon="35.00546198285463">
        <ele>308</ele>
        <time>2026-02-26T14:42:34.574Z</time>
      </trkpt>
      <trkpt lat="31.839262725365685" lon="35.006008034481">
        <ele>310</ele>
        <time>2026-02-26T14:42:35.574Z</time>
      </trkpt>
      <trkpt lat="31.839262725365685" lon="35.006008034481">
        <ele>0</ele>
        <time>2026-02-26T14:42:36.574Z</time>
      </trkpt>
      <trkpt lat="31.839262725365685" lon="35.006008034481">
        <ele>0</ele>
        <time>2026-02-26T14:42:37.574Z</time>
      </trkpt>
      <trkpt lat="31.839262725365685" lon="35.006008034481">
        <ele>0</ele>
        <time>2026-02-26T14:42:38.574Z</time>
      </trkpt>
      <trkpt lat="31.839262725365685" lon="35.006008034481">
        <ele>0</ele>
        <time>2026-02-26T14:42:39.574Z</time>
      </trkpt>
      <trkpt lat="31.839262725365685" lon="35.006008034481">
        <ele>0</ele>
        <time>2026-02-26T14:42:40.574Z</time>
      </trkpt>
      <trkpt lat="31.839262725365685" lon="35.006008034481">
        <ele>0</ele>
        <time>2026-02-26T14:42:41.574Z</time>
      </trkpt>
      <trkpt lat="31.839262725365685" lon="35.006008034481">
        <ele>310</ele>
        <time>2026-02-26T14:42:42.574Z</time>
      </trkpt>
      <trkpt lat="31.83926916344022" lon="35.00634148337241">
        <ele>310</ele>
        <time>2026-02-26T14:42:43.574Z</time>
      </trkpt>
      <trkpt lat="31.83926916344022" lon="35.00634148337241">
        <ele>0</ele>
        <time>2026-02-26T14:42:44.574Z</time>
      </trkpt>
      <trkpt lat="31.83926916344022" lon="35.00634148337241">
        <ele>0</ele>
        <time>2026-02-26T14:42:45.574Z</time>
      </trkpt>
      <trkpt lat="31.83926916344022" lon="35.00634148337241">
        <ele>0</ele>
        <time>2026-02-26T14:42:46.574Z</time>
      </trkpt>
      <trkpt lat="31.83926916344022" lon="35.00634148337241">
        <ele>0</ele>
        <time>2026-02-26T14:42:47.574Z</time>
      </trkpt>
      <trkpt lat="31.83926916344022" lon="35.00634148337241">
        <ele>0</ele>
        <time>2026-02-26T14:42:48.574Z</time>
      </trkpt>
      <trkpt lat="31.83926916344022" lon="35.00634148337241">
        <ele>0</ele>
        <time>2026-02-26T14:42:49.574Z</time>
      </trkpt>
      <trkpt lat="31.83926916344022" lon="35.00634148337241">
        <ele>310</ele>
        <time>2026-02-26T14:42:50.574Z</time>
      </trkpt>
      <trkpt lat="31.839294915706617" lon="35.00672798089548">
        <ele>325</ele>
        <time>2026-02-26T14:42:51.574Z</time>
      </trkpt>
      <trkpt lat="31.839294915706617" lon="35.00672798089548">
        <ele>0</ele>
        <time>2026-02-26T14:42:52.574Z</time>
      </trkpt>
      <trkpt lat="31.839294915706617" lon="35.00672798089548">
        <ele>0</ele>
        <time>2026-02-26T14:42:53.574Z</time>
      </trkpt>
      <trkpt lat="31.839294915706617" lon="35.00672798089548">
        <ele>0</ele>
        <time>2026-02-26T14:42:54.574Z</time>
      </trkpt>
      <trkpt lat="31.839294915706617" lon="35.00672798089548">
        <ele>0</ele>
        <time>2026-02-26T14:42:55.574Z</time>
      </trkpt>
      <trkpt lat="31.839294915706617" lon="35.00672798089548">
        <ele>0</ele>
        <time>2026-02-26T14:42:56.574Z</time>
      </trkpt>
      <trkpt lat="31.839294915706617" lon="35.00672798089548">
        <ele>0</ele>
        <time>2026-02-26T14:42:57.574Z</time>
      </trkpt>
      <trkpt lat="31.839294915706617" lon="35.00672798089548">
        <ele>325</ele>
        <time>2026-02-26T14:42:58.574Z</time>
      </trkpt>
      <trkpt lat="31.838973011507562" lon="35.007554024738965">
        <ele>333.5</ele>
        <time>2026-02-26T14:42:59.574Z</time>
      </trkpt>
      <trkpt lat="31.838973011507562" lon="35.007554024738965">
        <ele>0</ele>
        <time>2026-02-26T14:43:00.574Z</time>
      </trkpt>
      <trkpt lat="31.838973011507562" lon="35.007554024738965">
        <ele>0</ele>
        <time>2026-02-26T14:43:01.574Z</time>
      </trkpt>
      <trkpt lat="31.838973011507562" lon="35.007554024738965">
        <ele>0</ele>
        <time>2026-02-26T14:43:02.574Z</time>
      </trkpt>
      <trkpt lat="31.838973011507562" lon="35.007554024738965">
        <ele>0</ele>
        <time>2026-02-26T14:43:03.574Z</time>
      </trkpt>
      <trkpt lat="31.838973011507562" lon="35.007554024738965">
        <ele>0</ele>
        <time>2026-02-26T14:43:04.574Z</time>
      </trkpt>
      <trkpt lat="31.838973011507562" lon="35.007554024738965">
        <ele>0</ele>
        <time>2026-02-26T14:43:05.574Z</time>
      </trkpt>
      <trkpt lat="31.838973011507562" lon="35.007554024738965">
        <ele>333.5</ele>
        <time>2026-02-26T14:43:06.574Z</time>
      </trkpt>
      <trkpt lat="31.838696172997615" lon="35.00833459827905">
        <ele>333.5</ele>
        <time>2026-02-26T14:43:07.574Z</time>
      </trkpt>
      <trkpt lat="31.838696172997615" lon="35.00833459827905">
        <ele>0</ele>
        <time>2026-02-26T14:43:08.574Z</time>
      </trkpt>
      <trkpt lat="31.838696172997615" lon="35.00833459827905">
        <ele>0</ele>
        <time>2026-02-26T14:43:09.574Z</time>
      </trkpt>
      <trkpt lat="31.838696172997615" lon="35.00833459827905">
        <ele>0</ele>
        <time>2026-02-26T14:43:10.574Z</time>
      </trkpt>
      <trkpt lat="31.838696172997615" lon="35.00833459827905">
        <ele>0</ele>
        <time>2026-02-26T14:43:11.574Z</time>
      </trkpt>
      <trkpt lat="31.838696172997615" lon="35.00833459827905">
        <ele>0</ele>
        <time>2026-02-26T14:43:12.574Z</time>
      </trkpt>
      <trkpt lat="31.838696172997615" lon="35.00833459827905">
        <ele>0</ele>
        <time>2026-02-26T14:43:13.574Z</time>
      </trkpt>
      <trkpt lat="31.838696172997615" lon="35.00833459827905">
        <ele>333.5</ele>
        <time>2026-02-26T14:43:14.574Z</time>
      </trkpt>
      <trkpt lat="31.838663982419206" lon="35.00866804717052">
        <ele>337</ele>
        <time>2026-02-26T14:43:15.574Z</time>
      </trkpt>
      <trkpt lat="31.838663982419206" lon="35.00866804717052">
        <ele>0</ele>
        <time>2026-02-26T14:43:16.574Z</time>
      </trkpt>
      <trkpt lat="31.838663982419206" lon="35.00866804717052">
        <ele>0</ele>
        <time>2026-02-26T14:43:17.574Z</time>
      </trkpt>
      <trkpt lat="31.838663982419206" lon="35.00866804717052">
        <ele>0</ele>
        <time>2026-02-26T14:43:18.574Z</time>
      </trkpt>
      <trkpt lat="31.838663982419206" lon="35.00866804717052">
        <ele>0</ele>
        <time>2026-02-26T14:43:19.574Z</time>
      </trkpt>
      <trkpt lat="31.838663982419206" lon="35.00866804717052">
        <ele>0</ele>
        <time>2026-02-26T14:43:20.574Z</time>
      </trkpt>
      <trkpt lat="31.838663982419206" lon="35.00866804717052">
        <ele>0</ele>
        <time>2026-02-26T14:43:21.574Z</time>
      </trkpt>
      <trkpt lat="31.838663982419206" lon="35.00866804717052">
        <ele>337</ele>
        <time>2026-02-26T14:43:22.574Z</time>
      </trkpt>
      <trkpt lat="31.838870001926466" lon="35.00875140939337">
        <ele>337</ele>
        <time>2026-02-26T14:43:23.574Z</time>
      </trkpt>
      <trkpt lat="31.838870001926466" lon="35.00875140939337">
        <ele>0</ele>
        <time>2026-02-26T14:43:24.574Z</time>
      </trkpt>
      <trkpt lat="31.838870001926466" lon="35.00875140939337">
        <ele>0</ele>
        <time>2026-02-26T14:43:25.574Z</time>
      </trkpt>
      <trkpt lat="31.838870001926466" lon="35.00875140939337">
        <ele>0</ele>
        <time>2026-02-26T14:43:26.574Z</time>
      </trkpt>
      <trkpt lat="31.838870001926466" lon="35.00875140939337">
        <ele>0</ele>
        <time>2026-02-26T14:43:27.574Z</time>
      </trkpt>
      <trkpt lat="31.838870001926466" lon="35.00875140939337">
        <ele>0</ele>
        <time>2026-02-26T14:43:28.574Z</time>
      </trkpt>
      <trkpt lat="31.838870001926466" lon="35.00875140939337">
        <ele>0</ele>
        <time>2026-02-26T14:43:29.574Z</time>
      </trkpt>
      <trkpt lat="31.838870001926466" lon="35.00875140939337">
        <ele>337</ele>
        <time>2026-02-26T14:43:30.574Z</time>
      </trkpt>
      <trkpt lat="31.838953697199557" lon="35.00855437136863">
        <ele>333.5</ele>
        <time>2026-02-26T14:43:31.574Z</time>
      </trkpt>
      <trkpt lat="31.838953697199557" lon="35.00855437136863">
        <ele>0</ele>
        <time>2026-02-26T14:43:32.574Z</time>
      </trkpt>
      <trkpt lat="31.838953697199557" lon="35.00855437136863">
        <ele>0</ele>
        <time>2026-02-26T14:43:33.574Z</time>
      </trkpt>
      <trkpt lat="31.838953697199557" lon="35.00855437136863">
        <ele>0</ele>
        <time>2026-02-26T14:43:34.574Z</time>
      </trkpt>
      <trkpt lat="31.838953697199557" lon="35.00855437136863">
        <ele>0</ele>
        <time>2026-02-26T14:43:35.574Z</time>
      </trkpt>
      <trkpt lat="31.838953697199557" lon="35.00855437136863">
        <ele>0</ele>
        <time>2026-02-26T14:43:36.574Z</time>
      </trkpt>
      <trkpt lat="31.838953697199557" lon="35.00855437136863">
        <ele>0</ele>
        <time>2026-02-26T14:43:37.574Z</time>
      </trkpt>
      <trkpt lat="31.838953697199557" lon="35.00855437136863">
        <ele>333.5</ele>
        <time>2026-02-26T14:43:38.574Z</time>
      </trkpt>
      <trkpt lat="31.83924984916493" lon="35.007713170752226">
        <ele>333.5</ele>
        <time>2026-02-26T14:43:39.574Z</time>
      </trkpt>
      <trkpt lat="31.83924984916493" lon="35.007713170752226">
        <ele>0</ele>
        <time>2026-02-26T14:43:40.574Z</time>
      </trkpt>
      <trkpt lat="31.83924984916493" lon="35.007713170752226">
        <ele>0</ele>
        <time>2026-02-26T14:43:41.574Z</time>
      </trkpt>
      <trkpt lat="31.83924984916493" lon="35.007713170752226">
        <ele>0</ele>
        <time>2026-02-26T14:43:42.574Z</time>
      </trkpt>
      <trkpt lat="31.83924984916493" lon="35.007713170752226">
        <ele>0</ele>
        <time>2026-02-26T14:43:43.574Z</time>
      </trkpt>
      <trkpt lat="31.83924984916493" lon="35.007713170752226">
        <ele>0</ele>
        <time>2026-02-26T14:43:44.574Z</time>
      </trkpt>
      <trkpt lat="31.83924984916493" lon="35.007713170752226">
        <ele>0</ele>
        <time>2026-02-26T14:43:45.574Z</time>
      </trkpt>
      <trkpt lat="31.83924984916493" lon="35.007713170752226">
        <ele>333.5</ele>
        <time>2026-02-26T14:43:46.574Z</time>
      </trkpt>
      <trkpt lat="31.839397924791598" lon="35.00725846771826">
        <ele>325</ele>
        <time>2026-02-26T14:43:47.574Z</time>
      </trkpt>
      <trkpt lat="31.839397924791598" lon="35.00725846771826">
        <ele>0</ele>
        <time>2026-02-26T14:43:48.574Z</time>
      </trkpt>
      <trkpt lat="31.839397924791598" lon="35.00725846771826">
        <ele>0</ele>
        <time>2026-02-26T14:43:49.574Z</time>
      </trkpt>
      <trkpt lat="31.839397924791598" lon="35.00725846771826">
        <ele>0</ele>
        <time>2026-02-26T14:43:50.574Z</time>
      </trkpt>
      <trkpt lat="31.839397924791598" lon="35.00725846771826">
        <ele>0</ele>
        <time>2026-02-26T14:43:51.574Z</time>
      </trkpt>
      <trkpt lat="31.839397924791598" lon="35.00725846771826">
        <ele>0</ele>
        <time>2026-02-26T14:43:52.574Z</time>
      </trkpt>
      <trkpt lat="31.839397924791598" lon="35.00725846771826">
        <ele>0</ele>
        <time>2026-02-26T14:43:53.574Z</time>
      </trkpt>
      <trkpt lat="31.839397924791598" lon="35.00725846771826">
        <ele>325</ele>
        <time>2026-02-26T14:43:54.574Z</time>
      </trkpt>
      <trkpt lat="31.839603942660062" lon="35.00683407822038">
        <ele>325</ele>
        <time>2026-02-26T14:43:55.574Z</time>
      </trkpt>
      <trkpt lat="31.839603942660062" lon="35.00683407822038">
        <ele>0</ele>
        <time>2026-02-26T14:43:56.574Z</time>
      </trkpt>
      <trkpt lat="31.839603942660062" lon="35.00683407822038">
        <ele>0</ele>
        <time>2026-02-26T14:43:57.574Z</time>
      </trkpt>
      <trkpt lat="31.839603942660062" lon="35.00683407822038">
        <ele>0</ele>
        <time>2026-02-26T14:43:58.574Z</time>
      </trkpt>
      <trkpt lat="31.839603942660062" lon="35.00683407822038">
        <ele>0</ele>
        <time>2026-02-26T14:43:59.574Z</time>
      </trkpt>
      <trkpt lat="31.839603942660062" lon="35.00683407822038">
        <ele>0</ele>
        <time>2026-02-26T14:44:00.574Z</time>
      </trkpt>
      <trkpt lat="31.839603942660062" lon="35.00683407822038">
        <ele>0</ele>
        <time>2026-02-26T14:44:01.574Z</time>
      </trkpt>
      <trkpt lat="31.839603942660062" lon="35.00683407822038">
        <ele>325</ele>
        <time>2026-02-26T14:44:02.574Z</time>
      </trkpt>
      <trkpt lat="31.839835712211908" lon="35.0063793751865">
        <ele>325</ele>
        <time>2026-02-26T14:44:03.574Z</time>
      </trkpt>
      <trkpt lat="31.839835712211908" lon="35.0063793751865">
        <ele>0</ele>
        <time>2026-02-26T14:44:04.574Z</time>
      </trkpt>
      <trkpt lat="31.839835712211908" lon="35.0063793751865">
        <ele>0</ele>
        <time>2026-02-26T14:44:05.574Z</time>
      </trkpt>
      <trkpt lat="31.839835712211908" lon="35.0063793751865">
        <ele>0</ele>
        <time>2026-02-26T14:44:06.574Z</time>
      </trkpt>
      <trkpt lat="31.839835712211908" lon="35.0063793751865">
        <ele>0</ele>
        <time>2026-02-26T14:44:07.574Z</time>
      </trkpt>
      <trkpt lat="31.839835712211908" lon="35.0063793751865">
        <ele>0</ele>
        <time>2026-02-26T14:44:08.574Z</time>
      </trkpt>
      <trkpt lat="31.839835712211908" lon="35.0063793751865">
        <ele>0</ele>
        <time>2026-02-26T14:44:09.574Z</time>
      </trkpt>
      <trkpt lat="31.839835712211908" lon="35.0063793751865">
        <ele>325</ele>
        <time>2026-02-26T14:44:10.574Z</time>
      </trkpt>
      <trkpt lat="31.840170489425702" lon="35.005992877608236">
        <ele>321.5</ele>
        <time>2026-02-26T14:44:11.574Z</time>
      </trkpt>
      <trkpt lat="31.840170489425702" lon="35.005992877608236">
        <ele>0</ele>
        <time>2026-02-26T14:44:12.574Z</time>
      </trkpt>
      <trkpt lat="31.840170489425702" lon="35.005992877608236">
        <ele>0</ele>
        <time>2026-02-26T14:44:13.574Z</time>
      </trkpt>
      <trkpt lat="31.840170489425702" lon="35.005992877608236">
        <ele>0</ele>
        <time>2026-02-26T14:44:14.574Z</time>
      </trkpt>
      <trkpt lat="31.840170489425702" lon="35.005992877608236">
        <ele>0</ele>
        <time>2026-02-26T14:44:15.574Z</time>
      </trkpt>
      <trkpt lat="31.840170489425702" lon="35.005992877608236">
        <ele>0</ele>
        <time>2026-02-26T14:44:16.574Z</time>
      </trkpt>
      <trkpt lat="31.840170489425702" lon="35.005992877608236">
        <ele>0</ele>
        <time>2026-02-26T14:44:17.574Z</time>
      </trkpt>
      <trkpt lat="31.840170489425702" lon="35.005992877608236">
        <ele>321.5</ele>
        <time>2026-02-26T14:44:18.574Z</time>
      </trkpt>
      <trkpt lat="31.840518141400793" lon="35.00578826124283">
        <ele>318.5</ele>
        <time>2026-02-26T14:44:19.574Z</time>
      </trkpt>
      <trkpt lat="31.840518141400793" lon="35.00578826124283">
        <ele>0</ele>
        <time>2026-02-26T14:44:20.574Z</time>
      </trkpt>
      <trkpt lat="31.840518141400793" lon="35.00578826124283">
        <ele>0</ele>
        <time>2026-02-26T14:44:21.574Z</time>
      </trkpt>
      <trkpt lat="31.840518141400793" lon="35.00578826124283">
        <ele>0</ele>
        <time>2026-02-26T14:44:22.574Z</time>
      </trkpt>
      <trkpt lat="31.840518141400793" lon="35.00578826124283">
        <ele>0</ele>
        <time>2026-02-26T14:44:23.574Z</time>
      </trkpt>
      <trkpt lat="31.840518141400793" lon="35.00578826124283">
        <ele>0</ele>
        <time>2026-02-26T14:44:24.574Z</time>
      </trkpt>
      <trkpt lat="31.840518141400793" lon="35.00578826124283">
        <ele>0</ele>
        <time>2026-02-26T14:44:25.574Z</time>
      </trkpt>
      <trkpt lat="31.840518141400793" lon="35.00578826124283">
        <ele>318.5</ele>
        <time>2026-02-26T14:44:26.574Z</time>
      </trkpt>
      <trkpt lat="31.841097520192733" lon="35.00559875660841">
        <ele>318.5</ele>
        <time>2026-02-26T14:44:27.574Z</time>
      </trkpt>
      <trkpt lat="31.841097520192733" lon="35.00559875660841">
        <ele>0</ele>
        <time>2026-02-26T14:44:28.574Z</time>
      </trkpt>
      <trkpt lat="31.841097520192733" lon="35.00559875660841">
        <ele>0</ele>
        <time>2026-02-26T14:44:29.574Z</time>
      </trkpt>
      <trkpt lat="31.841097520192733" lon="35.00559875660841">
        <ele>0</ele>
        <time>2026-02-26T14:44:30.574Z</time>
      </trkpt>
      <trkpt lat="31.841097520192733" lon="35.00559875660841">
        <ele>0</ele>
        <time>2026-02-26T14:44:31.574Z</time>
      </trkpt>
      <trkpt lat="31.841097520192733" lon="35.00559875660841">
        <ele>0</ele>
        <time>2026-02-26T14:44:32.574Z</time>
      </trkpt>
      <trkpt lat="31.841097520192733" lon="35.00559875660841">
        <ele>0</ele>
        <time>2026-02-26T14:44:33.574Z</time>
      </trkpt>
      <trkpt lat="31.841097520192733" lon="35.00559875660841">
        <ele>318.5</ele>
        <time>2026-02-26T14:44:34.574Z</time>
      </trkpt>
      <trkpt lat="31.841194089313476" lon="35.005742745881776">
        <ele>318.5</ele>
        <time>2026-02-26T14:44:35.574Z</time>
      </trkpt>
      <trkpt lat="31.841194089313476" lon="35.005742745881776">
        <ele>0</ele>
        <time>2026-02-26T14:44:36.574Z</time>
      </trkpt>
      <trkpt lat="31.841194089313476" lon="35.005742745881776">
        <ele>0</ele>
        <time>2026-02-26T14:44:37.574Z</time>
      </trkpt>
      <trkpt lat="31.841194089313476" lon="35.005742745881776">
        <ele>0</ele>
        <time>2026-02-26T14:44:38.574Z</time>
      </trkpt>
      <trkpt lat="31.841194089313476" lon="35.005742745881776">
        <ele>0</ele>
        <time>2026-02-26T14:44:39.574Z</time>
      </trkpt>
      <trkpt lat="31.841194089313476" lon="35.005742745881776">
        <ele>0</ele>
        <time>2026-02-26T14:44:40.574Z</time>
      </trkpt>
      <trkpt lat="31.841194089313476" lon="35.005742745881776">
        <ele>0</ele>
        <time>2026-02-26T14:44:41.574Z</time>
      </trkpt>
      <trkpt lat="31.841194089313476" lon="35.005742745881776">
        <ele>318.5</ele>
        <time>2026-02-26T14:44:42.574Z</time>
      </trkpt>
      <trkpt lat="31.841239154884434" lon="35.00606103800436">
        <ele>318.5</ele>
        <time>2026-02-26T14:44:43.574Z</time>
      </trkpt>
      <trkpt lat="31.841239154884434" lon="35.00606103800436">
        <ele>0</ele>
        <time>2026-02-26T14:44:44.574Z</time>
      </trkpt>
      <trkpt lat="31.841239154884434" lon="35.00606103800436">
        <ele>0</ele>
        <time>2026-02-26T14:44:45.574Z</time>
      </trkpt>
      <trkpt lat="31.841239154884434" lon="35.00606103800436">
        <ele>0</ele>
        <time>2026-02-26T14:44:46.574Z</time>
      </trkpt>
      <trkpt lat="31.841239154884434" lon="35.00606103800436">
        <ele>0</ele>
        <time>2026-02-26T14:44:47.574Z</time>
      </trkpt>
      <trkpt lat="31.841239154884434" lon="35.00606103800436">
        <ele>0</ele>
        <time>2026-02-26T14:44:48.574Z</time>
      </trkpt>
      <trkpt lat="31.841239154884434" lon="35.00606103800436">
        <ele>0</ele>
        <time>2026-02-26T14:44:49.574Z</time>
      </trkpt>
      <trkpt lat="31.841239154884434" lon="35.00606103800436">
        <ele>318.5</ele>
        <time>2026-02-26T14:44:50.574Z</time>
      </trkpt>
      <trkpt lat="31.84135689074691" lon="35.00664423574315">
        <ele>318.5</ele>
        <time>2026-02-26T14:44:51.574Z</time>
      </trkpt>
      <trkpt lat="31.84135689074691" lon="35.00664423574315">
        <ele>0</ele>
        <time>2026-02-26T14:44:52.574Z</time>
      </trkpt>
      <trkpt lat="31.84135689074691" lon="35.00664423574315">
        <ele>0</ele>
        <time>2026-02-26T14:44:53.574Z</time>
      </trkpt>
      <trkpt lat="31.84135689074691" lon="35.00664423574315">
        <ele>0</ele>
        <time>2026-02-26T14:44:54.574Z</time>
      </trkpt>
      <trkpt lat="31.84135689074691" lon="35.00664423574315">
        <ele>0</ele>
        <time>2026-02-26T14:44:55.574Z</time>
      </trkpt>
      <trkpt lat="31.84135689074691" lon="35.00664423574315">
        <ele>0</ele>
        <time>2026-02-26T14:44:56.574Z</time>
      </trkpt>
      <trkpt lat="31.84135689074691" lon="35.00664423574315">
        <ele>0</ele>
        <time>2026-02-26T14:44:57.574Z</time>
      </trkpt>
      <trkpt lat="31.84135689074691" lon="35.00664423574315">
        <ele>318.5</ele>
        <time>2026-02-26T14:44:58.574Z</time>
      </trkpt>
      <trkpt lat="31.841440583784518" lon="35.00722019291953">
        <ele>346.5</ele>
        <time>2026-02-26T14:44:59.574Z</time>
      </trkpt>
      <trkpt lat="31.841440583784518" lon="35.00722019291953">
        <ele>0</ele>
        <time>2026-02-26T14:45:00.574Z</time>
      </trkpt>
      <trkpt lat="31.841440583784518" lon="35.00722019291953">
        <ele>0</ele>
        <time>2026-02-26T14:45:01.574Z</time>
      </trkpt>
      <trkpt lat="31.841440583784518" lon="35.00722019291953">
        <ele>0</ele>
        <time>2026-02-26T14:45:02.574Z</time>
      </trkpt>
      <trkpt lat="31.841440583784518" lon="35.00722019291953">
        <ele>0</ele>
        <time>2026-02-26T14:45:03.574Z</time>
      </trkpt>
      <trkpt lat="31.841440583784518" lon="35.00722019291953">
        <ele>0</ele>
        <time>2026-02-26T14:45:04.574Z</time>
      </trkpt>
      <trkpt lat="31.841440583784518" lon="35.00722019291953">
        <ele>0</ele>
        <time>2026-02-26T14:45:05.574Z</time>
      </trkpt>
      <trkpt lat="31.841440583784518" lon="35.00722019291953">
        <ele>346.5</ele>
        <time>2026-02-26T14:45:06.574Z</time>
      </trkpt>
      <trkpt lat="31.841150876792582" lon="35.007326290294856">
        <ele>318.5</ele>
        <time>2026-02-26T14:45:07.574Z</time>
      </trkpt>
      <trkpt lat="31.841150876792582" lon="35.007326290294856">
        <ele>0</ele>
        <time>2026-02-26T14:45:08.574Z</time>
      </trkpt>
      <trkpt lat="31.841150876792582" lon="35.007326290294856">
        <ele>0</ele>
        <time>2026-02-26T14:45:09.574Z</time>
      </trkpt>
      <trkpt lat="31.841150876792582" lon="35.007326290294856">
        <ele>0</ele>
        <time>2026-02-26T14:45:10.574Z</time>
      </trkpt>
      <trkpt lat="31.841150876792582" lon="35.007326290294856">
        <ele>0</ele>
        <time>2026-02-26T14:45:11.574Z</time>
      </trkpt>
      <trkpt lat="31.841150876792582" lon="35.007326290294856">
        <ele>0</ele>
        <time>2026-02-26T14:45:12.574Z</time>
      </trkpt>
      <trkpt lat="31.841150876792582" lon="35.007326290294856">
        <ele>0</ele>
        <time>2026-02-26T14:45:13.574Z</time>
      </trkpt>
      <trkpt lat="31.841150876792582" lon="35.007326290294856">
        <ele>318.5</ele>
        <time>2026-02-26T14:45:14.574Z</time>
      </trkpt>
      <trkpt lat="31.84089979666429" lon="35.00740207413244">
        <ele>325</ele>
        <time>2026-02-26T14:45:15.574Z</time>
      </trkpt>
      <trkpt lat="31.84089979666429" lon="35.00740207413244">
        <ele>0</ele>
        <time>2026-02-26T14:45:16.574Z</time>
      </trkpt>
      <trkpt lat="31.84089979666429" lon="35.00740207413244">
        <ele>0</ele>
        <time>2026-02-26T14:45:17.574Z</time>
      </trkpt>
      <trkpt lat="31.84089979666429" lon="35.00740207413244">
        <ele>0</ele>
        <time>2026-02-26T14:45:18.574Z</time>
      </trkpt>
      <trkpt lat="31.84089979666429" lon="35.00740207413244">
        <ele>0</ele>
        <time>2026-02-26T14:45:19.574Z</time>
      </trkpt>
      <trkpt lat="31.84089979666429" lon="35.00740207413244">
        <ele>0</ele>
        <time>2026-02-26T14:45:20.574Z</time>
      </trkpt>
      <trkpt lat="31.84089979666429" lon="35.00740207413244">
        <ele>0</ele>
        <time>2026-02-26T14:45:21.574Z</time>
      </trkpt>
      <trkpt lat="31.84089979666429" lon="35.00740207413244">
        <ele>325</ele>
        <time>2026-02-26T14:45:22.574Z</time>
      </trkpt>
      <trkpt lat="31.840449138227484" lon="35.00764402513107">
        <ele>325</ele>
        <time>2026-02-26T14:45:23.574Z</time>
      </trkpt>
      <trkpt lat="31.840449138227484" lon="35.00764402513107">
        <ele>0</ele>
        <time>2026-02-26T14:45:24.574Z</time>
      </trkpt>
      <trkpt lat="31.840449138227484" lon="35.00764402513107">
        <ele>0</ele>
        <time>2026-02-26T14:45:25.574Z</time>
      </trkpt>
      <trkpt lat="31.840449138227484" lon="35.00764402513107">
        <ele>0</ele>
        <time>2026-02-26T14:45:26.574Z</time>
      </trkpt>
      <trkpt lat="31.840449138227484" lon="35.00764402513107">
        <ele>0</ele>
        <time>2026-02-26T14:45:27.574Z</time>
      </trkpt>
      <trkpt lat="31.840449138227484" lon="35.00764402513107">
        <ele>0</ele>
        <time>2026-02-26T14:45:28.574Z</time>
      </trkpt>
      <trkpt lat="31.840449138227484" lon="35.00764402513107">
        <ele>0</ele>
        <time>2026-02-26T14:45:29.574Z</time>
      </trkpt>
      <trkpt lat="31.840449138227484" lon="35.00764402513107">
        <ele>325</ele>
        <time>2026-02-26T14:45:30.574Z</time>
      </trkpt>
      <trkpt lat="31.839998477671173" lon="35.00782590634395">
        <ele>325</ele>
        <time>2026-02-26T14:45:31.574Z</time>
      </trkpt>
      <trkpt lat="31.839998477671173" lon="35.00782590634395">
        <ele>0</ele>
        <time>2026-02-26T14:45:32.574Z</time>
      </trkpt>
      <trkpt lat="31.839998477671173" lon="35.00782590634395">
        <ele>0</ele>
        <time>2026-02-26T14:45:33.574Z</time>
      </trkpt>
      <trkpt lat="31.839998477671173" lon="35.00782590634395">
        <ele>0</ele>
        <time>2026-02-26T14:45:34.574Z</time>
      </trkpt>
      <trkpt lat="31.839998477671173" lon="35.00782590634395">
        <ele>0</ele>
        <time>2026-02-26T14:45:35.574Z</time>
      </trkpt>
      <trkpt lat="31.839998477671173" lon="35.00782590634395">
        <ele>0</ele>
        <time>2026-02-26T14:45:36.574Z</time>
      </trkpt>
      <trkpt lat="31.839998477671173" lon="35.00782590634395">
        <ele>0</ele>
        <time>2026-02-26T14:45:37.574Z</time>
      </trkpt>
      <trkpt lat="31.839998477671173" lon="35.00782590634395">
        <ele>325</ele>
        <time>2026-02-26T14:45:38.574Z</time>
      </trkpt>
      <trkpt lat="31.839618633493416" lon="35.00828818776151">
        <ele>333.5</ele>
        <time>2026-02-26T14:45:39.574Z</time>
      </trkpt>
      <trkpt lat="31.839618633493416" lon="35.00828818776151">
        <ele>0</ele>
        <time>2026-02-26T14:45:40.574Z</time>
      </trkpt>
      <trkpt lat="31.839618633493416" lon="35.00828818776151">
        <ele>0</ele>
        <time>2026-02-26T14:45:41.574Z</time>
      </trkpt>
      <trkpt lat="31.839618633493416" lon="35.00828818776151">
        <ele>0</ele>
        <time>2026-02-26T14:45:42.574Z</time>
      </trkpt>
      <trkpt lat="31.839618633493416" lon="35.00828818776151">
        <ele>0</ele>
        <time>2026-02-26T14:45:43.574Z</time>
      </trkpt>
      <trkpt lat="31.839618633493416" lon="35.00828818776151">
        <ele>0</ele>
        <time>2026-02-26T14:45:44.574Z</time>
      </trkpt>
      <trkpt lat="31.839618633493416" lon="35.00828818776151">
        <ele>0</ele>
        <time>2026-02-26T14:45:45.574Z</time>
      </trkpt>
      <trkpt lat="31.839618633493416" lon="35.00828818776151">
        <ele>333.5</ele>
        <time>2026-02-26T14:45:46.574Z</time>
      </trkpt>
      <trkpt lat="31.839251663903838" lon="35.008841409785504">
        <ele>337</ele>
        <time>2026-02-26T14:45:47.574Z</time>
      </trkpt>
      <trkpt lat="31.839251663903838" lon="35.008841409785504">
        <ele>0</ele>
        <time>2026-02-26T14:45:48.574Z</time>
      </trkpt>
      <trkpt lat="31.839251663903838" lon="35.008841409785504">
        <ele>0</ele>
        <time>2026-02-26T14:45:49.574Z</time>
      </trkpt>
      <trkpt lat="31.839251663903838" lon="35.008841409785504">
        <ele>0</ele>
        <time>2026-02-26T14:45:50.574Z</time>
      </trkpt>
      <trkpt lat="31.839251663903838" lon="35.008841409785504">
        <ele>0</ele>
        <time>2026-02-26T14:45:51.574Z</time>
      </trkpt>
      <trkpt lat="31.839251663903838" lon="35.008841409785504">
        <ele>0</ele>
        <time>2026-02-26T14:45:52.574Z</time>
      </trkpt>
      <trkpt lat="31.839251663903838" lon="35.008841409785504">
        <ele>0</ele>
        <time>2026-02-26T14:45:53.574Z</time>
      </trkpt>
      <trkpt lat="31.839251663903838" lon="35.008841409785504">
        <ele>337</ele>
        <time>2026-02-26T14:45:54.574Z</time>
      </trkpt>
      <trkpt lat="31.838918669739584" lon="35.00940010741195">
        <ele>347</ele>
        <time>2026-02-26T14:45:55.574Z</time>
      </trkpt>
      <trkpt lat="31.838918669739584" lon="35.00940010741195">
        <ele>0</ele>
        <time>2026-02-26T14:45:56.574Z</time>
      </trkpt>
      <trkpt lat="31.838918669739584" lon="35.00940010741195">
        <ele>0</ele>
        <time>2026-02-26T14:45:57.574Z</time>
      </trkpt>
      <trkpt lat="31.838918669739584" lon="35.00940010741195">
        <ele>0</ele>
        <time>2026-02-26T14:45:58.574Z</time>
      </trkpt>
      <trkpt lat="31.838918669739584" lon="35.00940010741195">
        <ele>0</ele>
        <time>2026-02-26T14:45:59.574Z</time>
      </trkpt>
      <trkpt lat="31.838918669739584" lon="35.00940010741195">
        <ele>0</ele>
        <time>2026-02-26T14:46:00.574Z</time>
      </trkpt>
      <trkpt lat="31.838918669739584" lon="35.00940010741195">
        <ele>0</ele>
        <time>2026-02-26T14:46:01.574Z</time>
      </trkpt>
      <trkpt lat="31.838918669739584" lon="35.00940010741195">
        <ele>347</ele>
        <time>2026-02-26T14:46:02.574Z</time>
      </trkpt>
      <trkpt lat="31.83871908845461" lon="35.00969566438374">
        <ele>347</ele>
        <time>2026-02-26T14:46:03.574Z</time>
      </trkpt>
      <trkpt lat="31.83871908845461" lon="35.00969566438374">
        <ele>0</ele>
        <time>2026-02-26T14:46:04.574Z</time>
      </trkpt>
      <trkpt lat="31.83871908845461" lon="35.00969566438374">
        <ele>0</ele>
        <time>2026-02-26T14:46:05.574Z</time>
      </trkpt>
      <trkpt lat="31.83871908845461" lon="35.00969566438374">
        <ele>0</ele>
        <time>2026-02-26T14:46:06.574Z</time>
      </trkpt>
      <trkpt lat="31.83871908845461" lon="35.00969566438374">
        <ele>0</ele>
        <time>2026-02-26T14:46:07.574Z</time>
      </trkpt>
      <trkpt lat="31.83871908845461" lon="35.00969566438374">
        <ele>0</ele>
        <time>2026-02-26T14:46:08.574Z</time>
      </trkpt>
      <trkpt lat="31.83871908845461" lon="35.00969566438374">
        <ele>0</ele>
        <time>2026-02-26T14:46:09.574Z</time>
      </trkpt>
      <trkpt lat="31.83871908845461" lon="35.00969566438374">
        <ele>347</ele>
        <time>2026-02-26T14:46:10.574Z</time>
      </trkpt>
      <trkpt lat="31.838815660098476" lon="35.01004427004233">
        <ele>349.5</ele>
        <time>2026-02-26T14:46:11.574Z</time>
      </trkpt>
      <trkpt lat="31.838815660098476" lon="35.01004427004233">
        <ele>0</ele>
        <time>2026-02-26T14:46:12.574Z</time>
      </trkpt>
      <trkpt lat="31.838815660098476" lon="35.01004427004233">
        <ele>0</ele>
        <time>2026-02-26T14:46:13.574Z</time>
      </trkpt>
      <trkpt lat="31.838815660098476" lon="35.01004427004233">
        <ele>0</ele>
        <time>2026-02-26T14:46:14.574Z</time>
      </trkpt>
      <trkpt lat="31.838815660098476" lon="35.01004427004233">
        <ele>0</ele>
        <time>2026-02-26T14:46:15.574Z</time>
      </trkpt>
      <trkpt lat="31.838815660098476" lon="35.01004427004233">
        <ele>0</ele>
        <time>2026-02-26T14:46:16.574Z</time>
      </trkpt>
      <trkpt lat="31.838815660098476" lon="35.01004427004233">
        <ele>0</ele>
        <time>2026-02-26T14:46:17.574Z</time>
      </trkpt>
      <trkpt lat="31.838815660098476" lon="35.01004427004233">
        <ele>349.5</ele>
        <time>2026-02-26T14:46:18.574Z</time>
      </trkpt>
      <trkpt lat="31.83859537912899" lon="35.01043076760939">
        <ele>349.5</ele>
        <time>2026-02-26T14:46:19.574Z</time>
      </trkpt>
      <trkpt lat="31.83859537912899" lon="35.01043076760939">
        <ele>0</ele>
        <time>2026-02-26T14:46:20.574Z</time>
      </trkpt>
      <trkpt lat="31.83859537912899" lon="35.01043076760939">
        <ele>0</ele>
        <time>2026-02-26T14:46:21.574Z</time>
      </trkpt>
      <trkpt lat="31.83859537912899" lon="35.01043076760939">
        <ele>0</ele>
        <time>2026-02-26T14:46:22.574Z</time>
      </trkpt>
      <trkpt lat="31.83859537912899" lon="35.01043076760939">
        <ele>0</ele>
        <time>2026-02-26T14:46:23.574Z</time>
      </trkpt>
      <trkpt lat="31.83859537912899" lon="35.01043076760939">
        <ele>0</ele>
        <time>2026-02-26T14:46:24.574Z</time>
      </trkpt>
      <trkpt lat="31.83859537912899" lon="35.01043076760939">
        <ele>0</ele>
        <time>2026-02-26T14:46:25.574Z</time>
      </trkpt>
      <trkpt lat="31.83859537912899" lon="35.01043076760939">
        <ele>349.5</ele>
        <time>2026-02-26T14:46:26.574Z</time>
      </trkpt>
      <trkpt lat="31.83832497762714" lon="35.011052195089036">
        <ele>349.5</ele>
        <time>2026-02-26T14:46:27.574Z</time>
      </trkpt>
      <trkpt lat="31.83832497762714" lon="35.011052195089036">
        <ele>0</ele>
        <time>2026-02-26T14:46:28.574Z</time>
      </trkpt>
      <trkpt lat="31.83832497762714" lon="35.011052195089036">
        <ele>0</ele>
        <time>2026-02-26T14:46:29.574Z</time>
      </trkpt>
      <trkpt lat="31.83832497762714" lon="35.011052195089036">
        <ele>0</ele>
        <time>2026-02-26T14:46:30.574Z</time>
      </trkpt>
      <trkpt lat="31.83832497762714" lon="35.011052195089036">
        <ele>0</ele>
        <time>2026-02-26T14:46:31.574Z</time>
      </trkpt>
      <trkpt lat="31.83832497762714" lon="35.011052195089036">
        <ele>0</ele>
        <time>2026-02-26T14:46:32.574Z</time>
      </trkpt>
      <trkpt lat="31.83832497762714" lon="35.011052195089036">
        <ele>0</ele>
        <time>2026-02-26T14:46:33.574Z</time>
      </trkpt>
      <trkpt lat="31.83832497762714" lon="35.011052195089036">
        <ele>349.5</ele>
        <time>2026-02-26T14:46:34.574Z</time>
      </trkpt>
      <trkpt lat="31.838106080592965" lon="35.01151447650659">
        <ele>349.5</ele>
        <time>2026-02-26T14:46:35.574Z</time>
      </trkpt>
      <trkpt lat="31.838106080592965" lon="35.01151447650659">
        <ele>0</ele>
        <time>2026-02-26T14:46:36.574Z</time>
      </trkpt>
      <trkpt lat="31.838106080592965" lon="35.01151447650659">
        <ele>0</ele>
        <time>2026-02-26T14:46:37.574Z</time>
      </trkpt>
      <trkpt lat="31.838106080592965" lon="35.01151447650659">
        <ele>0</ele>
        <time>2026-02-26T14:46:38.574Z</time>
      </trkpt>
      <trkpt lat="31.838106080592965" lon="35.01151447650659">
        <ele>0</ele>
        <time>2026-02-26T14:46:39.574Z</time>
      </trkpt>
      <trkpt lat="31.838106080592965" lon="35.01151447650659">
        <ele>0</ele>
        <time>2026-02-26T14:46:40.574Z</time>
      </trkpt>
      <trkpt lat="31.838106080592965" lon="35.01151447650659">
        <ele>0</ele>
        <time>2026-02-26T14:46:41.574Z</time>
      </trkpt>
      <trkpt lat="31.838106080592965" lon="35.01151447650659">
        <ele>349.5</ele>
        <time>2026-02-26T14:46:42.574Z</time>
      </trkpt>
      <trkpt lat="31.83796444105866" lon="35.01237083388759">
        <ele>357</ele>
        <time>2026-02-26T14:46:43.574Z</time>
      </trkpt>
      <trkpt lat="31.83796444105866" lon="35.01237083388759">
        <ele>0</ele>
        <time>2026-02-26T14:46:44.574Z</time>
      </trkpt>
      <trkpt lat="31.83796444105866" lon="35.01237083388759">
        <ele>0</ele>
        <time>2026-02-26T14:46:45.574Z</time>
      </trkpt>
      <trkpt lat="31.83796444105866" lon="35.01237083388759">
        <ele>0</ele>
        <time>2026-02-26T14:46:46.574Z</time>
      </trkpt>
      <trkpt lat="31.83796444105866" lon="35.01237083388759">
        <ele>0</ele>
        <time>2026-02-26T14:46:47.574Z</time>
      </trkpt>
      <trkpt lat="31.83796444105866" lon="35.01237083388759">
        <ele>0</ele>
        <time>2026-02-26T14:46:48.574Z</time>
      </trkpt>
      <trkpt lat="31.83796444105866" lon="35.01237083388759">
        <ele>0</ele>
        <time>2026-02-26T14:46:49.574Z</time>
      </trkpt>
      <trkpt lat="31.83796444105866" lon="35.01237083388759">
        <ele>357</ele>
        <time>2026-02-26T14:46:50.574Z</time>
      </trkpt>
      <trkpt lat="31.838028822691655" lon="35.01343938601593">
        <ele>361.5</ele>
        <time>2026-02-26T14:46:51.574Z</time>
      </trkpt>
      <trkpt lat="31.838028822691655" lon="35.01343938601593">
        <ele>0</ele>
        <time>2026-02-26T14:46:52.574Z</time>
      </trkpt>
      <trkpt lat="31.838028822691655" lon="35.01343938601593">
        <ele>0</ele>
        <time>2026-02-26T14:46:53.574Z</time>
      </trkpt>
      <trkpt lat="31.838028822691655" lon="35.01343938601593">
        <ele>0</ele>
        <time>2026-02-26T14:46:54.574Z</time>
      </trkpt>
      <trkpt lat="31.838028822691655" lon="35.01343938601593">
        <ele>0</ele>
        <time>2026-02-26T14:46:55.574Z</time>
      </trkpt>
      <trkpt lat="31.838028822691655" lon="35.01343938601593">
        <ele>0</ele>
        <time>2026-02-26T14:46:56.574Z</time>
      </trkpt>
      <trkpt lat="31.838028822691655" lon="35.01343938601593">
        <ele>0</ele>
        <time>2026-02-26T14:46:57.574Z</time>
      </trkpt>
      <trkpt lat="31.838028822691655" lon="35.01343938601593">
        <ele>361.5</ele>
        <time>2026-02-26T14:46:58.574Z</time>
      </trkpt>
      <trkpt lat="31.83818333842045" lon="35.01456856520821">
        <ele>367</ele>
        <time>2026-02-26T14:46:59.574Z</time>
      </trkpt>
      <trkpt lat="31.83818333842045" lon="35.01456856520821">
        <ele>0</ele>
        <time>2026-02-26T14:47:00.574Z</time>
      </trkpt>
      <trkpt lat="31.83818333842045" lon="35.01456856520821">
        <ele>0</ele>
        <time>2026-02-26T14:47:01.574Z</time>
      </trkpt>
      <trkpt lat="31.83818333842045" lon="35.01456856520821">
        <ele>0</ele>
        <time>2026-02-26T14:47:02.574Z</time>
      </trkpt>
      <trkpt lat="31.83818333842045" lon="35.01456856520821">
        <ele>0</ele>
        <time>2026-02-26T14:47:03.574Z</time>
      </trkpt>
      <trkpt lat="31.83818333842045" lon="35.01456856520821">
        <ele>0</ele>
        <time>2026-02-26T14:47:04.574Z</time>
      </trkpt>
      <trkpt lat="31.83818333842045" lon="35.01456856520821">
        <ele>0</ele>
        <time>2026-02-26T14:47:05.574Z</time>
      </trkpt>
      <trkpt lat="31.83818333842045" lon="35.01456856520821">
        <ele>367</ele>
        <time>2026-02-26T14:47:06.574Z</time>
      </trkpt>
      <trkpt lat="31.83826059619234" lon="35.01519757107309">
        <ele>373</ele>
        <time>2026-02-26T14:47:07.574Z</time>
      </trkpt>
      <trkpt lat="31.83826059619234" lon="35.01519757107309">
        <ele>0</ele>
        <time>2026-02-26T14:47:08.574Z</time>
      </trkpt>
      <trkpt lat="31.83826059619234" lon="35.01519757107309">
        <ele>0</ele>
        <time>2026-02-26T14:47:09.574Z</time>
      </trkpt>
      <trkpt lat="31.83826059619234" lon="35.01519757107309">
        <ele>0</ele>
        <time>2026-02-26T14:47:10.574Z</time>
      </trkpt>
      <trkpt lat="31.83826059619234" lon="35.01519757107309">
        <ele>0</ele>
        <time>2026-02-26T14:47:11.574Z</time>
      </trkpt>
      <trkpt lat="31.83826059619234" lon="35.01519757107309">
        <ele>0</ele>
        <time>2026-02-26T14:47:12.574Z</time>
      </trkpt>
      <trkpt lat="31.83826059619234" lon="35.01519757107309">
        <ele>0</ele>
        <time>2026-02-26T14:47:13.574Z</time>
      </trkpt>
      <trkpt lat="31.83826059619234" lon="35.01519757107309">
        <ele>373</ele>
        <time>2026-02-26T14:47:14.574Z</time>
      </trkpt>
      <trkpt lat="31.838350730177282" lon="35.015477971276">
        <ele>375</ele>
        <time>2026-02-26T14:47:15.574Z</time>
      </trkpt>
      <trkpt lat="31.838350730177282" lon="35.015477971276">
        <ele>0</ele>
        <time>2026-02-26T14:47:16.574Z</time>
      </trkpt>
      <trkpt lat="31.838350730177282" lon="35.015477971276">
        <ele>0</ele>
        <time>2026-02-26T14:47:17.574Z</time>
      </trkpt>
      <trkpt lat="31.838350730177282" lon="35.015477971276">
        <ele>0</ele>
        <time>2026-02-26T14:47:18.574Z</time>
      </trkpt>
      <trkpt lat="31.838350730177282" lon="35.015477971276">
        <ele>0</ele>
        <time>2026-02-26T14:47:19.574Z</time>
      </trkpt>
      <trkpt lat="31.838350730177282" lon="35.015477971276">
        <ele>0</ele>
        <time>2026-02-26T14:47:20.574Z</time>
      </trkpt>
      <trkpt lat="31.838350730177282" lon="35.015477971276">
        <ele>375</ele>
        <time>2026-02-26T14:47:21.574Z</time>
      </trkpt>
      <trkpt lat="31.83820594179153" lon="35.01581415383157">
        <ele>373</ele>
        <time>2026-02-26T14:47:22.574Z</time>
      </trkpt>
      <trkpt lat="31.83820594179153" lon="35.01581415383157">
        <ele>0</ele>
        <time>2026-02-26T14:47:23.574Z</time>
      </trkpt>
      <trkpt lat="31.83820594179153" lon="35.01581415383157">
        <ele>0</ele>
        <time>2026-02-26T14:47:24.574Z</time>
      </trkpt>
      <trkpt lat="31.83820594179153" lon="35.01581415383157">
        <ele>0</ele>
        <time>2026-02-26T14:47:25.574Z</time>
      </trkpt>
      <trkpt lat="31.83820594179153" lon="35.01581415383157">
        <ele>0</ele>
        <time>2026-02-26T14:47:26.574Z</time>
      </trkpt>
      <trkpt lat="31.83820594179153" lon="35.01581415383157">
        <ele>0</ele>
        <time>2026-02-26T14:47:27.574Z</time>
      </trkpt>
      <trkpt lat="31.83820594179153" lon="35.01581415383157">
        <ele>373</ele>
        <time>2026-02-26T14:47:28.574Z</time>
      </trkpt>
      <trkpt lat="31.838308952113294" lon="35.0161551811066">
        <ele>375</ele>
        <time>2026-02-26T14:47:29.574Z</time>
      </trkpt>
      <trkpt lat="31.838308952113294" lon="35.0161551811066">
        <ele>0</ele>
        <time>2026-02-26T14:47:30.574Z</time>
      </trkpt>
      <trkpt lat="31.838308952113294" lon="35.0161551811066">
        <ele>0</ele>
        <time>2026-02-26T14:47:31.574Z</time>
      </trkpt>
      <trkpt lat="31.838308952113294" lon="35.0161551811066">
        <ele>0</ele>
        <time>2026-02-26T14:47:32.574Z</time>
      </trkpt>
      <trkpt lat="31.838308952113294" lon="35.0161551811066">
        <ele>0</ele>
        <time>2026-02-26T14:47:33.574Z</time>
      </trkpt>
      <trkpt lat="31.838308952113294" lon="35.0161551811066">
        <ele>0</ele>
        <time>2026-02-26T14:47:34.574Z</time>
      </trkpt>
      <trkpt lat="31.838308952113294" lon="35.0161551811066">
        <ele>375</ele>
        <time>2026-02-26T14:47:35.574Z</time>
      </trkpt>
      <trkpt lat="31.83840552418644" lon="35.01649620838327">
        <ele>375</ele>
        <time>2026-02-26T14:47:36.574Z</time>
      </trkpt>
      <trkpt lat="31.83840552418644" lon="35.01649620838327">
        <ele>0</ele>
        <time>2026-02-26T14:47:37.574Z</time>
      </trkpt>
      <trkpt lat="31.83840552418644" lon="35.01649620838327">
        <ele>0</ele>
        <time>2026-02-26T14:47:38.574Z</time>
      </trkpt>
      <trkpt lat="31.83840552418644" lon="35.01649620838327">
        <ele>0</ele>
        <time>2026-02-26T14:47:39.574Z</time>
      </trkpt>
      <trkpt lat="31.83840552418644" lon="35.01649620838327">
        <ele>0</ele>
        <time>2026-02-26T14:47:40.574Z</time>
      </trkpt>
      <trkpt lat="31.83840552418644" lon="35.01649620838327">
        <ele>0</ele>
        <time>2026-02-26T14:47:41.574Z</time>
      </trkpt>
      <trkpt lat="31.83840552418644" lon="35.01649620838327">
        <ele>375</ele>
        <time>2026-02-26T14:47:42.574Z</time>
      </trkpt>
      <trkpt lat="31.8381415602814" lon="35.017072165558034">
        <ele>374</ele>
        <time>2026-02-26T14:47:43.574Z</time>
      </trkpt>
      <trkpt lat="31.8381415602814" lon="35.017072165558034">
        <ele>0</ele>
        <time>2026-02-26T14:47:44.574Z</time>
      </trkpt>
      <trkpt lat="31.8381415602814" lon="35.017072165558034">
        <ele>0</ele>
        <time>2026-02-26T14:47:45.574Z</time>
      </trkpt>
      <trkpt lat="31.8381415602814" lon="35.017072165558034">
        <ele>0</ele>
        <time>2026-02-26T14:47:46.574Z</time>
      </trkpt>
      <trkpt lat="31.8381415602814" lon="35.017072165558034">
        <ele>0</ele>
        <time>2026-02-26T14:47:47.574Z</time>
      </trkpt>
      <trkpt lat="31.8381415602814" lon="35.017072165558034">
        <ele>0</ele>
        <time>2026-02-26T14:47:48.574Z</time>
      </trkpt>
      <trkpt lat="31.8381415602814" lon="35.017072165558034">
        <ele>374</ele>
        <time>2026-02-26T14:47:49.574Z</time>
      </trkpt>
      <trkpt lat="31.837654989439358" lon="35.01764163554532">
        <ele>370.5</ele>
        <time>2026-02-26T14:47:50.574Z</time>
      </trkpt>
      <trkpt lat="31.837654989439358" lon="35.01764163554532">
        <ele>0</ele>
        <time>2026-02-26T14:47:51.574Z</time>
      </trkpt>
      <trkpt lat="31.837654989439358" lon="35.01764163554532">
        <ele>0</ele>
        <time>2026-02-26T14:47:52.574Z</time>
      </trkpt>
      <trkpt lat="31.837654989439358" lon="35.01764163554532">
        <ele>0</ele>
        <time>2026-02-26T14:47:53.574Z</time>
      </trkpt>
      <trkpt lat="31.837654989439358" lon="35.01764163554532">
        <ele>0</ele>
        <time>2026-02-26T14:47:54.574Z</time>
      </trkpt>
      <trkpt lat="31.837654989439358" lon="35.01764163554532">
        <ele>0</ele>
        <time>2026-02-26T14:47:55.574Z</time>
      </trkpt>
      <trkpt lat="31.837654989439358" lon="35.01764163554532">
        <ele>370.5</ele>
        <time>2026-02-26T14:47:56.574Z</time>
      </trkpt>
      <trkpt lat="31.83656344273102" lon="35.018851860763164">
        <ele>378</ele>
        <time>2026-02-26T14:47:57.574Z</time>
      </trkpt>
      <trkpt lat="31.83656344273102" lon="35.018851860763164">
        <ele>0</ele>
        <time>2026-02-26T14:47:58.574Z</time>
      </trkpt>
      <trkpt lat="31.83656344273102" lon="35.018851860763164">
        <ele>0</ele>
        <time>2026-02-26T14:47:59.574Z</time>
      </trkpt>
      <trkpt lat="31.83656344273102" lon="35.018851860763164">
        <ele>0</ele>
        <time>2026-02-26T14:48:00.574Z</time>
      </trkpt>
      <trkpt lat="31.83656344273102" lon="35.018851860763164">
        <ele>0</ele>
        <time>2026-02-26T14:48:01.574Z</time>
      </trkpt>
      <trkpt lat="31.83656344273102" lon="35.018851860763164">
        <ele>0</ele>
        <time>2026-02-26T14:48:02.574Z</time>
      </trkpt>
      <trkpt lat="31.83656344273102" lon="35.018851860763164">
        <ele>378</ele>
        <time>2026-02-26T14:48:03.574Z</time>
      </trkpt>
      <trkpt lat="31.83640892428197" lon="35.01940508278716">
        <ele>366.5</ele>
        <time>2026-02-26T14:48:04.574Z</time>
      </trkpt>
      <trkpt lat="31.83640892428197" lon="35.01940508278716">
        <ele>0</ele>
        <time>2026-02-26T14:48:05.574Z</time>
      </trkpt>
      <trkpt lat="31.83640892428197" lon="35.01940508278716">
        <ele>0</ele>
        <time>2026-02-26T14:48:06.574Z</time>
      </trkpt>
      <trkpt lat="31.83640892428197" lon="35.01940508278716">
        <ele>0</ele>
        <time>2026-02-26T14:48:07.574Z</time>
      </trkpt>
      <trkpt lat="31.83640892428197" lon="35.01940508278716">
        <ele>0</ele>
        <time>2026-02-26T14:48:08.574Z</time>
      </trkpt>
      <trkpt lat="31.83640892428197" lon="35.01940508278716">
        <ele>0</ele>
        <time>2026-02-26T14:48:09.574Z</time>
      </trkpt>
      <trkpt lat="31.83640892428197" lon="35.01940508278716">
        <ele>366.5</ele>
        <time>2026-02-26T14:48:10.574Z</time>
      </trkpt>
      <trkpt lat="31.836318788401115" lon="35.02087888011849">
        <ele>354</ele>
        <time>2026-02-26T14:48:11.574Z</time>
      </trkpt>
      <trkpt lat="31.836318788401115" lon="35.02087888011849">
        <ele>0</ele>
        <time>2026-02-26T14:48:12.574Z</time>
      </trkpt>
      <trkpt lat="31.836318788401115" lon="35.02087888011849">
        <ele>0</ele>
        <time>2026-02-26T14:48:13.574Z</time>
      </trkpt>
      <trkpt lat="31.836318788401115" lon="35.02087888011849">
        <ele>0</ele>
        <time>2026-02-26T14:48:14.574Z</time>
      </trkpt>
      <trkpt lat="31.836318788401115" lon="35.02087888011849">
        <ele>0</ele>
        <time>2026-02-26T14:48:15.574Z</time>
      </trkpt>
      <trkpt lat="31.836318788401115" lon="35.02087888011849">
        <ele>0</ele>
        <time>2026-02-26T14:48:16.574Z</time>
      </trkpt>
      <trkpt lat="31.836318788401115" lon="35.02087888011849">
        <ele>354</ele>
        <time>2026-02-26T14:48:17.574Z</time>
      </trkpt>
      <trkpt lat="31.836305911774872" lon="35.02109865320338">
        <ele>354</ele>
        <time>2026-02-26T14:48:18.574Z</time>
      </trkpt>
      <trkpt lat="31.836305911774872" lon="35.02109865320338">
        <ele>0</ele>
        <time>2026-02-26T14:48:19.574Z</time>
      </trkpt>
      <trkpt lat="31.836305911774872" lon="35.02109865320338">
        <ele>0</ele>
        <time>2026-02-26T14:48:20.574Z</time>
      </trkpt>
      <trkpt lat="31.836305911774872" lon="35.02109865320338">
        <ele>0</ele>
        <time>2026-02-26T14:48:21.574Z</time>
      </trkpt>
      <trkpt lat="31.836305911774872" lon="35.02109865320338">
        <ele>0</ele>
        <time>2026-02-26T14:48:22.574Z</time>
      </trkpt>
      <trkpt lat="31.836305911774872" lon="35.02109865320338">
        <ele>0</ele>
        <time>2026-02-26T14:48:23.574Z</time>
      </trkpt>
      <trkpt lat="31.836305911774872" lon="35.02109865320338">
        <ele>354</ele>
        <time>2026-02-26T14:48:24.574Z</time>
      </trkpt>
      <trkpt lat="31.836848942203204" lon="35.020976450336065">
        <ele>345</ele>
        <time>2026-02-26T14:48:25.574Z</time>
      </trkpt>
      <trkpt lat="31.836848942203204" lon="35.020976450336065">
        <ele>0</ele>
        <time>2026-02-26T14:48:26.574Z</time>
      </trkpt>
      <trkpt lat="31.836848942203204" lon="35.020976450336065">
        <ele>0</ele>
        <time>2026-02-26T14:48:27.574Z</time>
      </trkpt>
      <trkpt lat="31.836848942203204" lon="35.020976450336065">
        <ele>0</ele>
        <time>2026-02-26T14:48:28.574Z</time>
      </trkpt>
      <trkpt lat="31.836848942203204" lon="35.020976450336065">
        <ele>0</ele>
        <time>2026-02-26T14:48:29.574Z</time>
      </trkpt>
      <trkpt lat="31.836848942203204" lon="35.020976450336065">
        <ele>0</ele>
        <time>2026-02-26T14:48:30.574Z</time>
      </trkpt>
      <trkpt lat="31.836848942203204" lon="35.020976450336065">
        <ele>345</ele>
        <time>2026-02-26T14:48:31.574Z</time>
      </trkpt>
      <trkpt lat="31.8372674270763" lon="35.02062784467583">
        <ele>345</ele>
        <time>2026-02-26T14:48:32.574Z</time>
      </trkpt>
      <trkpt lat="31.8372674270763" lon="35.02062784467583">
        <ele>0</ele>
        <time>2026-02-26T14:48:33.574Z</time>
      </trkpt>
      <trkpt lat="31.8372674270763" lon="35.02062784467583">
        <ele>0</ele>
        <time>2026-02-26T14:48:34.574Z</time>
      </trkpt>
      <trkpt lat="31.8372674270763" lon="35.02062784467583">
        <ele>0</ele>
        <time>2026-02-26T14:48:35.574Z</time>
      </trkpt>
      <trkpt lat="31.8372674270763" lon="35.02062784467583">
        <ele>0</ele>
        <time>2026-02-26T14:48:36.574Z</time>
      </trkpt>
      <trkpt lat="31.8372674270763" lon="35.02062784467583">
        <ele>0</ele>
        <time>2026-02-26T14:48:37.574Z</time>
      </trkpt>
      <trkpt lat="31.8372674270763" lon="35.02062784467583">
        <ele>345</ele>
        <time>2026-02-26T14:48:38.574Z</time>
      </trkpt>
      <trkpt lat="31.837962751593167" lon="35.020188298410744">
        <ele>345</ele>
        <time>2026-02-26T14:48:39.574Z</time>
      </trkpt>
      <trkpt lat="31.837962751593167" lon="35.020188298410744">
        <ele>0</ele>
        <time>2026-02-26T14:48:40.574Z</time>
      </trkpt>
      <trkpt lat="31.837962751593167" lon="35.020188298410744">
        <ele>0</ele>
        <time>2026-02-26T14:48:41.574Z</time>
      </trkpt>
      <trkpt lat="31.837962751593167" lon="35.020188298410744">
        <ele>0</ele>
        <time>2026-02-26T14:48:42.574Z</time>
      </trkpt>
      <trkpt lat="31.837962751593167" lon="35.020188298410744">
        <ele>0</ele>
        <time>2026-02-26T14:48:43.574Z</time>
      </trkpt>
      <trkpt lat="31.837962751593167" lon="35.020188298410744">
        <ele>0</ele>
        <time>2026-02-26T14:48:44.574Z</time>
      </trkpt>
      <trkpt lat="31.837962751593167" lon="35.020188298410744">
        <ele>345</ele>
        <time>2026-02-26T14:48:45.574Z</time>
      </trkpt>
      <trkpt lat="31.838411649728556" lon="35.01995578466497">
        <ele>340.5</ele>
        <time>2026-02-26T14:48:46.574Z</time>
      </trkpt>
      <trkpt lat="31.838411649728556" lon="35.01995578466497">
        <ele>0</ele>
        <time>2026-02-26T14:48:47.574Z</time>
      </trkpt>
      <trkpt lat="31.838411649728556" lon="35.01995578466497">
        <ele>0</ele>
        <time>2026-02-26T14:48:48.574Z</time>
      </trkpt>
      <trkpt lat="31.838411649728556" lon="35.01995578466497">
        <ele>0</ele>
        <time>2026-02-26T14:48:49.574Z</time>
      </trkpt>
      <trkpt lat="31.838411649728556" lon="35.01995578466497">
        <ele>0</ele>
        <time>2026-02-26T14:48:50.574Z</time>
      </trkpt>
      <trkpt lat="31.838411649728556" lon="35.01995578466497">
        <ele>0</ele>
        <time>2026-02-26T14:48:51.574Z</time>
      </trkpt>
      <trkpt lat="31.838411649728556" lon="35.01995578466497">
        <ele>340.5</ele>
        <time>2026-02-26T14:48:52.574Z</time>
      </trkpt>
      <trkpt lat="31.838694927206788" lon="35.01985726567321">
        <ele>340.5</ele>
        <time>2026-02-26T14:48:53.574Z</time>
      </trkpt>
      <trkpt lat="31.838694927206788" lon="35.01985726567321">
        <ele>0</ele>
        <time>2026-02-26T14:48:54.574Z</time>
      </trkpt>
      <trkpt lat="31.838694927206788" lon="35.01985726567321">
        <ele>0</ele>
        <time>2026-02-26T14:48:55.574Z</time>
      </trkpt>
      <trkpt lat="31.838694927206788" lon="35.01985726567321">
        <ele>0</ele>
        <time>2026-02-26T14:48:56.574Z</time>
      </trkpt>
      <trkpt lat="31.838694927206788" lon="35.01985726567321">
        <ele>0</ele>
        <time>2026-02-26T14:48:57.574Z</time>
      </trkpt>
      <trkpt lat="31.838694927206788" lon="35.01985726567321">
        <ele>0</ele>
        <time>2026-02-26T14:48:58.574Z</time>
      </trkpt>
      <trkpt lat="31.838694927206788" lon="35.01985726567321">
        <ele>340.5</ele>
        <time>2026-02-26T14:48:59.574Z</time>
      </trkpt>
      <trkpt lat="31.83883200636143" lon="35.019933235804984">
        <ele>334</ele>
        <time>2026-02-26T14:49:00.574Z</time>
      </trkpt>
      <trkpt lat="31.83883200636143" lon="35.019933235804984">
        <ele>0</ele>
        <time>2026-02-26T14:49:01.574Z</time>
      </trkpt>
      <trkpt lat="31.83883200636143" lon="35.019933235804984">
        <ele>0</ele>
        <time>2026-02-26T14:49:02.574Z</time>
      </trkpt>
      <trkpt lat="31.83883200636143" lon="35.019933235804984">
        <ele>0</ele>
        <time>2026-02-26T14:49:03.574Z</time>
      </trkpt>
      <trkpt lat="31.83883200636143" lon="35.019933235804984">
        <ele>0</ele>
        <time>2026-02-26T14:49:04.574Z</time>
      </trkpt>
      <trkpt lat="31.83883200636143" lon="35.019933235804984">
        <ele>0</ele>
        <time>2026-02-26T14:49:05.574Z</time>
      </trkpt>
      <trkpt lat="31.83883200636143" lon="35.019933235804984">
        <ele>334</ele>
        <time>2026-02-26T14:49:06.574Z</time>
      </trkpt>
      <trkpt lat="31.838825568256354" lon="35.020319733383246">
        <ele>326</ele>
        <time>2026-02-26T14:49:07.574Z</time>
      </trkpt>
      <trkpt lat="31.838825568256354" lon="35.020319733383246">
        <ele>0</ele>
        <time>2026-02-26T14:49:08.574Z</time>
      </trkpt>
      <trkpt lat="31.838825568256354" lon="35.020319733383246">
        <ele>0</ele>
        <time>2026-02-26T14:49:09.574Z</time>
      </trkpt>
      <trkpt lat="31.838825568256354" lon="35.020319733383246">
        <ele>0</ele>
        <time>2026-02-26T14:49:10.574Z</time>
      </trkpt>
      <trkpt lat="31.838825568256354" lon="35.020319733383246">
        <ele>0</ele>
        <time>2026-02-26T14:49:11.574Z</time>
      </trkpt>
      <trkpt lat="31.838825568256354" lon="35.020319733383246">
        <ele>0</ele>
        <time>2026-02-26T14:49:12.574Z</time>
      </trkpt>
      <trkpt lat="31.838825568256354" lon="35.020319733383246">
        <ele>326</ele>
        <time>2026-02-26T14:49:13.574Z</time>
      </trkpt>
      <trkpt lat="31.838748310958195" lon="35.020645603891154">
        <ele>326</ele>
        <time>2026-02-26T14:49:14.574Z</time>
      </trkpt>
      <trkpt lat="31.838748310958195" lon="35.020645603891154">
        <ele>0</ele>
        <time>2026-02-26T14:49:15.574Z</time>
      </trkpt>
      <trkpt lat="31.838748310958195" lon="35.020645603891154">
        <ele>0</ele>
        <time>2026-02-26T14:49:16.574Z</time>
      </trkpt>
      <trkpt lat="31.838748310958195" lon="35.020645603891154">
        <ele>0</ele>
        <time>2026-02-26T14:49:17.574Z</time>
      </trkpt>
      <trkpt lat="31.838748310958195" lon="35.020645603891154">
        <ele>0</ele>
        <time>2026-02-26T14:49:18.574Z</time>
      </trkpt>
      <trkpt lat="31.838748310958195" lon="35.020645603891154">
        <ele>0</ele>
        <time>2026-02-26T14:49:19.574Z</time>
      </trkpt>
      <trkpt lat="31.838748310958195" lon="35.020645603891154">
        <ele>326</ele>
        <time>2026-02-26T14:49:20.574Z</time>
      </trkpt>
      <trkpt lat="31.83860023428845" lon="35.0209714743969">
        <ele>316</ele>
        <time>2026-02-26T14:49:21.574Z</time>
      </trkpt>
      <trkpt lat="31.83860023428845" lon="35.0209714743969">
        <ele>0</ele>
        <time>2026-02-26T14:49:22.574Z</time>
      </trkpt>
      <trkpt lat="31.83860023428845" lon="35.0209714743969">
        <ele>0</ele>
        <time>2026-02-26T14:49:23.574Z</time>
      </trkpt>
      <trkpt lat="31.83860023428845" lon="35.0209714743969">
        <ele>0</ele>
        <time>2026-02-26T14:49:24.574Z</time>
      </trkpt>
      <trkpt lat="31.83860023428845" lon="35.0209714743969">
        <ele>0</ele>
        <time>2026-02-26T14:49:25.574Z</time>
      </trkpt>
      <trkpt lat="31.83860023428845" lon="35.0209714743969">
        <ele>0</ele>
        <time>2026-02-26T14:49:26.574Z</time>
      </trkpt>
      <trkpt lat="31.83860023428845" lon="35.0209714743969">
        <ele>316</ele>
        <time>2026-02-26T14:49:27.574Z</time>
      </trkpt>
      <trkpt lat="31.838709682284303" lon="35.02138828551227">
        <ele>316</ele>
        <time>2026-02-26T14:49:28.574Z</time>
      </trkpt>
      <trkpt lat="31.838709682284303" lon="35.02138828551227">
        <ele>0</ele>
        <time>2026-02-26T14:49:29.574Z</time>
      </trkpt>
      <trkpt lat="31.838709682284303" lon="35.02138828551227">
        <ele>0</ele>
        <time>2026-02-26T14:49:30.574Z</time>
      </trkpt>
      <trkpt lat="31.838709682284303" lon="35.02138828551227">
        <ele>0</ele>
        <time>2026-02-26T14:49:31.574Z</time>
      </trkpt>
      <trkpt lat="31.838709682284303" lon="35.02138828551227">
        <ele>0</ele>
        <time>2026-02-26T14:49:32.574Z</time>
      </trkpt>
      <trkpt lat="31.838709682284303" lon="35.02138828551227">
        <ele>0</ele>
        <time>2026-02-26T14:49:33.574Z</time>
      </trkpt>
      <trkpt lat="31.838709682284303" lon="35.02138828551227">
        <ele>316</ele>
        <time>2026-02-26T14:49:34.574Z</time>
      </trkpt>
      <trkpt lat="31.83894789217942" lon="35.021979399455915">
        <ele>305</ele>
        <time>2026-02-26T14:49:35.574Z</time>
      </trkpt>
      <trkpt lat="31.83894789217942" lon="35.021979399455915">
        <ele>0</ele>
        <time>2026-02-26T14:49:36.574Z</time>
      </trkpt>
      <trkpt lat="31.83894789217942" lon="35.021979399455915">
        <ele>0</ele>
        <time>2026-02-26T14:49:37.574Z</time>
      </trkpt>
      <trkpt lat="31.83894789217942" lon="35.021979399455915">
        <ele>0</ele>
        <time>2026-02-26T14:49:38.574Z</time>
      </trkpt>
      <trkpt lat="31.83894789217942" lon="35.021979399455915">
        <ele>0</ele>
        <time>2026-02-26T14:49:39.574Z</time>
      </trkpt>
      <trkpt lat="31.83894789217942" lon="35.021979399455915">
        <ele>0</ele>
        <time>2026-02-26T14:49:40.574Z</time>
      </trkpt>
      <trkpt lat="31.83894789217942" lon="35.021979399455915">
        <ele>305</ele>
        <time>2026-02-26T14:49:41.574Z</time>
      </trkpt>
      <trkpt lat="31.839141034886396" lon="35.02224464289333">
        <ele>305</ele>
        <time>2026-02-26T14:49:42.574Z</time>
      </trkpt>
      <trkpt lat="31.839141034886396" lon="35.02224464289333">
        <ele>0</ele>
        <time>2026-02-26T14:49:43.574Z</time>
      </trkpt>
      <trkpt lat="31.839141034886396" lon="35.02224464289333">
        <ele>0</ele>
        <time>2026-02-26T14:49:44.574Z</time>
      </trkpt>
      <trkpt lat="31.839141034886396" lon="35.02224464289333">
        <ele>0</ele>
        <time>2026-02-26T14:49:45.574Z</time>
      </trkpt>
      <trkpt lat="31.839141034886396" lon="35.02224464289333">
        <ele>0</ele>
        <time>2026-02-26T14:49:46.574Z</time>
      </trkpt>
      <trkpt lat="31.839141034886396" lon="35.02224464289333">
        <ele>0</ele>
        <time>2026-02-26T14:49:47.574Z</time>
      </trkpt>
      <trkpt lat="31.839141034886396" lon="35.02224464289333">
        <ele>305</ele>
        <time>2026-02-26T14:49:48.574Z</time>
      </trkpt>
      <trkpt lat="31.83921829184186" lon="35.02200213460358">
        <ele>302</ele>
        <time>2026-02-26T14:49:49.574Z</time>
      </trkpt>
      <trkpt lat="31.83921829184186" lon="35.02200213460358">
        <ele>0</ele>
        <time>2026-02-26T14:49:50.574Z</time>
      </trkpt>
      <trkpt lat="31.83921829184186" lon="35.02200213460358">
        <ele>0</ele>
        <time>2026-02-26T14:49:51.574Z</time>
      </trkpt>
      <trkpt lat="31.83921829184186" lon="35.02200213460358">
        <ele>0</ele>
        <time>2026-02-26T14:49:52.574Z</time>
      </trkpt>
      <trkpt lat="31.83921829184186" lon="35.02200213460358">
        <ele>0</ele>
        <time>2026-02-26T14:49:53.574Z</time>
      </trkpt>
      <trkpt lat="31.83921829184186" lon="35.02200213460358">
        <ele>0</ele>
        <time>2026-02-26T14:49:54.574Z</time>
      </trkpt>
      <trkpt lat="31.83921829184186" lon="35.02200213460358">
        <ele>302</ele>
        <time>2026-02-26T14:49:55.574Z</time>
      </trkpt>
      <trkpt lat="31.839565947404793" lon="35.02158532348932">
        <ele>304</ele>
        <time>2026-02-26T14:49:56.574Z</time>
      </trkpt>
      <trkpt lat="31.839565947404793" lon="35.02158532348932">
        <ele>0</ele>
        <time>2026-02-26T14:49:57.574Z</time>
      </trkpt>
      <trkpt lat="31.839565947404793" lon="35.02158532348932">
        <ele>0</ele>
        <time>2026-02-26T14:49:58.574Z</time>
      </trkpt>
      <trkpt lat="31.839565947404793" lon="35.02158532348932">
        <ele>0</ele>
        <time>2026-02-26T14:49:59.574Z</time>
      </trkpt>
      <trkpt lat="31.839565947404793" lon="35.02158532348932">
        <ele>0</ele>
        <time>2026-02-26T14:50:00.574Z</time>
      </trkpt>
      <trkpt lat="31.839565947404793" lon="35.02158532348932">
        <ele>0</ele>
        <time>2026-02-26T14:50:01.574Z</time>
      </trkpt>
      <trkpt lat="31.839565947404793" lon="35.02158532348932">
        <ele>304</ele>
        <time>2026-02-26T14:50:02.574Z</time>
      </trkpt>
      <trkpt lat="31.839778402937057" lon="35.02119882591103">
        <ele>309</ele>
        <time>2026-02-26T14:50:03.574Z</time>
      </trkpt>
      <trkpt lat="31.839778402937057" lon="35.02119882591103">
        <ele>0</ele>
        <time>2026-02-26T14:50:04.574Z</time>
      </trkpt>
      <trkpt lat="31.839778402937057" lon="35.02119882591103">
        <ele>0</ele>
        <time>2026-02-26T14:50:05.574Z</time>
      </trkpt>
      <trkpt lat="31.839778402937057" lon="35.02119882591103">
        <ele>0</ele>
        <time>2026-02-26T14:50:06.574Z</time>
      </trkpt>
      <trkpt lat="31.839778402937057" lon="35.02119882591103">
        <ele>0</ele>
        <time>2026-02-26T14:50:07.574Z</time>
      </trkpt>
      <trkpt lat="31.839778402937057" lon="35.02119882591103">
        <ele>0</ele>
        <time>2026-02-26T14:50:08.574Z</time>
      </trkpt>
      <trkpt lat="31.839778402937057" lon="35.02119882591103">
        <ele>309</ele>
        <time>2026-02-26T14:50:09.574Z</time>
      </trkpt>
      <trkpt lat="31.839926477715437" lon="35.02109272853741">
        <ele>309</ele>
        <time>2026-02-26T14:50:10.574Z</time>
      </trkpt>
      <trkpt lat="31.839926477715437" lon="35.02109272853741">
        <ele>0</ele>
        <time>2026-02-26T14:50:11.574Z</time>
      </trkpt>
      <trkpt lat="31.839926477715437" lon="35.02109272853741">
        <ele>0</ele>
        <time>2026-02-26T14:50:12.574Z</time>
      </trkpt>
      <trkpt lat="31.839926477715437" lon="35.02109272853741">
        <ele>0</ele>
        <time>2026-02-26T14:50:13.574Z</time>
      </trkpt>
      <trkpt lat="31.839926477715437" lon="35.02109272853741">
        <ele>0</ele>
        <time>2026-02-26T14:50:14.574Z</time>
      </trkpt>
      <trkpt lat="31.839926477715437" lon="35.02109272853741">
        <ele>0</ele>
        <time>2026-02-26T14:50:15.574Z</time>
      </trkpt>
      <trkpt lat="31.839926477715437" lon="35.02109272853741">
        <ele>309</ele>
        <time>2026-02-26T14:50:16.574Z</time>
      </trkpt>
      <trkpt lat="31.840486584511524" lon="35.02125187459788">
        <ele>302</ele>
        <time>2026-02-26T14:50:17.574Z</time>
      </trkpt>
      <trkpt lat="31.840486584511524" lon="35.02125187459788">
        <ele>0</ele>
        <time>2026-02-26T14:50:18.574Z</time>
      </trkpt>
      <trkpt lat="31.840486584511524" lon="35.02125187459788">
        <ele>0</ele>
        <time>2026-02-26T14:50:19.574Z</time>
      </trkpt>
      <trkpt lat="31.840486584511524" lon="35.02125187459788">
        <ele>0</ele>
        <time>2026-02-26T14:50:20.574Z</time>
      </trkpt>
      <trkpt lat="31.840486584511524" lon="35.02125187459788">
        <ele>0</ele>
        <time>2026-02-26T14:50:21.574Z</time>
      </trkpt>
      <trkpt lat="31.840486584511524" lon="35.02125187459788">
        <ele>0</ele>
        <time>2026-02-26T14:50:22.574Z</time>
      </trkpt>
      <trkpt lat="31.840486584511524" lon="35.02125187459788">
        <ele>302</ele>
        <time>2026-02-26T14:50:23.574Z</time>
      </trkpt>
      <trkpt lat="31.840763417649512" lon="35.02059255520027">
        <ele>303.5</ele>
        <time>2026-02-26T14:50:24.574Z</time>
      </trkpt>
      <trkpt lat="31.840763417649512" lon="35.02059255520027">
        <ele>0</ele>
        <time>2026-02-26T14:50:25.574Z</time>
      </trkpt>
      <trkpt lat="31.840763417649512" lon="35.02059255520027">
        <ele>0</ele>
        <time>2026-02-26T14:50:26.574Z</time>
      </trkpt>
      <trkpt lat="31.840763417649512" lon="35.02059255520027">
        <ele>0</ele>
        <time>2026-02-26T14:50:27.574Z</time>
      </trkpt>
      <trkpt lat="31.840763417649512" lon="35.02059255520027">
        <ele>0</ele>
        <time>2026-02-26T14:50:28.574Z</time>
      </trkpt>
      <trkpt lat="31.840763417649512" lon="35.02059255520027">
        <ele>0</ele>
        <time>2026-02-26T14:50:29.574Z</time>
      </trkpt>
      <trkpt lat="31.840763417649512" lon="35.02059255520027">
        <ele>303.5</ele>
        <time>2026-02-26T14:50:30.574Z</time>
      </trkpt>
      <trkpt lat="31.840956556555312" lon="35.02013027378109">
        <ele>305.5</ele>
        <time>2026-02-26T14:50:31.574Z</time>
      </trkpt>
      <trkpt lat="31.840956556555312" lon="35.02013027378109">
        <ele>0</ele>
        <time>2026-02-26T14:50:32.574Z</time>
      </trkpt>
      <trkpt lat="31.840956556555312" lon="35.02013027378109">
        <ele>0</ele>
        <time>2026-02-26T14:50:33.574Z</time>
      </trkpt>
      <trkpt lat="31.840956556555312" lon="35.02013027378109">
        <ele>0</ele>
        <time>2026-02-26T14:50:34.574Z</time>
      </trkpt>
      <trkpt lat="31.840956556555312" lon="35.02013027378109">
        <ele>0</ele>
        <time>2026-02-26T14:50:35.574Z</time>
      </trkpt>
      <trkpt lat="31.840956556555312" lon="35.02013027378109">
        <ele>0</ele>
        <time>2026-02-26T14:50:36.574Z</time>
      </trkpt>
      <trkpt lat="31.840956556555312" lon="35.02013027378109">
        <ele>305.5</ele>
        <time>2026-02-26T14:50:37.574Z</time>
      </trkpt>
      <trkpt lat="31.841059563770898" lon="35.01959978685923">
        <ele>306</ele>
        <time>2026-02-26T14:50:38.574Z</time>
      </trkpt>
      <trkpt lat="31.841059563770898" lon="35.01959978685923">
        <ele>0</ele>
        <time>2026-02-26T14:50:39.574Z</time>
      </trkpt>
      <trkpt lat="31.841059563770898" lon="35.01959978685923">
        <ele>0</ele>
        <time>2026-02-26T14:50:40.574Z</time>
      </trkpt>
      <trkpt lat="31.841059563770898" lon="35.01959978685923">
        <ele>0</ele>
        <time>2026-02-26T14:50:41.574Z</time>
      </trkpt>
      <trkpt lat="31.841059563770898" lon="35.01959978685923">
        <ele>0</ele>
        <time>2026-02-26T14:50:42.574Z</time>
      </trkpt>
      <trkpt lat="31.841059563770898" lon="35.01959978685923">
        <ele>0</ele>
        <time>2026-02-26T14:50:43.574Z</time>
      </trkpt>
      <trkpt lat="31.841059563770898" lon="35.01959978685923">
        <ele>306</ele>
        <time>2026-02-26T14:50:44.574Z</time>
      </trkpt>
      <trkpt lat="31.841020936064538" lon="35.01915266220888">
        <ele>310.5</ele>
        <time>2026-02-26T14:50:45.574Z</time>
      </trkpt>
      <trkpt lat="31.841020936064538" lon="35.01915266220888">
        <ele>0</ele>
        <time>2026-02-26T14:50:46.574Z</time>
      </trkpt>
      <trkpt lat="31.841020936064538" lon="35.01915266220888">
        <ele>0</ele>
        <time>2026-02-26T14:50:47.574Z</time>
      </trkpt>
      <trkpt lat="31.841020936064538" lon="35.01915266220888">
        <ele>0</ele>
        <time>2026-02-26T14:50:48.574Z</time>
      </trkpt>
      <trkpt lat="31.841020936064538" lon="35.01915266220888">
        <ele>0</ele>
        <time>2026-02-26T14:50:49.574Z</time>
      </trkpt>
      <trkpt lat="31.841020936064538" lon="35.01915266220888">
        <ele>0</ele>
        <time>2026-02-26T14:50:50.574Z</time>
      </trkpt>
      <trkpt lat="31.841020936064538" lon="35.01915266220888">
        <ele>310.5</ele>
        <time>2026-02-26T14:50:51.574Z</time>
      </trkpt>
      <trkpt lat="31.841291329666163" lon="35.018834370086296">
        <ele>315</ele>
        <time>2026-02-26T14:50:52.574Z</time>
      </trkpt>
      <trkpt lat="31.841291329666163" lon="35.018834370086296">
        <ele>0</ele>
        <time>2026-02-26T14:50:53.574Z</time>
      </trkpt>
      <trkpt lat="31.841291329666163" lon="35.018834370086296">
        <ele>0</ele>
        <time>2026-02-26T14:50:54.574Z</time>
      </trkpt>
      <trkpt lat="31.841291329666163" lon="35.018834370086296">
        <ele>0</ele>
        <time>2026-02-26T14:50:55.574Z</time>
      </trkpt>
      <trkpt lat="31.841291329666163" lon="35.018834370086296">
        <ele>0</ele>
        <time>2026-02-26T14:50:56.574Z</time>
      </trkpt>
      <trkpt lat="31.841291329666163" lon="35.018834370086296">
        <ele>0</ele>
        <time>2026-02-26T14:50:57.574Z</time>
      </trkpt>
      <trkpt lat="31.841291329666163" lon="35.018834370086296">
        <ele>315</ele>
        <time>2026-02-26T14:50:58.574Z</time>
      </trkpt>
      <trkpt lat="31.841252702056778" lon="35.01864491048818">
        <ele>315</ele>
        <time>2026-02-26T14:50:59.574Z</time>
      </trkpt>
      <trkpt lat="31.841252702056778" lon="35.01864491048818">
        <ele>0</ele>
        <time>2026-02-26T14:51:00.574Z</time>
      </trkpt>
      <trkpt lat="31.841252702056778" lon="35.01864491048818">
        <ele>0</ele>
        <time>2026-02-26T14:51:01.574Z</time>
      </trkpt>
      <trkpt lat="31.841252702056778" lon="35.01864491048818">
        <ele>0</ele>
        <time>2026-02-26T14:51:02.574Z</time>
      </trkpt>
      <trkpt lat="31.841252702056778" lon="35.01864491048818">
        <ele>0</ele>
        <time>2026-02-26T14:51:03.574Z</time>
      </trkpt>
      <trkpt lat="31.841252702056778" lon="35.01864491048818">
        <ele>0</ele>
        <time>2026-02-26T14:51:04.574Z</time>
      </trkpt>
      <trkpt lat="31.841252702056778" lon="35.01864491048818">
        <ele>315</ele>
        <time>2026-02-26T14:51:05.574Z</time>
      </trkpt>
      <trkpt lat="31.840956556519302" lon="35.018349353516356">
        <ele>328</ele>
        <time>2026-02-26T14:51:06.574Z</time>
      </trkpt>
      <trkpt lat="31.840956556519302" lon="35.018349353516356">
        <ele>0</ele>
        <time>2026-02-26T14:51:07.574Z</time>
      </trkpt>
      <trkpt lat="31.840956556519302" lon="35.018349353516356">
        <ele>0</ele>
        <time>2026-02-26T14:51:08.574Z</time>
      </trkpt>
      <trkpt lat="31.840956556519302" lon="35.018349353516356">
        <ele>0</ele>
        <time>2026-02-26T14:51:09.574Z</time>
      </trkpt>
      <trkpt lat="31.840956556519302" lon="35.018349353516356">
        <ele>0</ele>
        <time>2026-02-26T14:51:10.574Z</time>
      </trkpt>
      <trkpt lat="31.840956556519302" lon="35.018349353516356">
        <ele>0</ele>
        <time>2026-02-26T14:51:11.574Z</time>
      </trkpt>
      <trkpt lat="31.840956556519302" lon="35.018349353516356">
        <ele>328</ele>
        <time>2026-02-26T14:51:12.574Z</time>
      </trkpt>
      <trkpt lat="31.84080204542623" lon="35.018076531695385">
        <ele>332</ele>
        <time>2026-02-26T14:51:13.574Z</time>
      </trkpt>
      <trkpt lat="31.84080204542623" lon="35.018076531695385">
        <ele>0</ele>
        <time>2026-02-26T14:51:14.574Z</time>
      </trkpt>
      <trkpt lat="31.84080204542623" lon="35.018076531695385">
        <ele>0</ele>
        <time>2026-02-26T14:51:15.574Z</time>
      </trkpt>
      <trkpt lat="31.84080204542623" lon="35.018076531695385">
        <ele>0</ele>
        <time>2026-02-26T14:51:16.574Z</time>
      </trkpt>
      <trkpt lat="31.84080204542623" lon="35.018076531695385">
        <ele>0</ele>
        <time>2026-02-26T14:51:17.574Z</time>
      </trkpt>
      <trkpt lat="31.84080204542623" lon="35.018076531695385">
        <ele>0</ele>
        <time>2026-02-26T14:51:18.574Z</time>
      </trkpt>
      <trkpt lat="31.84080204542623" lon="35.018076531695385">
        <ele>332</ele>
        <time>2026-02-26T14:51:19.574Z</time>
      </trkpt>
      <trkpt lat="31.84087930100476" lon="35.01783402341201">
        <ele>332</ele>
        <time>2026-02-26T14:51:20.574Z</time>
      </trkpt>
      <trkpt lat="31.84087930100476" lon="35.01783402341201">
        <ele>0</ele>
        <time>2026-02-26T14:51:21.574Z</time>
      </trkpt>
      <trkpt lat="31.84087930100476" lon="35.01783402341201">
        <ele>0</ele>
        <time>2026-02-26T14:51:22.574Z</time>
      </trkpt>
      <trkpt lat="31.84087930100476" lon="35.01783402341201">
        <ele>0</ele>
        <time>2026-02-26T14:51:23.574Z</time>
      </trkpt>
      <trkpt lat="31.84087930100476" lon="35.01783402341201">
        <ele>0</ele>
        <time>2026-02-26T14:51:24.574Z</time>
      </trkpt>
      <trkpt lat="31.84087930100476" lon="35.01783402341201">
        <ele>0</ele>
        <time>2026-02-26T14:51:25.574Z</time>
      </trkpt>
      <trkpt lat="31.84087930100476" lon="35.01783402341201">
        <ele>332</ele>
        <time>2026-02-26T14:51:26.574Z</time>
      </trkpt>
      <trkpt lat="31.840988746297867" lon="35.01762182866307">
        <ele>325</ele>
        <time>2026-02-26T14:51:27.574Z</time>
      </trkpt>
      <trkpt lat="31.840988746297867" lon="35.01762182866307">
        <ele>0</ele>
        <time>2026-02-26T14:51:28.574Z</time>
      </trkpt>
      <trkpt lat="31.840988746297867" lon="35.01762182866307">
        <ele>0</ele>
        <time>2026-02-26T14:51:29.574Z</time>
      </trkpt>
      <trkpt lat="31.840988746297867" lon="35.01762182866307">
        <ele>0</ele>
        <time>2026-02-26T14:51:30.574Z</time>
      </trkpt>
      <trkpt lat="31.840988746297867" lon="35.01762182866307">
        <ele>0</ele>
        <time>2026-02-26T14:51:31.574Z</time>
      </trkpt>
      <trkpt lat="31.840988746297867" lon="35.01762182866307">
        <ele>0</ele>
        <time>2026-02-26T14:51:32.574Z</time>
      </trkpt>
      <trkpt lat="31.840988746297867" lon="35.01762182866307">
        <ele>325</ele>
        <time>2026-02-26T14:51:33.574Z</time>
      </trkpt>
      <trkpt lat="31.841226950308936" lon="35.016613903603485">
        <ele>317.5</ele>
        <time>2026-02-26T14:51:34.574Z</time>
      </trkpt>
      <trkpt lat="31.841226950308936" lon="35.016613903603485">
        <ele>0</ele>
        <time>2026-02-26T14:51:35.574Z</time>
      </trkpt>
      <trkpt lat="31.841226950308936" lon="35.016613903603485">
        <ele>0</ele>
        <time>2026-02-26T14:51:36.574Z</time>
      </trkpt>
      <trkpt lat="31.841226950308936" lon="35.016613903603485">
        <ele>0</ele>
        <time>2026-02-26T14:51:37.574Z</time>
      </trkpt>
      <trkpt lat="31.841226950308936" lon="35.016613903603485">
        <ele>0</ele>
        <time>2026-02-26T14:51:38.574Z</time>
      </trkpt>
      <trkpt lat="31.841226950308936" lon="35.016613903603485">
        <ele>0</ele>
        <time>2026-02-26T14:51:39.574Z</time>
      </trkpt>
      <trkpt lat="31.841226950308936" lon="35.016613903603485">
        <ele>317.5</ele>
        <time>2026-02-26T14:51:40.574Z</time>
      </trkpt>
      <trkpt lat="31.841304205531642" lon="35.0155605082424">
        <ele>325</ele>
        <time>2026-02-26T14:51:41.574Z</time>
      </trkpt>
      <trkpt lat="31.841304205531642" lon="35.0155605082424">
        <ele>0</ele>
        <time>2026-02-26T14:51:42.574Z</time>
      </trkpt>
      <trkpt lat="31.841304205531642" lon="35.0155605082424">
        <ele>0</ele>
        <time>2026-02-26T14:51:43.574Z</time>
      </trkpt>
      <trkpt lat="31.841304205531642" lon="35.0155605082424">
        <ele>0</ele>
        <time>2026-02-26T14:51:44.574Z</time>
      </trkpt>
      <trkpt lat="31.841304205531642" lon="35.0155605082424">
        <ele>0</ele>
        <time>2026-02-26T14:51:45.574Z</time>
      </trkpt>
      <trkpt lat="31.841304205531642" lon="35.0155605082424">
        <ele>0</ele>
        <time>2026-02-26T14:51:46.574Z</time>
      </trkpt>
      <trkpt lat="31.841304205531642" lon="35.0155605082424">
        <ele>325</ele>
        <time>2026-02-26T14:51:47.574Z</time>
      </trkpt>
      <trkpt lat="31.84140077446979" lon="35.01499970783479">
        <ele>330</ele>
        <time>2026-02-26T14:51:48.574Z</time>
      </trkpt>
      <trkpt lat="31.84140077446979" lon="35.01499970783479">
        <ele>0</ele>
        <time>2026-02-26T14:51:49.574Z</time>
      </trkpt>
      <trkpt lat="31.84140077446979" lon="35.01499970783479">
        <ele>0</ele>
        <time>2026-02-26T14:51:50.574Z</time>
      </trkpt>
      <trkpt lat="31.84140077446979" lon="35.01499970783479">
        <ele>0</ele>
        <time>2026-02-26T14:51:51.574Z</time>
      </trkpt>
      <trkpt lat="31.84140077446979" lon="35.01499970783479">
        <ele>0</ele>
        <time>2026-02-26T14:51:52.574Z</time>
      </trkpt>
      <trkpt lat="31.84140077446979" lon="35.01499970783479">
        <ele>0</ele>
        <time>2026-02-26T14:51:53.574Z</time>
      </trkpt>
      <trkpt lat="31.84140077446979" lon="35.01499970783479">
        <ele>330</ele>
        <time>2026-02-26T14:51:54.574Z</time>
      </trkpt>
      <trkpt lat="31.841606787865373" lon="35.014560161568056">
        <ele>335</ele>
        <time>2026-02-26T14:51:55.574Z</time>
      </trkpt>
      <trkpt lat="31.841606787865373" lon="35.014560161568056">
        <ele>0</ele>
        <time>2026-02-26T14:51:56.574Z</time>
      </trkpt>
      <trkpt lat="31.841606787865373" lon="35.014560161568056">
        <ele>0</ele>
        <time>2026-02-26T14:51:57.574Z</time>
      </trkpt>
      <trkpt lat="31.841606787865373" lon="35.014560161568056">
        <ele>0</ele>
        <time>2026-02-26T14:51:58.574Z</time>
      </trkpt>
      <trkpt lat="31.841606787865373" lon="35.014560161568056">
        <ele>0</ele>
        <time>2026-02-26T14:51:59.574Z</time>
      </trkpt>
      <trkpt lat="31.841606787865373" lon="35.014560161568056">
        <ele>0</ele>
        <time>2026-02-26T14:52:00.574Z</time>
      </trkpt>
      <trkpt lat="31.841606787865373" lon="35.014560161568056">
        <ele>335</ele>
        <time>2026-02-26T14:52:01.574Z</time>
      </trkpt>
      <trkpt lat="31.841677604864017" lon="35.014499534497645">
        <ele>335</ele>
        <time>2026-02-26T14:52:02.574Z</time>
      </trkpt>
      <trkpt lat="31.841677604864017" lon="35.014499534497645">
        <ele>0</ele>
        <time>2026-02-26T14:52:03.574Z</time>
      </trkpt>
      <trkpt lat="31.841677604864017" lon="35.014499534497645">
        <ele>0</ele>
        <time>2026-02-26T14:52:04.574Z</time>
      </trkpt>
      <trkpt lat="31.841677604864017" lon="35.014499534497645">
        <ele>0</ele>
        <time>2026-02-26T14:52:05.574Z</time>
      </trkpt>
      <trkpt lat="31.841677604864017" lon="35.014499534497645">
        <ele>0</ele>
        <time>2026-02-26T14:52:06.574Z</time>
      </trkpt>
      <trkpt lat="31.841677604864017" lon="35.014499534497645">
        <ele>0</ele>
        <time>2026-02-26T14:52:07.574Z</time>
      </trkpt>
      <trkpt lat="31.841677604864017" lon="35.014499534497645">
        <ele>335</ele>
        <time>2026-02-26T14:52:08.574Z</time>
      </trkpt>
      <trkpt lat="31.841767735509038" lon="35.014528856432776">
        <ele>328.5</ele>
        <time>2026-02-26T14:52:09.574Z</time>
      </trkpt>
      <trkpt lat="31.841767735509038" lon="35.014528856432776">
        <ele>0</ele>
        <time>2026-02-26T14:52:10.574Z</time>
      </trkpt>
      <trkpt lat="31.841767735509038" lon="35.014528856432776">
        <ele>0</ele>
        <time>2026-02-26T14:52:11.574Z</time>
      </trkpt>
      <trkpt lat="31.841767735509038" lon="35.014528856432776">
        <ele>0</ele>
        <time>2026-02-26T14:52:12.574Z</time>
      </trkpt>
      <trkpt lat="31.841767735509038" lon="35.014528856432776">
        <ele>0</ele>
        <time>2026-02-26T14:52:13.574Z</time>
      </trkpt>
      <trkpt lat="31.841767735509038" lon="35.014528856432776">
        <ele>0</ele>
        <time>2026-02-26T14:52:14.574Z</time>
      </trkpt>
      <trkpt lat="31.841767735509038" lon="35.014528856432776">
        <ele>328.5</ele>
        <time>2026-02-26T14:52:15.574Z</time>
      </trkpt>
      <trkpt lat="31.841922244984787" lon="35.01462737542283">
        <ele>322</ele>
        <time>2026-02-26T14:52:16.574Z</time>
      </trkpt>
      <trkpt lat="31.841922244984787" lon="35.01462737542283">
        <ele>0</ele>
        <time>2026-02-26T14:52:17.574Z</time>
      </trkpt>
      <trkpt lat="31.841922244984787" lon="35.01462737542283">
        <ele>0</ele>
        <time>2026-02-26T14:52:18.574Z</time>
      </trkpt>
      <trkpt lat="31.841922244984787" lon="35.01462737542283">
        <ele>0</ele>
        <time>2026-02-26T14:52:19.574Z</time>
      </trkpt>
      <trkpt lat="31.841922244984787" lon="35.01462737542283">
        <ele>0</ele>
        <time>2026-02-26T14:52:20.574Z</time>
      </trkpt>
      <trkpt lat="31.841922244984787" lon="35.01462737542283">
        <ele>0</ele>
        <time>2026-02-26T14:52:21.574Z</time>
      </trkpt>
      <trkpt lat="31.841922244984787" lon="35.01462737542283">
        <ele>322</ele>
        <time>2026-02-26T14:52:22.574Z</time>
      </trkpt>
      <trkpt lat="31.84225701462759" lon="35.01408931016604">
        <ele>328.5</ele>
        <time>2026-02-26T14:52:23.574Z</time>
      </trkpt>
      <trkpt lat="31.84225701462759" lon="35.01408931016604">
        <ele>0</ele>
        <time>2026-02-26T14:52:24.574Z</time>
      </trkpt>
      <trkpt lat="31.84225701462759" lon="35.01408931016604">
        <ele>0</ele>
        <time>2026-02-26T14:52:25.574Z</time>
      </trkpt>
      <trkpt lat="31.84225701462759" lon="35.01408931016604">
        <ele>0</ele>
        <time>2026-02-26T14:52:26.574Z</time>
      </trkpt>
      <trkpt lat="31.84225701462759" lon="35.01408931016604">
        <ele>0</ele>
        <time>2026-02-26T14:52:27.574Z</time>
      </trkpt>
      <trkpt lat="31.84225701462759" lon="35.01408931016604">
        <ele>0</ele>
        <time>2026-02-26T14:52:28.574Z</time>
      </trkpt>
      <trkpt lat="31.84225701462759" lon="35.01408931016604">
        <ele>328.5</ele>
        <time>2026-02-26T14:52:29.574Z</time>
      </trkpt>
      <trkpt lat="31.84264972362152" lon="35.013907428953104">
        <ele>330.5</ele>
        <time>2026-02-26T14:52:30.574Z</time>
      </trkpt>
      <trkpt lat="31.84264972362152" lon="35.013907428953104">
        <ele>0</ele>
        <time>2026-02-26T14:52:31.574Z</time>
      </trkpt>
      <trkpt lat="31.84264972362152" lon="35.013907428953104">
        <ele>0</ele>
        <time>2026-02-26T14:52:32.574Z</time>
      </trkpt>
      <trkpt lat="31.84264972362152" lon="35.013907428953104">
        <ele>0</ele>
        <time>2026-02-26T14:52:33.574Z</time>
      </trkpt>
      <trkpt lat="31.84264972362152" lon="35.013907428953104">
        <ele>0</ele>
        <time>2026-02-26T14:52:34.574Z</time>
      </trkpt>
      <trkpt lat="31.84264972362152" lon="35.013907428953104">
        <ele>0</ele>
        <time>2026-02-26T14:52:35.574Z</time>
      </trkpt>
      <trkpt lat="31.84264972362152" lon="35.013907428953104">
        <ele>330.5</ele>
        <time>2026-02-26T14:52:36.574Z</time>
      </trkpt>
      <trkpt lat="31.84286217205269" lon="35.01394532087278">
        <ele>326</ele>
        <time>2026-02-26T14:52:37.574Z</time>
      </trkpt>
      <trkpt lat="31.84286217205269" lon="35.01394532087278">
        <ele>0</ele>
        <time>2026-02-26T14:52:38.574Z</time>
      </trkpt>
      <trkpt lat="31.84286217205269" lon="35.01394532087278">
        <ele>0</ele>
        <time>2026-02-26T14:52:39.574Z</time>
      </trkpt>
      <trkpt lat="31.84286217205269" lon="35.01394532087278">
        <ele>0</ele>
        <time>2026-02-26T14:52:40.574Z</time>
      </trkpt>
      <trkpt lat="31.84286217205269" lon="35.01394532087278">
        <ele>0</ele>
        <time>2026-02-26T14:52:41.574Z</time>
      </trkpt>
      <trkpt lat="31.84286217205269" lon="35.01394532087278">
        <ele>0</ele>
        <time>2026-02-26T14:52:42.574Z</time>
      </trkpt>
      <trkpt lat="31.84286217205269" lon="35.01394532087278">
        <ele>326</ele>
        <time>2026-02-26T14:52:43.574Z</time>
      </trkpt>
      <trkpt lat="31.843106809034197" lon="35.01400594794313">
        <ele>326</ele>
        <time>2026-02-26T14:52:44.574Z</time>
      </trkpt>
      <trkpt lat="31.843106809034197" lon="35.01400594794313">
        <ele>0</ele>
        <time>2026-02-26T14:52:45.574Z</time>
      </trkpt>
      <trkpt lat="31.843106809034197" lon="35.01400594794313">
        <ele>0</ele>
        <time>2026-02-26T14:52:46.574Z</time>
      </trkpt>
      <trkpt lat="31.843106809034197" lon="35.01400594794313">
        <ele>0</ele>
        <time>2026-02-26T14:52:47.574Z</time>
      </trkpt>
      <trkpt lat="31.843106809034197" lon="35.01400594794313">
        <ele>0</ele>
        <time>2026-02-26T14:52:48.574Z</time>
      </trkpt>
      <trkpt lat="31.843106809034197" lon="35.01400594794313">
        <ele>0</ele>
        <time>2026-02-26T14:52:49.574Z</time>
      </trkpt>
      <trkpt lat="31.843106809034197" lon="35.01400594794313">
        <ele>326</ele>
        <time>2026-02-26T14:52:50.574Z</time>
      </trkpt>
      <trkpt lat="31.843299943034964" lon="35.013937742489134">
        <ele>322</ele>
        <time>2026-02-26T14:52:51.574Z</time>
      </trkpt>
      <trkpt lat="31.843299943034964" lon="35.013937742489134">
        <ele>0</ele>
        <time>2026-02-26T14:52:52.574Z</time>
      </trkpt>
      <trkpt lat="31.843299943034964" lon="35.013937742489134">
        <ele>0</ele>
        <time>2026-02-26T14:52:53.574Z</time>
      </trkpt>
      <trkpt lat="31.843299943034964" lon="35.013937742489134">
        <ele>0</ele>
        <time>2026-02-26T14:52:54.574Z</time>
      </trkpt>
      <trkpt lat="31.843299943034964" lon="35.013937742489134">
        <ele>0</ele>
        <time>2026-02-26T14:52:55.574Z</time>
      </trkpt>
      <trkpt lat="31.843299943034964" lon="35.013937742489134">
        <ele>0</ele>
        <time>2026-02-26T14:52:56.574Z</time>
      </trkpt>
      <trkpt lat="31.843299943034964" lon="35.013937742489134">
        <ele>322</ele>
        <time>2026-02-26T14:52:57.574Z</time>
      </trkpt>
      <trkpt lat="31.84373771193914" lon="35.013513352991225">
        <ele>317.5</ele>
        <time>2026-02-26T14:52:58.574Z</time>
      </trkpt>
      <trkpt lat="31.84373771193914" lon="35.013513352991225">
        <ele>0</ele>
        <time>2026-02-26T14:52:59.574Z</time>
      </trkpt>
      <trkpt lat="31.84373771193914" lon="35.013513352991225">
        <ele>0</ele>
        <time>2026-02-26T14:53:00.574Z</time>
      </trkpt>
      <trkpt lat="31.84373771193914" lon="35.013513352991225">
        <ele>0</ele>
        <time>2026-02-26T14:53:01.574Z</time>
      </trkpt>
      <trkpt lat="31.84373771193914" lon="35.013513352991225">
        <ele>0</ele>
        <time>2026-02-26T14:53:02.574Z</time>
      </trkpt>
      <trkpt lat="31.84373771193914" lon="35.013513352991225">
        <ele>0</ele>
        <time>2026-02-26T14:53:03.574Z</time>
      </trkpt>
      <trkpt lat="31.84373771193914" lon="35.013513352991225">
        <ele>317.5</ele>
        <time>2026-02-26T14:53:04.574Z</time>
      </trkpt>
      <trkpt lat="31.8441626033012" lon="35.01311169864414">
        <ele>312.5</ele>
        <time>2026-02-26T14:53:05.574Z</time>
      </trkpt>
      <trkpt lat="31.8441626033012" lon="35.01311169864414">
        <ele>0</ele>
        <time>2026-02-26T14:53:06.574Z</time>
      </trkpt>
      <trkpt lat="31.8441626033012" lon="35.01311169864414">
        <ele>0</ele>
        <time>2026-02-26T14:53:07.574Z</time>
      </trkpt>
      <trkpt lat="31.8441626033012" lon="35.01311169864414">
        <ele>0</ele>
        <time>2026-02-26T14:53:08.574Z</time>
      </trkpt>
      <trkpt lat="31.8441626033012" lon="35.01311169864414">
        <ele>0</ele>
        <time>2026-02-26T14:53:09.574Z</time>
      </trkpt>
      <trkpt lat="31.8441626033012" lon="35.01311169864414">
        <ele>0</ele>
        <time>2026-02-26T14:53:10.574Z</time>
      </trkpt>
      <trkpt lat="31.8441626033012" lon="35.01311169864414">
        <ele>312.5</ele>
        <time>2026-02-26T14:53:11.574Z</time>
      </trkpt>
      <trkpt lat="31.84446756218496" lon="35.012792452562735">
        <ele>308</ele>
        <time>2026-02-26T14:53:12.574Z</time>
      </trkpt>
      <trkpt lat="31.84446756218496" lon="35.012792452562735">
        <ele>0</ele>
        <time>2026-02-26T14:53:13.574Z</time>
      </trkpt>
      <trkpt lat="31.84446756218496" lon="35.012792452562735">
        <ele>0</ele>
        <time>2026-02-26T14:53:14.574Z</time>
      </trkpt>
      <trkpt lat="31.84446756218496" lon="35.012792452562735">
        <ele>0</ele>
        <time>2026-02-26T14:53:15.574Z</time>
      </trkpt>
      <trkpt lat="31.84446756218496" lon="35.012792452562735">
        <ele>0</ele>
        <time>2026-02-26T14:53:16.574Z</time>
      </trkpt>
      <trkpt lat="31.84446756218496" lon="35.012792452562735">
        <ele>0</ele>
        <time>2026-02-26T14:53:17.574Z</time>
      </trkpt>
      <trkpt lat="31.84446756218496" lon="35.012792452562735">
        <ele>308</ele>
        <time>2026-02-26T14:53:18.574Z</time>
      </trkpt>
      <trkpt lat="31.844416060476064" lon="35.01254236589415">
        <ele>308</ele>
        <time>2026-02-26T14:53:19.574Z</time>
      </trkpt>
      <trkpt lat="31.844416060476064" lon="35.01254236589415">
        <ele>0</ele>
        <time>2026-02-26T14:53:20.574Z</time>
      </trkpt>
      <trkpt lat="31.844416060476064" lon="35.01254236589415">
        <ele>0</ele>
        <time>2026-02-26T14:53:21.574Z</time>
      </trkpt>
      <trkpt lat="31.844416060476064" lon="35.01254236589415">
        <ele>0</ele>
        <time>2026-02-26T14:53:22.574Z</time>
      </trkpt>
      <trkpt lat="31.844416060476064" lon="35.01254236589415">
        <ele>0</ele>
        <time>2026-02-26T14:53:23.574Z</time>
      </trkpt>
      <trkpt lat="31.844416060476064" lon="35.01254236589415">
        <ele>0</ele>
        <time>2026-02-26T14:53:24.574Z</time>
      </trkpt>
      <trkpt lat="31.844416060476064" lon="35.01254236589415">
        <ele>308</ele>
        <time>2026-02-26T14:53:25.574Z</time>
      </trkpt>
      <trkpt lat="31.844280868354105" lon="35.01223165215353">
        <ele>308</ele>
        <time>2026-02-26T14:53:26.574Z</time>
      </trkpt>
      <trkpt lat="31.844280868354105" lon="35.01223165215353">
        <ele>0</ele>
        <time>2026-02-26T14:53:27.574Z</time>
      </trkpt>
      <trkpt lat="31.844280868354105" lon="35.01223165215353">
        <ele>0</ele>
        <time>2026-02-26T14:53:28.574Z</time>
      </trkpt>
      <trkpt lat="31.844280868354105" lon="35.01223165215353">
        <ele>0</ele>
        <time>2026-02-26T14:53:29.574Z</time>
      </trkpt>
      <trkpt lat="31.844280868354105" lon="35.01223165215353">
        <ele>0</ele>
        <time>2026-02-26T14:53:30.574Z</time>
      </trkpt>
      <trkpt lat="31.844280868354105" lon="35.01223165215353">
        <ele>0</ele>
        <time>2026-02-26T14:53:31.574Z</time>
      </trkpt>
      <trkpt lat="31.844280868354105" lon="35.01223165215353">
        <ele>308</ele>
        <time>2026-02-26T14:53:32.574Z</time>
      </trkpt>
      <trkpt lat="31.843939668275127" lon="35.01254994420768">
        <ele>317</ele>
        <time>2026-02-26T14:53:33.574Z</time>
      </trkpt>
      <trkpt lat="31.843939668275127" lon="35.01254994420768">
        <ele>0</ele>
        <time>2026-02-26T14:53:34.574Z</time>
      </trkpt>
      <trkpt lat="31.843939668275127" lon="35.01254994420768">
        <ele>0</ele>
        <time>2026-02-26T14:53:35.574Z</time>
      </trkpt>
      <trkpt lat="31.843939668275127" lon="35.01254994420768">
        <ele>0</ele>
        <time>2026-02-26T14:53:36.574Z</time>
      </trkpt>
      <trkpt lat="31.843939668275127" lon="35.01254994420768">
        <ele>0</ele>
        <time>2026-02-26T14:53:37.574Z</time>
      </trkpt>
      <trkpt lat="31.843939668275127" lon="35.01254994420768">
        <ele>0</ele>
        <time>2026-02-26T14:53:38.574Z</time>
      </trkpt>
      <trkpt lat="31.843939668275127" lon="35.01254994420768">
        <ele>317</ele>
        <time>2026-02-26T14:53:39.574Z</time>
      </trkpt>
      <trkpt lat="31.843495462549427" lon="35.01270151188618">
        <ele>317</ele>
        <time>2026-02-26T14:53:40.574Z</time>
      </trkpt>
      <trkpt lat="31.843495462549427" lon="35.01270151188618">
        <ele>0</ele>
        <time>2026-02-26T14:53:41.574Z</time>
      </trkpt>
      <trkpt lat="31.843495462549427" lon="35.01270151188618">
        <ele>0</ele>
        <time>2026-02-26T14:53:42.574Z</time>
      </trkpt>
      <trkpt lat="31.843495462549427" lon="35.01270151188618">
        <ele>0</ele>
        <time>2026-02-26T14:53:43.574Z</time>
      </trkpt>
      <trkpt lat="31.843495462549427" lon="35.01270151188618">
        <ele>0</ele>
        <time>2026-02-26T14:53:44.574Z</time>
      </trkpt>
      <trkpt lat="31.843495462549427" lon="35.01270151188618">
        <ele>0</ele>
        <time>2026-02-26T14:53:45.574Z</time>
      </trkpt>
      <trkpt lat="31.843495462549427" lon="35.01270151188618">
        <ele>317</ele>
        <time>2026-02-26T14:53:46.574Z</time>
      </trkpt>
      <trkpt lat="31.84315425959764" lon="35.01266361996653">
        <ele>321</ele>
        <time>2026-02-26T14:53:47.574Z</time>
      </trkpt>
      <trkpt lat="31.84315425959764" lon="35.01266361996653">
        <ele>0</ele>
        <time>2026-02-26T14:53:48.574Z</time>
      </trkpt>
      <trkpt lat="31.84315425959764" lon="35.01266361996653">
        <ele>0</ele>
        <time>2026-02-26T14:53:49.574Z</time>
      </trkpt>
      <trkpt lat="31.84315425959764" lon="35.01266361996653">
        <ele>0</ele>
        <time>2026-02-26T14:53:50.574Z</time>
      </trkpt>
      <trkpt lat="31.84315425959764" lon="35.01266361996653">
        <ele>0</ele>
        <time>2026-02-26T14:53:51.574Z</time>
      </trkpt>
      <trkpt lat="31.84315425959764" lon="35.01266361996653">
        <ele>0</ele>
        <time>2026-02-26T14:53:52.574Z</time>
      </trkpt>
      <trkpt lat="31.84315425959764" lon="35.01266361996653">
        <ele>321</ele>
        <time>2026-02-26T14:53:53.574Z</time>
      </trkpt>
      <trkpt lat="31.842890309278474" lon="35.012587836127295">
        <ele>325</ele>
        <time>2026-02-26T14:53:54.574Z</time>
      </trkpt>
      <trkpt lat="31.842890309278474" lon="35.012587836127295">
        <ele>0</ele>
        <time>2026-02-26T14:53:55.574Z</time>
      </trkpt>
      <trkpt lat="31.842890309278474" lon="35.012587836127295">
        <ele>0</ele>
        <time>2026-02-26T14:53:56.574Z</time>
      </trkpt>
      <trkpt lat="31.842890309278474" lon="35.012587836127295">
        <ele>0</ele>
        <time>2026-02-26T14:53:57.574Z</time>
      </trkpt>
      <trkpt lat="31.842890309278474" lon="35.012587836127295">
        <ele>0</ele>
        <time>2026-02-26T14:53:58.574Z</time>
      </trkpt>
      <trkpt lat="31.842890309278474" lon="35.012587836127295">
        <ele>0</ele>
        <time>2026-02-26T14:53:59.574Z</time>
      </trkpt>
      <trkpt lat="31.842890309278474" lon="35.012587836127295">
        <ele>325</ele>
        <time>2026-02-26T14:54:00.574Z</time>
      </trkpt>
      <trkpt lat="31.8426070446813" lon="35.01280760925982">
        <ele>332</ele>
        <time>2026-02-26T14:54:01.574Z</time>
      </trkpt>
      <trkpt lat="31.8426070446813" lon="35.01280760925982">
        <ele>0</ele>
        <time>2026-02-26T14:54:02.574Z</time>
      </trkpt>
      <trkpt lat="31.8426070446813" lon="35.01280760925982">
        <ele>0</ele>
        <time>2026-02-26T14:54:03.574Z</time>
      </trkpt>
      <trkpt lat="31.8426070446813" lon="35.01280760925982">
        <ele>0</ele>
        <time>2026-02-26T14:54:04.574Z</time>
      </trkpt>
      <trkpt lat="31.8426070446813" lon="35.01280760925982">
        <ele>0</ele>
        <time>2026-02-26T14:54:05.574Z</time>
      </trkpt>
      <trkpt lat="31.8426070446813" lon="35.01280760925982">
        <ele>0</ele>
        <time>2026-02-26T14:54:06.574Z</time>
      </trkpt>
      <trkpt lat="31.8426070446813" lon="35.01280760925982">
        <ele>332</ele>
        <time>2026-02-26T14:54:07.574Z</time>
      </trkpt>
      <trkpt lat="31.842289103924614" lon="35.0132273467575">
        <ele>341.5</ele>
        <time>2026-02-26T14:54:08.574Z</time>
      </trkpt>
      <trkpt lat="31.842289103924614" lon="35.0132273467575">
        <ele>0</ele>
        <time>2026-02-26T14:54:09.574Z</time>
      </trkpt>
      <trkpt lat="31.842289103924614" lon="35.0132273467575">
        <ele>0</ele>
        <time>2026-02-26T14:54:10.574Z</time>
      </trkpt>
      <trkpt lat="31.842289103924614" lon="35.0132273467575">
        <ele>0</ele>
        <time>2026-02-26T14:54:11.574Z</time>
      </trkpt>
      <trkpt lat="31.842289103924614" lon="35.0132273467575">
        <ele>0</ele>
        <time>2026-02-26T14:54:12.574Z</time>
      </trkpt>
      <trkpt lat="31.842289103924614" lon="35.0132273467575">
        <ele>0</ele>
        <time>2026-02-26T14:54:13.574Z</time>
      </trkpt>
      <trkpt lat="31.842289103924614" lon="35.0132273467575">
        <ele>341.5</ele>
        <time>2026-02-26T14:54:14.574Z</time>
      </trkpt>
      <trkpt lat="31.841909269177407" lon="35.01335617928362">
        <ele>341.5</ele>
        <time>2026-02-26T14:54:15.574Z</time>
      </trkpt>
      <trkpt lat="31.841909269177407" lon="35.01335617928362">
        <ele>0</ele>
        <time>2026-02-26T14:54:16.574Z</time>
      </trkpt>
      <trkpt lat="31.841909269177407" lon="35.01335617928362">
        <ele>0</ele>
        <time>2026-02-26T14:54:17.574Z</time>
      </trkpt>
      <trkpt lat="31.841909269177407" lon="35.01335617928362">
        <ele>0</ele>
        <time>2026-02-26T14:54:18.574Z</time>
      </trkpt>
      <trkpt lat="31.841909269177407" lon="35.01335617928362">
        <ele>0</ele>
        <time>2026-02-26T14:54:19.574Z</time>
      </trkpt>
      <trkpt lat="31.841909269177407" lon="35.01335617928362">
        <ele>0</ele>
        <time>2026-02-26T14:54:20.574Z</time>
      </trkpt>
      <trkpt lat="31.841909269177407" lon="35.01335617928362">
        <ele>341.5</ele>
        <time>2026-02-26T14:54:21.574Z</time>
      </trkpt>
      <trkpt lat="31.841683942740502" lon="35.013416806354">
        <ele>348.5</ele>
        <time>2026-02-26T14:54:22.574Z</time>
      </trkpt>
      <trkpt lat="31.841683942740502" lon="35.013416806354">
        <ele>0</ele>
        <time>2026-02-26T14:54:23.574Z</time>
      </trkpt>
      <trkpt lat="31.841683942740502" lon="35.013416806354">
        <ele>0</ele>
        <time>2026-02-26T14:54:24.574Z</time>
      </trkpt>
      <trkpt lat="31.841683942740502" lon="35.013416806354">
        <ele>0</ele>
        <time>2026-02-26T14:54:25.574Z</time>
      </trkpt>
      <trkpt lat="31.841683942740502" lon="35.013416806354">
        <ele>0</ele>
        <time>2026-02-26T14:54:26.574Z</time>
      </trkpt>
      <trkpt lat="31.841683942740502" lon="35.013416806354">
        <ele>0</ele>
        <time>2026-02-26T14:54:27.574Z</time>
      </trkpt>
      <trkpt lat="31.841683942740502" lon="35.013416806354">
        <ele>348.5</ele>
        <time>2026-02-26T14:54:28.574Z</time>
      </trkpt>
      <trkpt lat="31.84169038059764" lon="35.01319703317054">
        <ele>353</ele>
        <time>2026-02-26T14:54:29.574Z</time>
      </trkpt>
      <trkpt lat="31.84169038059764" lon="35.01319703317054">
        <ele>0</ele>
        <time>2026-02-26T14:54:30.574Z</time>
      </trkpt>
      <trkpt lat="31.84169038059764" lon="35.01319703317054">
        <ele>0</ele>
        <time>2026-02-26T14:54:31.574Z</time>
      </trkpt>
      <trkpt lat="31.84169038059764" lon="35.01319703317054">
        <ele>0</ele>
        <time>2026-02-26T14:54:32.574Z</time>
      </trkpt>
      <trkpt lat="31.84169038059764" lon="35.01319703317054">
        <ele>0</ele>
        <time>2026-02-26T14:54:33.574Z</time>
      </trkpt>
      <trkpt lat="31.84169038059764" lon="35.01319703317054">
        <ele>0</ele>
        <time>2026-02-26T14:54:34.574Z</time>
      </trkpt>
      <trkpt lat="31.84169038059764" lon="35.01319703317054">
        <ele>353</ele>
        <time>2026-02-26T14:54:35.574Z</time>
      </trkpt>
      <trkpt lat="31.841651753156086" lon="35.01288631943157">
        <ele>353</ele>
        <time>2026-02-26T14:54:36.574Z</time>
      </trkpt>
      <trkpt lat="31.841651753156086" lon="35.01288631943157">
        <ele>0</ele>
        <time>2026-02-26T14:54:37.574Z</time>
      </trkpt>
      <trkpt lat="31.841651753156086" lon="35.01288631943157">
        <ele>353</ele>
        <time>2026-02-26T14:54:38.574Z</time>
      </trkpt>
      <trkpt lat="31.841542537544882" lon="35.01271436574771">
        <ele>353</ele>
        <time>2026-02-26T14:54:39.574Z</time>
      </trkpt>
      <trkpt lat="31.841542537544882" lon="35.01271436574771">
        <ele>0</ele>
        <time>2026-02-26T14:54:40.574Z</time>
      </trkpt>
      <trkpt lat="31.841542537544882" lon="35.01271436574771">
        <ele>353</ele>
        <time>2026-02-26T14:54:41.574Z</time>
      </trkpt>
      <trkpt lat="31.841371472305937" lon="35.012233921013944">
        <ele>353</ele>
        <time>2026-02-26T14:54:42.574Z</time>
      </trkpt>
      <trkpt lat="31.841371472305937" lon="35.012233921013944">
        <ele>0</ele>
        <time>2026-02-26T14:54:43.574Z</time>
      </trkpt>
      <trkpt lat="31.84151011906478" lon="35.012522557004104">
        <ele>0</ele>
        <time>2026-02-26T14:54:44.574Z</time>
      </trkpt>
      <trkpt lat="31.84151011906478" lon="35.012522557004104">
        <ele>0</ele>
        <time>2026-02-26T14:54:45.574Z</time>
      </trkpt>
      <trkpt lat="31.84151011906478" lon="35.012522557004104">
        <ele>0</ele>
        <time>2026-02-26T14:54:46.574Z</time>
      </trkpt>
      <trkpt lat="31.84151011906478" lon="35.012522557004104">
        <ele>0</ele>
        <time>2026-02-26T14:54:47.574Z</time>
      </trkpt>
      <trkpt lat="31.84151011906478" lon="35.012522557004104">
        <ele>353</ele>
        <time>2026-02-26T14:54:48.574Z</time>
      </trkpt>
      <trkpt lat="31.841246164041607" lon="35.012045118819344">
        <ele>353</ele>
        <time>2026-02-26T14:54:49.574Z</time>
      </trkpt>
      <trkpt lat="31.841246164041607" lon="35.012045118819344">
        <ele>0</ele>
        <time>2026-02-26T14:54:50.574Z</time>
      </trkpt>
      <trkpt lat="31.841371472305937" lon="35.012233921013944">
        <ele>353</ele>
        <time>2026-02-26T14:54:51.574Z</time>
      </trkpt>
      <trkpt lat="31.84151011906478" lon="35.012522557004104">
        <ele>353</ele>
        <time>2026-02-26T14:54:52.574Z</time>
      </trkpt>
      <trkpt lat="31.84151011906478" lon="35.012522557004104">
        <ele>0</ele>
        <time>2026-02-26T14:54:53.574Z</time>
      </trkpt>
      <trkpt lat="31.841246164041607" lon="35.012045118819344">
        <ele>0</ele>
        <time>2026-02-26T14:54:54.574Z</time>
      </trkpt>
      <trkpt lat="31.841246164041607" lon="35.012045118819344">
        <ele>0</ele>
        <time>2026-02-26T14:54:55.574Z</time>
      </trkpt>
      <trkpt lat="31.841246164041607" lon="35.012045118819344">
        <ele>0</ele>
        <time>2026-02-26T14:54:56.574Z</time>
      </trkpt>
      <trkpt lat="31.841246164041607" lon="35.012045118819344">
        <ele>0</ele>
        <time>2026-02-26T14:54:57.574Z</time>
      </trkpt>
      <trkpt lat="31.841246164041607" lon="35.012045118819344">
        <ele>353</ele>
        <time>2026-02-26T14:54:58.574Z</time>
      </trkpt>
      <trkpt lat="31.841130281109628" lon="35.011688934775464">
        <ele>358</ele>
        <time>2026-02-26T14:54:59.574Z</time>
      </trkpt>
      <trkpt lat="31.841060000000002" lon="35.011680000000005">
        <ele>358</ele>
        <time>2026-02-26T14:55:00.574Z</time>
      </trkpt>
      <trkpt lat="31.841050000000003" lon="35.01189">
        <ele>353</ele>
        <time>2026-02-26T14:55:01.574Z</time>
      </trkpt>
      <trkpt lat="31.841070000000002" lon="35.01198">
        <ele>353</ele>
        <time>2026-02-26T14:55:02.574Z</time>
      </trkpt>
      <trkpt lat="31.841220000000003" lon="35.01209">
        <ele>353</ele>
        <time>2026-02-26T14:55:03.574Z</time>
      </trkpt>
      <trkpt lat="31.841330000000003" lon="35.01225">
        <ele>353</ele>
        <time>2026-02-26T14:55:04.574Z</time>
      </trkpt>
      <trkpt lat="31.841480000000004" lon="35.01254">
        <ele>353</ele>
        <time>2026-02-26T14:55:05.574Z</time>
      </trkpt>
      <trkpt lat="31.84166" lon="35.01301">
        <ele>353</ele>
        <time>2026-02-26T14:55:06.574Z</time>
      </trkpt>
      <trkpt lat="31.84165" lon="35.01324">
        <ele>353</ele>
        <time>2026-02-26T14:55:07.574Z</time>
      </trkpt>
      <trkpt lat="31.841620000000002" lon="35.013490000000004">
        <ele>344</ele>
        <time>2026-02-26T14:55:08.574Z</time>
      </trkpt>
      <trkpt lat="31.84128" lon="35.014100000000006">
        <ele>344</ele>
        <time>2026-02-26T14:55:09.574Z</time>
      </trkpt>
      <trkpt lat="31.841140000000003" lon="35.01429">
        <ele>335</ele>
        <time>2026-02-26T14:55:10.574Z</time>
      </trkpt>
      <trkpt lat="31.841" lon="35.014540000000004">
        <ele>335</ele>
        <time>2026-02-26T14:55:11.574Z</time>
      </trkpt>
      <trkpt lat="31.840880000000002" lon="35.01489">
        <ele>350</ele>
        <time>2026-02-26T14:55:12.574Z</time>
      </trkpt>
      <trkpt lat="31.840830000000004" lon="35.01531">
        <ele>342</ele>
        <time>2026-02-26T14:55:13.574Z</time>
      </trkpt>
      <trkpt lat="31.840770000000003" lon="35.015510000000006">
        <ele>342</ele>
        <time>2026-02-26T14:55:14.574Z</time>
      </trkpt>
      <trkpt lat="31.840490000000003" lon="35.01606">
        <ele>338</ele>
        <time>2026-02-26T14:55:15.574Z</time>
      </trkpt>
      <trkpt lat="31.840220000000002" lon="35.01641">
        <ele>338</ele>
        <time>2026-02-26T14:55:16.574Z</time>
      </trkpt>
      <trkpt lat="31.840120000000002" lon="35.016580000000005">
        <ele>353</ele>
        <time>2026-02-26T14:55:17.574Z</time>
      </trkpt>
      <trkpt lat="31.839990000000004" lon="35.01711">
        <ele>347</ele>
        <time>2026-02-26T14:55:18.574Z</time>
      </trkpt>
      <trkpt lat="31.839920000000003" lon="35.017300000000006">
        <ele>347</ele>
        <time>2026-02-26T14:55:19.574Z</time>
      </trkpt>
      <trkpt lat="31.839720000000003" lon="35.0176">
        <ele>339</ele>
        <time>2026-02-26T14:55:20.574Z</time>
      </trkpt>
      <trkpt lat="31.839450000000003" lon="35.01794">
        <ele>339</ele>
        <time>2026-02-26T14:55:21.574Z</time>
      </trkpt>
      <trkpt lat="31.83939" lon="35.01805">
        <ele>339</ele>
        <time>2026-02-26T14:55:22.574Z</time>
      </trkpt>
      <trkpt lat="31.839290000000002" lon="35.018370000000004">
        <ele>340</ele>
        <time>2026-02-26T14:55:23.574Z</time>
      </trkpt>
      <trkpt lat="31.839260000000003" lon="35.018710000000006">
        <ele>340</ele>
        <time>2026-02-26T14:55:24.574Z</time>
      </trkpt>
      <trkpt lat="31.8392" lon="35.018950000000004">
        <ele>340</ele>
        <time>2026-02-26T14:55:25.574Z</time>
      </trkpt>
      <trkpt lat="31.83902" lon="35.01937">
        <ele>334</ele>
        <time>2026-02-26T14:55:26.574Z</time>
      </trkpt>
      <trkpt lat="31.83884" lon="35.01963">
        <ele>334</ele>
        <time>2026-02-26T14:55:27.574Z</time>
      </trkpt>
      <trkpt lat="31.838800000000003" lon="35.01971">
        <ele>334</ele>
        <time>2026-02-26T14:55:28.574Z</time>
      </trkpt>
      <trkpt lat="31.838710000000003" lon="35.019830000000006">
        <ele>334</ele>
        <time>2026-02-26T14:55:29.574Z</time>
      </trkpt>
      <trkpt lat="31.838390000000004" lon="35.01995">
        <ele>347</ele>
        <time>2026-02-26T14:55:30.574Z</time>
      </trkpt>
      <trkpt lat="31.838230000000003" lon="35.020030000000006">
        <ele>336</ele>
        <time>2026-02-26T14:55:31.574Z</time>
      </trkpt>
      <trkpt lat="31.83659" lon="35.02107">
        <ele>354</ele>
        <time>2026-02-26T14:55:32.574Z</time>
      </trkpt>
      <trkpt lat="31.836510000000004" lon="35.02109">
        <ele>354</ele>
        <time>2026-02-26T14:55:33.574Z</time>
      </trkpt>
      <trkpt lat="31.836370000000002" lon="35.02105">
        <ele>354</ele>
        <time>2026-02-26T14:55:34.574Z</time>
      </trkpt>
      <trkpt lat="31.836350000000003" lon="35.02087">
        <ele>354</ele>
        <time>2026-02-26T14:55:35.574Z</time>
      </trkpt>
      <trkpt lat="31.83639" lon="35.02046">
        <ele>362</ele>
        <time>2026-02-26T14:55:36.574Z</time>
      </trkpt>
      <trkpt lat="31.836370000000002" lon="35.020010000000006">
        <ele>362</ele>
        <time>2026-02-26T14:55:37.574Z</time>
      </trkpt>
      <trkpt lat="31.836460000000002" lon="35.019290000000005">
        <ele>371</ele>
        <time>2026-02-26T14:55:38.574Z</time>
      </trkpt>
      <trkpt lat="31.836510000000004" lon="35.01912">
        <ele>378</ele>
        <time>2026-02-26T14:55:39.574Z</time>
      </trkpt>
      <trkpt lat="31.836550000000003" lon="35.019020000000005">
        <ele>378</ele>
        <time>2026-02-26T14:55:40.574Z</time>
      </trkpt>
      <trkpt lat="31.836900000000004" lon="35.018530000000005">
        <ele>369</ele>
        <time>2026-02-26T14:55:41.574Z</time>
      </trkpt>
      <trkpt lat="31.837160000000004" lon="35.0182">
        <ele>377</ele>
        <time>2026-02-26T14:55:42.574Z</time>
      </trkpt>
      <trkpt lat="31.837280000000003" lon="35.018040000000006">
        <ele>377</ele>
        <time>2026-02-26T14:55:43.574Z</time>
      </trkpt>
      <trkpt lat="31.837670000000003" lon="35.01765">
        <ele>364</ele>
        <time>2026-02-26T14:55:44.574Z</time>
      </trkpt>
      <trkpt lat="31.838050000000003" lon="35.0172">
        <ele>374</ele>
        <time>2026-02-26T14:55:45.574Z</time>
      </trkpt>
      <trkpt lat="31.838400000000004" lon="35.016740000000006">
        <ele>374</ele>
        <time>2026-02-26T14:55:46.574Z</time>
      </trkpt>
      <trkpt lat="31.83845" lon="35.01655">
        <ele>375</ele>
        <time>2026-02-26T14:55:47.574Z</time>
      </trkpt>
      <trkpt lat="31.838420000000003" lon="35.016360000000006">
        <ele>375</ele>
        <time>2026-02-26T14:55:48.574Z</time>
      </trkpt>
      <trkpt lat="31.838290000000004" lon="35.01608">
        <ele>375</ele>
        <time>2026-02-26T14:55:49.574Z</time>
      </trkpt>
      <trkpt lat="31.838240000000003" lon="35.01603">
        <ele>375</ele>
        <time>2026-02-26T14:55:50.574Z</time>
      </trkpt>
      <trkpt lat="31.838120000000004" lon="35.015840000000004">
        <ele>375</ele>
        <time>2026-02-26T14:55:51.574Z</time>
      </trkpt>
      <trkpt lat="31.838030000000003" lon="35.01574">
        <ele>373</ele>
        <time>2026-02-26T14:55:52.574Z</time>
      </trkpt>
      <trkpt lat="31.837970000000002" lon="35.015710000000006">
        <ele>373</ele>
        <time>2026-02-26T14:55:53.574Z</time>
      </trkpt>
      <trkpt lat="31.837790000000002" lon="35.015350000000005">
        <ele>373</ele>
        <time>2026-02-26T14:55:54.574Z</time>
      </trkpt>
      <trkpt lat="31.83772" lon="35.015150000000006">
        <ele>373</ele>
        <time>2026-02-26T14:55:55.574Z</time>
      </trkpt>
      <trkpt lat="31.837570000000003" lon="35.012890000000006">
        <ele>350.5</ele>
        <time>2026-02-26T14:55:56.574Z</time>
      </trkpt>
      <trkpt lat="31.837570000000003" lon="35.012890000000006">
        <ele>350.5</ele>
        <time>2026-02-26T14:55:57.574Z</time>
      </trkpt>
      <trkpt lat="31.837380000000003" lon="35.010740000000006">
        <ele>344</ele>
        <time>2026-02-26T14:55:58.574Z</time>
      </trkpt>
      <trkpt lat="31.837550000000004" lon="35.01126">
        <ele>348</ele>
        <time>2026-02-26T14:55:59.574Z</time>
      </trkpt>
      <trkpt lat="31.837690000000002" lon="35.01147">
        <ele>352</ele>
        <time>2026-02-26T14:56:00.574Z</time>
      </trkpt>
      <trkpt lat="31.837740000000004" lon="35.01149">
        <ele>352</ele>
        <time>2026-02-26T14:56:01.574Z</time>
      </trkpt>
      <trkpt lat="31.837790000000002" lon="35.011480000000006">
        <ele>352</ele>
        <time>2026-02-26T14:56:02.574Z</time>
      </trkpt>
      <trkpt lat="31.837830000000004" lon="35.01144">
        <ele>352</ele>
        <time>2026-02-26T14:56:03.574Z</time>
      </trkpt>
      <trkpt lat="31.837860000000003" lon="35.01137">
        <ele>352</ele>
        <time>2026-02-26T14:56:04.574Z</time>
      </trkpt>
      <trkpt lat="31.837870000000002" lon="35.0105">
        <ele>346</ele>
        <time>2026-02-26T14:56:05.574Z</time>
      </trkpt>
      <trkpt lat="31.838" lon="35.009710000000005">
        <ele>339</ele>
        <time>2026-02-26T14:56:06.574Z</time>
      </trkpt>
      <trkpt lat="31.838070000000002" lon="35.009420000000006">
        <ele>339</ele>
        <time>2026-02-26T14:56:07.574Z</time>
      </trkpt>
      <trkpt lat="31.838160000000002" lon="35.009170000000005">
        <ele>339</ele>
        <time>2026-02-26T14:56:08.574Z</time>
      </trkpt>
      <trkpt lat="31.838200000000004" lon="35.009">
        <ele>332</ele>
        <time>2026-02-26T14:56:09.574Z</time>
      </trkpt>
      <trkpt lat="31.83836" lon="35.008210000000005">
        <ele>324</ele>
        <time>2026-02-26T14:56:10.574Z</time>
      </trkpt>
      <trkpt lat="31.838510000000003" lon="35.007600000000004">
        <ele>330</ele>
        <time>2026-02-26T14:56:11.574Z</time>
      </trkpt>
      <trkpt lat="31.838670000000004" lon="35.0071">
        <ele>321</ele>
        <time>2026-02-26T14:56:12.574Z</time>
      </trkpt>
      <trkpt lat="31.83894" lon="35.006440000000005">
        <ele>310</ele>
        <time>2026-02-26T14:56:13.574Z</time>
      </trkpt>
      <trkpt lat="31.838960000000004" lon="35.00627">
        <ele>310</ele>
        <time>2026-02-26T14:56:14.574Z</time>
      </trkpt>
      <trkpt lat="31.838950000000004" lon="35.00582">
        <ele>302</ele>
        <time>2026-02-26T14:56:15.574Z</time>
      </trkpt>
      <trkpt lat="31.83893" lon="35.005630000000004">
        <ele>302</ele>
        <time>2026-02-26T14:56:16.574Z</time>
      </trkpt>
      <trkpt lat="31.83892" lon="35.005250000000004">
        <ele>302</ele>
        <time>2026-02-26T14:56:17.574Z</time>
      </trkpt>
      <trkpt lat="31.838950000000004" lon="35.00513">
        <ele>302</ele>
        <time>2026-02-26T14:56:18.574Z</time>
      </trkpt>
      <trkpt lat="31.839190000000002" lon="35.004470000000005">
        <ele>293</ele>
        <time>2026-02-26T14:56:19.574Z</time>
      </trkpt>
      <trkpt lat="31.839270000000003" lon="35.004340000000006">
        <ele>293</ele>
        <time>2026-02-26T14:56:20.574Z</time>
      </trkpt>
      <trkpt lat="31.839460000000003" lon="35.00412">
        <ele>289</ele>
        <time>2026-02-26T14:56:21.574Z</time>
      </trkpt>
      <trkpt lat="31.839740000000003" lon="35.00383">
        <ele>289</ele>
        <time>2026-02-26T14:56:22.574Z</time>
      </trkpt>
      <trkpt lat="31.839890000000004" lon="35.003710000000005">
        <ele>289</ele>
        <time>2026-02-26T14:56:23.574Z</time>
      </trkpt>
      <trkpt lat="31.839940000000002" lon="35.00368">
        <ele>289</ele>
        <time>2026-02-26T14:56:24.574Z</time>
      </trkpt>
      <trkpt lat="31.840090000000004" lon="35.00366">
        <ele>289</ele>
        <time>2026-02-26T14:56:25.574Z</time>
      </trkpt>
      <trkpt lat="31.840200000000003" lon="35.003690000000006">
        <ele>285</ele>
        <time>2026-02-26T14:56:26.574Z</time>
      </trkpt>
      <trkpt lat="31.840450000000004" lon="35.003800000000005">
        <ele>285</ele>
        <time>2026-02-26T14:56:27.574Z</time>
      </trkpt>
      <trkpt lat="31.840670000000003" lon="35.00386">
        <ele>285</ele>
        <time>2026-02-26T14:56:28.574Z</time>
      </trkpt>
      <trkpt lat="31.840750000000003" lon="35.003870000000006">
        <ele>285</ele>
        <time>2026-02-26T14:56:29.574Z</time>
      </trkpt>
      <trkpt lat="31.840960000000003" lon="35.003800000000005">
        <ele>291</ele>
        <time>2026-02-26T14:56:30.574Z</time>
      </trkpt>
      <trkpt lat="31.841030000000003" lon="35.003730000000004">
        <ele>291</ele>
        <time>2026-02-26T14:56:31.574Z</time>
      </trkpt>
      <trkpt lat="31.841060000000002" lon="35.00368">
        <ele>291</ele>
        <time>2026-02-26T14:56:32.574Z</time>
      </trkpt>
      <trkpt lat="31.84108" lon="35.003550000000004">
        <ele>291</ele>
        <time>2026-02-26T14:56:33.574Z</time>
      </trkpt>
      <trkpt lat="31.84108" lon="35.00332">
        <ele>284</ele>
        <time>2026-02-26T14:56:34.574Z</time>
      </trkpt>
      <trkpt lat="31.841010000000004" lon="35.002840000000006">
        <ele>284</ele>
        <time>2026-02-26T14:56:35.574Z</time>
      </trkpt>
      <trkpt lat="31.841" lon="35.0026">
        <ele>284</ele>
        <time>2026-02-26T14:56:36.574Z</time>
      </trkpt>
      <trkpt lat="31.841020000000004" lon="35.0024">
        <ele>278</ele>
        <time>2026-02-26T14:56:37.574Z</time>
      </trkpt>
      <trkpt lat="31.841060000000002" lon="35.002320000000005">
        <ele>278</ele>
        <time>2026-02-26T14:56:38.574Z</time>
      </trkpt>
      <trkpt lat="31.841160000000002" lon="35.00222">
        <ele>278</ele>
        <time>2026-02-26T14:56:39.574Z</time>
      </trkpt>
      <trkpt lat="31.841450000000002" lon="35.002010000000006">
        <ele>278</ele>
        <time>2026-02-26T14:56:40.574Z</time>
      </trkpt>
      <trkpt lat="31.841510000000003" lon="35.001940000000005">
        <ele>278</ele>
        <time>2026-02-26T14:56:41.574Z</time>
      </trkpt>
      <trkpt lat="31.841540000000002" lon="35.00186">
        <ele>278</ele>
        <time>2026-02-26T14:56:42.574Z</time>
      </trkpt>
      <trkpt lat="31.84155" lon="35.00179">
        <ele>278</ele>
        <time>2026-02-26T14:56:43.574Z</time>
      </trkpt>
      <trkpt lat="31.84155" lon="35.001630000000006">
        <ele>271</ele>
        <time>2026-02-26T14:56:44.574Z</time>
      </trkpt>
      <trkpt lat="31.841480000000004" lon="35.001310000000004">
        <ele>271</ele>
        <time>2026-02-26T14:56:45.574Z</time>
      </trkpt>
      <trkpt lat="31.841480000000004" lon="35.00121">
        <ele>271</ele>
        <time>2026-02-26T14:56:46.574Z</time>
      </trkpt>
      <trkpt lat="31.841510000000003" lon="35.001070000000006">
        <ele>271</ele>
        <time>2026-02-26T14:56:47.574Z</time>
      </trkpt>
      <trkpt lat="31.84155" lon="35.001000000000005">
        <ele>271</ele>
        <time>2026-02-26T14:56:48.574Z</time>
      </trkpt>
      <trkpt lat="31.841620000000002" lon="35.000910000000005">
        <ele>271</ele>
        <time>2026-02-26T14:56:49.574Z</time>
      </trkpt>
      <trkpt lat="31.84185" lon="35.00068">
        <ele>266</ele>
        <time>2026-02-26T14:56:50.574Z</time>
      </trkpt>
      <trkpt lat="31.84221" lon="35.000420000000005">
        <ele>266</ele>
        <time>2026-02-26T14:56:51.574Z</time>
      </trkpt>
      <trkpt lat="31.84232" lon="35.000400000000006">
        <ele>266</ele>
        <time>2026-02-26T14:56:52.574Z</time>
      </trkpt>
      <trkpt lat="31.842730000000003" lon="35.000400000000006">
        <ele>268</ele>
        <time>2026-02-26T14:56:53.574Z</time>
      </trkpt>
      <trkpt lat="31.842850000000002" lon="35.00036">
        <ele>268</ele>
        <time>2026-02-26T14:56:54.574Z</time>
      </trkpt>
      <trkpt lat="31.842950000000002" lon="35.00029">
        <ele>268</ele>
        <time>2026-02-26T14:56:55.574Z</time>
      </trkpt>
      <trkpt lat="31.842990000000004" lon="35.000220000000006">
        <ele>268</ele>
        <time>2026-02-26T14:56:56.574Z</time>
      </trkpt>
      <trkpt lat="31.843090000000004" lon="34.999950000000005">
        <ele>268</ele>
        <time>2026-02-26T14:56:57.574Z</time>
      </trkpt>
      <trkpt lat="31.843280000000004" lon="34.999230000000004">
        <ele>268</ele>
        <time>2026-02-26T14:56:58.574Z</time>
      </trkpt>
      <trkpt lat="31.843360000000004" lon="34.99882">
        <ele>263</ele>
        <time>2026-02-26T14:56:59.574Z</time>
      </trkpt>
      <trkpt lat="31.843390000000003" lon="34.998760000000004">
        <ele>263</ele>
        <time>2026-02-26T14:57:00.574Z</time>
      </trkpt>
      <trkpt lat="31.84344" lon="34.99869">
        <ele>263</ele>
        <time>2026-02-26T14:57:01.574Z</time>
      </trkpt>
      <trkpt lat="31.843490000000003" lon="34.99864">
        <ele>264</ele>
        <time>2026-02-26T14:57:02.574Z</time>
      </trkpt>
      <trkpt lat="31.843670000000003" lon="34.998540000000006">
        <ele>264</ele>
        <time>2026-02-26T14:57:03.574Z</time>
      </trkpt>
      <trkpt lat="31.844130000000003" lon="34.99835">
        <ele>264</ele>
        <time>2026-02-26T14:57:04.574Z</time>
      </trkpt>
      <trkpt lat="31.844330000000003" lon="34.99823">
        <ele>260</ele>
        <time>2026-02-26T14:57:05.574Z</time>
      </trkpt>
      <trkpt lat="31.844600000000003" lon="34.997910000000005">
        <ele>260</ele>
        <time>2026-02-26T14:57:06.574Z</time>
      </trkpt>
      <trkpt lat="31.844690000000003" lon="34.997690000000006">
        <ele>260</ele>
        <time>2026-02-26T14:57:07.574Z</time>
      </trkpt>
      <trkpt lat="31.844720000000002" lon="34.997550000000004">
        <ele>260</ele>
        <time>2026-02-26T14:57:08.574Z</time>
      </trkpt>
      <trkpt lat="31.844730000000002" lon="34.99738">
        <ele>249</ele>
        <time>2026-02-26T14:57:09.574Z</time>
      </trkpt>
      <trkpt lat="31.844680000000004" lon="34.99721">
        <ele>249</ele>
        <time>2026-02-26T14:57:10.574Z</time>
      </trkpt>
      <trkpt lat="31.844620000000003" lon="34.9971">
        <ele>249</ele>
        <time>2026-02-26T14:57:11.574Z</time>
      </trkpt>
      <trkpt lat="31.844510000000003" lon="34.996990000000004">
        <ele>249</ele>
        <time>2026-02-26T14:57:12.574Z</time>
      </trkpt>
      <trkpt lat="31.844040000000003" lon="34.99667">
        <ele>241</ele>
        <time>2026-02-26T14:57:13.574Z</time>
      </trkpt>
      <trkpt lat="31.84344" lon="34.99636">
        <ele>229</ele>
        <time>2026-02-26T14:57:14.574Z</time>
      </trkpt>
      <trkpt lat="31.843140000000002" lon="34.99617">
        <ele>229</ele>
        <time>2026-02-26T14:57:15.574Z</time>
      </trkpt>
      <trkpt lat="31.84297" lon="34.995990000000006">
        <ele>229</ele>
        <time>2026-02-26T14:57:16.574Z</time>
      </trkpt>
      <trkpt lat="31.84288" lon="34.995830000000005">
        <ele>222</ele>
        <time>2026-02-26T14:57:17.574Z</time>
      </trkpt>
      <trkpt lat="31.842800000000004" lon="34.9955">
        <ele>222</ele>
        <time>2026-02-26T14:57:18.574Z</time>
      </trkpt>
      <trkpt lat="31.842630000000003" lon="34.994670000000006">
        <ele>219</ele>
        <time>2026-02-26T14:57:19.574Z</time>
      </trkpt>
      <trkpt lat="31.8426" lon="34.99429">
        <ele>228</ele>
        <time>2026-02-26T14:57:20.574Z</time>
      </trkpt>
      <trkpt lat="31.842630000000003" lon="34.994080000000004">
        <ele>232</ele>
        <time>2026-02-26T14:57:21.574Z</time>
      </trkpt>
      <trkpt lat="31.842950000000002" lon="34.993320000000004">
        <ele>221</ele>
        <time>2026-02-26T14:57:22.574Z</time>
      </trkpt>
      <trkpt lat="31.842980000000004" lon="34.992990000000006">
        <ele>221</ele>
        <time>2026-02-26T14:57:23.574Z</time>
      </trkpt>
      <trkpt lat="31.84296" lon="34.99288">
        <ele>221</ele>
        <time>2026-02-26T14:57:24.574Z</time>
      </trkpt>
      <trkpt lat="31.842900000000004" lon="34.99277">
        <ele>221</ele>
        <time>2026-02-26T14:57:25.574Z</time>
      </trkpt>
      <trkpt lat="31.842800000000004" lon="34.992670000000004">
        <ele>221</ele>
        <time>2026-02-26T14:57:26.574Z</time>
      </trkpt>
      <trkpt lat="31.842660000000002" lon="34.99259">
        <ele>221</ele>
        <time>2026-02-26T14:57:27.574Z</time>
      </trkpt>
      <trkpt lat="31.84259" lon="34.99259">
        <ele>237</ele>
        <time>2026-02-26T14:57:28.574Z</time>
      </trkpt>
      <trkpt lat="31.842430000000004" lon="34.99268">
        <ele>237</ele>
        <time>2026-02-26T14:57:29.574Z</time>
      </trkpt>
      <trkpt lat="31.84232" lon="34.992810000000006">
        <ele>237</ele>
        <time>2026-02-26T14:57:30.574Z</time>
      </trkpt>
      <trkpt lat="31.84221" lon="34.99298">
        <ele>237</ele>
        <time>2026-02-26T14:57:31.574Z</time>
      </trkpt>
      <trkpt lat="31.841960000000004" lon="34.99353">
        <ele>232</ele>
        <time>2026-02-26T14:57:32.574Z</time>
      </trkpt>
      <trkpt lat="31.841880000000003" lon="34.993590000000005">
        <ele>232</ele>
        <time>2026-02-26T14:57:33.574Z</time>
      </trkpt>
      <trkpt lat="31.841800000000003" lon="34.9936">
        <ele>232</ele>
        <time>2026-02-26T14:57:34.574Z</time>
      </trkpt>
      <trkpt lat="31.841600000000003" lon="34.99349">
        <ele>247</ele>
        <time>2026-02-26T14:57:35.574Z</time>
      </trkpt>
      <trkpt lat="31.841780000000004" lon="34.993100000000005">
        <ele>247</ele>
        <time>2026-02-26T14:57:36.574Z</time>
      </trkpt>
      <trkpt lat="31.841890000000003" lon="34.99277">
        <ele>237</ele>
        <time>2026-02-26T14:57:37.574Z</time>
      </trkpt>
      <trkpt lat="31.841950000000004" lon="34.99255">
        <ele>237</ele>
        <time>2026-02-26T14:57:38.574Z</time>
      </trkpt>
      <trkpt lat="31.842000000000002" lon="34.99221">
        <ele>238</ele>
        <time>2026-02-26T14:57:39.574Z</time>
      </trkpt>
      <trkpt lat="31.842070000000003" lon="34.991890000000005">
        <ele>238</ele>
        <time>2026-02-26T14:57:40.574Z</time>
      </trkpt>
      <trkpt lat="31.842080000000003" lon="34.99184">
        <ele>238</ele>
        <time>2026-02-26T14:57:41.574Z</time>
      </trkpt>
      <trkpt lat="31.842370000000003" lon="34.991980000000005">
        <ele>238</ele>
        <time>2026-02-26T14:57:42.574Z</time>
      </trkpt>
      <trkpt lat="31.842430000000004" lon="34.991980000000005">
        <ele>238</ele>
        <time>2026-02-26T14:57:43.574Z</time>
      </trkpt>
      <trkpt lat="31.842460000000003" lon="34.991960000000006">
        <ele>238</ele>
        <time>2026-02-26T14:57:44.574Z</time>
      </trkpt>
      <trkpt lat="31.842560000000002" lon="34.991760000000006">
        <ele>238</ele>
        <time>2026-02-26T14:57:45.574Z</time>
      </trkpt>
      <trkpt lat="31.842550000000003" lon="34.99186">
        <ele>238</ele>
        <time>2026-02-26T14:57:46.574Z</time>
      </trkpt>
      <trkpt lat="31.84277" lon="34.99197">
        <ele>229</ele>
        <time>2026-02-26T14:57:47.574Z</time>
      </trkpt>
      <trkpt lat="31.843040000000002" lon="34.99195">
        <ele>229</ele>
        <time>2026-02-26T14:57:48.574Z</time>
      </trkpt>
      <trkpt lat="31.843270000000004" lon="34.99184">
        <ele>226</ele>
        <time>2026-02-26T14:57:49.574Z</time>
      </trkpt>
      <trkpt lat="31.843270000000004" lon="34.99184">
        <ele>226</ele>
        <time>2026-02-26T14:57:50.574Z</time>
      </trkpt>
      <trkpt lat="31.843040000000002" lon="34.99195">
        <ele>229</ele>
        <time>2026-02-26T14:57:51.574Z</time>
      </trkpt>
      <trkpt lat="31.84277" lon="34.99197">
        <ele>229</ele>
        <time>2026-02-26T14:57:52.574Z</time>
      </trkpt>
      <trkpt lat="31.842550000000003" lon="34.99186">
        <ele>238</ele>
        <time>2026-02-26T14:57:53.574Z</time>
      </trkpt>
      <trkpt lat="31.842560000000002" lon="34.991760000000006">
        <ele>238</ele>
        <time>2026-02-26T14:57:54.574Z</time>
      </trkpt>
      <trkpt lat="31.842460000000003" lon="34.991960000000006">
        <ele>238</ele>
        <time>2026-02-26T14:57:55.574Z</time>
      </trkpt>
      <trkpt lat="31.842430000000004" lon="34.991980000000005">
        <ele>238</ele>
        <time>2026-02-26T14:57:56.574Z</time>
      </trkpt>
      <trkpt lat="31.842370000000003" lon="34.991980000000005">
        <ele>238</ele>
        <time>2026-02-26T14:57:57.574Z</time>
      </trkpt>
      <trkpt lat="31.842080000000003" lon="34.99184">
        <ele>238</ele>
        <time>2026-02-26T14:57:58.574Z</time>
      </trkpt>
      <trkpt lat="31.841910000000002" lon="34.99232">
        <ele>238</ele>
        <time>2026-02-26T14:57:59.574Z</time>
      </trkpt>
      <trkpt lat="31.84175" lon="34.99284">
        <ele>247</ele>
        <time>2026-02-26T14:58:00.574Z</time>
      </trkpt>
      <trkpt lat="31.841530000000002" lon="34.99345">
        <ele>247</ele>
        <time>2026-02-26T14:58:01.574Z</time>
      </trkpt>
      <trkpt lat="31.841800000000003" lon="34.9936">
        <ele>232</ele>
        <time>2026-02-26T14:58:02.574Z</time>
      </trkpt>
      <trkpt lat="31.841880000000003" lon="34.993590000000005">
        <ele>232</ele>
        <time>2026-02-26T14:58:03.574Z</time>
      </trkpt>
      <trkpt lat="31.841960000000004" lon="34.99353">
        <ele>232</ele>
        <time>2026-02-26T14:58:04.574Z</time>
      </trkpt>
      <trkpt lat="31.84221" lon="34.99298">
        <ele>237</ele>
        <time>2026-02-26T14:58:05.574Z</time>
      </trkpt>
      <trkpt lat="31.84232" lon="34.992810000000006">
        <ele>237</ele>
        <time>2026-02-26T14:58:06.574Z</time>
      </trkpt>
      <trkpt lat="31.842430000000004" lon="34.99268">
        <ele>237</ele>
        <time>2026-02-26T14:58:07.574Z</time>
      </trkpt>
      <trkpt lat="31.84259" lon="34.99259">
        <ele>237</ele>
        <time>2026-02-26T14:58:08.574Z</time>
      </trkpt>
      <trkpt lat="31.842660000000002" lon="34.99259">
        <ele>221</ele>
        <time>2026-02-26T14:58:09.574Z</time>
      </trkpt>
      <trkpt lat="31.842800000000004" lon="34.992670000000004">
        <ele>221</ele>
        <time>2026-02-26T14:58:10.574Z</time>
      </trkpt>
      <trkpt lat="31.842900000000004" lon="34.99277">
        <ele>221</ele>
        <time>2026-02-26T14:58:11.574Z</time>
      </trkpt>
      <trkpt lat="31.84296" lon="34.99288">
        <ele>221</ele>
        <time>2026-02-26T14:58:12.574Z</time>
      </trkpt>
      <trkpt lat="31.842980000000004" lon="34.992990000000006">
        <ele>221</ele>
        <time>2026-02-26T14:58:13.574Z</time>
      </trkpt>
      <trkpt lat="31.842950000000002" lon="34.993320000000004">
        <ele>221</ele>
        <time>2026-02-26T14:58:14.574Z</time>
      </trkpt>
      <trkpt lat="31.842630000000003" lon="34.994080000000004">
        <ele>232</ele>
        <time>2026-02-26T14:58:15.574Z</time>
      </trkpt>
      <trkpt lat="31.8426" lon="34.99429">
        <ele>228</ele>
        <time>2026-02-26T14:58:16.574Z</time>
      </trkpt>
      <trkpt lat="31.842630000000003" lon="34.994670000000006">
        <ele>219</ele>
        <time>2026-02-26T14:58:17.574Z</time>
      </trkpt>
      <trkpt lat="31.842800000000004" lon="34.9955">
        <ele>222</ele>
        <time>2026-02-26T14:58:18.574Z</time>
      </trkpt>
      <trkpt lat="31.84288" lon="34.995830000000005">
        <ele>222</ele>
        <time>2026-02-26T14:58:19.574Z</time>
      </trkpt>
      <trkpt lat="31.84297" lon="34.995990000000006">
        <ele>229</ele>
        <time>2026-02-26T14:58:20.574Z</time>
      </trkpt>
      <trkpt lat="31.843140000000002" lon="34.99617">
        <ele>229</ele>
        <time>2026-02-26T14:58:21.574Z</time>
      </trkpt>
      <trkpt lat="31.84344" lon="34.99636">
        <ele>229</ele>
        <time>2026-02-26T14:58:22.574Z</time>
      </trkpt>
      <trkpt lat="31.844040000000003" lon="34.99667">
        <ele>241</ele>
        <time>2026-02-26T14:58:23.574Z</time>
      </trkpt>
      <trkpt lat="31.844510000000003" lon="34.996990000000004">
        <ele>249</ele>
        <time>2026-02-26T14:58:24.574Z</time>
      </trkpt>
      <trkpt lat="31.844620000000003" lon="34.9971">
        <ele>249</ele>
        <time>2026-02-26T14:58:25.574Z</time>
      </trkpt>
      <trkpt lat="31.844680000000004" lon="34.99721">
        <ele>249</ele>
        <time>2026-02-26T14:58:26.574Z</time>
      </trkpt>
      <trkpt lat="31.844920000000002" lon="34.9971">
        <ele>249</ele>
        <time>2026-02-26T14:58:27.574Z</time>
      </trkpt>
      <trkpt lat="31.84504" lon="34.997080000000004">
        <ele>249</ele>
        <time>2026-02-26T14:58:28.574Z</time>
      </trkpt>
      <trkpt lat="31.84522" lon="34.997150000000005">
        <ele>257</ele>
        <time>2026-02-26T14:58:29.574Z</time>
      </trkpt>
      <trkpt lat="31.845520000000004" lon="34.997370000000004">
        <ele>257</ele>
        <time>2026-02-26T14:58:30.574Z</time>
      </trkpt>
      <trkpt lat="31.845820000000003" lon="34.99766">
        <ele>265</ele>
        <time>2026-02-26T14:58:31.574Z</time>
      </trkpt>
      <trkpt lat="31.845800000000004" lon="34.99779">
        <ele>265</ele>
        <time>2026-02-26T14:58:32.574Z</time>
      </trkpt>
      <trkpt lat="31.845730000000003" lon="34.99794">
        <ele>265</ele>
        <time>2026-02-26T14:58:33.574Z</time>
      </trkpt>
      <trkpt lat="31.845280000000002" lon="34.99857">
        <ele>273</ele>
        <time>2026-02-26T14:58:34.574Z</time>
      </trkpt>
      <trkpt lat="31.845260000000003" lon="34.99864">
        <ele>273</ele>
        <time>2026-02-26T14:58:35.574Z</time>
      </trkpt>
      <trkpt lat="31.845270000000003" lon="34.99902">
        <ele>273</ele>
        <time>2026-02-26T14:58:36.574Z</time>
      </trkpt>
      <trkpt lat="31.845240000000004" lon="34.99911">
        <ele>273</ele>
        <time>2026-02-26T14:58:37.574Z</time>
      </trkpt>
      <trkpt lat="31.844880000000003" lon="34.99944">
        <ele>279</ele>
        <time>2026-02-26T14:58:38.574Z</time>
      </trkpt>
      <trkpt lat="31.844690000000003" lon="34.999590000000005">
        <ele>279</ele>
        <time>2026-02-26T14:58:39.574Z</time>
      </trkpt>
      <trkpt lat="31.844610000000003" lon="34.99969">
        <ele>279</ele>
        <time>2026-02-26T14:58:40.574Z</time>
      </trkpt>
      <trkpt lat="31.84438" lon="35.00054">
        <ele>279</ele>
        <time>2026-02-26T14:58:41.574Z</time>
      </trkpt>
      <trkpt lat="31.844310000000004" lon="35.00079">
        <ele>279</ele>
        <time>2026-02-26T14:58:42.574Z</time>
      </trkpt>
      <trkpt lat="31.84409" lon="35.001270000000005">
        <ele>282</ele>
        <time>2026-02-26T14:58:43.574Z</time>
      </trkpt>
      <trkpt lat="31.84399" lon="35.00142">
        <ele>282</ele>
        <time>2026-02-26T14:58:44.574Z</time>
      </trkpt>
      <trkpt lat="31.84353" lon="35.00169">
        <ele>294</ele>
        <time>2026-02-26T14:58:45.574Z</time>
      </trkpt>
      <trkpt lat="31.84316" lon="35.002050000000004">
        <ele>292</ele>
        <time>2026-02-26T14:58:46.574Z</time>
      </trkpt>
      <trkpt lat="31.843110000000003" lon="35.00213">
        <ele>292</ele>
        <time>2026-02-26T14:58:47.574Z</time>
      </trkpt>
      <trkpt lat="31.843100000000003" lon="35.002230000000004">
        <ele>292</ele>
        <time>2026-02-26T14:58:48.574Z</time>
      </trkpt>
      <trkpt lat="31.843290000000003" lon="35.00251">
        <ele>298</ele>
        <time>2026-02-26T14:58:49.574Z</time>
      </trkpt>
      <trkpt lat="31.843310000000002" lon="35.00264">
        <ele>298</ele>
        <time>2026-02-26T14:58:50.574Z</time>
      </trkpt>
      <trkpt lat="31.843310000000002" lon="35.002700000000004">
        <ele>298</ele>
        <time>2026-02-26T14:58:51.574Z</time>
      </trkpt>
      <trkpt lat="31.843260000000004" lon="35.00289">
        <ele>298</ele>
        <time>2026-02-26T14:58:52.574Z</time>
      </trkpt>
      <trkpt lat="31.843210000000003" lon="35.003">
        <ele>298</ele>
        <time>2026-02-26T14:58:53.574Z</time>
      </trkpt>
      <trkpt lat="31.843190000000003" lon="35.003080000000004">
        <ele>298</ele>
        <time>2026-02-26T14:58:54.574Z</time>
      </trkpt>
      <trkpt lat="31.843210000000003" lon="35.00316">
        <ele>298</ele>
        <time>2026-02-26T14:58:55.574Z</time>
      </trkpt>
      <trkpt lat="31.843270000000004" lon="35.003220000000006">
        <ele>298</ele>
        <time>2026-02-26T14:58:56.574Z</time>
      </trkpt>
      <trkpt lat="31.84334" lon="35.00323">
        <ele>298</ele>
        <time>2026-02-26T14:58:57.574Z</time>
      </trkpt>
      <trkpt lat="31.843470000000003" lon="35.003170000000004">
        <ele>304</ele>
        <time>2026-02-26T14:58:58.574Z</time>
      </trkpt>
      <trkpt lat="31.843660000000003" lon="35.00305">
        <ele>304</ele>
        <time>2026-02-26T14:58:59.574Z</time>
      </trkpt>
      <trkpt lat="31.84382" lon="35.00303">
        <ele>304</ele>
        <time>2026-02-26T14:59:00.574Z</time>
      </trkpt>
      <trkpt lat="31.8439" lon="35.00307">
        <ele>304</ele>
        <time>2026-02-26T14:59:01.574Z</time>
      </trkpt>
      <trkpt lat="31.843980000000002" lon="35.003150000000005">
        <ele>304</ele>
        <time>2026-02-26T14:59:02.574Z</time>
      </trkpt>
      <trkpt lat="31.844010000000004" lon="35.003240000000005">
        <ele>304</ele>
        <time>2026-02-26T14:59:03.574Z</time>
      </trkpt>
      <trkpt lat="31.844020000000004" lon="35.00332">
        <ele>304</ele>
        <time>2026-02-26T14:59:04.574Z</time>
      </trkpt>
      <trkpt lat="31.843960000000003" lon="35.00347">
        <ele>307</ele>
        <time>2026-02-26T14:59:05.574Z</time>
      </trkpt>
      <trkpt lat="31.843750000000004" lon="35.003690000000006">
        <ele>307</ele>
        <time>2026-02-26T14:59:06.574Z</time>
      </trkpt>
      <trkpt lat="31.843550000000004" lon="35.00424">
        <ele>312</ele>
        <time>2026-02-26T14:59:07.574Z</time>
      </trkpt>
      <trkpt lat="31.84352" lon="35.00437">
        <ele>312</ele>
        <time>2026-02-26T14:59:08.574Z</time>
      </trkpt>
      <trkpt lat="31.84352" lon="35.00451">
        <ele>312</ele>
        <time>2026-02-26T14:59:09.574Z</time>
      </trkpt>
      <trkpt lat="31.843570000000003" lon="35.00479">
        <ele>312</ele>
        <time>2026-02-26T14:59:10.574Z</time>
      </trkpt>
      <trkpt lat="31.84363" lon="35.005">
        <ele>317</ele>
        <time>2026-02-26T14:59:11.574Z</time>
      </trkpt>
      <trkpt lat="31.843700000000002" lon="35.00518">
        <ele>317</ele>
        <time>2026-02-26T14:59:12.574Z</time>
      </trkpt>
      <trkpt lat="31.8438" lon="35.005320000000005">
        <ele>317</ele>
        <time>2026-02-26T14:59:13.574Z</time>
      </trkpt>
      <trkpt lat="31.843940000000003" lon="35.00546">
        <ele>317</ele>
        <time>2026-02-26T14:59:14.574Z</time>
      </trkpt>
      <trkpt lat="31.844070000000002" lon="35.005570000000006">
        <ele>317</ele>
        <time>2026-02-26T14:59:15.574Z</time>
      </trkpt>
      <trkpt lat="31.84465" lon="35.005970000000005">
        <ele>322</ele>
        <time>2026-02-26T14:59:16.574Z</time>
      </trkpt>
      <trkpt lat="31.844820000000002" lon="35.00605">
        <ele>322</ele>
        <time>2026-02-26T14:59:17.574Z</time>
      </trkpt>
      <trkpt lat="31.84493" lon="35.00605">
        <ele>322</ele>
        <time>2026-02-26T14:59:18.574Z</time>
      </trkpt>
      <trkpt lat="31.845000000000002" lon="35.006080000000004">
        <ele>322</ele>
        <time>2026-02-26T14:59:19.574Z</time>
      </trkpt>
      <trkpt lat="31.84521" lon="35.00638">
        <ele>312</ele>
        <time>2026-02-26T14:59:20.574Z</time>
      </trkpt>
      <trkpt lat="31.845340000000004" lon="35.00665">
        <ele>312</ele>
        <time>2026-02-26T14:59:21.574Z</time>
      </trkpt>
      <trkpt lat="31.845360000000003" lon="35.006800000000005">
        <ele>312</ele>
        <time>2026-02-26T14:59:22.574Z</time>
      </trkpt>
      <trkpt lat="31.845360000000003" lon="35.007000000000005">
        <ele>312</ele>
        <time>2026-02-26T14:59:23.574Z</time>
      </trkpt>
      <trkpt lat="31.845330000000004" lon="35.0073">
        <ele>312</ele>
        <time>2026-02-26T14:59:24.574Z</time>
      </trkpt>
      <trkpt lat="31.845370000000003" lon="35.00773">
        <ele>315</ele>
        <time>2026-02-26T14:59:25.574Z</time>
      </trkpt>
      <trkpt lat="31.845370000000003" lon="35.00788">
        <ele>315</ele>
        <time>2026-02-26T14:59:26.574Z</time>
      </trkpt>
      <trkpt lat="31.845330000000004" lon="35.00806">
        <ele>315</ele>
        <time>2026-02-26T14:59:27.574Z</time>
      </trkpt>
      <trkpt lat="31.845250000000004" lon="35.00824">
        <ele>315</ele>
        <time>2026-02-26T14:59:28.574Z</time>
      </trkpt>
      <trkpt lat="31.84522" lon="35.00836">
        <ele>310</ele>
        <time>2026-02-26T14:59:29.574Z</time>
      </trkpt>
      <trkpt lat="31.845240000000004" lon="35.00874">
        <ele>310</ele>
        <time>2026-02-26T14:59:30.574Z</time>
      </trkpt>
      <trkpt lat="31.845330000000004" lon="35.008970000000005">
        <ele>310</ele>
        <time>2026-02-26T14:59:31.574Z</time>
      </trkpt>
      <trkpt lat="31.84521" lon="35.008990000000004">
        <ele>310</ele>
        <time>2026-02-26T14:59:32.574Z</time>
      </trkpt>
      <trkpt lat="31.84512" lon="35.00907">
        <ele>322</ele>
        <time>2026-02-26T14:59:33.574Z</time>
      </trkpt>
      <trkpt lat="31.844730000000002" lon="35.0095">
        <ele>316</ele>
        <time>2026-02-26T14:59:34.574Z</time>
      </trkpt>
      <trkpt lat="31.844680000000004" lon="35.009570000000004">
        <ele>316</ele>
        <time>2026-02-26T14:59:35.574Z</time>
      </trkpt>
      <trkpt lat="31.844610000000003" lon="35.00972">
        <ele>316</ele>
        <time>2026-02-26T14:59:36.574Z</time>
      </trkpt>
      <trkpt lat="31.844410000000003" lon="35.00981">
        <ele>316</ele>
        <time>2026-02-26T14:59:37.574Z</time>
      </trkpt>
      <trkpt lat="31.844150000000003" lon="35.010040000000004">
        <ele>325</ele>
        <time>2026-02-26T14:59:38.574Z</time>
      </trkpt>
      <trkpt lat="31.843680000000003" lon="35.01034">
        <ele>325</ele>
        <time>2026-02-26T14:59:39.574Z</time>
      </trkpt>
      <trkpt lat="31.843410000000002" lon="35.01062">
        <ele>339</ele>
        <time>2026-02-26T14:59:40.574Z</time>
      </trkpt>
      <trkpt lat="31.843140000000002" lon="35.01084">
        <ele>330</ele>
        <time>2026-02-26T14:59:41.574Z</time>
      </trkpt>
      <trkpt lat="31.84306" lon="35.010920000000006">
        <ele>330</ele>
        <time>2026-02-26T14:59:42.574Z</time>
      </trkpt>
      <trkpt lat="31.842940000000002" lon="35.01108">
        <ele>330</ele>
        <time>2026-02-26T14:59:43.574Z</time>
      </trkpt>
      <trkpt lat="31.842850000000002" lon="35.01127">
        <ele>330</ele>
        <time>2026-02-26T14:59:44.574Z</time>
      </trkpt>
      <trkpt lat="31.842790000000004" lon="35.01137">
        <ele>330</ele>
        <time>2026-02-26T14:59:45.574Z</time>
      </trkpt>
      <trkpt lat="31.842260000000003" lon="35.01173">
        <ele>339</ele>
        <time>2026-02-26T14:59:46.574Z</time>
      </trkpt>
      <trkpt lat="31.842150000000004" lon="35.01174">
        <ele>339</ele>
        <time>2026-02-26T14:59:47.574Z</time>
      </trkpt>
      <trkpt lat="31.841900000000003" lon="35.011700000000005">
        <ele>339</ele>
        <time>2026-02-26T14:59:48.574Z</time>
      </trkpt>
      <trkpt lat="31.841720000000002" lon="35.01169">
        <ele>353</ele>
        <time>2026-02-26T14:59:49.574Z</time>
      </trkpt>
      <trkpt lat="31.841580000000004" lon="35.011660000000006">
        <ele>353</ele>
        <time>2026-02-26T14:59:50.574Z</time>
      </trkpt>
      <trkpt lat="31.84137" lon="35.011590000000005">
        <ele>363</ele>
        <time>2026-02-26T14:59:51.574Z</time>
      </trkpt>
      <trkpt lat="31.84118" lon="35.01155">
        <ele>363</ele>
        <time>2026-02-26T14:59:52.574Z</time>
      </trkpt>
      <trkpt lat="31.84118822259417" lon="35.011529788713375">
        <ele>0</ele>
        <time>2026-02-26T14:59:53.574Z</time>
      </trkpt>
      <trkpt lat="31.84118822259417" lon="35.011529788713375">
        <ele>0</ele>
        <time>2026-02-26T14:59:54.574Z</time>
      </trkpt>
      <trkpt lat="31.84118822259417" lon="35.011529788713375">
        <ele>0</ele>
        <time>2026-02-26T14:59:55.574Z</time>
      </trkpt>
      <trkpt lat="31.84118822259417" lon="35.011529788713375">
        <ele>0</ele>
        <time>2026-02-26T14:59:56.574Z</time>
      </trkpt>
      <trkpt lat="31.84118822259417" lon="35.011529788713375">
        <ele>0</ele>
        <time>2026-02-26T14:59:57.574Z</time>
      </trkpt>
      <trkpt lat="31.84118822259417" lon="35.011529788713375">
        <ele>363</ele>
        <time>2026-02-26T14:59:58.574Z</time>
      </trkpt>
      <trkpt lat="31.841889955455386" lon="35.011704091544374">
        <ele>346</ele>
        <time>2026-02-26T14:59:59.574Z</time>
      </trkpt>
      <trkpt lat="31.841889955455386" lon="35.011704091544374">
        <ele>0</ele>
        <time>2026-02-26T15:00:00.574Z</time>
      </trkpt>
      <trkpt lat="31.841889955455386" lon="35.011704091544374">
        <ele>0</ele>
        <time>2026-02-26T15:00:01.574Z</time>
      </trkpt>
      <trkpt lat="31.841889955455386" lon="35.011704091544374">
        <ele>0</ele>
        <time>2026-02-26T15:00:02.574Z</time>
      </trkpt>
      <trkpt lat="31.841889955455386" lon="35.011704091544374">
        <ele>0</ele>
        <time>2026-02-26T15:00:03.574Z</time>
      </trkpt>
      <trkpt lat="31.841889955455386" lon="35.011704091544374">
        <ele>0</ele>
        <time>2026-02-26T15:00:04.574Z</time>
      </trkpt>
      <trkpt lat="31.841889955455386" lon="35.011704091544374">
        <ele>346</ele>
        <time>2026-02-26T15:00:05.574Z</time>
      </trkpt>
      <trkpt lat="31.842160346509417" lon="35.0117344050787">
        <ele>339</ele>
        <time>2026-02-26T15:00:06.574Z</time>
      </trkpt>
      <trkpt lat="31.842160346509417" lon="35.0117344050787">
        <ele>0</ele>
        <time>2026-02-26T15:00:07.574Z</time>
      </trkpt>
      <trkpt lat="31.842160346509417" lon="35.0117344050787">
        <ele>0</ele>
        <time>2026-02-26T15:00:08.574Z</time>
      </trkpt>
      <trkpt lat="31.842160346509417" lon="35.0117344050787">
        <ele>0</ele>
        <time>2026-02-26T15:00:09.574Z</time>
      </trkpt>
      <trkpt lat="31.842160346509417" lon="35.0117344050787">
        <ele>0</ele>
        <time>2026-02-26T15:00:10.574Z</time>
      </trkpt>
      <trkpt lat="31.842160346509417" lon="35.0117344050787">
        <ele>0</ele>
        <time>2026-02-26T15:00:11.574Z</time>
      </trkpt>
      <trkpt lat="31.842160346509417" lon="35.0117344050787">
        <ele>339</ele>
        <time>2026-02-26T15:00:12.574Z</time>
      </trkpt>
      <trkpt lat="31.842771982505752" lon="35.01140100338566">
        <ele>334.5</ele>
        <time>2026-02-26T15:00:13.574Z</time>
      </trkpt>
      <trkpt lat="31.842771982505752" lon="35.01140100338566">
        <ele>0</ele>
        <time>2026-02-26T15:00:14.574Z</time>
      </trkpt>
      <trkpt lat="31.842771982505752" lon="35.01140100338566">
        <ele>0</ele>
        <time>2026-02-26T15:00:15.574Z</time>
      </trkpt>
      <trkpt lat="31.842771982505752" lon="35.01140100338566">
        <ele>0</ele>
        <time>2026-02-26T15:00:16.574Z</time>
      </trkpt>
      <trkpt lat="31.842771982505752" lon="35.01140100338566">
        <ele>0</ele>
        <time>2026-02-26T15:00:17.574Z</time>
      </trkpt>
      <trkpt lat="31.842771982505752" lon="35.01140100338566">
        <ele>0</ele>
        <time>2026-02-26T15:00:18.574Z</time>
      </trkpt>
      <trkpt lat="31.842771982505752" lon="35.01140100338566">
        <ele>334.5</ele>
        <time>2026-02-26T15:00:19.574Z</time>
      </trkpt>
      <trkpt lat="31.84302949535106" lon="35.01103724095822">
        <ele>330</ele>
        <time>2026-02-26T15:00:20.574Z</time>
      </trkpt>
      <trkpt lat="31.84302949535106" lon="35.01103724095822">
        <ele>0</ele>
        <time>2026-02-26T15:00:21.574Z</time>
      </trkpt>
      <trkpt lat="31.84302949535106" lon="35.01103724095822">
        <ele>0</ele>
        <time>2026-02-26T15:00:22.574Z</time>
      </trkpt>
      <trkpt lat="31.84302949535106" lon="35.01103724095822">
        <ele>0</ele>
        <time>2026-02-26T15:00:23.574Z</time>
      </trkpt>
      <trkpt lat="31.84302949535106" lon="35.01103724095822">
        <ele>0</ele>
        <time>2026-02-26T15:00:24.574Z</time>
      </trkpt>
      <trkpt lat="31.84302949535106" lon="35.01103724095822">
        <ele>0</ele>
        <time>2026-02-26T15:00:25.574Z</time>
      </trkpt>
      <trkpt lat="31.84302949535106" lon="35.01103724095822">
        <ele>330</ele>
        <time>2026-02-26T15:00:26.574Z</time>
      </trkpt>
      <trkpt lat="31.84325481850162" lon="35.010779575906014">
        <ele>334.5</ele>
        <time>2026-02-26T15:00:27.574Z</time>
      </trkpt>
      <trkpt lat="31.84325481850162" lon="35.010779575906014">
        <ele>0</ele>
        <time>2026-02-26T15:00:28.574Z</time>
      </trkpt>
      <trkpt lat="31.84325481850162" lon="35.010779575906014">
        <ele>0</ele>
        <time>2026-02-26T15:00:29.574Z</time>
      </trkpt>
      <trkpt lat="31.84325481850162" lon="35.010779575906014">
        <ele>0</ele>
        <time>2026-02-26T15:00:30.574Z</time>
      </trkpt>
      <trkpt lat="31.84325481850162" lon="35.010779575906014">
        <ele>0</ele>
        <time>2026-02-26T15:00:31.574Z</time>
      </trkpt>
      <trkpt lat="31.84325481850162" lon="35.010779575906014">
        <ele>0</ele>
        <time>2026-02-26T15:00:32.574Z</time>
      </trkpt>
      <trkpt lat="31.84325481850162" lon="35.010779575906014">
        <ele>334.5</ele>
        <time>2026-02-26T15:00:33.574Z</time>
      </trkpt>
      <trkpt lat="31.843505892220804" lon="35.010552224389926">
        <ele>332</ele>
        <time>2026-02-26T15:00:34.574Z</time>
      </trkpt>
      <trkpt lat="31.843505892220804" lon="35.010552224389926">
        <ele>0</ele>
        <time>2026-02-26T15:00:35.574Z</time>
      </trkpt>
      <trkpt lat="31.843505892220804" lon="35.010552224389926">
        <ele>0</ele>
        <time>2026-02-26T15:00:36.574Z</time>
      </trkpt>
      <trkpt lat="31.843505892220804" lon="35.010552224389926">
        <ele>0</ele>
        <time>2026-02-26T15:00:37.574Z</time>
      </trkpt>
      <trkpt lat="31.843505892220804" lon="35.010552224389926">
        <ele>0</ele>
        <time>2026-02-26T15:00:38.574Z</time>
      </trkpt>
      <trkpt lat="31.843505892220804" lon="35.010552224389926">
        <ele>0</ele>
        <time>2026-02-26T15:00:39.574Z</time>
      </trkpt>
      <trkpt lat="31.843505892220804" lon="35.010552224389926">
        <ele>332</ele>
        <time>2026-02-26T15:00:40.574Z</time>
      </trkpt>
      <trkpt lat="31.843769840778663" lon="35.01028698095246">
        <ele>325</ele>
        <time>2026-02-26T15:00:41.574Z</time>
      </trkpt>
      <trkpt lat="31.843769840778663" lon="35.01028698095246">
        <ele>0</ele>
        <time>2026-02-26T15:00:42.574Z</time>
      </trkpt>
      <trkpt lat="31.843769840778663" lon="35.01028698095246">
        <ele>0</ele>
        <time>2026-02-26T15:00:43.574Z</time>
      </trkpt>
      <trkpt lat="31.843769840778663" lon="35.01028698095246">
        <ele>0</ele>
        <time>2026-02-26T15:00:44.574Z</time>
      </trkpt>
      <trkpt lat="31.843769840778663" lon="35.01028698095246">
        <ele>0</ele>
        <time>2026-02-26T15:00:45.574Z</time>
      </trkpt>
      <trkpt lat="31.843769840778663" lon="35.01028698095246">
        <ele>0</ele>
        <time>2026-02-26T15:00:46.574Z</time>
      </trkpt>
      <trkpt lat="31.843769840778663" lon="35.01028698095246">
        <ele>325</ele>
        <time>2026-02-26T15:00:47.574Z</time>
      </trkpt>
      <trkpt lat="31.84429129790523" lon="35.00990806175781">
        <ele>320.5</ele>
        <time>2026-02-26T15:00:48.574Z</time>
      </trkpt>
      <trkpt lat="31.84429129790523" lon="35.00990806175781">
        <ele>0</ele>
        <time>2026-02-26T15:00:49.574Z</time>
      </trkpt>
      <trkpt lat="31.84429129790523" lon="35.00990806175781">
        <ele>0</ele>
        <time>2026-02-26T15:00:50.574Z</time>
      </trkpt>
      <trkpt lat="31.84429129790523" lon="35.00990806175781">
        <ele>0</ele>
        <time>2026-02-26T15:00:51.574Z</time>
      </trkpt>
      <trkpt lat="31.84429129790523" lon="35.00990806175781">
        <ele>0</ele>
        <time>2026-02-26T15:00:52.574Z</time>
      </trkpt>
      <trkpt lat="31.84429129790523" lon="35.00990806175781">
        <ele>0</ele>
        <time>2026-02-26T15:00:53.574Z</time>
      </trkpt>
      <trkpt lat="31.84429129790523" lon="35.00990806175781">
        <ele>320.5</ele>
        <time>2026-02-26T15:00:54.574Z</time>
      </trkpt>
      <trkpt lat="31.84458743273815" lon="35.00973375892846">
        <ele>308.5</ele>
        <time>2026-02-26T15:00:55.574Z</time>
      </trkpt>
      <trkpt lat="31.84458743273815" lon="35.00973375892846">
        <ele>0</ele>
        <time>2026-02-26T15:00:56.574Z</time>
      </trkpt>
      <trkpt lat="31.84458743273815" lon="35.00973375892846">
        <ele>0</ele>
        <time>2026-02-26T15:00:57.574Z</time>
      </trkpt>
      <trkpt lat="31.84458743273815" lon="35.00973375892846">
        <ele>0</ele>
        <time>2026-02-26T15:00:58.574Z</time>
      </trkpt>
      <trkpt lat="31.84458743273815" lon="35.00973375892846">
        <ele>0</ele>
        <time>2026-02-26T15:00:59.574Z</time>
      </trkpt>
      <trkpt lat="31.84458743273815" lon="35.00973375892846">
        <ele>0</ele>
        <time>2026-02-26T15:01:00.574Z</time>
      </trkpt>
      <trkpt lat="31.84458743273815" lon="35.00973375892846">
        <ele>308.5</ele>
        <time>2026-02-26T15:01:01.574Z</time>
      </trkpt>
      <trkpt lat="31.844851378192786" lon="35.009642818290644">
        <ele>308.5</ele>
        <time>2026-02-26T15:01:02.574Z</time>
      </trkpt>
      <trkpt lat="31.844851378192786" lon="35.009642818290644">
        <ele>0</ele>
        <time>2026-02-26T15:01:03.574Z</time>
      </trkpt>
      <trkpt lat="31.844851378192786" lon="35.009642818290644">
        <ele>0</ele>
        <time>2026-02-26T15:01:04.574Z</time>
      </trkpt>
      <trkpt lat="31.844851378192786" lon="35.009642818290644">
        <ele>0</ele>
        <time>2026-02-26T15:01:05.574Z</time>
      </trkpt>
      <trkpt lat="31.844851378192786" lon="35.009642818290644">
        <ele>0</ele>
        <time>2026-02-26T15:01:06.574Z</time>
      </trkpt>
      <trkpt lat="31.844851378192786" lon="35.009642818290644">
        <ele>0</ele>
        <time>2026-02-26T15:01:07.574Z</time>
      </trkpt>
      <trkpt lat="31.844851378192786" lon="35.009642818290644">
        <ele>308.5</ele>
        <time>2026-02-26T15:01:08.574Z</time>
      </trkpt>
      <trkpt lat="31.84516682421939" lon="35.00949882899741">
        <ele>301</ele>
        <time>2026-02-26T15:01:09.574Z</time>
      </trkpt>
      <trkpt lat="31.84516682421939" lon="35.00949882899741">
        <ele>0</ele>
        <time>2026-02-26T15:01:10.574Z</time>
      </trkpt>
      <trkpt lat="31.84516682421939" lon="35.00949882899741">
        <ele>0</ele>
        <time>2026-02-26T15:01:11.574Z</time>
      </trkpt>
      <trkpt lat="31.84516682421939" lon="35.00949882899741">
        <ele>0</ele>
        <time>2026-02-26T15:01:12.574Z</time>
      </trkpt>
      <trkpt lat="31.84516682421939" lon="35.00949882899741">
        <ele>0</ele>
        <time>2026-02-26T15:01:13.574Z</time>
      </trkpt>
      <trkpt lat="31.84516682421939" lon="35.00949882899741">
        <ele>0</ele>
        <time>2026-02-26T15:01:14.574Z</time>
      </trkpt>
      <trkpt lat="31.84516682421939" lon="35.00949882899741">
        <ele>301</ele>
        <time>2026-02-26T15:01:15.574Z</time>
      </trkpt>
      <trkpt lat="31.84536639155644" lon="35.00921842879279">
        <ele>305.5</ele>
        <time>2026-02-26T15:01:16.574Z</time>
      </trkpt>
      <trkpt lat="31.84536639155644" lon="35.00921842879279">
        <ele>0</ele>
        <time>2026-02-26T15:01:17.574Z</time>
      </trkpt>
      <trkpt lat="31.84536639155644" lon="35.00921842879279">
        <ele>0</ele>
        <time>2026-02-26T15:01:18.574Z</time>
      </trkpt>
      <trkpt lat="31.84536639155644" lon="35.00921842879279">
        <ele>0</ele>
        <time>2026-02-26T15:01:19.574Z</time>
      </trkpt>
      <trkpt lat="31.84536639155644" lon="35.00921842879279">
        <ele>0</ele>
        <time>2026-02-26T15:01:20.574Z</time>
      </trkpt>
      <trkpt lat="31.84536639155644" lon="35.00921842879279">
        <ele>0</ele>
        <time>2026-02-26T15:01:21.574Z</time>
      </trkpt>
      <trkpt lat="31.84536639155644" lon="35.00921842879279">
        <ele>305.5</ele>
        <time>2026-02-26T15:01:22.574Z</time>
      </trkpt>
      <trkpt lat="31.845385704502306" lon="35.0088698231325">
        <ele>310</ele>
        <time>2026-02-26T15:01:23.574Z</time>
      </trkpt>
      <trkpt lat="31.845385704502306" lon="35.0088698231325">
        <ele>0</ele>
        <time>2026-02-26T15:01:24.574Z</time>
      </trkpt>
      <trkpt lat="31.845385704502306" lon="35.0088698231325">
        <ele>0</ele>
        <time>2026-02-26T15:01:25.574Z</time>
      </trkpt>
      <trkpt lat="31.845385704502306" lon="35.0088698231325">
        <ele>0</ele>
        <time>2026-02-26T15:01:26.574Z</time>
      </trkpt>
      <trkpt lat="31.845385704502306" lon="35.0088698231325">
        <ele>0</ele>
        <time>2026-02-26T15:01:27.574Z</time>
      </trkpt>
      <trkpt lat="31.845385704502306" lon="35.0088698231325">
        <ele>0</ele>
        <time>2026-02-26T15:01:28.574Z</time>
      </trkpt>
      <trkpt lat="31.845385704502306" lon="35.0088698231325">
        <ele>310</ele>
        <time>2026-02-26T15:01:29.574Z</time>
      </trkpt>
      <trkpt lat="31.84572689920067" lon="35.00883193121447">
        <ele>310</ele>
        <time>2026-02-26T15:01:30.574Z</time>
      </trkpt>
      <trkpt lat="31.84572689920067" lon="35.00883193121447">
        <ele>0</ele>
        <time>2026-02-26T15:01:31.574Z</time>
      </trkpt>
      <trkpt lat="31.84572689920067" lon="35.00883193121447">
        <ele>0</ele>
        <time>2026-02-26T15:01:32.574Z</time>
      </trkpt>
      <trkpt lat="31.84572689920067" lon="35.00883193121447">
        <ele>0</ele>
        <time>2026-02-26T15:01:33.574Z</time>
      </trkpt>
      <trkpt lat="31.84572689920067" lon="35.00883193121447">
        <ele>0</ele>
        <time>2026-02-26T15:01:34.574Z</time>
      </trkpt>
      <trkpt lat="31.84572689920067" lon="35.00883193121447">
        <ele>0</ele>
        <time>2026-02-26T15:01:35.574Z</time>
      </trkpt>
      <trkpt lat="31.84572689920067" lon="35.00883193121447">
        <ele>310</ele>
        <time>2026-02-26T15:01:36.574Z</time>
      </trkpt>
      <trkpt lat="31.845894277270304" lon="35.00902139081103">
        <ele>310</ele>
        <time>2026-02-26T15:01:37.574Z</time>
      </trkpt>
      <trkpt lat="31.845894277270304" lon="35.00902139081103">
        <ele>0</ele>
        <time>2026-02-26T15:01:38.574Z</time>
      </trkpt>
      <trkpt lat="31.845894277270304" lon="35.00902139081103">
        <ele>0</ele>
        <time>2026-02-26T15:01:39.574Z</time>
      </trkpt>
      <trkpt lat="31.845894277270304" lon="35.00902139081103">
        <ele>0</ele>
        <time>2026-02-26T15:01:40.574Z</time>
      </trkpt>
      <trkpt lat="31.845894277270304" lon="35.00902139081103">
        <ele>0</ele>
        <time>2026-02-26T15:01:41.574Z</time>
      </trkpt>
      <trkpt lat="31.845894277270304" lon="35.00902139081103">
        <ele>0</ele>
        <time>2026-02-26T15:01:42.574Z</time>
      </trkpt>
      <trkpt lat="31.845894277270304" lon="35.00902139081103">
        <ele>310</ele>
        <time>2026-02-26T15:01:43.574Z</time>
      </trkpt>
      <trkpt lat="31.845900714882745" lon="35.009332104551675">
        <ele>301</ele>
        <time>2026-02-26T15:01:44.574Z</time>
      </trkpt>
      <trkpt lat="31.845900714882745" lon="35.009332104551675">
        <ele>0</ele>
        <time>2026-02-26T15:01:45.574Z</time>
      </trkpt>
      <trkpt lat="31.845900714882745" lon="35.009332104551675">
        <ele>0</ele>
        <time>2026-02-26T15:01:46.574Z</time>
      </trkpt>
      <trkpt lat="31.845900714882745" lon="35.009332104551675">
        <ele>0</ele>
        <time>2026-02-26T15:01:47.574Z</time>
      </trkpt>
      <trkpt lat="31.845900714882745" lon="35.009332104551675">
        <ele>0</ele>
        <time>2026-02-26T15:01:48.574Z</time>
      </trkpt>
      <trkpt lat="31.845900714882745" lon="35.009332104551675">
        <ele>0</ele>
        <time>2026-02-26T15:01:49.574Z</time>
      </trkpt>
      <trkpt lat="31.845900714882745" lon="35.009332104551675">
        <ele>301</ele>
        <time>2026-02-26T15:01:50.574Z</time>
      </trkpt>
      <trkpt lat="31.84610671822942" lon="35.00952156414817">
        <ele>294</ele>
        <time>2026-02-26T15:01:51.574Z</time>
      </trkpt>
      <trkpt lat="31.84610671822942" lon="35.00952156414817">
        <ele>0</ele>
        <time>2026-02-26T15:01:52.574Z</time>
      </trkpt>
      <trkpt lat="31.84610671822942" lon="35.00952156414817">
        <ele>0</ele>
        <time>2026-02-26T15:01:53.574Z</time>
      </trkpt>
      <trkpt lat="31.84610671822942" lon="35.00952156414817">
        <ele>0</ele>
        <time>2026-02-26T15:01:54.574Z</time>
      </trkpt>
      <trkpt lat="31.84610671822942" lon="35.00952156414817">
        <ele>0</ele>
        <time>2026-02-26T15:01:55.574Z</time>
      </trkpt>
      <trkpt lat="31.84610671822942" lon="35.00952156414817">
        <ele>0</ele>
        <time>2026-02-26T15:01:56.574Z</time>
      </trkpt>
      <trkpt lat="31.84610671822942" lon="35.00952156414817">
        <ele>294</ele>
        <time>2026-02-26T15:01:57.574Z</time>
      </trkpt>
      <trkpt lat="31.84631272111676" lon="35.009612504754614">
        <ele>287</ele>
        <time>2026-02-26T15:01:58.574Z</time>
      </trkpt>
      <trkpt lat="31.84631272111676" lon="35.009612504754614">
        <ele>0</ele>
        <time>2026-02-26T15:01:59.574Z</time>
      </trkpt>
      <trkpt lat="31.84631272111676" lon="35.009612504754614">
        <ele>0</ele>
        <time>2026-02-26T15:02:00.574Z</time>
      </trkpt>
      <trkpt lat="31.84631272111676" lon="35.009612504754614">
        <ele>0</ele>
        <time>2026-02-26T15:02:01.574Z</time>
      </trkpt>
      <trkpt lat="31.84631272111676" lon="35.009612504754614">
        <ele>0</ele>
        <time>2026-02-26T15:02:02.574Z</time>
      </trkpt>
      <trkpt lat="31.84631272111676" lon="35.009612504754614">
        <ele>0</ele>
        <time>2026-02-26T15:02:03.574Z</time>
      </trkpt>
      <trkpt lat="31.84631272111676" lon="35.009612504754614">
        <ele>287</ele>
        <time>2026-02-26T15:02:04.574Z</time>
      </trkpt>
      <trkpt lat="31.846608849461063" lon="35.009748915665966">
        <ele>283.5</ele>
        <time>2026-02-26T15:02:05.574Z</time>
      </trkpt>
      <trkpt lat="31.846608849461063" lon="35.009748915665966">
        <ele>0</ele>
        <time>2026-02-26T15:02:06.574Z</time>
      </trkpt>
      <trkpt lat="31.846608849461063" lon="35.009748915665966">
        <ele>0</ele>
        <time>2026-02-26T15:02:07.574Z</time>
      </trkpt>
      <trkpt lat="31.846608849461063" lon="35.009748915665966">
        <ele>0</ele>
        <time>2026-02-26T15:02:08.574Z</time>
      </trkpt>
      <trkpt lat="31.846608849461063" lon="35.009748915665966">
        <ele>0</ele>
        <time>2026-02-26T15:02:09.574Z</time>
      </trkpt>
      <trkpt lat="31.846608849461063" lon="35.009748915665966">
        <ele>0</ele>
        <time>2026-02-26T15:02:10.574Z</time>
      </trkpt>
      <trkpt lat="31.846608849461063" lon="35.009748915665966">
        <ele>283.5</ele>
        <time>2026-02-26T15:02:11.574Z</time>
      </trkpt>
      <trkpt lat="31.846267657989813" lon="35.01040823500611">
        <ele>281.5</ele>
        <time>2026-02-26T15:02:12.574Z</time>
      </trkpt>
      <trkpt lat="31.846267657989813" lon="35.01040823500611">
        <ele>0</ele>
        <time>2026-02-26T15:02:13.574Z</time>
      </trkpt>
      <trkpt lat="31.846267657989813" lon="35.01040823500611">
        <ele>0</ele>
        <time>2026-02-26T15:02:14.574Z</time>
      </trkpt>
      <trkpt lat="31.846267657989813" lon="35.01040823500611">
        <ele>0</ele>
        <time>2026-02-26T15:02:15.574Z</time>
      </trkpt>
      <trkpt lat="31.846267657989813" lon="35.01040823500611">
        <ele>0</ele>
        <time>2026-02-26T15:02:16.574Z</time>
      </trkpt>
      <trkpt lat="31.846267657989813" lon="35.01040823500611">
        <ele>0</ele>
        <time>2026-02-26T15:02:17.574Z</time>
      </trkpt>
      <trkpt lat="31.846267657989813" lon="35.01040823500611">
        <ele>281.5</ele>
        <time>2026-02-26T15:02:18.574Z</time>
      </trkpt>
      <trkpt lat="31.846113155791997" lon="35.011052397638224">
        <ele>273</ele>
        <time>2026-02-26T15:02:19.574Z</time>
      </trkpt>
      <trkpt lat="31.846113155791997" lon="35.011052397638224">
        <ele>0</ele>
        <time>2026-02-26T15:02:20.574Z</time>
      </trkpt>
      <trkpt lat="31.846113155791997" lon="35.011052397638224">
        <ele>0</ele>
        <time>2026-02-26T15:02:21.574Z</time>
      </trkpt>
      <trkpt lat="31.846113155791997" lon="35.011052397638224">
        <ele>0</ele>
        <time>2026-02-26T15:02:22.574Z</time>
      </trkpt>
      <trkpt lat="31.846113155791997" lon="35.011052397638224">
        <ele>0</ele>
        <time>2026-02-26T15:02:23.574Z</time>
      </trkpt>
      <trkpt lat="31.846113155791997" lon="35.011052397638224">
        <ele>0</ele>
        <time>2026-02-26T15:02:24.574Z</time>
      </trkpt>
      <trkpt lat="31.846113155791997" lon="35.011052397638224">
        <ele>273</ele>
        <time>2026-02-26T15:02:25.574Z</time>
      </trkpt>
      <trkpt lat="31.846113155791997" lon="35.01148436551969">
        <ele>270</ele>
        <time>2026-02-26T15:02:26.574Z</time>
      </trkpt>
      <trkpt lat="31.846113155791997" lon="35.01148436551969">
        <ele>0</ele>
        <time>2026-02-26T15:02:27.574Z</time>
      </trkpt>
      <trkpt lat="31.846113155791997" lon="35.01148436551969">
        <ele>0</ele>
        <time>2026-02-26T15:02:28.574Z</time>
      </trkpt>
      <trkpt lat="31.846113155791997" lon="35.01148436551969">
        <ele>0</ele>
        <time>2026-02-26T15:02:29.574Z</time>
      </trkpt>
      <trkpt lat="31.846113155791997" lon="35.01148436551969">
        <ele>0</ele>
        <time>2026-02-26T15:02:30.574Z</time>
      </trkpt>
      <trkpt lat="31.846113155791997" lon="35.01148436551969">
        <ele>0</ele>
        <time>2026-02-26T15:02:31.574Z</time>
      </trkpt>
      <trkpt lat="31.846113155791997" lon="35.01148436551969">
        <ele>270</ele>
        <time>2026-02-26T15:02:32.574Z</time>
      </trkpt>
      <trkpt lat="31.846338471410576" lon="35.011992117240425">
        <ele>269</ele>
        <time>2026-02-26T15:02:33.574Z</time>
      </trkpt>
      <trkpt lat="31.846338471410576" lon="35.011992117240425">
        <ele>0</ele>
        <time>2026-02-26T15:02:34.574Z</time>
      </trkpt>
      <trkpt lat="31.846338471410576" lon="35.011992117240425">
        <ele>0</ele>
        <time>2026-02-26T15:02:35.574Z</time>
      </trkpt>
      <trkpt lat="31.846338471410576" lon="35.011992117240425">
        <ele>0</ele>
        <time>2026-02-26T15:02:36.574Z</time>
      </trkpt>
      <trkpt lat="31.846338471410576" lon="35.011992117240425">
        <ele>0</ele>
        <time>2026-02-26T15:02:37.574Z</time>
      </trkpt>
      <trkpt lat="31.846338471410576" lon="35.011992117240425">
        <ele>0</ele>
        <time>2026-02-26T15:02:38.574Z</time>
      </trkpt>
      <trkpt lat="31.846338471410576" lon="35.011992117240425">
        <ele>269</ele>
        <time>2026-02-26T15:02:39.574Z</time>
      </trkpt>
      <trkpt lat="31.84644791022653" lon="35.01251502573007">
        <ele>270.5</ele>
        <time>2026-02-26T15:02:40.574Z</time>
      </trkpt>
      <trkpt lat="31.84644791022653" lon="35.01251502573007">
        <ele>0</ele>
        <time>2026-02-26T15:02:41.574Z</time>
      </trkpt>
      <trkpt lat="31.84644791022653" lon="35.01251502573007">
        <ele>0</ele>
        <time>2026-02-26T15:02:42.574Z</time>
      </trkpt>
      <trkpt lat="31.84644791022653" lon="35.01251502573007">
        <ele>0</ele>
        <time>2026-02-26T15:02:43.574Z</time>
      </trkpt>
      <trkpt lat="31.84644791022653" lon="35.01251502573007">
        <ele>0</ele>
        <time>2026-02-26T15:02:44.574Z</time>
      </trkpt>
      <trkpt lat="31.84644791022653" lon="35.01251502573007">
        <ele>0</ele>
        <time>2026-02-26T15:02:45.574Z</time>
      </trkpt>
      <trkpt lat="31.84644791022653" lon="35.01251502573007">
        <ele>270.5</ele>
        <time>2026-02-26T15:02:46.574Z</time>
      </trkpt>
      <trkpt lat="31.84660241186296" lon="35.01318192351289">
        <ele>276</ele>
        <time>2026-02-26T15:02:47.574Z</time>
      </trkpt>
      <trkpt lat="31.84660241186296" lon="35.01318192351289">
        <ele>0</ele>
        <time>2026-02-26T15:02:48.574Z</time>
      </trkpt>
      <trkpt lat="31.84660241186296" lon="35.01318192351289">
        <ele>0</ele>
        <time>2026-02-26T15:02:49.574Z</time>
      </trkpt>
      <trkpt lat="31.84660241186296" lon="35.01318192351289">
        <ele>0</ele>
        <time>2026-02-26T15:02:50.574Z</time>
      </trkpt>
      <trkpt lat="31.84660241186296" lon="35.01318192351289">
        <ele>0</ele>
        <time>2026-02-26T15:02:51.574Z</time>
      </trkpt>
      <trkpt lat="31.84660241186296" lon="35.01318192351289">
        <ele>0</ele>
        <time>2026-02-26T15:02:52.574Z</time>
      </trkpt>
      <trkpt lat="31.84660241186296" lon="35.01318192351289">
        <ele>276</ele>
        <time>2026-02-26T15:02:53.574Z</time>
      </trkpt>
      <trkpt lat="31.84675691324132" lon="35.013583577860004">
        <ele>279</ele>
        <time>2026-02-26T15:02:54.574Z</time>
      </trkpt>
      <trkpt lat="31.84675691324132" lon="35.013583577860004">
        <ele>0</ele>
        <time>2026-02-26T15:02:55.574Z</time>
      </trkpt>
      <trkpt lat="31.84675691324132" lon="35.013583577860004">
        <ele>0</ele>
        <time>2026-02-26T15:02:56.574Z</time>
      </trkpt>
      <trkpt lat="31.84675691324132" lon="35.013583577860004">
        <ele>0</ele>
        <time>2026-02-26T15:02:57.574Z</time>
      </trkpt>
      <trkpt lat="31.84675691324132" lon="35.013583577860004">
        <ele>0</ele>
        <time>2026-02-26T15:02:58.574Z</time>
      </trkpt>
      <trkpt lat="31.84675691324132" lon="35.013583577860004">
        <ele>0</ele>
        <time>2026-02-26T15:02:59.574Z</time>
      </trkpt>
      <trkpt lat="31.84675691324132" lon="35.013583577860004">
        <ele>279</ele>
        <time>2026-02-26T15:03:00.574Z</time>
      </trkpt>
      <trkpt lat="31.846885664191873" lon="35.0140155457415">
        <ele>268</ele>
        <time>2026-02-26T15:03:01.574Z</time>
      </trkpt>
      <trkpt lat="31.846885664191873" lon="35.0140155457415">
        <ele>0</ele>
        <time>2026-02-26T15:03:02.574Z</time>
      </trkpt>
      <trkpt lat="31.846885664191873" lon="35.0140155457415">
        <ele>0</ele>
        <time>2026-02-26T15:03:03.574Z</time>
      </trkpt>
      <trkpt lat="31.846885664191873" lon="35.0140155457415">
        <ele>0</ele>
        <time>2026-02-26T15:03:04.574Z</time>
      </trkpt>
      <trkpt lat="31.846885664191873" lon="35.0140155457415">
        <ele>0</ele>
        <time>2026-02-26T15:03:05.574Z</time>
      </trkpt>
      <trkpt lat="31.846885664191873" lon="35.0140155457415">
        <ele>0</ele>
        <time>2026-02-26T15:03:06.574Z</time>
      </trkpt>
      <trkpt lat="31.846885664191873" lon="35.0140155457415">
        <ele>268</ele>
        <time>2026-02-26T15:03:07.574Z</time>
      </trkpt>
      <trkpt lat="31.846641037232345" lon="35.014636973221144">
        <ele>282</ele>
        <time>2026-02-26T15:03:08.574Z</time>
      </trkpt>
      <trkpt lat="31.846641037232345" lon="35.014636973221144">
        <ele>0</ele>
        <time>2026-02-26T15:03:09.574Z</time>
      </trkpt>
      <trkpt lat="31.846641037232345" lon="35.014636973221144">
        <ele>0</ele>
        <time>2026-02-26T15:03:10.574Z</time>
      </trkpt>
      <trkpt lat="31.846641037232345" lon="35.014636973221144">
        <ele>0</ele>
        <time>2026-02-26T15:03:11.574Z</time>
      </trkpt>
      <trkpt lat="31.846641037232345" lon="35.014636973221144">
        <ele>0</ele>
        <time>2026-02-26T15:03:12.574Z</time>
      </trkpt>
      <trkpt lat="31.846641037232345" lon="35.014636973221144">
        <ele>0</ele>
        <time>2026-02-26T15:03:13.574Z</time>
      </trkpt>
      <trkpt lat="31.846641037232345" lon="35.014636973221144">
        <ele>282</ele>
        <time>2026-02-26T15:03:14.574Z</time>
      </trkpt>
      <trkpt lat="31.846344908991327" lon="35.01490979504047">
        <ele>281</ele>
        <time>2026-02-26T15:03:15.574Z</time>
      </trkpt>
      <trkpt lat="31.846344908991327" lon="35.01490979504047">
        <ele>0</ele>
        <time>2026-02-26T15:03:16.574Z</time>
      </trkpt>
      <trkpt lat="31.846344908991327" lon="35.01490979504047">
        <ele>0</ele>
        <time>2026-02-26T15:03:17.574Z</time>
      </trkpt>
      <trkpt lat="31.846344908991327" lon="35.01490979504047">
        <ele>0</ele>
        <time>2026-02-26T15:03:18.574Z</time>
      </trkpt>
      <trkpt lat="31.846344908991327" lon="35.01490979504047">
        <ele>0</ele>
        <time>2026-02-26T15:03:19.574Z</time>
      </trkpt>
      <trkpt lat="31.846344908991327" lon="35.01490979504047">
        <ele>0</ele>
        <time>2026-02-26T15:03:20.574Z</time>
      </trkpt>
      <trkpt lat="31.846344908991327" lon="35.01490979504047">
        <ele>281</ele>
        <time>2026-02-26T15:03:21.574Z</time>
      </trkpt>
      <trkpt lat="31.845752649652994" lon="35.015364498052605">
        <ele>282</ele>
        <time>2026-02-26T15:03:22.574Z</time>
      </trkpt>
      <trkpt lat="31.845752649652994" lon="35.015364498052605">
        <ele>0</ele>
        <time>2026-02-26T15:03:23.574Z</time>
      </trkpt>
      <trkpt lat="31.845752649652994" lon="35.015364498052605">
        <ele>0</ele>
        <time>2026-02-26T15:03:24.574Z</time>
      </trkpt>
      <trkpt lat="31.845752649652994" lon="35.015364498052605">
        <ele>0</ele>
        <time>2026-02-26T15:03:25.574Z</time>
      </trkpt>
      <trkpt lat="31.845752649652994" lon="35.015364498052605">
        <ele>0</ele>
        <time>2026-02-26T15:03:26.574Z</time>
      </trkpt>
      <trkpt lat="31.845752649652994" lon="35.015364498052605">
        <ele>0</ele>
        <time>2026-02-26T15:03:27.574Z</time>
      </trkpt>
      <trkpt lat="31.845752649652994" lon="35.015364498052605">
        <ele>282</ele>
        <time>2026-02-26T15:03:28.574Z</time>
      </trkpt>
      <trkpt lat="31.84545651856" lon="35.01565247663913">
        <ele>278</ele>
        <time>2026-02-26T15:03:29.574Z</time>
      </trkpt>
      <trkpt lat="31.84545651856" lon="35.01565247663913">
        <ele>0</ele>
        <time>2026-02-26T15:03:30.574Z</time>
      </trkpt>
      <trkpt lat="31.84545651856" lon="35.01565247663913">
        <ele>0</ele>
        <time>2026-02-26T15:03:31.574Z</time>
      </trkpt>
      <trkpt lat="31.84545651856" lon="35.01565247663913">
        <ele>0</ele>
        <time>2026-02-26T15:03:32.574Z</time>
      </trkpt>
      <trkpt lat="31.84545651856" lon="35.01565247663913">
        <ele>0</ele>
        <time>2026-02-26T15:03:33.574Z</time>
      </trkpt>
      <trkpt lat="31.84545651856" lon="35.01565247663913">
        <ele>0</ele>
        <time>2026-02-26T15:03:34.574Z</time>
      </trkpt>
      <trkpt lat="31.84545651856" lon="35.01565247663913">
        <ele>278</ele>
        <time>2026-02-26T15:03:35.574Z</time>
      </trkpt>
      <trkpt lat="31.845392142090972" lon="35.01575857400334">
        <ele>278</ele>
        <time>2026-02-26T15:03:36.574Z</time>
      </trkpt>
      <trkpt lat="31.845392142090972" lon="35.01575857400334">
        <ele>0</ele>
        <time>2026-02-26T15:03:37.574Z</time>
      </trkpt>
      <trkpt lat="31.845392142090972" lon="35.01575857400334">
        <ele>0</ele>
        <time>2026-02-26T15:03:38.574Z</time>
      </trkpt>
      <trkpt lat="31.845392142090972" lon="35.01575857400334">
        <ele>0</ele>
        <time>2026-02-26T15:03:39.574Z</time>
      </trkpt>
      <trkpt lat="31.845392142090972" lon="35.01575857400334">
        <ele>0</ele>
        <time>2026-02-26T15:03:40.574Z</time>
      </trkpt>
      <trkpt lat="31.845392142090972" lon="35.01575857400334">
        <ele>0</ele>
        <time>2026-02-26T15:03:41.574Z</time>
      </trkpt>
      <trkpt lat="31.845392142090972" lon="35.01575857400334">
        <ele>278</ele>
        <time>2026-02-26T15:03:42.574Z</time>
      </trkpt>
      <trkpt lat="31.844986569420755" lon="35.01582677945899">
        <ele>274.5</ele>
        <time>2026-02-26T15:03:43.574Z</time>
      </trkpt>
      <trkpt lat="31.844986569420755" lon="35.01582677945899">
        <ele>0</ele>
        <time>2026-02-26T15:03:44.574Z</time>
      </trkpt>
      <trkpt lat="31.844986569420755" lon="35.01582677945899">
        <ele>0</ele>
        <time>2026-02-26T15:03:45.574Z</time>
      </trkpt>
      <trkpt lat="31.844986569420755" lon="35.01582677945899">
        <ele>0</ele>
        <time>2026-02-26T15:03:46.574Z</time>
      </trkpt>
      <trkpt lat="31.844986569420755" lon="35.01582677945899">
        <ele>0</ele>
        <time>2026-02-26T15:03:47.574Z</time>
      </trkpt>
      <trkpt lat="31.844986569420755" lon="35.01582677945899">
        <ele>0</ele>
        <time>2026-02-26T15:03:48.574Z</time>
      </trkpt>
      <trkpt lat="31.844986569420755" lon="35.01582677945899">
        <ele>274.5</ele>
        <time>2026-02-26T15:03:49.574Z</time>
      </trkpt>
      <trkpt lat="31.844677560475617" lon="35.01591772006549">
        <ele>275</ele>
        <time>2026-02-26T15:03:50.574Z</time>
      </trkpt>
      <trkpt lat="31.844677560475617" lon="35.01591772006549">
        <ele>0</ele>
        <time>2026-02-26T15:03:51.574Z</time>
      </trkpt>
      <trkpt lat="31.844677560475617" lon="35.01591772006549">
        <ele>0</ele>
        <time>2026-02-26T15:03:52.574Z</time>
      </trkpt>
      <trkpt lat="31.844677560475617" lon="35.01591772006549">
        <ele>0</ele>
        <time>2026-02-26T15:03:53.574Z</time>
      </trkpt>
      <trkpt lat="31.844677560475617" lon="35.01591772006549">
        <ele>0</ele>
        <time>2026-02-26T15:03:54.574Z</time>
      </trkpt>
      <trkpt lat="31.844677560475617" lon="35.01591772006549">
        <ele>0</ele>
        <time>2026-02-26T15:03:55.574Z</time>
      </trkpt>
      <trkpt lat="31.844677560475617" lon="35.01591772006549">
        <ele>275</ele>
        <time>2026-02-26T15:03:56.574Z</time>
      </trkpt>
      <trkpt lat="31.844278422388626" lon="35.01600866067193">
        <ele>277</ele>
        <time>2026-02-26T15:03:57.574Z</time>
      </trkpt>
      <trkpt lat="31.844278422388626" lon="35.01600866067193">
        <ele>0</ele>
        <time>2026-02-26T15:03:58.574Z</time>
      </trkpt>
      <trkpt lat="31.844278422388626" lon="35.01600866067193">
        <ele>0</ele>
        <time>2026-02-26T15:03:59.574Z</time>
      </trkpt>
      <trkpt lat="31.844278422388626" lon="35.01600866067193">
        <ele>0</ele>
        <time>2026-02-26T15:04:00.574Z</time>
      </trkpt>
      <trkpt lat="31.844278422388626" lon="35.01600866067193">
        <ele>0</ele>
        <time>2026-02-26T15:04:01.574Z</time>
      </trkpt>
      <trkpt lat="31.844278422388626" lon="35.01600866067193">
        <ele>0</ele>
        <time>2026-02-26T15:04:02.574Z</time>
      </trkpt>
      <trkpt lat="31.844278422388626" lon="35.01600866067193">
        <ele>277</ele>
        <time>2026-02-26T15:04:03.574Z</time>
      </trkpt>
      <trkpt lat="31.843988724308915" lon="35.016205698653664">
        <ele>279</ele>
        <time>2026-02-26T15:04:04.574Z</time>
      </trkpt>
      <trkpt lat="31.843988724308915" lon="35.016205698653664">
        <ele>0</ele>
        <time>2026-02-26T15:04:05.574Z</time>
      </trkpt>
      <trkpt lat="31.843988724308915" lon="35.016205698653664">
        <ele>0</ele>
        <time>2026-02-26T15:04:06.574Z</time>
      </trkpt>
      <trkpt lat="31.843988724308915" lon="35.016205698653664">
        <ele>0</ele>
        <time>2026-02-26T15:04:07.574Z</time>
      </trkpt>
      <trkpt lat="31.843988724308915" lon="35.016205698653664">
        <ele>0</ele>
        <time>2026-02-26T15:04:08.574Z</time>
      </trkpt>
      <trkpt lat="31.843988724308915" lon="35.016205698653664">
        <ele>0</ele>
        <time>2026-02-26T15:04:09.574Z</time>
      </trkpt>
      <trkpt lat="31.843988724308915" lon="35.016205698653664">
        <ele>279</ele>
        <time>2026-02-26T15:04:10.574Z</time>
      </trkpt>
      <trkpt lat="31.843666836486534" lon="35.016599774615486">
        <ele>275</ele>
        <time>2026-02-26T15:04:11.574Z</time>
      </trkpt>
      <trkpt lat="31.843666836486534" lon="35.016599774615486">
        <ele>0</ele>
        <time>2026-02-26T15:04:12.574Z</time>
      </trkpt>
      <trkpt lat="31.843666836486534" lon="35.016599774615486">
        <ele>0</ele>
        <time>2026-02-26T15:04:13.574Z</time>
      </trkpt>
      <trkpt lat="31.843666836486534" lon="35.016599774615486">
        <ele>0</ele>
        <time>2026-02-26T15:04:14.574Z</time>
      </trkpt>
      <trkpt lat="31.843666836486534" lon="35.016599774615486">
        <ele>0</ele>
        <time>2026-02-26T15:04:15.574Z</time>
      </trkpt>
      <trkpt lat="31.843666836486534" lon="35.016599774615486">
        <ele>0</ele>
        <time>2026-02-26T15:04:16.574Z</time>
      </trkpt>
      <trkpt lat="31.843666836486534" lon="35.016599774615486">
        <ele>275</ele>
        <time>2026-02-26T15:04:17.574Z</time>
      </trkpt>
      <trkpt lat="31.843512329932622" lon="35.01691806673978">
        <ele>271</ele>
        <time>2026-02-26T15:04:18.574Z</time>
      </trkpt>
      <trkpt lat="31.843512329932622" lon="35.01691806673978">
        <ele>0</ele>
        <time>2026-02-26T15:04:19.574Z</time>
      </trkpt>
      <trkpt lat="31.843512329932622" lon="35.01691806673978">
        <ele>0</ele>
        <time>2026-02-26T15:04:20.574Z</time>
      </trkpt>
      <trkpt lat="31.843512329932622" lon="35.01691806673978">
        <ele>0</ele>
        <time>2026-02-26T15:04:21.574Z</time>
      </trkpt>
      <trkpt lat="31.843512329932622" lon="35.01691806673978">
        <ele>0</ele>
        <time>2026-02-26T15:04:22.574Z</time>
      </trkpt>
      <trkpt lat="31.843512329932622" lon="35.01691806673978">
        <ele>0</ele>
        <time>2026-02-26T15:04:23.574Z</time>
      </trkpt>
      <trkpt lat="31.843512329932622" lon="35.01691806673978">
        <ele>271</ele>
        <time>2026-02-26T15:04:24.574Z</time>
      </trkpt>
      <trkpt lat="31.843722765786183" lon="35.01699254759944">
        <ele>269.5</ele>
        <time>2026-02-26T15:04:25.574Z</time>
      </trkpt>
      <trkpt lat="31.843722765786183" lon="35.01699254759944">
        <ele>0</ele>
        <time>2026-02-26T15:04:26.574Z</time>
      </trkpt>
      <trkpt lat="31.843722765786183" lon="35.01699254759944">
        <ele>0</ele>
        <time>2026-02-26T15:04:27.574Z</time>
      </trkpt>
      <trkpt lat="31.843722765786183" lon="35.01699254759944">
        <ele>0</ele>
        <time>2026-02-26T15:04:28.574Z</time>
      </trkpt>
      <trkpt lat="31.843722765786183" lon="35.01699254759944">
        <ele>0</ele>
        <time>2026-02-26T15:04:29.574Z</time>
      </trkpt>
      <trkpt lat="31.843722765786183" lon="35.01699254759944">
        <ele>0</ele>
        <time>2026-02-26T15:04:30.574Z</time>
      </trkpt>
      <trkpt lat="31.843722765786183" lon="35.01699254759944">
        <ele>269.5</ele>
        <time>2026-02-26T15:04:31.574Z</time>
      </trkpt>
      <trkpt lat="31.844012464701066" lon="35.01733357487447">
        <ele>269.5</ele>
        <time>2026-02-26T15:04:32.574Z</time>
      </trkpt>
      <trkpt lat="31.844012464701066" lon="35.01733357487447">
        <ele>0</ele>
        <time>2026-02-26T15:04:33.574Z</time>
      </trkpt>
      <trkpt lat="31.844012464701066" lon="35.01733357487447">
        <ele>0</ele>
        <time>2026-02-26T15:04:34.574Z</time>
      </trkpt>
      <trkpt lat="31.844012464701066" lon="35.01733357487447">
        <ele>0</ele>
        <time>2026-02-26T15:04:35.574Z</time>
      </trkpt>
      <trkpt lat="31.844012464701066" lon="35.01733357487447">
        <ele>0</ele>
        <time>2026-02-26T15:04:36.574Z</time>
      </trkpt>
      <trkpt lat="31.844012464701066" lon="35.01733357487447">
        <ele>0</ele>
        <time>2026-02-26T15:04:37.574Z</time>
      </trkpt>
      <trkpt lat="31.844012464701066" lon="35.01733357487447">
        <ele>269.5</ele>
        <time>2026-02-26T15:04:38.574Z</time>
      </trkpt>
      <trkpt lat="31.84424422317811" lon="35.017735229221614">
        <ele>268</ele>
        <time>2026-02-26T15:04:39.574Z</time>
      </trkpt>
      <trkpt lat="31.84424422317811" lon="35.017735229221614">
        <ele>0</ele>
        <time>2026-02-26T15:04:40.574Z</time>
      </trkpt>
      <trkpt lat="31.84424422317811" lon="35.017735229221614">
        <ele>0</ele>
        <time>2026-02-26T15:04:41.574Z</time>
      </trkpt>
      <trkpt lat="31.84424422317811" lon="35.017735229221614">
        <ele>0</ele>
        <time>2026-02-26T15:04:42.574Z</time>
      </trkpt>
      <trkpt lat="31.84424422317811" lon="35.017735229221614">
        <ele>0</ele>
        <time>2026-02-26T15:04:43.574Z</time>
      </trkpt>
      <trkpt lat="31.84424422317811" lon="35.017735229221614">
        <ele>0</ele>
        <time>2026-02-26T15:04:44.574Z</time>
      </trkpt>
      <trkpt lat="31.84424422317811" lon="35.017735229221614">
        <ele>268</ele>
        <time>2026-02-26T15:04:45.574Z</time>
      </trkpt>
      <trkpt lat="31.84461761061094" lon="35.01807625649664">
        <ele>260</ele>
        <time>2026-02-26T15:04:46.574Z</time>
      </trkpt>
      <trkpt lat="31.84461761061094" lon="35.01807625649664">
        <ele>0</ele>
        <time>2026-02-26T15:04:47.574Z</time>
      </trkpt>
      <trkpt lat="31.84461761061094" lon="35.01807625649664">
        <ele>0</ele>
        <time>2026-02-26T15:04:48.574Z</time>
      </trkpt>
      <trkpt lat="31.84461761061094" lon="35.01807625649664">
        <ele>0</ele>
        <time>2026-02-26T15:04:49.574Z</time>
      </trkpt>
      <trkpt lat="31.84461761061094" lon="35.01807625649664">
        <ele>0</ele>
        <time>2026-02-26T15:04:50.574Z</time>
      </trkpt>
      <trkpt lat="31.84461761061094" lon="35.01807625649664">
        <ele>0</ele>
        <time>2026-02-26T15:04:51.574Z</time>
      </trkpt>
      <trkpt lat="31.84461761061094" lon="35.01807625649664">
        <ele>260</ele>
        <time>2026-02-26T15:04:52.574Z</time>
      </trkpt>
      <trkpt lat="31.844791428383246" lon="35.01823540255876">
        <ele>257.5</ele>
        <time>2026-02-26T15:04:53.574Z</time>
      </trkpt>
      <trkpt lat="31.844791428383246" lon="35.01823540255876">
        <ele>0</ele>
        <time>2026-02-26T15:04:54.574Z</time>
      </trkpt>
      <trkpt lat="31.844791428383246" lon="35.01823540255876">
        <ele>0</ele>
        <time>2026-02-26T15:04:55.574Z</time>
      </trkpt>
      <trkpt lat="31.844791428383246" lon="35.01823540255876">
        <ele>0</ele>
        <time>2026-02-26T15:04:56.574Z</time>
      </trkpt>
      <trkpt lat="31.844791428383246" lon="35.01823540255876">
        <ele>0</ele>
        <time>2026-02-26T15:04:57.574Z</time>
      </trkpt>
      <trkpt lat="31.844791428383246" lon="35.01823540255876">
        <ele>0</ele>
        <time>2026-02-26T15:04:58.574Z</time>
      </trkpt>
      <trkpt lat="31.844791428383246" lon="35.01823540255876">
        <ele>257.5</ele>
        <time>2026-02-26T15:04:59.574Z</time>
      </trkpt>
      <trkpt lat="31.845377256240283" lon="35.01829602962917">
        <ele>252</ele>
        <time>2026-02-26T15:05:00.574Z</time>
      </trkpt>
      <trkpt lat="31.845377256240283" lon="35.01829602962917">
        <ele>0</ele>
        <time>2026-02-26T15:05:01.574Z</time>
      </trkpt>
      <trkpt lat="31.845377256240283" lon="35.01829602962917">
        <ele>0</ele>
        <time>2026-02-26T15:05:02.574Z</time>
      </trkpt>
      <trkpt lat="31.845377256240283" lon="35.01829602962917">
        <ele>0</ele>
        <time>2026-02-26T15:05:03.574Z</time>
      </trkpt>
      <trkpt lat="31.845377256240283" lon="35.01829602962917">
        <ele>0</ele>
        <time>2026-02-26T15:05:04.574Z</time>
      </trkpt>
      <trkpt lat="31.845377256240283" lon="35.01829602962917">
        <ele>0</ele>
        <time>2026-02-26T15:05:05.574Z</time>
      </trkpt>
      <trkpt lat="31.845377256240283" lon="35.01829602962917">
        <ele>252</ele>
        <time>2026-02-26T15:05:06.574Z</time>
      </trkpt>
      <trkpt lat="31.845879391442082" lon="35.01840970538808">
        <ele>246</ele>
        <time>2026-02-26T15:05:07.574Z</time>
      </trkpt>
      <trkpt lat="31.845879391442082" lon="35.01840970538808">
        <ele>0</ele>
        <time>2026-02-26T15:05:08.574Z</time>
      </trkpt>
      <trkpt lat="31.845879391442082" lon="35.01840970538808">
        <ele>0</ele>
        <time>2026-02-26T15:05:09.574Z</time>
      </trkpt>
      <trkpt lat="31.845879391442082" lon="35.01840970538808">
        <ele>0</ele>
        <time>2026-02-26T15:05:10.574Z</time>
      </trkpt>
      <trkpt lat="31.845879391442082" lon="35.01840970538808">
        <ele>0</ele>
        <time>2026-02-26T15:05:11.574Z</time>
      </trkpt>
      <trkpt lat="31.845879391442082" lon="35.01840970538808">
        <ele>0</ele>
        <time>2026-02-26T15:05:12.574Z</time>
      </trkpt>
      <trkpt lat="31.845879391442082" lon="35.01840970538808">
        <ele>246</ele>
        <time>2026-02-26T15:05:13.574Z</time>
      </trkpt>
      <trkpt lat="31.846572876787164" lon="35.018651795926985">
        <ele>241.5</ele>
        <time>2026-02-26T15:05:14.574Z</time>
      </trkpt>
      <trkpt lat="31.846572876787164" lon="35.018651795926985">
        <ele>0</ele>
        <time>2026-02-26T15:05:15.574Z</time>
      </trkpt>
      <trkpt lat="31.846572876787164" lon="35.018651795926985">
        <ele>0</ele>
        <time>2026-02-26T15:05:16.574Z</time>
      </trkpt>
      <trkpt lat="31.846572876787164" lon="35.018651795926985">
        <ele>0</ele>
        <time>2026-02-26T15:05:17.574Z</time>
      </trkpt>
      <trkpt lat="31.846572876787164" lon="35.018651795926985">
        <ele>0</ele>
        <time>2026-02-26T15:05:18.574Z</time>
      </trkpt>
      <trkpt lat="31.846572876787164" lon="35.018651795926985">
        <ele>0</ele>
        <time>2026-02-26T15:05:19.574Z</time>
      </trkpt>
      <trkpt lat="31.846572876787164" lon="35.018651795926985">
        <ele>241.5</ele>
        <time>2026-02-26T15:05:20.574Z</time>
      </trkpt>
      <trkpt lat="31.847023505227412" lon="35.018773050069484">
        <ele>241.5</ele>
        <time>2026-02-26T15:05:21.574Z</time>
      </trkpt>
      <trkpt lat="31.847023505227412" lon="35.018773050069484">
        <ele>0</ele>
        <time>2026-02-26T15:05:22.574Z</time>
      </trkpt>
      <trkpt lat="31.847023505227412" lon="35.018773050069484">
        <ele>0</ele>
        <time>2026-02-26T15:05:23.574Z</time>
      </trkpt>
      <trkpt lat="31.847023505227412" lon="35.018773050069484">
        <ele>0</ele>
        <time>2026-02-26T15:05:24.574Z</time>
      </trkpt>
      <trkpt lat="31.847023505227412" lon="35.018773050069484">
        <ele>0</ele>
        <time>2026-02-26T15:05:25.574Z</time>
      </trkpt>
      <trkpt lat="31.847023505227412" lon="35.018773050069484">
        <ele>0</ele>
        <time>2026-02-26T15:05:26.574Z</time>
      </trkpt>
      <trkpt lat="31.847023505227412" lon="35.018773050069484">
        <ele>241.5</ele>
        <time>2026-02-26T15:05:27.574Z</time>
      </trkpt>
      <trkpt lat="31.84725525613952" lon="35.0191216557281">
        <ele>237</ele>
        <time>2026-02-26T15:05:28.574Z</time>
      </trkpt>
      <trkpt lat="31.84725525613952" lon="35.0191216557281">
        <ele>0</ele>
        <time>2026-02-26T15:05:29.574Z</time>
      </trkpt>
      <trkpt lat="31.84725525613952" lon="35.0191216557281">
        <ele>0</ele>
        <time>2026-02-26T15:05:30.574Z</time>
      </trkpt>
      <trkpt lat="31.84725525613952" lon="35.0191216557281">
        <ele>0</ele>
        <time>2026-02-26T15:05:31.574Z</time>
      </trkpt>
      <trkpt lat="31.84725525613952" lon="35.0191216557281">
        <ele>0</ele>
        <time>2026-02-26T15:05:32.574Z</time>
      </trkpt>
      <trkpt lat="31.84725525613952" lon="35.0191216557281">
        <ele>0</ele>
        <time>2026-02-26T15:05:33.574Z</time>
      </trkpt>
      <trkpt lat="31.84725525613952" lon="35.0191216557281">
        <ele>237</ele>
        <time>2026-02-26T15:05:34.574Z</time>
      </trkpt>
      <trkpt lat="31.847396881410333" lon="35.019530888458746">
        <ele>234</ele>
        <time>2026-02-26T15:05:35.574Z</time>
      </trkpt>
      <trkpt lat="31.847396881410333" lon="35.019530888458746">
        <ele>0</ele>
        <time>2026-02-26T15:05:36.574Z</time>
      </trkpt>
      <trkpt lat="31.847396881410333" lon="35.019530888458746">
        <ele>0</ele>
        <time>2026-02-26T15:05:37.574Z</time>
      </trkpt>
      <trkpt lat="31.847396881410333" lon="35.019530888458746">
        <ele>0</ele>
        <time>2026-02-26T15:05:38.574Z</time>
      </trkpt>
      <trkpt lat="31.847396881410333" lon="35.019530888458746">
        <ele>0</ele>
        <time>2026-02-26T15:05:39.574Z</time>
      </trkpt>
      <trkpt lat="31.847396881410333" lon="35.019530888458746">
        <ele>0</ele>
        <time>2026-02-26T15:05:40.574Z</time>
      </trkpt>
      <trkpt lat="31.847396881410333" lon="35.019530888458746">
        <ele>234</ele>
        <time>2026-02-26T15:05:41.574Z</time>
      </trkpt>
      <trkpt lat="31.84745481895898" lon="35.019682456135655">
        <ele>234</ele>
        <time>2026-02-26T15:05:42.574Z</time>
      </trkpt>
      <trkpt lat="31.84745481895898" lon="35.019682456135655">
        <ele>0</ele>
        <time>2026-02-26T15:05:43.574Z</time>
      </trkpt>
      <trkpt lat="31.84745481895898" lon="35.019682456135655">
        <ele>0</ele>
        <time>2026-02-26T15:05:44.574Z</time>
      </trkpt>
      <trkpt lat="31.84745481895898" lon="35.019682456135655">
        <ele>0</ele>
        <time>2026-02-26T15:05:45.574Z</time>
      </trkpt>
      <trkpt lat="31.84745481895898" lon="35.019682456135655">
        <ele>0</ele>
        <time>2026-02-26T15:05:46.574Z</time>
      </trkpt>
      <trkpt lat="31.84745481895898" lon="35.019682456135655">
        <ele>0</ele>
        <time>2026-02-26T15:05:47.574Z</time>
      </trkpt>
      <trkpt lat="31.84745481895898" lon="35.019682456135655">
        <ele>234</ele>
        <time>2026-02-26T15:05:48.574Z</time>
      </trkpt>
      <trkpt lat="31.846785889762728" lon="35.02018953262515">
        <ele>240</ele>
        <time>2026-02-26T15:05:49.574Z</time>
      </trkpt>
      <trkpt lat="31.846785889762728" lon="35.02018953262515">
        <ele>0</ele>
        <time>2026-02-26T15:05:50.574Z</time>
      </trkpt>
      <trkpt lat="31.846785889762728" lon="35.02018953262515">
        <ele>0</ele>
        <time>2026-02-26T15:05:51.574Z</time>
      </trkpt>
      <trkpt lat="31.846785889762728" lon="35.02018953262515">
        <ele>0</ele>
        <time>2026-02-26T15:05:52.574Z</time>
      </trkpt>
      <trkpt lat="31.846785889762728" lon="35.02018953262515">
        <ele>0</ele>
        <time>2026-02-26T15:05:53.574Z</time>
      </trkpt>
      <trkpt lat="31.846785889762728" lon="35.02018953262515">
        <ele>0</ele>
        <time>2026-02-26T15:05:54.574Z</time>
      </trkpt>
      <trkpt lat="31.846785889762728" lon="35.02018953262515">
        <ele>240</ele>
        <time>2026-02-26T15:05:55.574Z</time>
      </trkpt>
      <trkpt lat="31.846579887932123" lon="35.02040172737409">
        <ele>246</ele>
        <time>2026-02-26T15:05:56.574Z</time>
      </trkpt>
      <trkpt lat="31.846579887932123" lon="35.02040172737409">
        <ele>0</ele>
        <time>2026-02-26T15:05:57.574Z</time>
      </trkpt>
      <trkpt lat="31.846579887932123" lon="35.02040172737409">
        <ele>0</ele>
        <time>2026-02-26T15:05:58.574Z</time>
      </trkpt>
      <trkpt lat="31.846579887932123" lon="35.02040172737409">
        <ele>0</ele>
        <time>2026-02-26T15:05:59.574Z</time>
      </trkpt>
      <trkpt lat="31.846579887932123" lon="35.02040172737409">
        <ele>0</ele>
        <time>2026-02-26T15:06:00.574Z</time>
      </trkpt>
      <trkpt lat="31.846579887932123" lon="35.02040172737409">
        <ele>0</ele>
        <time>2026-02-26T15:06:01.574Z</time>
      </trkpt>
      <trkpt lat="31.846579887932123" lon="35.02040172737409">
        <ele>246</ele>
        <time>2026-02-26T15:06:02.574Z</time>
      </trkpt>
      <trkpt lat="31.846489761986774" lon="35.020583608586975">
        <ele>246</ele>
        <time>2026-02-26T15:06:03.574Z</time>
      </trkpt>
      <trkpt lat="31.846489761986774" lon="35.020583608586975">
        <ele>0</ele>
        <time>2026-02-26T15:06:04.574Z</time>
      </trkpt>
      <trkpt lat="31.846489761986774" lon="35.020583608586975">
        <ele>0</ele>
        <time>2026-02-26T15:06:05.574Z</time>
      </trkpt>
      <trkpt lat="31.846489761986774" lon="35.020583608586975">
        <ele>0</ele>
        <time>2026-02-26T15:06:06.574Z</time>
      </trkpt>
      <trkpt lat="31.846489761986774" lon="35.020583608586975">
        <ele>0</ele>
        <time>2026-02-26T15:06:07.574Z</time>
      </trkpt>
      <trkpt lat="31.846489761986774" lon="35.020583608586975">
        <ele>246</ele>
        <time>2026-02-26T15:06:08.574Z</time>
      </trkpt>
      <trkpt lat="31.8464940963799" lon="35.020862959289275">
        <ele>242.5</ele>
        <time>2026-02-26T15:06:09.574Z</time>
      </trkpt>
      <trkpt lat="31.8464940963799" lon="35.020862959289275">
        <ele>0</ele>
        <time>2026-02-26T15:06:10.574Z</time>
      </trkpt>
      <trkpt lat="31.8464940963799" lon="35.020862959289275">
        <ele>0</ele>
        <time>2026-02-26T15:06:11.574Z</time>
      </trkpt>
      <trkpt lat="31.8464940963799" lon="35.020862959289275">
        <ele>0</ele>
        <time>2026-02-26T15:06:12.574Z</time>
      </trkpt>
      <trkpt lat="31.8464940963799" lon="35.020862959289275">
        <ele>0</ele>
        <time>2026-02-26T15:06:13.574Z</time>
      </trkpt>
      <trkpt lat="31.8464940963799" lon="35.020862959289275">
        <ele>242.5</ele>
        <time>2026-02-26T15:06:14.574Z</time>
      </trkpt>
      <trkpt lat="31.846616410135965" lon="35.021196408180685">
        <ele>239</ele>
        <time>2026-02-26T15:06:15.574Z</time>
      </trkpt>
      <trkpt lat="31.846616410135965" lon="35.021196408180685">
        <ele>0</ele>
        <time>2026-02-26T15:06:16.574Z</time>
      </trkpt>
      <trkpt lat="31.846616410135965" lon="35.021196408180685">
        <ele>0</ele>
        <time>2026-02-26T15:06:17.574Z</time>
      </trkpt>
      <trkpt lat="31.846616410135965" lon="35.021196408180685">
        <ele>0</ele>
        <time>2026-02-26T15:06:18.574Z</time>
      </trkpt>
      <trkpt lat="31.846616410135965" lon="35.021196408180685">
        <ele>0</ele>
        <time>2026-02-26T15:06:19.574Z</time>
      </trkpt>
      <trkpt lat="31.846616410135965" lon="35.021196408180685">
        <ele>239</ele>
        <time>2026-02-26T15:06:20.574Z</time>
      </trkpt>
      <trkpt lat="31.84680953678898" lon="35.0215677489918">
        <ele>240.5</ele>
        <time>2026-02-26T15:06:21.574Z</time>
      </trkpt>
      <trkpt lat="31.84680953678898" lon="35.0215677489918">
        <ele>0</ele>
        <time>2026-02-26T15:06:22.574Z</time>
      </trkpt>
      <trkpt lat="31.84680953678898" lon="35.0215677489918">
        <ele>0</ele>
        <time>2026-02-26T15:06:23.574Z</time>
      </trkpt>
      <trkpt lat="31.84680953678898" lon="35.0215677489918">
        <ele>0</ele>
        <time>2026-02-26T15:06:24.574Z</time>
      </trkpt>
      <trkpt lat="31.84680953678898" lon="35.0215677489918">
        <ele>0</ele>
        <time>2026-02-26T15:06:25.574Z</time>
      </trkpt>
      <trkpt lat="31.84680953678898" lon="35.0215677489918">
        <ele>240.5</ele>
        <time>2026-02-26T15:06:26.574Z</time>
      </trkpt>
      <trkpt lat="31.847028413171742" lon="35.02191635465306">
        <ele>242</ele>
        <time>2026-02-26T15:06:27.574Z</time>
      </trkpt>
      <trkpt lat="31.847028413171742" lon="35.02191635465306">
        <ele>0</ele>
        <time>2026-02-26T15:06:28.574Z</time>
      </trkpt>
      <trkpt lat="31.847028413171742" lon="35.02191635465306">
        <ele>0</ele>
        <time>2026-02-26T15:06:29.574Z</time>
      </trkpt>
      <trkpt lat="31.847028413171742" lon="35.02191635465306">
        <ele>0</ele>
        <time>2026-02-26T15:06:30.574Z</time>
      </trkpt>
      <trkpt lat="31.847028413171742" lon="35.02191635465306">
        <ele>0</ele>
        <time>2026-02-26T15:06:31.574Z</time>
      </trkpt>
      <trkpt lat="31.847028413171742" lon="35.02191635465306">
        <ele>242</ele>
        <time>2026-02-26T15:06:32.574Z</time>
      </trkpt>
      <trkpt lat="31.846951162686707" lon="35.02230266541119">
        <ele>243</ele>
        <time>2026-02-26T15:06:33.574Z</time>
      </trkpt>
      <trkpt lat="31.846951162686707" lon="35.02230266541119">
        <ele>0</ele>
        <time>2026-02-26T15:06:34.574Z</time>
      </trkpt>
      <trkpt lat="31.846951162686707" lon="35.02230266541119">
        <ele>0</ele>
        <time>2026-02-26T15:06:35.574Z</time>
      </trkpt>
      <trkpt lat="31.846951162686707" lon="35.02230266541119">
        <ele>0</ele>
        <time>2026-02-26T15:06:36.574Z</time>
      </trkpt>
      <trkpt lat="31.846951162686707" lon="35.02230266541119">
        <ele>0</ele>
        <time>2026-02-26T15:06:37.574Z</time>
      </trkpt>
      <trkpt lat="31.846951162686707" lon="35.02230266541119">
        <ele>243</ele>
        <time>2026-02-26T15:06:38.574Z</time>
      </trkpt>
      <trkpt lat="31.846815974279366" lon="35.02283315228439">
        <ele>243</ele>
        <time>2026-02-26T15:06:39.574Z</time>
      </trkpt>
      <trkpt lat="31.846815974279366" lon="35.02283315228439">
        <ele>0</ele>
        <time>2026-02-26T15:06:40.574Z</time>
      </trkpt>
      <trkpt lat="31.846815974279366" lon="35.02283315228439">
        <ele>0</ele>
        <time>2026-02-26T15:06:41.574Z</time>
      </trkpt>
      <trkpt lat="31.846815974279366" lon="35.02283315228439">
        <ele>0</ele>
        <time>2026-02-26T15:06:42.574Z</time>
      </trkpt>
      <trkpt lat="31.846815974279366" lon="35.02283315228439">
        <ele>0</ele>
        <time>2026-02-26T15:06:43.574Z</time>
      </trkpt>
      <trkpt lat="31.846815974279366" lon="35.02283315228439">
        <ele>243</ele>
        <time>2026-02-26T15:06:44.574Z</time>
      </trkpt>
      <trkpt lat="31.846680785672433" lon="35.02342351464938">
        <ele>242</ele>
        <time>2026-02-26T15:06:45.574Z</time>
      </trkpt>
      <trkpt lat="31.846680785672433" lon="35.02342351464938">
        <ele>0</ele>
        <time>2026-02-26T15:06:46.574Z</time>
      </trkpt>
      <trkpt lat="31.846680785672433" lon="35.02342351464938">
        <ele>0</ele>
        <time>2026-02-26T15:06:47.574Z</time>
      </trkpt>
      <trkpt lat="31.846680785672433" lon="35.02342351464938">
        <ele>0</ele>
        <time>2026-02-26T15:06:48.574Z</time>
      </trkpt>
      <trkpt lat="31.846680785672433" lon="35.02342351464938">
        <ele>0</ele>
        <time>2026-02-26T15:06:49.574Z</time>
      </trkpt>
      <trkpt lat="31.846680785672433" lon="35.02342351464938">
        <ele>242</ele>
        <time>2026-02-26T15:06:50.574Z</time>
      </trkpt>
      <trkpt lat="31.846442595681893" lon="35.02377704080888">
        <ele>240</ele>
        <time>2026-02-26T15:06:51.574Z</time>
      </trkpt>
      <trkpt lat="31.846442595681893" lon="35.02377704080888">
        <ele>0</ele>
        <time>2026-02-26T15:06:52.574Z</time>
      </trkpt>
      <trkpt lat="31.846442595681893" lon="35.02377704080888">
        <ele>0</ele>
        <time>2026-02-26T15:06:53.574Z</time>
      </trkpt>
      <trkpt lat="31.846442595681893" lon="35.02377704080888">
        <ele>0</ele>
        <time>2026-02-26T15:06:54.574Z</time>
      </trkpt>
      <trkpt lat="31.846442595681893" lon="35.02377704080888">
        <ele>0</ele>
        <time>2026-02-26T15:06:55.574Z</time>
      </trkpt>
      <trkpt lat="31.846442595681893" lon="35.02377704080888">
        <ele>240</ele>
        <time>2026-02-26T15:06:56.574Z</time>
      </trkpt>
      <trkpt lat="31.845837461744082" lon="35.02415596000483">
        <ele>237.5</ele>
        <time>2026-02-26T15:06:57.574Z</time>
      </trkpt>
      <trkpt lat="31.845837461744082" lon="35.02415596000483">
        <ele>0</ele>
        <time>2026-02-26T15:06:58.574Z</time>
      </trkpt>
      <trkpt lat="31.845837461744082" lon="35.02415596000483">
        <ele>0</ele>
        <time>2026-02-26T15:06:59.574Z</time>
      </trkpt>
      <trkpt lat="31.845837461744082" lon="35.02415596000483">
        <ele>0</ele>
        <time>2026-02-26T15:07:00.574Z</time>
      </trkpt>
      <trkpt lat="31.845837461744082" lon="35.02415596000483">
        <ele>0</ele>
        <time>2026-02-26T15:07:01.574Z</time>
      </trkpt>
      <trkpt lat="31.845837461744082" lon="35.02415596000483">
        <ele>237.5</ele>
        <time>2026-02-26T15:07:02.574Z</time>
      </trkpt>
      <trkpt lat="31.84519442508163" lon="35.024485254753415">
        <ele>235</ele>
        <time>2026-02-26T15:07:03.574Z</time>
      </trkpt>
      <trkpt lat="31.84519442508163" lon="35.024485254753415">
        <ele>0</ele>
        <time>2026-02-26T15:07:04.574Z</time>
      </trkpt>
      <trkpt lat="31.84519442508163" lon="35.024485254753415">
        <ele>0</ele>
        <time>2026-02-26T15:07:05.574Z</time>
      </trkpt>
      <trkpt lat="31.84519442508163" lon="35.024485254753415">
        <ele>0</ele>
        <time>2026-02-26T15:07:06.574Z</time>
      </trkpt>
      <trkpt lat="31.84519442508163" lon="35.024485254753415">
        <ele>0</ele>
        <time>2026-02-26T15:07:07.574Z</time>
      </trkpt>
      <trkpt lat="31.84519442508163" lon="35.024485254753415">
        <ele>235</ele>
        <time>2026-02-26T15:07:08.574Z</time>
      </trkpt>
      <trkpt lat="31.844222261182423" lon="35.025182848040515">
        <ele>243</ele>
        <time>2026-02-26T15:07:09.574Z</time>
      </trkpt>
      <trkpt lat="31.844222261182423" lon="35.025182848040515">
        <ele>0</ele>
        <time>2026-02-26T15:07:10.574Z</time>
      </trkpt>
      <trkpt lat="31.844222261182423" lon="35.025182848040515">
        <ele>0</ele>
        <time>2026-02-26T15:07:11.574Z</time>
      </trkpt>
      <trkpt lat="31.844222261182423" lon="35.025182848040515">
        <ele>0</ele>
        <time>2026-02-26T15:07:12.574Z</time>
      </trkpt>
      <trkpt lat="31.844222261182423" lon="35.025182848040515">
        <ele>0</ele>
        <time>2026-02-26T15:07:13.574Z</time>
      </trkpt>
      <trkpt lat="31.844222261182423" lon="35.025182848040515">
        <ele>243</ele>
        <time>2026-02-26T15:07:14.574Z</time>
      </trkpt>
      <trkpt lat="31.843761845541877" lon="35.0257363718157">
        <ele>246</ele>
        <time>2026-02-26T15:07:15.574Z</time>
      </trkpt>
      <trkpt lat="31.843761845541877" lon="35.0257363718157">
        <ele>0</ele>
        <time>2026-02-26T15:07:16.574Z</time>
      </trkpt>
      <trkpt lat="31.843761845541877" lon="35.0257363718157">
        <ele>0</ele>
        <time>2026-02-26T15:07:17.574Z</time>
      </trkpt>
      <trkpt lat="31.843761845541877" lon="35.0257363718157">
        <ele>0</ele>
        <time>2026-02-26T15:07:18.574Z</time>
      </trkpt>
      <trkpt lat="31.843761845541877" lon="35.0257363718157">
        <ele>0</ele>
        <time>2026-02-26T15:07:19.574Z</time>
      </trkpt>
      <trkpt lat="31.843761845541877" lon="35.0257363718157">
        <ele>246</ele>
        <time>2026-02-26T15:07:20.574Z</time>
      </trkpt>
      <trkpt lat="31.843291631451976" lon="35.026289895592214">
        <ele>250</ele>
        <time>2026-02-26T15:07:21.574Z</time>
      </trkpt>
      <trkpt lat="31.843291631451976" lon="35.026289895592214">
        <ele>0</ele>
        <time>2026-02-26T15:07:22.574Z</time>
      </trkpt>
      <trkpt lat="31.843291631451976" lon="35.026289895592214">
        <ele>0</ele>
        <time>2026-02-26T15:07:23.574Z</time>
      </trkpt>
      <trkpt lat="31.843291631451976" lon="35.026289895592214">
        <ele>0</ele>
        <time>2026-02-26T15:07:24.574Z</time>
      </trkpt>
      <trkpt lat="31.843291631451976" lon="35.026289895592214">
        <ele>0</ele>
        <time>2026-02-26T15:07:25.574Z</time>
      </trkpt>
      <trkpt lat="31.843291631451976" lon="35.026289895592214">
        <ele>250</ele>
        <time>2026-02-26T15:07:26.574Z</time>
      </trkpt>
      <trkpt lat="31.842889988352198" lon="35.026451340026625">
        <ele>250</ele>
        <time>2026-02-26T15:07:27.574Z</time>
      </trkpt>
      <trkpt lat="31.842889988352198" lon="35.026451340026625">
        <ele>0</ele>
        <time>2026-02-26T15:07:28.574Z</time>
      </trkpt>
      <trkpt lat="31.842889988352198" lon="35.026451340026625">
        <ele>0</ele>
        <time>2026-02-26T15:07:29.574Z</time>
      </trkpt>
      <trkpt lat="31.842889988352198" lon="35.026451340026625">
        <ele>0</ele>
        <time>2026-02-26T15:07:30.574Z</time>
      </trkpt>
      <trkpt lat="31.842889988352198" lon="35.026451340026625">
        <ele>0</ele>
        <time>2026-02-26T15:07:31.574Z</time>
      </trkpt>
      <trkpt lat="31.842889988352198" lon="35.026451340026625">
        <ele>250</ele>
        <time>2026-02-26T15:07:32.574Z</time>
      </trkpt>
      <trkpt lat="31.842306296516" lon="35.027148601196046">
        <ele>261.5</ele>
        <time>2026-02-26T15:07:33.574Z</time>
      </trkpt>
      <trkpt lat="31.842306296516" lon="35.027148601196046">
        <ele>0</ele>
        <time>2026-02-26T15:07:34.574Z</time>
      </trkpt>
      <trkpt lat="31.842306296516" lon="35.027148601196046">
        <ele>0</ele>
        <time>2026-02-26T15:07:35.574Z</time>
      </trkpt>
      <trkpt lat="31.842306296516" lon="35.027148601196046">
        <ele>0</ele>
        <time>2026-02-26T15:07:36.574Z</time>
      </trkpt>
      <trkpt lat="31.842306296516" lon="35.027148601196046">
        <ele>0</ele>
        <time>2026-02-26T15:07:37.574Z</time>
      </trkpt>
      <trkpt lat="31.842306296516" lon="35.027148601196046">
        <ele>261.5</ele>
        <time>2026-02-26T15:07:38.574Z</time>
      </trkpt>
      <trkpt lat="31.84206138977933" lon="35.02749455355604">
        <ele>263</ele>
        <time>2026-02-26T15:07:39.574Z</time>
      </trkpt>
      <trkpt lat="31.84206138977933" lon="35.02749455355604">
        <ele>0</ele>
        <time>2026-02-26T15:07:40.574Z</time>
      </trkpt>
      <trkpt lat="31.84206138977933" lon="35.02749455355604">
        <ele>0</ele>
        <time>2026-02-26T15:07:41.574Z</time>
      </trkpt>
      <trkpt lat="31.84206138977933" lon="35.02749455355604">
        <ele>0</ele>
        <time>2026-02-26T15:07:42.574Z</time>
      </trkpt>
      <trkpt lat="31.84206138977933" lon="35.02749455355604">
        <ele>0</ele>
        <time>2026-02-26T15:07:43.574Z</time>
      </trkpt>
      <trkpt lat="31.84206138977933" lon="35.02749455355604">
        <ele>263</ele>
        <time>2026-02-26T15:07:44.574Z</time>
      </trkpt>
      <trkpt lat="31.841845871397027" lon="35.02705634749242">
        <ele>269</ele>
        <time>2026-02-26T15:07:45.574Z</time>
      </trkpt>
      <trkpt lat="31.841845871397027" lon="35.02705634749242">
        <ele>0</ele>
        <time>2026-02-26T15:07:46.574Z</time>
      </trkpt>
      <trkpt lat="31.841845871397027" lon="35.02705634749242">
        <ele>0</ele>
        <time>2026-02-26T15:07:47.574Z</time>
      </trkpt>
      <trkpt lat="31.841845871397027" lon="35.02705634749242">
        <ele>0</ele>
        <time>2026-02-26T15:07:48.574Z</time>
      </trkpt>
      <trkpt lat="31.841845871397027" lon="35.02705634749242">
        <ele>0</ele>
        <time>2026-02-26T15:07:49.574Z</time>
      </trkpt>
      <trkpt lat="31.841845871397027" lon="35.02705634749242">
        <ele>269</ele>
        <time>2026-02-26T15:07:50.574Z</time>
      </trkpt>
      <trkpt lat="31.84152259275386" lon="35.026283720555824">
        <ele>269</ele>
        <time>2026-02-26T15:07:51.574Z</time>
      </trkpt>
      <trkpt lat="31.84152259275386" lon="35.026283720555824">
        <ele>0</ele>
        <time>2026-02-26T15:07:52.574Z</time>
      </trkpt>
      <trkpt lat="31.84152259275386" lon="35.026283720555824">
        <ele>0</ele>
        <time>2026-02-26T15:07:53.574Z</time>
      </trkpt>
      <trkpt lat="31.84152259275386" lon="35.026283720555824">
        <ele>0</ele>
        <time>2026-02-26T15:07:54.574Z</time>
      </trkpt>
      <trkpt lat="31.84152259275386" lon="35.026283720555824">
        <ele>0</ele>
        <time>2026-02-26T15:07:55.574Z</time>
      </trkpt>
      <trkpt lat="31.84152259275386" lon="35.026283720555824">
        <ele>269</ele>
        <time>2026-02-26T15:07:56.574Z</time>
      </trkpt>
      <trkpt lat="31.8414148329544" lon="35.02562641107173">
        <ele>264</ele>
        <time>2026-02-26T15:07:57.574Z</time>
      </trkpt>
      <trkpt lat="31.8414148329544" lon="35.02562641107173">
        <ele>0</ele>
        <time>2026-02-26T15:07:58.574Z</time>
      </trkpt>
      <trkpt lat="31.8414148329544" lon="35.02562641107173">
        <ele>0</ele>
        <time>2026-02-26T15:07:59.574Z</time>
      </trkpt>
      <trkpt lat="31.8414148329544" lon="35.02562641107173">
        <ele>0</ele>
        <time>2026-02-26T15:08:00.574Z</time>
      </trkpt>
      <trkpt lat="31.8414148329544" lon="35.02562641107173">
        <ele>0</ele>
        <time>2026-02-26T15:08:01.574Z</time>
      </trkpt>
      <trkpt lat="31.8414148329544" lon="35.02562641107173">
        <ele>264</ele>
        <time>2026-02-26T15:08:02.574Z</time>
      </trkpt>
      <trkpt lat="31.840934810500272" lon="35.025303522202734">
        <ele>266.5</ele>
        <time>2026-02-26T15:08:03.574Z</time>
      </trkpt>
      <trkpt lat="31.840934810500272" lon="35.025303522202734">
        <ele>0</ele>
        <time>2026-02-26T15:08:04.574Z</time>
      </trkpt>
      <trkpt lat="31.840934810500272" lon="35.025303522202734">
        <ele>0</ele>
        <time>2026-02-26T15:08:05.574Z</time>
      </trkpt>
      <trkpt lat="31.840934810500272" lon="35.025303522202734">
        <ele>0</ele>
        <time>2026-02-26T15:08:06.574Z</time>
      </trkpt>
      <trkpt lat="31.840934810500272" lon="35.025303522202734">
        <ele>0</ele>
        <time>2026-02-26T15:08:07.574Z</time>
      </trkpt>
      <trkpt lat="31.840934810500272" lon="35.025303522202734">
        <ele>266.5</ele>
        <time>2026-02-26T15:08:08.574Z</time>
      </trkpt>
      <trkpt lat="31.84052336069456" lon="35.02506135555035">
        <ele>269</ele>
        <time>2026-02-26T15:08:09.574Z</time>
      </trkpt>
      <trkpt lat="31.84052336069456" lon="35.02506135555035">
        <ele>0</ele>
        <time>2026-02-26T15:08:10.574Z</time>
      </trkpt>
      <trkpt lat="31.84052336069456" lon="35.02506135555035">
        <ele>0</ele>
        <time>2026-02-26T15:08:11.574Z</time>
      </trkpt>
      <trkpt lat="31.84052336069456" lon="35.02506135555035">
        <ele>0</ele>
        <time>2026-02-26T15:08:12.574Z</time>
      </trkpt>
      <trkpt lat="31.84052336069456" lon="35.02506135555035">
        <ele>0</ele>
        <time>2026-02-26T15:08:13.574Z</time>
      </trkpt>
      <trkpt lat="31.84052336069456" lon="35.02506135555035">
        <ele>269</ele>
        <time>2026-02-26T15:08:14.574Z</time>
      </trkpt>
      <trkpt lat="31.840337228037356" lon="35.024623149228944">
        <ele>276</ele>
        <time>2026-02-26T15:08:15.574Z</time>
      </trkpt>
      <trkpt lat="31.840337228037356" lon="35.024623149228944">
        <ele>0</ele>
        <time>2026-02-26T15:08:16.574Z</time>
      </trkpt>
      <trkpt lat="31.840337228037356" lon="35.024623149228944">
        <ele>0</ele>
        <time>2026-02-26T15:08:17.574Z</time>
      </trkpt>
      <trkpt lat="31.840337228037356" lon="35.024623149228944">
        <ele>0</ele>
        <time>2026-02-26T15:08:18.574Z</time>
      </trkpt>
      <trkpt lat="31.840337228037356" lon="35.024623149228944">
        <ele>0</ele>
        <time>2026-02-26T15:08:19.574Z</time>
      </trkpt>
      <trkpt lat="31.840337228037356" lon="35.024623149228944">
        <ele>276</ele>
        <time>2026-02-26T15:08:20.574Z</time>
      </trkpt>
      <trkpt lat="31.840258856279576" lon="35.02408115719851">
        <ele>287</ele>
        <time>2026-02-26T15:08:21.574Z</time>
      </trkpt>
      <trkpt lat="31.840258856279576" lon="35.02408115719851">
        <ele>0</ele>
        <time>2026-02-26T15:08:22.574Z</time>
      </trkpt>
      <trkpt lat="31.840258856279576" lon="35.02408115719851">
        <ele>0</ele>
        <time>2026-02-26T15:08:23.574Z</time>
      </trkpt>
      <trkpt lat="31.840258856279576" lon="35.02408115719851">
        <ele>0</ele>
        <time>2026-02-26T15:08:24.574Z</time>
      </trkpt>
      <trkpt lat="31.840258856279576" lon="35.02408115719851">
        <ele>0</ele>
        <time>2026-02-26T15:08:25.574Z</time>
      </trkpt>
      <trkpt lat="31.840258856279576" lon="35.02408115719851">
        <ele>287</ele>
        <time>2026-02-26T15:08:26.574Z</time>
      </trkpt>
      <trkpt lat="31.84027844922501" lon="35.02379286356418">
        <ele>287</ele>
        <time>2026-02-26T15:08:27.574Z</time>
      </trkpt>
      <trkpt lat="31.84027844922501" lon="35.02379286356418">
        <ele>0</ele>
        <time>2026-02-26T15:08:28.574Z</time>
      </trkpt>
      <trkpt lat="31.84027844922501" lon="35.02379286356418">
        <ele>0</ele>
        <time>2026-02-26T15:08:29.574Z</time>
      </trkpt>
      <trkpt lat="31.84027844922501" lon="35.02379286356418">
        <ele>0</ele>
        <time>2026-02-26T15:08:30.574Z</time>
      </trkpt>
      <trkpt lat="31.84027844922501" lon="35.02379286356418">
        <ele>0</ele>
        <time>2026-02-26T15:08:31.574Z</time>
      </trkpt>
      <trkpt lat="31.84027844922501" lon="35.02379286356418">
        <ele>287</ele>
        <time>2026-02-26T15:08:32.574Z</time>
      </trkpt>
      <trkpt lat="31.84076827151455" lon="35.02356222865794">
        <ele>287</ele>
        <time>2026-02-26T15:08:33.574Z</time>
      </trkpt>
      <trkpt lat="31.84076827151455" lon="35.02356222865794">
        <ele>0</ele>
        <time>2026-02-26T15:08:34.574Z</time>
      </trkpt>
      <trkpt lat="31.84076827151455" lon="35.02356222865794">
        <ele>0</ele>
        <time>2026-02-26T15:08:35.574Z</time>
      </trkpt>
      <trkpt lat="31.84076827151455" lon="35.02356222865794">
        <ele>0</ele>
        <time>2026-02-26T15:08:36.574Z</time>
      </trkpt>
      <trkpt lat="31.84076827151455" lon="35.02356222865794">
        <ele>0</ele>
        <time>2026-02-26T15:08:37.574Z</time>
      </trkpt>
      <trkpt lat="31.84076827151455" lon="35.02356222865794">
        <ele>287</ele>
        <time>2026-02-26T15:08:38.574Z</time>
      </trkpt>
      <trkpt lat="31.8406996965506" lon="35.02300870488273">
        <ele>285</ele>
        <time>2026-02-26T15:08:39.574Z</time>
      </trkpt>
      <trkpt lat="31.8406996965506" lon="35.02300870488273">
        <ele>0</ele>
        <time>2026-02-26T15:08:40.574Z</time>
      </trkpt>
      <trkpt lat="31.8406996965506" lon="35.02300870488273">
        <ele>0</ele>
        <time>2026-02-26T15:08:41.574Z</time>
      </trkpt>
      <trkpt lat="31.8406996965506" lon="35.02300870488273">
        <ele>0</ele>
        <time>2026-02-26T15:08:42.574Z</time>
      </trkpt>
      <trkpt lat="31.8406996965506" lon="35.02300870488273">
        <ele>285</ele>
        <time>2026-02-26T15:08:43.574Z</time>
      </trkpt>
      <trkpt lat="31.840509419962174" lon="35.0228976975703">
        <ele>285</ele>
        <time>2026-02-26T15:08:44.574Z</time>
      </trkpt>
      <trkpt lat="31.840509419962174" lon="35.0228976975703">
        <ele>0</ele>
        <time>2026-02-26T15:08:45.574Z</time>
      </trkpt>
      <trkpt lat="31.840509419962174" lon="35.0228976975703">
        <ele>0</ele>
        <time>2026-02-26T15:08:46.574Z</time>
      </trkpt>
      <trkpt lat="31.840509419962174" lon="35.0228976975703">
        <ele>0</ele>
        <time>2026-02-26T15:08:47.574Z</time>
      </trkpt>
      <trkpt lat="31.840509419962174" lon="35.0228976975703">
        <ele>285</ele>
        <time>2026-02-26T15:08:48.574Z</time>
      </trkpt>
      <trkpt lat="31.840323287276306" lon="35.02243642775784">
        <ele>295</ele>
        <time>2026-02-26T15:08:49.574Z</time>
      </trkpt>
      <trkpt lat="31.840323287276306" lon="35.02243642775784">
        <ele>0</ele>
        <time>2026-02-26T15:08:50.574Z</time>
      </trkpt>
      <trkpt lat="31.840323287276306" lon="35.02243642775784">
        <ele>0</ele>
        <time>2026-02-26T15:08:51.574Z</time>
      </trkpt>
      <trkpt lat="31.840323287276306" lon="35.02243642775784">
        <ele>0</ele>
        <time>2026-02-26T15:08:52.574Z</time>
      </trkpt>
      <trkpt lat="31.840323287276306" lon="35.02243642775784">
        <ele>295</ele>
        <time>2026-02-26T15:08:53.574Z</time>
      </trkpt>
      <trkpt lat="31.839598345868183" lon="35.02237876903095">
        <ele>299</ele>
        <time>2026-02-26T15:08:54.574Z</time>
      </trkpt>
      <trkpt lat="31.839598345868183" lon="35.02237876903095">
        <ele>0</ele>
        <time>2026-02-26T15:08:55.574Z</time>
      </trkpt>
      <trkpt lat="31.839598345868183" lon="35.02237876903095">
        <ele>0</ele>
        <time>2026-02-26T15:08:56.574Z</time>
      </trkpt>
      <trkpt lat="31.839598345868183" lon="35.02237876903095">
        <ele>0</ele>
        <time>2026-02-26T15:08:57.574Z</time>
      </trkpt>
      <trkpt lat="31.839598345868183" lon="35.02237876903095">
        <ele>299</ele>
        <time>2026-02-26T15:08:58.574Z</time>
      </trkpt>
      <trkpt lat="31.83929465250469" lon="35.02241336426684">
        <ele>302</ele>
        <time>2026-02-26T15:08:59.574Z</time>
      </trkpt>
      <trkpt lat="31.83929465250469" lon="35.02241336426684">
        <ele>0</ele>
        <time>2026-02-26T15:09:00.574Z</time>
      </trkpt>
      <trkpt lat="31.83929465250469" lon="35.02241336426684">
        <ele>0</ele>
        <time>2026-02-26T15:09:01.574Z</time>
      </trkpt>
      <trkpt lat="31.83929465250469" lon="35.02241336426684">
        <ele>302</ele>
        <time>2026-02-26T15:09:02.574Z</time>
      </trkpt>
      <trkpt lat="31.839191179416503" lon="35.02247724158488">
        <ele>304.5</ele>
        <time>2026-02-26T15:09:03.574Z</time>
      </trkpt>
      <trkpt lat="31.839191179416503" lon="35.02247724158488">
        <ele>0</ele>
        <time>2026-02-26T15:09:04.574Z</time>
      </trkpt>
      <trkpt lat="31.839191179416503" lon="35.02247724158488">
        <ele>0</ele>
        <time>2026-02-26T15:09:05.574Z</time>
      </trkpt>
      <trkpt lat="31.839191179416503" lon="35.02247724158488">
        <ele>304.5</ele>
        <time>2026-02-26T15:09:06.574Z</time>
      </trkpt>
      <trkpt lat="31.839124586003535" lon="35.02272360487231">
        <ele>304</ele>
        <time>2026-02-26T15:09:07.574Z</time>
      </trkpt>
      <trkpt lat="31.839124586003535" lon="35.02272360487231">
        <ele>0</ele>
        <time>2026-02-26T15:09:08.574Z</time>
      </trkpt>
      <trkpt lat="31.839124586003535" lon="35.02272360487231">
        <ele>0</ele>
        <time>2026-02-26T15:09:09.574Z</time>
      </trkpt>
      <trkpt lat="31.839124586003535" lon="35.02272360487231">
        <ele>304</ele>
        <time>2026-02-26T15:09:10.574Z</time>
      </trkpt>
      <trkpt lat="31.838958102261103" lon="35.022953170662305">
        <ele>302</ele>
        <time>2026-02-26T15:09:11.574Z</time>
      </trkpt>
      <trkpt lat="31.838958102261103" lon="35.022953170662305">
        <ele>0</ele>
        <time>2026-02-26T15:09:12.574Z</time>
      </trkpt>
      <trkpt lat="31.838958102261103" lon="35.022953170662305">
        <ele>0</ele>
        <time>2026-02-26T15:09:13.574Z</time>
      </trkpt>
      <trkpt lat="31.838958102261103" lon="35.022953170662305">
        <ele>302</ele>
        <time>2026-02-26T15:09:14.574Z</time>
      </trkpt>
      <trkpt lat="31.838553783349994" lon="35.0233003189266">
        <ele>306.5</ele>
        <time>2026-02-26T15:09:15.574Z</time>
      </trkpt>
      <trkpt lat="31.838553783349994" lon="35.0233003189266">
        <ele>0</ele>
        <time>2026-02-26T15:09:16.574Z</time>
      </trkpt>
      <trkpt lat="31.838553783349994" lon="35.0233003189266">
        <ele>0</ele>
        <time>2026-02-26T15:09:17.574Z</time>
      </trkpt>
      <trkpt lat="31.838553783349994" lon="35.0233003189266">
        <ele>306.5</ele>
        <time>2026-02-26T15:09:18.574Z</time>
      </trkpt>
      <trkpt lat="31.838287407569638" lon="35.023328314754764">
        <ele>313</ele>
        <time>2026-02-26T15:09:19.574Z</time>
      </trkpt>
      <trkpt lat="31.838287407569638" lon="35.023328314754764">
        <ele>0</ele>
        <time>2026-02-26T15:09:20.574Z</time>
      </trkpt>
      <trkpt lat="31.838287407569638" lon="35.023328314754764">
        <ele>0</ele>
        <time>2026-02-26T15:09:21.574Z</time>
      </trkpt>
      <trkpt lat="31.838287407569638" lon="35.023328314754764">
        <ele>313</ele>
        <time>2026-02-26T15:09:22.574Z</time>
      </trkpt>
      <trkpt lat="31.83803530121152" lon="35.023272323098325">
        <ele>312</ele>
        <time>2026-02-26T15:09:23.574Z</time>
      </trkpt>
      <trkpt lat="31.83803530121152" lon="35.023272323098325">
        <ele>0</ele>
        <time>2026-02-26T15:09:24.574Z</time>
      </trkpt>
      <trkpt lat="31.83803530121152" lon="35.023272323098325">
        <ele>0</ele>
        <time>2026-02-26T15:09:25.574Z</time>
      </trkpt>
      <trkpt lat="31.83803530121152" lon="35.023272323098325">
        <ele>312</ele>
        <time>2026-02-26T15:09:26.574Z</time>
      </trkpt>
      <trkpt lat="31.837911626142883" lon="35.02302595981092">
        <ele>312</ele>
        <time>2026-02-26T15:09:27.574Z</time>
      </trkpt>
      <trkpt lat="31.837911626142883" lon="35.02302595981092">
        <ele>0</ele>
        <time>2026-02-26T15:09:28.574Z</time>
      </trkpt>
      <trkpt lat="31.837911626142883" lon="35.02302595981092">
        <ele>0</ele>
        <time>2026-02-26T15:09:29.574Z</time>
      </trkpt>
      <trkpt lat="31.837911626142883" lon="35.02302595981092">
        <ele>312</ele>
        <time>2026-02-26T15:09:30.574Z</time>
      </trkpt>
      <trkpt lat="31.838054328130752" lon="35.02257242739634">
        <ele>314</ele>
        <time>2026-02-26T15:09:31.574Z</time>
      </trkpt>
      <trkpt lat="31.838054328130752" lon="35.02257242739634">
        <ele>0</ele>
        <time>2026-02-26T15:09:32.574Z</time>
      </trkpt>
      <trkpt lat="31.838054328130752" lon="35.02257242739634">
        <ele>0</ele>
        <time>2026-02-26T15:09:33.574Z</time>
      </trkpt>
      <trkpt lat="31.838054328130752" lon="35.02257242739634">
        <ele>314</ele>
        <time>2026-02-26T15:09:34.574Z</time>
      </trkpt>
      <trkpt lat="31.83832070458398" lon="35.022186084967785">
        <ele>316</ele>
        <time>2026-02-26T15:09:35.574Z</time>
      </trkpt>
      <trkpt lat="31.83832070458398" lon="35.022186084967785">
        <ele>0</ele>
        <time>2026-02-26T15:09:36.574Z</time>
      </trkpt>
      <trkpt lat="31.83832070458398" lon="35.022186084967785">
        <ele>0</ele>
        <time>2026-02-26T15:09:37.574Z</time>
      </trkpt>
      <trkpt lat="31.83832070458398" lon="35.022186084967785">
        <ele>316</ele>
        <time>2026-02-26T15:09:38.574Z</time>
      </trkpt>
      <trkpt lat="31.838292164286557" lon="35.02169335839295">
        <ele>321</ele>
        <time>2026-02-26T15:09:39.574Z</time>
      </trkpt>
      <trkpt lat="31.838292164286557" lon="35.02169335839295">
        <ele>0</ele>
        <time>2026-02-26T15:09:40.574Z</time>
      </trkpt>
      <trkpt lat="31.838292164286557" lon="35.02169335839295">
        <ele>0</ele>
        <time>2026-02-26T15:09:41.574Z</time>
      </trkpt>
      <trkpt lat="31.838292164286557" lon="35.02169335839295">
        <ele>321</ele>
        <time>2026-02-26T15:09:42.574Z</time>
      </trkpt>
      <trkpt lat="31.838469589948545" lon="35.020701184876685">
        <ele>331</ele>
        <time>2026-02-26T15:09:43.574Z</time>
      </trkpt>
      <trkpt lat="31.838469589948545" lon="35.020701184876685">
        <ele>0</ele>
        <time>2026-02-26T15:09:44.574Z</time>
      </trkpt>
      <trkpt lat="31.838469589948545" lon="35.020701184876685">
        <ele>0</ele>
        <time>2026-02-26T15:09:45.574Z</time>
      </trkpt>
      <trkpt lat="31.838469589948545" lon="35.020701184876685">
        <ele>331</ele>
        <time>2026-02-26T15:09:46.574Z</time>
      </trkpt>
      <trkpt lat="31.838645587971115" lon="35.02042122659566">
        <ele>326</ele>
        <time>2026-02-26T15:09:47.574Z</time>
      </trkpt>
      <trkpt lat="31.838645587971115" lon="35.02042122659566">
        <ele>0</ele>
        <time>2026-02-26T15:09:48.574Z</time>
      </trkpt>
      <trkpt lat="31.838645587971115" lon="35.02042122659566">
        <ele>0</ele>
        <time>2026-02-26T15:09:49.574Z</time>
      </trkpt>
      <trkpt lat="31.838645587971115" lon="35.02042122659566">
        <ele>326</ele>
        <time>2026-02-26T15:09:50.574Z</time>
      </trkpt>
      <trkpt lat="31.83883585572542" lon="35.01986690919895">
        <ele>334</ele>
        <time>2026-02-26T15:09:51.574Z</time>
      </trkpt>
      <trkpt lat="31.83883585572542" lon="35.01986690919895">
        <ele>0</ele>
        <time>2026-02-26T15:09:52.574Z</time>
      </trkpt>
      <trkpt lat="31.83883585572542" lon="35.01986690919895">
        <ele>0</ele>
        <time>2026-02-26T15:09:53.574Z</time>
      </trkpt>
      <trkpt lat="31.83883585572542" lon="35.01986690919895">
        <ele>334</ele>
        <time>2026-02-26T15:09:54.574Z</time>
      </trkpt>
      <trkpt lat="31.838988069646746" lon="35.01951416176405">
        <ele>334</ele>
        <time>2026-02-26T15:09:55.574Z</time>
      </trkpt>
      <trkpt lat="31.838988069646746" lon="35.01951416176405">
        <ele>0</ele>
        <time>2026-02-26T15:09:56.574Z</time>
      </trkpt>
      <trkpt lat="31.838988069646746" lon="35.01951416176405">
        <ele>0</ele>
        <time>2026-02-26T15:09:57.574Z</time>
      </trkpt>
      <trkpt lat="31.838988069646746" lon="35.01951416176405">
        <ele>334</ele>
        <time>2026-02-26T15:09:58.574Z</time>
      </trkpt>
      <trkpt lat="31.839230660061716" lon="35.01888145603613">
        <ele>340</ele>
        <time>2026-02-26T15:09:59.574Z</time>
      </trkpt>
      <trkpt lat="31.839230660061716" lon="35.01888145603613">
        <ele>0</ele>
        <time>2026-02-26T15:10:00.574Z</time>
      </trkpt>
      <trkpt lat="31.839230660061716" lon="35.01888145603613">
        <ele>0</ele>
        <time>2026-02-26T15:10:01.574Z</time>
      </trkpt>
      <trkpt lat="31.839230660061716" lon="35.01888145603613">
        <ele>340</ele>
        <time>2026-02-26T15:10:02.574Z</time>
      </trkpt>
      <trkpt lat="31.839420926610032" lon="35.018203956995734">
        <ele>339.5</ele>
        <time>2026-02-26T15:10:03.574Z</time>
      </trkpt>
      <trkpt lat="31.839420926610032" lon="35.018203956995734">
        <ele>0</ele>
        <time>2026-02-26T15:10:04.574Z</time>
      </trkpt>
      <trkpt lat="31.839420926610032" lon="35.018203956995734">
        <ele>0</ele>
        <time>2026-02-26T15:10:05.574Z</time>
      </trkpt>
      <trkpt lat="31.839420926610032" lon="35.018203956995734">
        <ele>339.5</ele>
        <time>2026-02-26T15:10:06.574Z</time>
      </trkpt>
      <trkpt lat="31.83956838291479" lon="35.01782321373378">
        <ele>339</ele>
        <time>2026-02-26T15:10:07.574Z</time>
      </trkpt>
      <trkpt lat="31.83956838291479" lon="35.01782321373378">
        <ele>0</ele>
        <time>2026-02-26T15:10:08.574Z</time>
      </trkpt>
      <trkpt lat="31.83956838291479" lon="35.01782321373378">
        <ele>0</ele>
        <time>2026-02-26T15:10:09.574Z</time>
      </trkpt>
      <trkpt lat="31.83956838291479" lon="35.01782321373378">
        <ele>339</ele>
        <time>2026-02-26T15:10:10.574Z</time>
      </trkpt>
      <trkpt lat="31.839863294817818" lon="35.01747046629879">
        <ele>343</ele>
        <time>2026-02-26T15:10:11.574Z</time>
      </trkpt>
      <trkpt lat="31.839863294817818" lon="35.01747046629879">
        <ele>0</ele>
        <time>2026-02-26T15:10:12.574Z</time>
      </trkpt>
      <trkpt lat="31.839863294817818" lon="35.01747046629879">
        <ele>0</ele>
        <time>2026-02-26T15:10:13.574Z</time>
      </trkpt>
      <trkpt lat="31.839863294817818" lon="35.01747046629879">
        <ele>343</ele>
        <time>2026-02-26T15:10:14.574Z</time>
      </trkpt>
      <trkpt lat="31.840063073313033" lon="35.01686575641233">
        <ele>350</ele>
        <time>2026-02-26T15:10:15.574Z</time>
      </trkpt>
      <trkpt lat="31.840063073313033" lon="35.01686575641233">
        <ele>0</ele>
        <time>2026-02-26T15:10:16.574Z</time>
      </trkpt>
      <trkpt lat="31.840063073313033" lon="35.01686575641233">
        <ele>0</ele>
        <time>2026-02-26T15:10:17.574Z</time>
      </trkpt>
      <trkpt lat="31.840063073313033" lon="35.01686575641233">
        <ele>350</ele>
        <time>2026-02-26T15:10:18.574Z</time>
      </trkpt>
      <trkpt lat="31.840319930743092" lon="35.01626664568991">
        <ele>338</ele>
        <time>2026-02-26T15:10:19.574Z</time>
      </trkpt>
      <trkpt lat="31.840319930743092" lon="35.01626664568991">
        <ele>0</ele>
        <time>2026-02-26T15:10:20.574Z</time>
      </trkpt>
      <trkpt lat="31.840319930743092" lon="35.01626664568991">
        <ele>0</ele>
        <time>2026-02-26T15:10:21.574Z</time>
      </trkpt>
      <trkpt lat="31.840319930743092" lon="35.01626664568991">
        <ele>338</ele>
        <time>2026-02-26T15:10:22.574Z</time>
      </trkpt>
      <trkpt lat="31.840757538050454" lon="35.015645138305985">
        <ele>340</ele>
        <time>2026-02-26T15:10:23.574Z</time>
      </trkpt>
      <trkpt lat="31.840757538050454" lon="35.015645138305985">
        <ele>0</ele>
        <time>2026-02-26T15:10:24.574Z</time>
      </trkpt>
      <trkpt lat="31.840757538050454" lon="35.015645138305985">
        <ele>0</ele>
        <time>2026-02-26T15:10:25.574Z</time>
      </trkpt>
      <trkpt lat="31.840757538050454" lon="35.015645138305985">
        <ele>340</ele>
        <time>2026-02-26T15:10:26.574Z</time>
      </trkpt>
      <trkpt lat="31.84093828828557" lon="35.01483325928427">
        <ele>342.5</ele>
        <time>2026-02-26T15:10:27.574Z</time>
      </trkpt>
      <trkpt lat="31.84093828828557" lon="35.01483325928427">
        <ele>0</ele>
        <time>2026-02-26T15:10:28.574Z</time>
      </trkpt>
      <trkpt lat="31.84093828828557" lon="35.01483325928427">
        <ele>0</ele>
        <time>2026-02-26T15:10:29.574Z</time>
      </trkpt>
      <trkpt lat="31.84093828828557" lon="35.01483325928427">
        <ele>342.5</ele>
        <time>2026-02-26T15:10:30.574Z</time>
      </trkpt>
      <trkpt lat="31.841266491761132" lon="35.01415016107845">
        <ele>339.5</ele>
        <time>2026-02-26T15:10:31.574Z</time>
      </trkpt>
      <trkpt lat="31.841266491761132" lon="35.01415016107845">
        <ele>0</ele>
        <time>2026-02-26T15:10:32.574Z</time>
      </trkpt>
      <trkpt lat="31.841266491761132" lon="35.01415016107845">
        <ele>0</ele>
        <time>2026-02-26T15:10:33.574Z</time>
      </trkpt>
      <trkpt lat="31.841266491761132" lon="35.01415016107845">
        <ele>339.5</ele>
        <time>2026-02-26T15:10:34.574Z</time>
      </trkpt>
      <trkpt lat="31.84155664168742" lon="35.01366863283437">
        <ele>344</ele>
        <time>2026-02-26T15:10:35.574Z</time>
      </trkpt>
    </trkseg>
  </trk>
</gpx>